"region","year","cases","population","rate_100k","건강생활실천율_조율","상수도보급률","독거노인비율","기초생활수급자수율","재정자립도","재정자주도","성비","고령인구비율","도시지역인구비율","순이동인구","관내진료비_입원","의원_가정의학과","우울감경험률_표준화율","식품안정성확보율_표준화율","폐수배출업소수","가정용_개소수","간이상수도용_개소수","검사합계","개·보수관로_부분보수(개소)_계","공공하수처리구역인구보급률(%)","하수처리구역외_정화조인구","총면적(㎢)","농가수(호)_젖소","농가수(호)_돼지","농가수(호)_가금","1인가구_80~84세","답","임야","대","굴_자연채묘 생산량(kg)","oyster_z","dairy_farm_z","gw_household_z","gw_simple_z","water_supply_z","septic_pop_z","ww_facility_z","pub_sewage_z","test_total_z","sewer_repair_z","paddy_z","forest_z","residential_z","health_practice_z","food_safety_z","elderly_alone_z","alone_80_84_z","welfare_z","fiscal_indep_z","fiscal_auto_z","sex_ratio_z","elderly_rate_z","urban_pop_rate_z","net_migration_z","med_in_z","clinic_family_z","depression_z","idarea","idtime","idarea_time"
"서울시종로구",2020,11,149384,7.36357307342152,37.8,100,17.29716365,3.5,53.7,68.9,94.64,19,100,-1622,23814539,7,4.9,98.6,205,38,0,8,0,100,0,23.86,0,0,0,749,0,9371233.4,8190719.5,0,-0.138486088238282,-0.41506844072688,-0.99507918040338,-1.71385315027395,0.905063196426787,-0.707519340445803,1.23120605256646,1.34007083859956,-0.995079180403383,-0.112071802552651,-0.90059651482286,-1.22364693762416,-0.44645200023936,0.437539669507963,1.01490923682017,-1.18204871833937,-0.780227311832159,-0.986069748447918,2.32591282060888,0.991810355160922,-1.05788460069155,-0.438480787336626,0.708692154522277,-0.7455502325292,0.0251015482310654,1.49992493690731,-0.998655411839273,1,1,1
"서울시종로구",2021,33,144683,22.8084847563294,34.5,100,17.29716365,3.5,52.4,67,94.2,19.1,100,-2224,27269614,6,5.5,98.6,205,31,0,8,0,100,0,23.86,0,0,0,811,0,9359338.5,8181175,0,-0.138486088238282,-0.41506844072688,-0.99507918040338,-1.71385315027395,0.905063196426787,-0.707519340445803,1.23120605256646,1.34007083859956,-0.995079180403383,-0.112071802552651,-0.90059651482286,-1.22364693762416,-0.44645200023936,0.0736123285232466,1.01490923682017,-1.18204871833937,-0.712313031357921,-0.986069748447918,2.22233702939873,0.827900890373425,-1.13939343528535,-0.438480787336626,0.708692154522277,-0.7455502325292,0.0900275435220841,1.49992493690731,-0.998655411839273,1,2,2
"서울시종로구",2022,12,141379,8.48782350985648,48.8,100,19.856338434883,3.5,51.2,68.6,93.7,19.6,100,-1433,29965503,6,9,98.6,205,26,0,8,0,100,0,23.86,0,0,0,916,0,9359338.5,8195547.1,0,-0.138486088238282,-0.41506844072688,-0.99507918040338,-1.71385315027395,0.905063196426787,-0.707519340445803,1.23120605256646,1.34007083859956,-0.995079180403383,-0.112071802552651,-0.90059651482286,-1.22364693762416,-0.44645200023936,1.65063080612369,1.01490923682017,-0.493631474219351,-0.597296911199936,-0.986069748447918,2.12672860674321,0.965929913352369,-1.23201711096012,-0.438480787336626,0.708692154522277,-0.7455502325292,0.135207385771997,1.49992493690731,1.00044832999338,1,3,3
"서울시종로구",2023,3,139417,2.15181792751243,47,100,20.7017543859649,3.5,50.3,67.6,93.3,20.4,100,-1463,29965503,6,7.9,98.6,205,26,0,8,0,100,0,23.913,0,0,0,1016,0,9359264.1,8197081.1,0,-0.138486088238282,-0.41506844072688,-0.99507918040338,-1.71385315027395,0.905063196426787,-0.707519340445803,1.23120605256646,1.34007083859956,-0.995079180403383,-0.112071802552651,-0.90059651482286,-1.22364693762416,-0.44645200023936,1.45212498376839,1.01490923682017,-0.28467867170694,-0.487757749144713,-0.986069748447918,2.05502228975157,0.879661773990529,-1.30611605149995,-0.438480787336626,0.708692154522277,-0.7455502325292,0.135207385771997,1.49992493690731,1.00044832999338,1,4,4
"서울시종로구",2024,2,138336,1.44575526254916,52.1,100,20.7017543859649,3.5,48.7,64.8,92.8,21.4,100,-653,29965503,6,8.2,95.3,205,26,0,8,0,100,0,23.913,0,0,0,1006,0,9359264.1,8196890.2,0,-0.138486088238282,-0.41506844072688,-0.99507918040338,-1.71385315027395,0.905063196426787,-0.707519340445803,1.23120605256646,1.34007083859956,-0.995079180403383,-0.112071802552651,-0.90059651482286,-1.22364693762416,-0.44645200023936,2.0145581471084,-0.984426097198368,-0.28467867170694,-0.498711665350236,-0.986069748447918,1.92754439287755,0.638110983777376,-1.39873972717472,-0.438480787336626,0.708692154522277,-0.7455502325292,0.135207385771997,1.49992493690731,1.00044832999338,1,5,5
"서울시중구",2020,6,125240,4.79080166081124,37,100,18.72259452,4.23,67.6,73.6,95.63,19.3,100,-956,12306233,4,3.1,97,316,1,0,13,62,100,0,9.92,0,0,0,687,0,1291056.2,5288998.4,0,-0.138486088238282,-0.41506844072688,-0.99507918040338,-1.71385315027395,0.905063196426787,-0.707519340445803,1.23120605256646,1.34007083859956,-0.995079180403383,-0.103511978976219,-0.90059651482286,-1.22364693762416,-1.34015753034149,0.349314859572275,1.01490923682017,-0.78755217302171,-0.848141592306397,-0.986069748447918,3.43337704970196,1.39727061016157,-0.874489722855498,-0.438480787336626,0.708692154522277,-0.7455502325292,-0.291288627047922,0.568216689190515,-0.998655411839273,2,1,6
"서울시중구",2021,12,122499,9.79599833468028,44.3,100,18.72259452,4.23,69.2,73.8,94.8,19.6,100,-1209,14057606,4,8.6,97,316,1,0,13,0,100,0,9.92,0,0,0,762,0,1285766,5298923.2,0,-0.138486088238282,-0.41506844072688,-0.99507918040338,-1.71385315027395,0.905063196426787,-0.707519340445803,1.23120605256646,1.34007083859956,-0.995079180403383,-0.112071802552651,-0.90059651482286,-1.22364693762416,-1.34015753034149,1.15436625023544,1.01490923682017,-0.78755217302171,-0.76598722076498,-0.986069748447918,3.56085494657599,1.41452423803394,-1.02824502447562,-0.438480787336626,0.708692154522277,-0.7455502325292,-0.227521939614197,0.568216689190515,1.00044832999338,2,2,7
"서울시중구",2022,5,120437,4.15154811229107,46.4,100,22.0924574209246,4.23,65.6,71.4,94.6,20.5,100,-727,12285523,3,7.4,97,316,1,0,13,2,100,0,9.92,0,0,0,844,0,1285766,5206210.3,0,-0.138486088238282,-0.41506844072688,-0.99507918040338,-1.71385315027395,0.905063196426787,-0.707519340445803,1.23120605256646,1.34007083859956,-0.995079180403383,-0.111795679211476,-0.90059651482286,-1.22364693762416,-1.34015753034149,1.38595637631662,1.01490923682017,0.0419504338737525,-0.676165107879697,-0.986069748447918,3.27402967860943,1.20748070356552,-1.06529449474553,-0.438480787336626,0.708692154522277,-0.7455502325292,-0.292095814560234,0.568216689190515,1.00044832999338,2,3,8
"서울시중구",2023,5,121312,4.12160379847006,51.6,100,23.2047012732615,4.23,64.2,70.8,93.6,21,100,1226,12285523,4,7.1,97,316,1,0,13,0,100,0,9.96,0,0,0,917,0,1273303,5194309.2,0,-0.138486088238282,-0.41506844072688,-0.99507918040338,-1.71385315027395,0.905063196426787,-0.707519340445803,1.23120605256646,1.34007083859956,-0.995079180403383,-0.112071802552651,-0.90059651482286,-1.22364693762416,-1.34015753034149,1.9594176408986,1.01490923682017,0.289320884725591,-0.596201519579384,-0.986069748447918,3.16248651884466,1.15571981994842,-1.25054184609508,-0.438480787336626,0.708692154522277,1.28799447261102,-0.292095814560234,0.568216689190515,1.00044832999338,2,4,9
"서울시중구",2024,3,120544,2.48871781258296,57.2,100,23.2047012732615,4.23,64,68.9,92.8,21.9,100,-440,12285523,4,4.7,97.6,316,1,0,13,0,100,0,9.96,0,0,0,942,0,1273303,5194995.9,0,-0.138486088238282,-0.41506844072688,-0.99507918040338,-1.71385315027395,0.905063196426787,-0.707519340445803,1.23120605256646,1.34007083859956,-0.995079180403383,-0.112071802552651,-0.90059651482286,-1.22364693762416,-1.34015753034149,2.57699131044842,1.01490923682017,0.289320884725591,-0.568816729065578,-0.986069748447918,3.14655178173541,0.991810355160922,-1.39873972717472,0.452058516634848,0.708692154522277,-0.7455502325292,-0.292095814560234,0.568216689190515,-0.998655411839273,2,5,10
"서울시용산구",2020,20,230040,8.69414014953921,48.2,100,16.07632168,3.59,49.9,65.2,92.8,17.3,100,1297,26668824,3,2.7,98.9,53,0,0,68,0,100,0,21.8,0,0,0,1106,0,1602561,10092419.5,0,-0.138486088238282,-0.41506844072688,-0.99507918040338,-1.71385315027395,0.905063196426787,-0.707519340445803,-1.19851916621514,1.34007083859956,-0.995079180403383,-0.112071802552651,-0.90059651482286,-1.22364693762416,-0.44645200023936,1.58446219867192,1.01490923682017,-1.54517435086611,-0.389172503295013,-0.986069748447918,2.02315281553307,0.672618239522113,-1.39873972717472,-0.438480787336626,0.708692154522277,1.30407807926858,0.0793511128533558,0.568216689190515,-0.998655411839273,3,1,11
"서울시용산구",2021,51,222953,22.8747762981436,42.5,100,16.07632168,3.59,45.9,62.2,92.6,17.3,100,-3561,23860976,4,6.9,98.9,53,0,0,68,0,100,0,21.8,0,0,0,1117,0,1602504,10092398,0,-0.138486088238282,-0.41506844072688,-0.99507918040338,-1.71385315027395,0.905063196426787,-0.707519340445803,-1.19851916621514,1.34007083859956,-0.995079180403383,-0.112071802552651,-0.90059651482286,-1.22364693762416,-0.44645200023936,0.955860427880136,1.01490923682017,-1.54517435086611,-0.377123195468938,-0.986069748447918,1.70445807334801,0.413813821436592,-1.43578919744463,-0.438480787336626,0.708692154522277,-0.7455502325292,0.0260351307054291,0.568216689190515,1.00044832999338,3,2,12
"서울시용산구",2022,21,218650,9.6043905785502,54.2,100,18.769166796611,3.59,47.7,64.5,92.5,17.6,100,-1279,25766075,4,3.9,98.9,53,0,0,68,0,100,0,21.8,0,0,0,1189,0,1602504,10083253,0,-0.138486088238282,-0.41506844072688,-0.99507918040338,-1.71385315027395,0.905063196426787,-0.707519340445803,-1.19851916621514,1.34007083859956,-0.995079180403383,-0.112071802552651,-0.90059651482286,-1.22364693762416,-0.44645200023936,2.24614827318959,1.01490923682017,-0.775149252818437,-0.298254998789178,-0.986069748447918,1.84787070733129,0.612230541968824,-1.45431393257958,-0.438480787336626,0.708692154522277,-0.7455502325292,0.0628477180866169,0.568216689190515,-0.998655411839273,3,3,13
"서울시용산구",2023,7,213151,3.28405684233243,53.7,100,19.5392339254313,3.59,49.2,65.1,92.3,18.4,100,-5231,25766075,4,7.2,98.9,53,0,0,68,0,100,0,21.868,0,0,0,1175,0,1602504,10085427.5,0,-0.138486088238282,-0.41506844072688,-0.99507918040338,-1.71385315027395,0.905063196426787,-0.707519340445803,-1.19851916621514,1.34007083859956,-0.995079180403383,-0.112071802552651,-0.90059651482286,-1.22364693762416,-0.44645200023936,2.19100776697978,1.01490923682017,-0.574198958860128,-0.313590481476909,-0.986069748447918,1.96738123565068,0.663991425585928,-1.49136340284949,-0.438480787336626,0.708692154522277,-0.7455502325292,0.0628477180866169,0.568216689190515,1.00044832999338,3,4,14
"서울시용산구",2024,4,203854,1.96218862519254,62.8,100,19.5392339254313,3.59,49.6,62.4,91.6,19.1,100,-5231,25766075,4,2.9,98.2,53,0,0,68,0,100,0,21.868,0,0,0,1145,0,1601934,10063924.4,0,-0.138486088238282,-0.41506844072688,-0.99507918040338,-1.71385315027395,0.905063196426787,-0.707519340445803,-1.19851916621514,1.34007083859956,-0.995079180403383,-0.112071802552651,-0.90059651482286,-1.22364693762416,-0.44645200023936,3.19456497999824,1.01490923682017,-0.574198958860128,-0.346452230093476,-0.986069748447918,1.99925070986919,0.43106744930896,-1.62103654879418,-0.438480787336626,0.708692154522277,-0.7455502325292,0.0628477180866169,0.568216689190515,-0.998655411839273,3,5,15
"서울시성동구",2020,24,293556,8.17561214895965,39.5,100,16.2011665,3.31,39.2,60,95.48,15.5,100,-7943,39708318,4,4.8,92.4,257,1,0,38,66,100,0,16.74,0,0,0,1167,18081,261795.2,6252810.7,0,-0.138486088238282,-0.41506844072688,-0.99507918040338,-1.71385315027395,0.905063196426787,-0.707519340445803,1.23120605256646,1.34007083859956,-0.995079180403383,-0.102959732293868,-0.900248345226159,-1.22364693762416,-1.34015753034149,0.625017390621302,-0.984426097198368,-1.50686840049107,-0.322353614441327,-0.986069748447918,1.17064438018803,0.224023914840543,-0.902276825557928,-1.3290200913081,0.708692154522277,-0.7455502325292,0.270120321817191,0.568216689190515,-0.998655411839273,4,1,16
"서울시성동구",2021,30,285990,10.489877268436,41.7,100,16.2011665,3.31,40.1,60,95.1,16.2,100,-6244,42296197,5,8.6,92.4,257,0,0,38,18,100,0,16.74,0,0,0,1252,18081,260867.2,6240097.9,0,-0.138486088238282,-0.41506844072688,-0.99507918040338,-1.71385315027395,0.905063196426787,-0.707519340445803,1.23120605256646,1.34007083859956,-0.995079180403383,-0.109586692482074,-0.900248345226159,-1.22364693762416,-1.34015753034149,0.867635617944447,-0.984426097198368,-1.50686840049107,-0.229245326694387,-0.986069748447918,1.24235069717967,0.224023914840543,-0.972670819070759,-1.3290200913081,0.708692154522277,-0.7455502325292,0.300377904810111,0.568216689190515,1.00044832999338,4,2,17
"서울시성동구",2022,7,281000,2.49110320284698,56.6,100,18.116978750263,3.31,40.6,62,94.6,16.9,100,-4015,46996046,5,6.9,92.4,257,0,0,38,18,100,0,16.74,0,0,0,1398,15066,257414.2,6242263.6,0,-0.138486088238282,-0.41506844072688,-0.99507918040338,-1.71385315027395,0.905063196426787,-0.707519340445803,1.23120605256646,1.34007083859956,-0.995079180403383,-0.109586692482074,-0.90030640237643,-1.22364693762416,-1.34015753034149,2.51082270299665,-0.984426097198368,-0.951558540667422,-0.0693181500937614,-0.986069748447918,1.2821875399528,0.396560193564224,-1.06529449474553,-0.438480787336626,0.708692154522277,-0.7455502325292,0.350873734072312,0.568216689190515,1.00044832999338,4,3,18
"서울시성동구",2023,8,277361,2.88432764519886,48.8,100,18.7291920422249,3.31,40.7,60.3,94.2,17.8,100,-3685,46996046,7,7.4,92.4,257,0,0,38,18,100,0,16.82,0,0,0,1503,15023,257420.2,6244650.7,0,-0.138486088238282,-0.41506844072688,-0.99507918040338,-1.71385315027395,0.905063196426787,-0.707519340445803,1.23120605256646,1.34007083859956,-0.995079180403383,-0.109586692482074,-0.900307230388855,-1.22364693762416,-1.34015753034149,1.65063080612369,-0.984426097198368,-0.785793370925327,0.0456979700642228,-0.986069748447918,1.29015490850743,0.249904356649095,-1.13939343528535,-0.438480787336626,0.708692154522277,-0.7455502325292,0.350873734072312,1.49992493690731,1.00044832999338,4,4,19
"서울시성동구",2024,6,273669,2.19242954079563,54.8,100,18.7291920422249,3.31,39.3,58.9,93.7,18.6,100,-3685,46996046,7,5.8,93,257,0,0,38,18,100,0,16.82,0,0,0,1508,13238,256594.6,6251197.3,0,-0.138486088238282,-0.41506844072688,-0.99507918040338,-1.71385315027395,0.905063196426787,-0.707519340445803,1.23120605256646,1.34007083859956,-0.995079180403383,-0.109586692482074,-0.900341602532548,-1.22364693762416,-1.34015753034149,2.31231688064135,-0.984426097198368,-0.785793370925327,0.051174928166984,-0.986069748447918,1.17861174874266,0.129128961542519,-1.23201711096012,-0.438480787336626,0.708692154522277,-0.7455502325292,0.350873734072312,1.49992493690731,-0.998655411839273,4,5,20
"서울시광진구",2020,30,346682,8.65346340450326,42.7,100,16.29862257,3.42,32.1,56.7,93.28,14.5,100,-4777,69961999,7,7.6,93.2,44,7,0,15,0,100,0,16.96,0,0,0,1084,11122,2478479.4,6986781.2,0,-0.138486088238282,-0.41506844072688,-0.99507918040338,-1.71385315027395,0.905063196426787,-0.707519340445803,-1.19851916621514,1.34007083859956,-0.995079180403383,-0.112071802552651,-0.900382348446304,-1.22364693762416,-1.34015753034149,0.977916630364059,-0.984426097198368,-1.47715882865179,-0.413271118947162,-0.986069748447918,0.604961212809549,-0.0606609450535294,-1.30982099852694,-1.3290200913081,0.708692154522277,-0.7455502325292,0.541558267701629,1.49992493690731,1.00044832999338,5,1,21
"서울시광진구",2021,28,339996,8.23539100460005,43,100,16.29862257,3.42,34.8,58.3,93.2,15.1,100,-5228,70915527,7,7.7,93.2,44,7,0,15,0,100,0,16.96,0,0,0,1216,11122,2477529.4,6983530,0,-0.138486088238282,-0.41506844072688,-0.99507918040338,-1.71385315027395,0.905063196426787,-0.707519340445803,-1.19851916621514,1.34007083859956,-0.995079180403383,-0.112071802552651,-0.900382348446304,-1.22364693762416,-1.34015753034149,1.01100093408994,-0.984426097198368,-1.47715882865179,-0.268679425034267,-0.986069748447918,0.820080163784465,0.0773680779254145,-1.3246407866349,-1.3290200913081,0.708692154522277,-0.7455502325292,0.548045839385273,1.49992493690731,1.00044832999338,5,2,22
"서울시광진구",2022,9,337416,2.66733053559997,49.6,100,18.3225710404377,3.42,34,57.7,92.9,15.9,100,-1210,69659756,7,8,93.2,44,6,0,15,0,100,0,16.96,0,0,0,1412,11122,2473129.4,7010318,0,-0.138486088238282,-0.41506844072688,-0.99507918040338,-1.71385315027395,0.905063196426787,-0.707519340445803,-1.19851916621514,1.34007083859956,-0.995079180403383,-0.112071802552651,-0.900382348446304,-1.22364693762416,-1.34015753034149,1.73885561605938,-0.984426097198368,-0.895306865971029,-0.0539826674060302,-0.986069748447918,0.756341215347453,0.0256071943083109,-1.38021499203976,-1.3290200913081,0.708692154522277,-0.7455502325292,0.539483413234533,1.49992493690731,1.00044832999338,5,3,23
"서울시광진구",2023,5,335554,1.49007313278936,49.7,100,18.4463612050796,3.42,33.1,56.6,92.5,16.8,100,-1548,69659756,7,10.4,93.2,44,6,0,15,43,100,0,17.063,0,0,0,1515,11122,2472892.4,7011305.6,0,-0.138486088238282,-0.41506844072688,-0.99507918040338,-1.71385315027395,0.905063196426787,-0.707519340445803,-1.19851916621514,1.34007083859956,-0.995079180403383,-0.106135150717384,-0.900382348446304,-1.22364693762416,-1.34015753034149,1.74988371730134,-0.984426097198368,-0.861724865762384,0.0588426695108496,-0.986069748447918,0.684634898355814,-0.0692877589897136,-1.45431393257958,-0.438480787336626,0.708692154522277,-0.7455502325292,0.539483413234533,1.49992493690731,1.00044832999338,5,4,24
"서울시광진구",2024,8,331963,2.40990712820405,53,100,18.4463612050796,3.42,32.9,55.4,92.2,17.9,100,-1548,69659756,7,7.1,95.5,44,6,0,15,10,100,0,17.063,0,0,0,1572,10935,2472860.4,7012051.8,0,-0.138486088238282,-0.41506844072688,-0.99507918040338,-1.71385315027395,0.905063196426787,-0.707519340445803,-1.19851916621514,1.34007083859956,-0.995079180403383,-0.110691185846775,-0.900385949337548,-1.22364693762416,-1.34015753034149,2.11381105828605,-0.984426097198368,-0.861724865762384,0.121279991882327,-0.986069748447918,0.668700161246561,-0.172809526223922,-1.50988813798445,-0.438480787336626,0.708692154522277,-0.7455502325292,0.539483413234533,1.49992493690731,1.00044832999338,5,5,25
"서울시동대문구",2020,37,342837,10.7923007143336,43,100,17.97052522,4.39,25.8,51.8,98.09,18,100,-3227,84636219,7,4.5,98.9,60,4,0,13,32,100,0,14.13,0,0,0,1630,14991,730184,7795347,0,-0.138486088238282,-0.41506844072688,-0.99507918040338,-1.71385315027395,0.905063196426787,-0.707519340445803,-1.19851916621514,1.34007083859956,-0.995079180403383,-0.107653829093847,-0.900307846584148,-1.22364693762416,-1.34015753034149,1.01100093408994,1.01490923682017,-0.991999575146259,0.184812705874356,-0.986069748447918,0.103016993868079,-0.483374827926547,-0.418781238535607,-0.438480787336626,0.708692154522277,-0.7455502325292,0.632810548050358,1.49992493690731,-0.998655411839273,6,1,26
"서울시동대문구",2021,67,337400,19.8577356253705,46.3,100,17.97052522,4.39,27,51.9,97.6,18.4,100,-2076,85724878,7,3.4,98.9,60,4,0,13,0,100,0,14.13,0,0,0,1827,15152,730118,7800592.7,0,-0.138486088238282,-0.41506844072688,-0.99507918040338,-1.71385315027395,0.905063196426787,-0.707519340445803,-1.19851916621514,1.34007083859956,-0.995079180403383,-0.112071802552651,-0.90030474635158,-1.22364693762416,-1.34015753034149,1.37492827507466,1.01490923682017,-0.991999575146259,0.400604855123145,-0.986069748447918,0.198625416523597,-0.474748013990363,-0.509552440696888,-0.438480787336626,0.708692154522277,-0.7455502325292,0.638935619445003,1.49992493690731,-0.998655411839273,6,2,27
"서울시동대문구",2022,14,336644,4.15869583298678,51.9,100,20.0918216481208,4.39,27.8,52.7,97,19.1,100,1166,85171736,6,3.1,98.9,60,4,0,13,0,100,0,14.13,0,0,0,2088,15152,730118,7801183.5,0,-0.138486088238282,-0.41506844072688,-0.99507918040338,-1.71385315027395,0.905063196426787,-0.707519340445803,-1.19851916621514,1.34007083859956,-0.995079180403383,-0.112071802552651,-0.90030474635158,-1.22364693762416,-1.34015753034149,1.99250194462448,1.01490923682017,-0.434590382115449,0.686502068087278,-0.986069748447918,0.262364364960609,-0.40573350250089,-0.620700851506616,-0.438480787336626,0.708692154522277,1.27365972541525,0.63583328583139,1.49992493690731,-0.998655411839273,6,3,28
"서울시동대문구",2023,6,341149,1.75876230034384,47,100,20.8818685431951,4.39,28.2,53,96.3,19.6,100,5370,85171736,6,5,98.9,60,4,0,13,0,100,0,14.216,0,0,0,2231,14885,730118,7800522.4,0,-0.138486088238282,-0.41506844072688,-0.99507918040338,-1.71385315027395,0.905063196426787,-0.707519340445803,-1.19851916621514,1.34007083859956,-0.995079180403383,-0.112071802552651,-0.900309887731057,-1.22364693762416,-1.34015753034149,1.45212498376839,1.01490923682017,-0.241214663131761,0.843143069826247,-0.986069748447918,0.294233839179115,-0.379853060692339,-0.7503739974513,-0.438480787336626,0.708692154522277,1.71013627126091,0.63583328583139,1.49992493690731,-0.998655411839273,6,4,29
"서울시동대문구",2024,4,338735,1.1808640973032,56.1,100,20.8818685431951,4.39,28.8,53.1,95.7,20.5,100,5370,85171736,6,3.3,98.8,60,4,0,13,0,100,0,14.216,0,0,0,2327,14885,721524,7801826.6,0,-0.138486088238282,-0.41506844072688,-0.99507918040338,-1.71385315027395,0.905063196426787,-0.707519340445803,-1.19851916621514,1.34007083859956,-0.995079180403383,-0.112071802552651,-0.900309887731057,-1.22364693762416,-1.34015753034149,2.45568219678685,1.01490923682017,-0.241214663131761,0.948300665399261,-0.986069748447918,0.342038050506874,-0.371226246756155,-0.861522408261028,-0.438480787336626,0.708692154522277,1.71013627126091,0.63583328583139,1.49992493690731,-0.998655411839273,6,5,30
"서울시중랑구",2020,28,394702,7.09395949349129,41,100,19.15172841,6.29,24.9,49.5,97.81,17.6,100,-1998,46054721,3,8.1,96.9,71,9,0,29,146,100,0,18.39,0,0,0,1717,195807,2642216.6,6958439,0,-0.138486088238282,-0.41506844072688,-0.99507918040338,-1.71385315027395,0.905063196426787,-0.707519340445803,-1.19851916621514,1.34007083859956,-0.995079180403383,-0.0919147986468581,-0.89682603508052,-1.22364693762416,-1.34015753034149,0.790438909250719,-0.984426097198368,-0.674359310388102,0.2801117768624,1.01320928280887,0.0313106768764397,-0.68179154845878,-0.470650496913481,-0.438480787336626,0.708692154522277,-0.7455502325292,0.34117716151904,0.568216689190515,1.00044832999338,7,1,31
"서울시중랑구",2021,79,387350,20.3949916096553,46.5,100,19.15172841,6.29,22.7,46.7,97.4,18.5,100,-5090,53883978,3,4.3,96.9,71,9,0,29,62,100,0,18.39,0,0,0,1933,133865,2588019.6,7124039.3,0,-0.138486088238282,-0.41506844072688,-0.99507918040338,-1.71385315027395,0.905063196426787,-0.707519340445803,-1.19851916621514,1.34007083859956,-0.995079180403383,-0.103511978976219,-0.898018796606921,-1.22364693762416,-1.34015753034149,1.39698447755858,-0.984426097198368,-0.674359310388102,0.516716366901682,1.01320928280887,-0.143971431325344,-0.923342338671932,-0.546601910966795,-0.438480787336626,0.708692154522277,-0.7455502325292,0.416419361952143,0.568216689190515,-0.998655411839273,7,2,32
"서울시중랑구",2022,17,385318,4.4119402675193,44.6,100,21.2755716004813,6.29,22.5,47.2,96.8,19.4,100,-160,62730807,3,6.6,96.9,71,9,0,29,305,100,0,18.39,0,0,0,2305,124918,2514829.6,7264669.4,0,-0.138486088238282,-0.41506844072688,-0.99507918040338,-1.71385315027395,0.905063196426787,-0.707519340445803,-1.19851916621514,1.34007083859956,-0.995079180403383,-0.0699629930234256,-0.89819108095965,-1.22364693762416,-1.34015753034149,1.18745055396132,-0.984426097198368,-0.147441365183337,0.924202049747112,1.01320928280887,-0.159906168434597,-0.880208268991012,-0.657750321776526,-0.438480787336626,0.708692154522277,-0.7455502325292,0.489273306225218,0.568216689190515,1.00044832999338,7,3,33
"서울시중랑구",2023,6,382155,1.57004356870903,44.2,100,21.9860136309985,6.29,25.6,49.1,96.2,20.6,100,-2346,62730807,3,8.2,96.9,71,9,0,29,23,100,0,18.497,0,0,0,2471,123105,2514499.6,7267197,0,-0.138486088238282,-0.41506844072688,-0.99507918040338,-1.71385315027395,0.905063196426787,-0.707519340445803,-1.19851916621514,1.34007083859956,-0.995079180403383,-0.108896384129136,-0.898225992274224,-1.22364693762416,-1.34015753034149,1.14333814899348,-0.984426097198368,0.0176549347773313,1.10603705875878,1.01320928280887,0.0870822567588256,-0.716298804203516,-0.768898732586254,-0.438480787336626,0.708692154522277,-0.7455502325292,0.489273306225218,0.568216689190515,1.00044832999338,7,4,34
"서울시중랑구",2024,7,379274,1.84563139049869,50.1,100,21.9860136309985,6.29,25.2,46.9,95.7,22,100,-2346,62730807,3,6.7,97.1,71,9,0,29,55,100,0,18.498,0,0,0,2580,110317,2487375.6,7264861.2,0,-0.138486088238282,-0.41506844072688,-0.99507918040338,-1.71385315027395,0.905063196426787,-0.707519340445803,-1.19851916621514,1.34007083859956,-0.995079180403383,-0.104478410670332,-0.898472239318227,-1.22364693762416,-1.34015753034149,1.79399612226918,1.01490923682017,0.0176549347773313,1.22543474539897,1.01320928280887,0.0552127825403193,-0.906088710799564,-0.861522408261028,0.452058516634848,0.708692154522277,-0.7455502325292,0.489273306225218,0.568216689190515,1.00044832999338,7,5,35
"서울시성북구",2020,40,437153,9.15011449080757,40.1,100,15.99038213,3.58,24.4,52.5,93.14,16.8,100,-5278,87043482,16,8,98.2,61,18,0,11,72,100,0,24.51,0,0,0,1898,52321,8102237.2,10249125,0,-0.138486088238282,-0.41506844072688,-0.99507918040338,-1.71385315027395,0.905063196426787,-0.707519340445803,-1.19851916621514,1.34007083859956,-0.995079180403383,-0.102131362270342,-0.899589016262548,-1.22364693762416,-0.44645200023936,0.691185998073069,1.01490923682017,-1.57170614785039,0.478377660182354,-0.986069748447918,-0.00852616589669284,-0.422987130373259,-1.33575562771587,-0.438480787336626,0.708692154522277,-0.7455502325292,0.646251092504113,1.49992493690731,1.00044832999338,8,1,36
"서울시성북구",2021,72,430528,16.7236509588227,44.8,100,15.99038213,3.58,24.9,51.9,93.1,17.3,100,-3340,89912130,15,7.9,98.2,61,16,0,11,0,100,0,24.51,0,0,0,2101,51104,8101925.2,10233919.2,0,-0.138486088238282,-0.41506844072688,-0.99507918040338,-1.71385315027395,0.905063196426787,-0.707519340445803,-1.19851916621514,1.34007083859956,-0.995079180403383,-0.112071802552651,-0.899612450939789,-1.22364693762416,-0.44645200023936,1.20950675644524,1.01490923682017,-1.57170614785039,0.700742159154457,-0.986069748447918,0.0313106768764397,-0.474748013990363,-1.34316552176986,-0.438480787336626,0.708692154522277,-0.7455502325292,0.661790511379358,1.49992493690731,1.00044832999338,8,2,37
"서울시성북구",2022,16,430397,3.71749803088776,46.9,100,17.9718732614855,3.58,27.3,52.9,92.6,18,100,2039,94866388,15,7.1,98.2,61,15,0,11,0,100,0,24.51,0,0,0,2404,50575,8090984.2,10220192.5,0,-0.138486088238282,-0.41506844072688,-0.99507918040338,-1.71385315027395,0.905063196426787,-0.707519340445803,-1.19851916621514,1.34007083859956,-0.995079180403383,-0.112071802552651,-0.899622637418228,-1.22364693762416,-0.44645200023936,1.44109688252642,1.01490923682017,-0.991625911144484,1.03264582018178,-0.986069748447918,0.222527522187476,-0.388479874628523,-1.43578919744463,-0.438480787336626,0.708692154522277,1.43334895332022,0.687495359661035,1.49992493690731,1.00044832999338,8,3,38
"서울시성북구",2023,14,425602,3.28945822623014,46.5,100,18.5287665769269,3.58,28.6,53.2,92.2,18.9,100,-4072,94866388,14,8.6,98.2,61,15,0,11,0,100,0,24.578,0,0,0,2508,50575,8090628.2,10224041,0,-0.138486088238282,-0.41506844072688,-0.99507918040338,-1.71385315027395,0.905063196426787,-0.707519340445803,-1.19851916621514,1.34007083859956,-0.995079180403383,-0.112071802552651,-0.899622637418228,-1.22364693762416,-0.44645200023936,1.39698447755858,1.01490923682017,-0.839488111004223,1.14656654871921,-0.986069748447918,0.326103313397621,-0.36259943281997,-1.50988813798445,-0.438480787336626,0.708692154522277,-0.7455502325292,0.687495359661035,1.49992493690731,1.00044832999338,8,4,39
"서울시성북구",2024,9,421560,2.13492741246798,54.7,100,18.5287665769269,3.58,28.3,51.3,92,19.8,100,-4072,94866388,15,7.8,95.6,61,15,0,11,48,100,0,24.578,0,0,0,2612,50566,8053880.1,10217313.5,0,-0.138486088238282,-0.41506844072688,-0.99507918040338,-1.71385315027395,0.905063196426787,-0.707519340445803,-1.19851916621514,1.34007083859956,-0.995079180403383,-0.105444842364445,-0.899622810723154,-1.22364693762416,-0.44645200023936,2.30128877939939,-0.984426097198368,-0.839488111004223,1.26048727725665,-0.986069748447918,0.302201207733741,-0.526508897607467,-1.54693760825436,-0.438480787336626,0.708692154522277,-0.7455502325292,0.687495359661035,1.49992493690731,1.00044832999338,8,5,40
"서울시강북구",2020,26,308055,8.44005128954245,39,100,20.06538941,6.44,24.3,51,95.08,20.6,100,-5031,28468574,1,6.9,93.9,56,105,0,53,0,100,0,23.52,0,0,0,1778,31576,12583627.3,6610354.6,0,-0.138486088238282,-0.41506844072688,-0.99507918040338,-1.71385315027395,0.905063196426787,-0.707519340445803,-1.19851916621514,1.34007083859956,-0.995079180403383,-0.112071802552651,-0.899988484117399,-1.22364693762416,-1.34015753034149,0.569876884411497,-0.984426097198368,-0.441184624500172,0.346930665716086,1.01320928280887,-0.0164935344513192,-0.552389339416019,-0.976375766097749,-0.438480787336626,0.708692154522277,-0.7455502325292,0.110648207188618,-0.363491558526281,1.00044832999338,9,1,41
"서울시강북구",2021,64,299182,21.3916612630439,40.7,100,20.06538941,6.44,23.9,50.3,94.9,21.5,100,-5904,29929825,1,5.6,93.9,56,105,0,53,42,100,0,23.52,0,0,0,2024,30067,12524189.3,6679360.8,0,-0.138486088238282,-0.41506844072688,-0.99507918040338,-1.71385315027395,0.905063196426787,-0.707519340445803,-1.19851916621514,1.34007083859956,-0.995079180403383,-0.106273212387971,-0.900017541576689,-1.22364693762416,-1.34015753034149,0.757354605524836,-0.984426097198368,-0.441184624500172,0.616397004371935,1.01320928280887,-0.0483630086698254,-0.612777036969308,-1.00972028934067,-0.438480787336626,0.708692154522277,-0.7455502325292,0.134636444550558,-0.363491558526281,-0.998655411839273,9,2,42
"서울시강북구",2022,10,293660,3.40529864469114,41,100,22.6069215656642,6.44,23.7,51.2,94.4,22.5,100,-3121,29117422,1,4.5,93.9,56,102,0,53,64,100,0,23.52,0,0,0,2389,30067,12519026.3,6678073,0,-0.138486088238282,-0.41506844072688,-0.99507918040338,-1.71385315027395,0.905063196426787,-0.707519340445803,-1.19851916621514,1.34007083859956,-0.995079180403383,-0.103235855635043,-0.900017541576689,-1.22364693762416,-1.34015753034149,0.790438909250719,-0.984426097198368,0.157818660630789,1.0162149458735,1.01320928280887,-0.0642977457790784,-0.535135711543651,-1.10234396501544,0.452058516634848,0.708692154522277,-0.7455502325292,0.121448319245508,-0.363491558526281,-0.998655411839273,9,3,43
"서울시강북구",2023,14,288113,4.85920454821546,44.1,100,23.4851693368189,6.44,25.4,52.4,93.9,23.8,100,-4050,29117422,1,8.8,93.9,56,102,0,53,27,100,0,23.6,0,0,0,2684,30067,12515402.3,6676603.2,0,-0.138486088238282,-0.41506844072688,-0.99507918040338,-1.71385315027395,0.905063196426787,-0.707519340445803,-1.19851916621514,1.34007083859956,-0.995079180403383,-0.108344137446786,-0.900017541576689,-1.22364693762416,-1.34015753034149,1.13231004775151,-0.984426097198368,0.349904108944145,1.33935547393641,1.01320928280887,0.0711475196495723,-0.431613944309443,-1.19496764069021,0.452058516634848,0.708692154522277,-0.7455502325292,0.121448319245508,-0.363491558526281,1.00044832999338,9,4,44
"서울시강북구",2024,4,283597,1.41045215569981,42.3,100,23.4851693368189,6.44,22.6,48.2,93.2,25.1,100,-4050,29117422,1,6.1,92.2,56,102,0,53,252,100,0,23.607,0,0,0,2788,30067,12515396.3,6677387.4,0,-0.138486088238282,-0.41506844072688,-0.99507918040338,-1.71385315027395,0.905063196426787,-0.707519340445803,-1.19851916621514,1.34007083859956,-0.995079180403383,-0.0772802615645698,-0.900017541576689,-1.22364693762416,-1.34015753034149,0.933804225396213,-0.984426097198368,0.349904108944145,1.45327620247384,1.01320928280887,-0.15193879987997,-0.793940129629172,-1.3246407866349,0.452058516634848,0.708692154522277,-0.7455502325292,0.121448319245508,-0.363491558526281,-0.998655411839273,9,5,45
"서울시도봉구",2020,22,325257,6.76388209938602,39.3,100,17.26523569,4.27,24.5,53.7,95.19,19.1,100,-7457,44995902,7,5.8,97.5,82,145,0,22,0,100,0,20.68,0,0,0,1748,98064,9574801.2,6163154.1,0,-0.138486088238282,-0.41506844072688,-0.99507918040338,-1.71385315027395,0.905063196426787,-0.707519340445803,0.01634344317566,1.34007083859956,-0.995079180403383,-0.112071802552651,-0.898708184347173,-1.22364693762416,-1.34015753034149,0.60296118813738,1.01490923682017,-1.19123287698073,0.314068917099519,-0.986069748447918,-0.00055879734206621,-0.31946536313905,-0.955998557449299,-0.438480787336626,0.708692154522277,-0.7455502325292,0.330030567543427,1.49992493690731,-0.998655411839273,10,1,46
"서울시도봉구",2021,68,317366,21.4263657732712,38.4,100,17.26523569,4.27,25.3,53.8,94.8,20.2,100,-5787,40661714,7,7.3,97.5,82,141,0,22,0,100,0,20.68,0,0,0,1934,98064,9574036.2,6163958.1,0,-0.138486088238282,-0.41506844072688,-0.99507918040338,-1.71385315027395,0.905063196426787,-0.707519340445803,0.01634344317566,1.34007083859956,-0.995079180403383,-0.112071802552651,-0.898708184347173,-1.22364693762416,-1.34015753034149,0.50370827695973,1.01490923682017,-1.19123287698073,0.517811758522234,-0.986069748447918,0.063180151094946,-0.310838549202867,-1.02824502447562,-0.438480787336626,0.708692154522277,-0.7455502325292,0.281490921121991,1.49992493690731,1.00044832999338,10,2,47
"서울시도봉구",2022,14,311694,4.49158469524598,50.5,100,19.1718203818231,4.27,24.8,54.8,94.4,21.5,100,-3567,43011839,7,7.5,97.5,82,136,0,22,0,100,0,20.68,0,0,0,2179,93345,9573760.2,6166143.6,0,-0.138486088238282,-0.41506844072688,-0.99507918040338,-1.71385315027395,0.905063196426787,-0.707519340445803,0.01634344317566,1.34007083859956,-0.995079180403383,-0.112071802552651,-0.898799053896801,-1.22364693762416,-1.34015753034149,1.83810852723703,1.01490923682017,-0.669118883896407,0.78618270555753,-0.986069748447918,0.0233433083218134,-0.224570409841026,-1.10234396501544,-0.438480787336626,0.708692154522277,-0.7455502325292,0.308418715999654,1.49992493690731,1.00044832999338,10,3,48
"서울시도봉구",2023,7,306948,2.28051656958182,45.6,100,19.8951317247847,4.27,25.1,52.5,94.1,22.9,100,-3697,43011839,7,11,97.5,82,136,0,22,0,100,0,20.651,0,0,0,2338,93345,9573567.2,6179816.6,0,-0.138486088238282,-0.41506844072688,-0.99507918040338,-1.71385315027395,0.905063196426787,-0.707519340445803,0.01634344317566,1.34007083859956,-0.995079180403383,-0.112071802552651,-0.898799053896801,-1.22364693762416,-1.34015753034149,1.29773156638093,1.01490923682017,-0.483859377699207,0.960349973225335,-0.986069748447918,0.047245413985693,-0.422987130373259,-1.15791817042031,0.452058516634848,0.708692154522277,-0.7455502325292,0.308418715999654,1.49992493690731,1.00044832999338,10,4,49
"서울시도봉구",2024,5,303228,1.64892424182463,52.9,100,19.8951317247847,4.27,24,50.7,93.7,24.5,100,-3697,43011839,8,10.4,95.1,82,136,0,22,0,100,0,20.651,0,0,0,2446,93544,9571060.2,6190569.4,0,-0.138486088238282,-0.41506844072688,-0.99507918040338,-1.71385315027395,0.905063196426787,-0.707519340445803,0.01634344317566,1.34007083859956,-0.995079180403383,-0.112071802552651,-0.898795221932323,-1.22364693762416,-1.34015753034149,2.10278295704409,-0.984426097198368,-0.483859377699207,1.07865226824498,-0.986069748447918,-0.0403956401151988,-0.578269781224571,-1.23201711096012,0.452058516634848,0.708692154522277,-0.7455502325292,0.308418715999654,1.49992493690731,1.00044832999338,10,5,50
"서울시노원구",2020,43,523037,8.22121570749297,55.2,100,20.76562866,5.94,20.7,46.1,93.25,16.3,100,-9531,125169366,13,4.8,92.3,88,32,0,111,0,100,0,35.35,0,0,0,2779,166556,15399554.6,9371321.4,0,-0.138486088238282,-0.41506844072688,-0.99507918040338,-1.71385315027395,0.905063196426787,-0.707519340445803,0.01634344317566,1.34007083859956,1.00404385770431,-0.112071802552651,-0.897389295346717,-1.22364693762416,-0.44645200023936,2.3564292856092,-0.984426097198368,-0.269223793780369,1.44341767788887,1.01320928280887,-0.303318802417874,-0.975103222289036,-1.31537841906742,-1.3290200913081,0.708692154522277,-0.7455502325292,0.820340096999909,1.49992493690731,-0.998655411839273,11,1,51
"서울시노원구",2021,73,510956,14.2869444727139,52.1,100,20.76562866,5.94,20.2,45,92.9,17.3,100,-9737,128830626,12,6.7,92.3,88,30,0,111,0,100,0,35.35,0,0,0,3186,161793,15393703.6,9355441.9,0,-0.138486088238282,-0.41506844072688,-0.99507918040338,-1.71385315027395,0.905063196426787,-0.707519340445803,0.01634344317566,1.34007083859956,1.00404385770431,-0.112071802552651,-0.897481012164873,-1.22364693762416,-0.44645200023936,2.0145581471084,-0.984426097198368,-0.269223793780369,1.88924206745363,1.01320928280887,-0.343155645191006,-1.06999817558706,-1.38021499203976,-0.438480787336626,0.708692154522277,-0.7455502325292,0.834157001476555,1.49992493690731,1.00044832999338,11,2,52
"서울시노원구",2022,18,503734,3.57331448740804,53.6,100,22.5349661757988,5.94,22,47.6,92.6,18.3,100,-4875,130934039,12,6.2,92.3,88,22,0,111,0,100,0,35.35,0,0,0,3574,161720,15385074.6,9356017.3,0,-0.138486088238282,-0.41506844072688,-0.99507918040338,-1.71385315027395,0.905063196426787,-0.707519340445803,0.01634344317566,1.34007083859956,1.00404385770431,-0.112071802552651,-0.897482417860386,-1.22364693762416,-0.44645200023936,2.17997966573782,-0.984426097198368,0.141765539524468,2.31425401622789,1.01320928280887,-0.199743011207729,-0.845701013246276,-1.43578919744463,-0.438480787336626,0.708692154522277,-0.7455502325292,0.8419183605616,1.49992493690731,-0.998655411839273,11,3,53
"서울시노원구",2023,13,498213,2.60932573015959,50.4,100,23.260546781713,5.94,22,47.1,92.3,19.3,100,-4591,130934039,12,9.6,92.3,88,22,0,111,0,100,0,35.439,0,0,0,3742,157495,15383575.6,9363714.3,0,-0.138486088238282,-0.41506844072688,-0.99507918040338,-1.71385315027395,0.905063196426787,-0.707519340445803,0.01634344317566,1.34007083859956,1.00404385770431,-0.112071802552651,-0.897563774895177,-1.22364693762416,-0.44645200023936,1.82708042599506,-0.984426097198368,0.301439717290115,2.49827980848067,1.01320928280887,-0.199743011207729,-0.888835082927196,-1.49136340284949,-0.438480787336626,0.708692154522277,-0.7455502325292,0.8419183605616,1.49992493690731,1.00044832999338,11,4,54
"서울시노원구",2024,7,491247,1.42494508872319,57,100,23.260546781713,5.94,22.7,45.4,92.1,20.5,100,-4591,130934039,11,5.8,97.2,88,22,0,111,0,100,0,35.443,0,0,0,3926,157232,15380281.6,9364554.3,0,-0.138486088238282,-0.41506844072688,-0.99507918040338,-1.71385315027395,0.905063196426787,-0.707519340445803,0.01634344317566,1.34007083859956,1.00404385770431,-0.112071802552651,-0.897568839250242,-1.22364693762416,-0.44645200023936,2.5549351079645,1.01490923682017,0.301439717290115,2.69983186666228,1.01320928280887,-0.143971431325344,-1.03549091984232,-1.5284128731194,-0.438480787336626,0.708692154522277,-0.7455502325292,0.8419183605616,1.49992493690731,-0.998655411839273,11,5,55
"서울시은평구",2020,70,479835,14.5883480779851,47.6,100,16.49217739,5.03,22.5,46.7,92.28,17.7,100,199,106439086,12,7.7,94.9,60,50,0,41,207.5,100,0,29.63,0,0,0,2126,375039.5,13416940,9725221.1,0,-0.138486088238282,-0.41506844072688,-0.99507918040338,-1.71385315027395,0.905063196426787,-0.707519340445803,-1.19851916621514,1.34007083859956,-0.995079180403383,-0.0834240059057191,-0.893374715615848,-1.22364693762416,-0.44645200023936,1.51829359122015,-0.984426097198368,-1.4186465730304,0.728126949668262,1.01320928280887,-0.159906168434597,-0.923342338671932,-1.49506834987648,-0.438480787336626,0.708692154522277,0.769335760931151,0.742657608102882,1.49992493690731,1.00044832999338,12,1,56
"서울시은평구",2021,103,473307,21.7617740705293,40.4,100,16.49217739,5.03,22.1,45.9,91.7,18.4,100,-3682,121013556,11,8.1,94.9,60,49,0,41,0,100,0,29.63,0,0,0,2353,365842.5,13394998.1,9763754.1,0,-0.138486088238282,-0.41506844072688,-0.99507918040338,-1.71385315027395,0.905063196426787,-0.707519340445803,-1.19851916621514,1.34007083859956,-0.995079180403383,-0.112071802552651,-0.893551813994304,-1.22364693762416,-0.44645200023936,0.724270301798952,-0.984426097198368,-1.4186465730304,0.976780847533619,1.01320928280887,-0.191775642653102,-0.992356850161405,-1.60251181365922,-0.438480787336626,0.708692154522277,-0.7455502325292,0.804158446163445,1.49992493690731,1.00044832999338,12,2,57
"서울시은평구",2022,21,466746,4.4992351300279,42.2,100,18.666547382076,5.03,23.5,47.9,91.2,19.2,100,-3523,123460034,12,3.3,94.9,60,48,0,41,11203,100,0,29.63,0,0,0,2713,249609.5,13220463.1,9863356.5,0,-0.138486088238282,-0.41506844072688,-0.99507918040338,-1.71385315027395,0.905063196426787,-0.707519340445803,-1.19851916621514,1.34007083859956,-0.995079180403383,1.43463309304052,-0.895790008603748,-1.22364693762416,-0.44645200023936,0.922776124154253,-0.984426097198368,-0.802517285898452,1.37112183093242,1.01320928280887,-0.0802324828883314,-0.819820571437724,-1.695135489334,-0.438480787336626,0.708692154522277,-0.7455502325292,0.813750412992679,1.49992493690731,-0.998655411839273,12,3,58
"서울시은평구",2023,7,466770,1.49966793067249,47.1,100,19.3801100838989,5.03,24.8,47.8,90.5,20,100,1271,123460034,12,6.4,94.9,60,48,0,41,2408,100,0,29.71,0,0,0,2957,150327.5,13001321.9,10005673.5,0,-0.138486088238282,-0.41506844072688,-0.99507918040338,-1.71385315027395,0.905063196426787,-0.707519340445803,-1.19851916621514,1.34007083859956,-0.995079180403383,0.220380700222351,-0.897701793012778,-1.22364693762416,-0.44645200023936,1.46315308501035,-0.984426097198368,-0.615097852950795,1.63839738634717,1.01320928280887,0.0233433083218134,-0.828447385373908,-1.82480863527868,-0.438480787336626,0.708692154522277,1.29829276415814,0.813750412992679,1.49992493690731,-0.998655411839273,12,4,59
"서울시은평구",2024,11,460919,2.38653646302279,54.5,100,19.3801100838989,5.03,21.5,44.2,89.9,21.2,100,1271,123460034,12,6.4,98,60,48,0,41,0,100,0,29.71,0,0,0,3093,150002.5,12998267.9,10004142.6,0,-0.138486088238282,-0.41506844072688,-0.99507918040338,-1.71385315027395,0.905063196426787,-0.707519340445803,-1.19851916621514,1.34007083859956,-0.995079180403383,-0.112071802552651,-0.897708051246224,-1.22364693762416,-0.44645200023936,2.27923257691547,1.01490923682017,-0.615097852950795,1.78737064674227,1.01320928280887,-0.239579853980862,-1.13901268707653,-1.93595704608841,-0.438480787336626,0.708692154522277,1.29829276415814,0.813750412992679,1.49992493690731,-0.998655411839273,12,5,60
"서울시서대문구",2020,34,312173,10.8913967575671,49.5,100,16.55443113,3.4,32.6,56.4,91.74,17.2,100,2925,61934734,4,3.9,97.8,12,3,0,126,74,100,0,17.55,0,0,0,1539,4512,4655690.4,7176248.9,0,-0.138486088238282,-0.41506844072688,-0.99507918040338,-1.71385315027395,0.905063196426787,-0.707519340445803,-1.19851916621514,1.34007083859956,1.00404385770431,-0.101855238929167,-0.900509631286534,-1.22364693762416,-1.34015753034149,1.72782751481741,1.01490923682017,-1.39996460216587,0.0851320684041031,-0.986069748447918,0.644798055582682,-0.0865413868620818,-1.59510191960524,-0.438480787336626,0.708692154522277,1.53647582947989,0.483152675559057,0.568216689190515,-0.998655411839273,13,1,61
"서울시서대문구",2021,50,304819,16.403176967315,40,100,16.55443113,3.4,35.9,58.2,91.6,17.7,100,-4577,62177345,4,11.4,97.8,12,3,0,126,0,100,0,17.55,0,0,0,1691,4512,4653867.4,7175202.2,0,-0.138486088238282,-0.41506844072688,-0.99507918040338,-1.71385315027395,0.905063196426787,-0.707519340445803,-1.19851916621514,1.34007083859956,1.00404385770431,-0.112071802552651,-0.900509631286534,-1.22364693762416,-1.34015753034149,0.680157896831108,1.01490923682017,-1.39996460216587,0.251631594728042,-0.986069748447918,0.907721217885357,0.068741263989231,-1.62103654879418,-0.438480787336626,0.708692154522277,-0.7455502325292,0.485026292449588,0.568216689190515,1.00044832999338,13,2,62
"서울시서대문구",2022,22,306337,7.18163329927498,43.9,100,18.507441173291,3.4,31.7,55.3,90.8,18.1,100,3574,63998264,4,9.7,97.8,12,3,0,126,0,100,0,17.55,0,0,0,1871,4370,4651523.4,7167203.1,0,-0.138486088238282,-0.41506844072688,-0.99507918040338,-1.71385315027395,0.905063196426787,-0.707519340445803,-1.19851916621514,1.34007083859956,1.00404385770431,-0.112071802552651,-0.900512365653147,-1.22364693762416,-1.34015753034149,1.11025384526759,1.01490923682017,-0.845233672351461,0.448802086427444,-0.986069748447918,0.573091738591043,-0.181436340160106,-1.76923442987382,-0.438480787336626,0.708692154522277,1.59375352419476,0.498859700047482,0.568216689190515,1.00044832999338,13,3,63
"서울시서대문구",2023,8,306231,2.61240697382042,48.1,100,19.0282697784261,3.4,33.2,56.1,90.4,18.8,100,445,63998264,4,10.4,97.8,12,3,0,126,187,100,0,17.626,0,0,0,1954,4370,4443781.4,7154616.5,0,-0.138486088238282,-0.41506844072688,-0.99507918040338,-1.71385315027395,0.905063196426787,-0.707519340445803,-1.19851916621514,1.34007083859956,1.00404385770431,-0.0862542701527655,-0.900512365653147,-1.22364693762416,-1.34015753034149,1.57343409742996,1.01490923682017,-0.7066751687781,0.539719590933279,-0.986069748447918,0.692602266910441,-0.112421828670634,-1.84333337041363,-0.438480787336626,0.708692154522277,0.998642705855843,0.498859700047482,0.568216689190515,1.00044832999338,13,4,64
"서울시서대문구",2024,7,302853,2.31135237227302,46,100,19.0282697784261,3.4,34.5,56.2,89.9,19.7,100,445,63998264,5,8.6,95.8,12,3,0,126,0,100,0,17.63,0,0,0,1977,3885,4436731.4,7141229.9,0,-0.138486088238282,-0.41506844072688,-0.99507918040338,-1.71385315027395,0.905063196426787,-0.707519340445803,-1.19851916621514,1.34007083859956,1.00404385770431,-0.112071802552651,-0.900521704863058,-1.22364693762416,-1.34015753034149,1.34184397134878,-0.984426097198368,-0.7066751687781,0.56491359820598,-0.986069748447918,0.796178058120585,-0.10379501473445,-1.93595704608841,-0.438480787336626,0.708692154522277,0.998642705855843,0.498859700047482,0.568216689190515,1.00044832999338,13,5,65
"서울시마포구",2020,30,371890,8.06690150313265,37.2,100,15.86793082,2.73,38.8,55.9,89.03,14.5,100,-2452,9972819,11,6.2,98.9,52,1,0,61,0,100,0,23.83,0,0,0,1416,103047,369520.2,8562597,0,-0.138486088238282,-0.41506844072688,-0.99507918040338,-1.71385315027395,0.905063196426787,-0.707519340445803,-1.19851916621514,1.34007083859956,-0.995079180403383,-0.112071802552651,-0.898612231186376,-1.22364693762416,-0.44645200023936,0.371371062056197,1.01490923682017,-1.60974284492379,-0.0496011009238212,-0.986069748447918,1.13877490596953,-0.129675456543002,-2.09712224176252,-1.3290200913081,0.708692154522277,-0.7455502325292,-0.392045451611788,1.49992493690731,-0.998655411839273,14,1,66
"서울시마포구",2021,67,368905,18.1618573887586,45.9,100,15.86793082,2.73,39.1,55.7,88.8,14.7,100,-581,10700984,11,4.8,98.9,52,1,0,61,0,100,0,23.83,0,0,0,1488,102833,368829.2,8552614.5,0,-0.138486088238282,-0.41506844072688,-0.99507918040338,-1.71385315027395,0.905063196426787,-0.707519340445803,-1.19851916621514,1.34007083859956,-0.995079180403383,-0.112071802552651,-0.898616351992399,-1.22364693762416,-0.44645200023936,1.33081587010681,1.01490923682017,-1.60974284492379,0.0292670957559394,-0.986069748447918,1.16267701163341,-0.14692908441537,-2.13972913257291,-1.3290200913081,0.708692154522277,-0.7455502325292,-0.358272199612996,1.49992493690731,-0.998655411839273,14,2,67
"서울시마포구",2022,23,364638,6.30762564516041,43.8,100,17.8344407829579,2.73,38.3,56.7,88.4,15.2,100,-2448,10790548,11,10.6,98.9,52,1,0,61,0,100,0,23.83,0,0,0,1687,102833,315846.5,8548307.7,0,-0.138486088238282,-0.41506844072688,-0.99507918040338,-1.71385315027395,0.905063196426787,-0.707519340445803,-1.19851916621514,1.34007083859956,-0.995079180403383,-0.112071802552651,-0.898616351992399,-1.22364693762416,-0.44645200023936,1.09922574402563,1.01490923682017,-1.02985815062304,0.247250028245833,-0.986069748447918,1.09893806319639,-0.0606609450535294,-2.21382807311273,-1.3290200913081,0.708692154522277,-0.7455502325292,-0.354277791918908,1.49992493690731,1.00044832999338,14,3,68
"서울시마포구",2023,10,363697,2.74954151395255,51.7,100,18.3865470228158,2.73,39.2,56.3,87.8,15.8,100,-771,10790548,11,8.8,98.9,52,1,0,61,0,100,0,23.854,0,0,0,1823,101962,315773.5,8549449,0,-0.138486088238282,-0.41506844072688,-0.99507918040338,-1.71385315027395,0.905063196426787,-0.707519340445803,-1.19851916621514,1.34007083859956,-0.995079180403383,-0.112071802552651,-0.898633124058033,-1.22364693762416,-0.44645200023936,1.97044574214056,1.01490923682017,-0.877924580994172,0.396223288640937,-0.986069748447918,1.17064438018803,-0.095168200798266,-2.32497648392246,-1.3290200913081,0.708692154522277,-0.7455502325292,-0.354277791918908,1.49992493690731,1.00044832999338,14,4,69
"서울시마포구",2024,10,361417,2.76688700310168,53.1,100,18.3865470228158,2.73,38.9,55.6,87.2,16.5,100,-771,10790548,10,8.9,96.6,52,1,0,61,0,100,0,23.854,0,0,0,1908,100666,315773.5,8549583.4,0,-0.138486088238282,-0.41506844072688,-0.99507918040338,-1.71385315027395,0.905063196426787,-0.707519340445803,-1.19851916621514,1.34007083859956,-0.995079180403383,-0.112071802552651,-0.898658079967403,-1.22364693762416,-0.44645200023936,2.12483915952801,-0.984426097198368,-0.877924580994172,0.489331576387876,-0.986069748447918,1.14674227452415,-0.155555898351554,-2.43612489473219,-1.3290200913081,0.708692154522277,-0.7455502325292,-0.354277791918908,1.49992493690731,1.00044832999338,14,5,70
"서울시양천구",2020,43,454251,9.46613216041352,42.6,100,16.54994584,3.54,29,51.7,96.28,14.4,100,-3940,67303625,11,5.7,95.7,78,23,0,6,352,100,0,17.24,0,0,0,1587,13740,1081393.8,8660786.9,0,-0.138486088238282,-0.41506844072688,-0.99507918040338,-1.71385315027395,0.905063196426787,-0.707519340445803,-1.19851916621514,1.34007083859956,-0.995079180403383,-0.0634740945058072,-0.900331935968888,-1.22364693762416,-0.44645200023936,0.966888529122097,-0.984426097198368,-1.40130839414411,0.13771086619061,-0.986069748447918,0.357972787616127,-0.492001641862731,-0.75407894447829,-1.3290200913081,0.708692154522277,-0.7455502325292,0.522993376845502,1.49992493690731,-0.998655411839273,15,1,71
"서울시양천구",2021,85,447302,19.0028213600655,44.9,100,16.54994584,3.54,30.9,52.4,96.1,15.3,100,-5490,76713699,12,5.8,95.7,78,20,0,6,3079,100,0,17.24,0,0,0,1689,13535,1064543.8,8665472,0,-0.138486088238282,-0.41506844072688,-0.99507918040338,-1.71385315027395,0.905063196426787,-0.707519340445803,-1.19851916621514,1.34007083859956,-0.995079180403383,0.313020081186648,-0.900335883469984,-1.22364693762416,-0.44645200023936,1.2205348576872,-0.984426097198368,-1.40130839414411,0.249440811486938,-0.986069748447918,0.509352790154031,-0.431613944309443,-0.78742346772121,-1.3290200913081,0.708692154522277,-0.7455502325292,0.5857098020336,1.49992493690731,-0.998655411839273,15,2,72
"서울시양천구",2022,19,440881,4.30955291790755,53.4,100,18.2889181144874,3.54,29.6,51.9,95.8,16.4,100,-4753,77306381,13,8.1,95.7,78,19,0,6,0,100,0,17.406,0,0,0,1896,13535,1064543.8,8665552.6,0,-0.138486088238282,-0.41506844072688,-0.99507918040338,-1.71385315027395,0.905063196426787,-0.707519340445803,-1.19851916621514,1.34007083859956,-0.995079180403383,-0.112071802552651,-0.900335883469984,-1.22364693762416,-0.44645200023936,2.1579234632539,-0.984426097198368,-0.90447348478026,0.476186876941249,-0.986069748447918,0.405776998943886,-0.474748013990363,-0.842997673126074,-1.3290200913081,0.708692154522277,-0.7455502325292,0.589398136869317,1.49992493690731,1.00044832999338,15,3,73
"서울시양천구",2023,10,436028,2.29343069711119,54.4,100,18.9777474187531,3.54,30.5,52.5,95.4,17.5,100,-4349,77306381,12,5.9,95.7,78,19,0,6,0,100,0,17.406,0,0,0,2078,11998,1063919.8,8672622.2,0,-0.138486088238282,-0.41506844072688,-0.99507918040338,-1.71385315027395,0.905063196426787,-0.707519340445803,-1.19851916621514,1.34007083859956,-0.995079180403383,-0.112071802552651,-0.900365480100155,-1.22364693762416,-0.44645200023936,2.26820447567351,-0.984426097198368,-0.719957102949113,0.675548151881755,-0.986069748447918,0.477483315935525,-0.422987130373259,-0.917096613665892,-0.438480787336626,0.708692154522277,-0.7455502325292,0.589398136869317,1.49992493690731,-0.998655411839273,15,4,74
"서울시양천구",2024,7,430976,1.62422037422037,57.4,100,18.9777474187531,3.54,28.8,49.4,95.2,18.6,100,-4349,77306381,12,4.7,96.4,78,19,0,6,0,100,0,17.407,0,0,0,2135,11998,1063619.8,8673028.2,0,-0.138486088238282,-0.41506844072688,-0.99507918040338,-1.71385315027395,0.905063196426787,-0.707519340445803,-1.19851916621514,1.34007083859956,-0.995079180403383,-0.112071802552651,-0.900365480100155,-1.22364693762416,-0.44645200023936,2.59904751293234,-0.984426097198368,-0.719957102949113,0.737985474253232,-0.986069748447918,0.342038050506874,-0.690418362394964,-0.954146083935802,-0.438480787336626,0.708692154522277,-0.7455502325292,0.589398136869317,1.49992493690731,-0.998655411839273,15,5,75
"서울시강서구",2020,94,580185,16.2017287589303,35,100,18.36295403,4.79,29,47.4,93.3,15.3,100,-12375,123868555,20,6.8,96.9,196,18,1,47,0,100,0,41.41,0,0,0,2226,5258612.6,2770770.2,10462291.2,0,-0.138486088238282,-0.41506844072688,-0.99507918040338,0.582957261451353,0.905063196426787,-0.707519340445803,1.23120605256646,1.34007083859956,-0.995079180403383,-0.112071802552651,-0.799336129437689,-1.22364693762416,-0.44645200023936,0.128752834733052,-0.984426097198368,-0.884328115555633,0.837666111723485,-0.986069748447918,0.357972787616127,-0.862954641118644,-1.30611605149995,-1.3290200913081,0.708692154522277,-0.7455502325292,0.815333571019603,1.49992493690731,1.00044832999338,16,1,76
"서울시강서구",2021,106,574315,18.4567702393286,48.3,100,18.36295403,4.79,27.1,45.8,92.7,16.1,100,-4099,136423101,18,8.3,96.9,196,13,1,47,0,100,0,41.41,0,0,0,2528,3218593.6,2746072.2,11713251.5,0,-0.138486088238282,-0.41506844072688,-0.99507918040338,0.582957261451353,0.905063196426787,-0.707519340445803,1.23120605256646,1.34007083859956,-0.995079180403383,-0.112071802552651,-0.838618945238395,-1.22364693762416,-0.44645200023936,1.59549029991388,-0.984426097198368,-0.884328115555633,1.16847438113026,-0.986069748447918,0.206592785078223,-1.00098366409759,-1.41726446230967,-1.3290200913081,0.708692154522277,-0.7455502325292,0.861599543002081,1.49992493690731,1.00044832999338,16,2,77
"서울시강서구",2022,26,569166,4.56808734182998,49,100,20.3963666391412,4.79,26.4,45.9,92.3,17,100,-3444,143242833,16,6.6,96.9,196,12,1,47,0,100,0,41.453,0,0,0,2765,2874605.6,2744696.2,11945459.9,0,-0.138486088238282,-0.41506844072688,-0.99507918040338,0.582957261451353,0.905063196426787,-0.707519340445803,1.23120605256646,1.34007083859956,-0.995079180403383,-0.112071802552651,-0.845242813565922,-1.22364693762416,0.447253529862769,1.67268700860761,-0.984426097198368,-0.359203901467689,1.42808219520114,-0.986069748447918,0.150821205195837,-0.992356850161405,-1.49136340284949,-0.438480787336626,0.708692154522277,-0.7455502325292,0.884977020707665,1.49992493690731,1.00044832999338,16,3,78
"서울시강서구",2023,18,563058,3.19682874588408,50.5,100,21.3156137042276,4.79,27.1,45,92,18.1,100,-5898,143242833,16,8.5,96.9,196,12,1,47,0,100,0,41.452,0,0,0,3002,2855270.6,2744631.2,11941719.5,0,-0.138486088238282,-0.41506844072688,-0.99507918040338,0.582957261451353,0.905063196426787,-0.707519340445803,1.23120605256646,1.34007083859956,-0.995079180403383,-0.112071802552651,-0.845615130315671,-1.22364693762416,0.447253529862769,1.83810852723703,-0.984426097198368,-0.137997043524276,1.68769000927202,-0.986069748447918,0.206592785078223,-1.06999817558706,-1.54693760825436,-0.438480787336626,0.708692154522277,-0.7455502325292,0.884977020707665,1.49992493690731,1.00044832999338,16,4,79
"서울시강서구",2024,21,556171,3.77581714976149,49.9,100,21.3156137042276,4.79,27.1,43.6,91.8,19.3,100,-5898,143242833,16,8.5,96.3,196,12,1,47,0,100,0,41.452,0,0,0,3180,2814201.6,2744631.2,11946637.3,0,-0.138486088238282,-0.41506844072688,-0.99507918040338,0.582957261451353,0.905063196426787,-0.707519340445803,1.23120605256646,1.34007083859956,-0.995079180403383,-0.112071802552651,-0.846405959206049,-1.22364693762416,0.447253529862769,1.77193991978526,-0.984426097198368,-0.137997043524276,1.88266971773031,-0.986069748447918,0.206592785078223,-1.19077357069364,-1.58398707852427,-0.438480787336626,0.708692154522277,-0.7455502325292,0.884977020707665,1.49992493690731,1.00044832999338,16,5,80
"서울시구로구",2020,41,404408,10.1382761963166,33.8,100,15.63416714,3.05,26.5,51.5,97.53,17.1,100,-3139,106465381,14,5.5,98.6,131,41,0,45,67,100,0,20.03,0,0,0,1610,357573,3045594.4,8311977,0,-0.138486088238282,-0.41506844072688,-0.99507918040338,-1.71385315027395,0.905063196426787,-0.707519340445803,0.01634344317566,1.34007083859956,-0.995079180403383,-0.102821670623281,-0.893711052337312,-1.22364693762416,-0.44645200023936,-0.00358438017048152,1.01490923682017,-1.68312912315667,0.162904873463311,-0.986069748447918,0.158788573750464,-0.509255269735099,-0.522519755291355,-0.438480787336626,0.708692154522277,-0.7455502325292,0.742775986432906,1.49992493690731,-0.998655411839273,17,1,81
"서울시구로구",2021,71,396754,17.8952197079299,49.3,100,15.63416714,3.05,27.5,52.1,97.2,18,100,-6710,109939872,14,4.7,98.6,131,40,0,45,0,100,0,20.03,0,0,0,1752,356854,3040475.4,8336653.5,0,-0.138486088238282,-0.41506844072688,-0.99507918040338,-1.71385315027395,0.905063196426787,-0.707519340445803,0.01634344317566,1.34007083859956,-0.995079180403383,-0.112071802552651,-0.893724897475303,-1.22364693762416,-0.44645200023936,1.70577131233349,1.01490923682017,-1.68312912315667,0.318450483581728,-0.986069748447918,0.238462259296729,-0.457494386117995,-0.583651381236705,-0.438480787336626,0.708692154522277,-0.7455502325292,0.758166195490045,1.49992493690731,-0.998655411839273,17,2,82
"서울시구로구",2022,20,395315,5.05925654225112,49.2,100,17.6558241935267,3.05,26.8,52.2,96.6,18.8,100,-489,120422206,14,6.4,98.6,131,40,0,45,1441,100,0,20.03,0,0,0,2036,241796,2967032.4,8523716.3,0,-0.138486088238282,-0.41506844072688,-0.99507918040338,-1.71385315027395,0.905063196426787,-0.707519340445803,0.01634344317566,1.34007083859956,-0.995079180403383,0.0868750647641172,-0.895940466163829,-1.22364693762416,-0.44645200023936,1.69474321109153,1.01490923682017,-1.07996641407828,0.629541703818562,-0.986069748447918,0.182690679414344,-0.448867572181811,-0.694799792046436,-0.438480787336626,0.708692154522277,-0.7455502325292,0.801810826836838,1.49992493690731,-0.998655411839273,17,3,83
"서울시구로구",2023,8,392405,2.03871000624355,41.7,100,18.3063909054952,3.05,28.8,53.2,96.1,20,100,-2835,120422206,14,7.3,98.6,131,40,0,45,572,100,0,20.123,0,0,0,2181,236638,2875422.4,8538943.8,0,-0.138486088238282,-0.41506844072688,-0.99507918040338,-1.71385315027395,0.905063196426787,-0.707519340445803,0.01634344317566,1.34007083859956,-0.995079180403383,-0.0331005269765296,-0.896039789142635,-1.22364693762416,-0.44645200023936,0.867635617944447,1.01490923682017,-0.899712129671182,0.788373488798635,-0.986069748447918,0.342038050506874,-0.36259943281997,-0.78742346772121,-0.438480787336626,0.708692154522277,-0.7455502325292,0.801810826836838,1.49992493690731,1.00044832999338,17,4,84
"서울시구로구",2024,4,388169,1.03047899239764,46.4,100,18.3063909054952,3.05,27.4,49.8,95.9,21.1,100,-2835,120422206,14,6.2,98.3,131,40,0,45,995,100,0,20.121,0,0,0,2254,236373,2872660.4,8564784.3,0,-0.138486088238282,-0.41506844072688,-0.99507918040338,-1.71385315027395,0.905063196426787,-0.707519340445803,0.01634344317566,1.34007083859956,-0.995079180403383,0.0252995596820361,-0.896044892009906,-1.22364693762416,-0.44645200023936,1.38595637631662,1.01490923682017,-0.899712129671182,0.868337077098948,-0.986069748447918,0.230494890742103,-0.655911106650228,-0.824472937991118,-0.438480787336626,0.708692154522277,-0.7455502325292,0.801810826836838,1.49992493690731,-0.998655411839273,17,5,85
"서울시금천구",2020,18,231733,7.76756007991956,41.2,100,19.37986468,5.02,30,55.2,102.37,17,100,-1210,34475855,1,8.2,92.7,149,2,0,31,0,100,0,13,0,0,0,1006,21308,2723565.8,5030744.1,0,-0.138486088238282,-0.41506844072688,-0.99507918040338,-1.71385315027395,0.905063196426787,-0.707519340445803,0.01634344317566,1.34007083859956,-0.995079180403383,-0.112071802552651,-0.900186205782071,-1.22364693762416,-1.34015753034149,0.812495111734642,-0.984426097198368,-0.615161174325599,-0.498711665350236,-0.986069748447918,0.437646473162392,-0.19006315409629,0.37407742524046,-0.438480787336626,0.708692154522277,-0.7455502325292,0.202402892828107,-0.363491558526281,1.00044832999338,18,1,86
"서울시금천구",2021,52,230811,22.5292555380809,37.9,100,19.37986468,5.02,31,55.2,102,17.5,100,616,33572346,1,11.7,92.7,149,2,0,31,0,100,0,13,0,0,0,1160,20703,2723662.8,5064963.3,0,-0.138486088238282,-0.41506844072688,-0.99507918040338,-1.71385315027395,0.905063196426787,-0.707519340445803,0.01634344317566,1.34007083859956,-0.995079180403383,-0.112071802552651,-0.900197855724331,-1.22364693762416,-1.34015753034149,0.448567770749924,-0.984426097198368,-0.615161174325599,-0.330021355785192,-0.986069748447918,0.517320158708657,-0.19006315409629,0.305535905241126,-0.438480787336626,0.708692154522277,1.09143751674803,0.189675918908314,-0.363491558526281,1.00044832999338,18,2,87
"서울시금천구",2022,6,229642,2.61276247376351,39.7,100,21.7733150191825,5.02,29.8,55.7,101.7,18.4,100,-217,32675663,0,11.3,92.7,149,2,0,31,193,100,0,13,0,0,0,1363,20703,2714156.8,5066303.9,0,-0.138486088238282,-0.41506844072688,-0.99507918040338,-1.71385315027395,0.905063196426787,-0.707519340445803,0.01634344317566,1.34007083859956,-0.995079180403383,-0.0854259001292397,-0.900197855724331,-1.22364693762416,-1.34015753034149,0.647073593105225,-0.984426097198368,-0.0312317878017253,-0.107656856813089,-0.986069748447918,0.421711736053139,-0.14692908441537,0.249961699836262,-0.438480787336626,0.708692154522277,-0.7455502325292,0.176701843280498,-1.29519980624308,1.00044832999338,18,3,88
"서울시금천구",2023,6,227481,2.63758291901302,41,100,22.0745098919854,5.02,33.6,56.7,101.2,19.6,100,-1801,32675663,0,6.8,92.7,149,2,0,31,193,100,0,13.021,0,0,0,1449,20545,2714156.8,5068161.6,0,-0.138486088238282,-0.41506844072688,-0.99507918040338,-1.71385315027395,0.905063196426787,-0.707519340445803,0.01634344317566,1.34007083859956,-0.995079180403383,-0.0854259001292397,-0.900200898188591,-1.22364693762416,-1.34015753034149,0.790438909250719,-0.984426097198368,0.0378618197849956,-0.0134531774455976,-0.986069748447918,0.724471741128947,-0.0606609450535294,0.157338024161488,-0.438480787336626,0.708692154522277,-0.7455502325292,0.176701843280498,-1.29519980624308,1.00044832999338,18,4,89
"서울시금천구",2024,2,225159,0.888261184318637,42,100,22.0745098919854,5.02,33,53.9,101.1,20.9,100,-1801,32675663,0,11.2,93.5,149,2,0,31,0,100,0,13.019,0,0,0,1532,20545,2714156.8,5072872.7,0,-0.138486088238282,-0.41506844072688,-0.99507918040338,-1.71385315027395,0.905063196426787,-0.707519340445803,0.01634344317566,1.34007083859956,-0.995079180403383,-0.112071802552651,-0.900200898188591,-1.22364693762416,-1.34015753034149,0.90071992167033,-0.984426097198368,0.0378618197849956,0.0774643270602375,-0.986069748447918,0.676667529801188,-0.302211735266682,0.138813289026531,-0.438480787336626,0.708692154522277,-0.7455502325292,0.176701843280498,-1.29519980624308,1.00044832999338,18,5,90
"서울시영등포구",2020,23,379480,6.06092547696848,45.7,100,16.54385705,2.89,42.2,57.1,97.82,16,100,10783,92102639,9,5.6,98.7,199,0,0,74,0,100,0,24.5,0,0,0,1497,37704,66349.6,9544738.5,0,-0.138486088238282,-0.41506844072688,-0.99507918040338,-1.71385315027395,0.905063196426787,-0.707519340445803,1.23120605256646,1.34007083859956,-0.995079180403383,-0.112071802552651,-0.899870482718772,-1.22364693762416,-0.44645200023936,1.30875966762289,1.01490923682017,-1.40313314405492,0.0391256203409094,-0.986069748447918,1.40966543682683,-0.0261536893087934,-0.468798023399987,-1.3290200913081,0.708692154522277,1.90943547613501,0.673326191004347,1.49992493690731,-0.998655411839273,19,1,91
"서울시영등포구",2021,47,376837,12.4722360065493,43.1,100,16.54385705,2.89,42.6,56.7,97.4,16.3,100,-543,92874462,8,7.2,98.7,199,0,0,74,0,100,0,24.5,0,0,0,1566,37125,63475.6,9525453.8,0,-0.138486088238282,-0.41506844072688,-0.99507918040338,-1.71385315027395,0.905063196426787,-0.707519340445803,1.23120605256646,1.34007083859956,-0.995079180403383,-0.112071802552651,-0.899881632002356,-1.22364693762416,-0.44645200023936,1.0220290353319,1.01490923682017,-1.40313314405492,0.114707642159013,-0.986069748447918,1.44153491104533,-0.0606609450535294,-0.546601910966795,-1.3290200913081,0.708692154522277,-0.7455502325292,0.677325510244033,1.49992493690731,1.00044832999338,19,2,92
"서울시영등포구",2022,11,375675,2.92806282025687,49.6,100,18.4722726483449,2.89,42.9,56.6,96.7,16.9,100,-292,90304644,9,7.4,98.7,199,0,0,74,0,100,0,24.5,0,0,0,1809,37125,62065.6,9521381.4,0,-0.138486088238282,-0.41506844072688,-0.99507918040338,-1.71385315027395,0.905063196426787,-0.707519340445803,1.23120605256646,1.34007083859956,-0.995079180403383,-0.112071802552651,-0.899881632002356,-1.22364693762416,-0.44645200023936,1.73885561605938,1.01490923682017,-0.854722627817461,0.380887805953205,-0.986069748447918,1.46543701670921,-0.0692877589897136,-0.67627505691148,-0.438480787336626,0.708692154522277,-0.7455502325292,0.663878097647861,1.49992493690731,1.00044832999338,19,3,93
"서울시영등포구",2023,9,374794,2.40131912463913,46.6,100,19.1500994790638,2.89,43.1,55.9,96.2,17.6,100,-1031,90304644,9,5.7,98.7,199,0,0,74,0,100,0,24.551,0,0,0,1940,37115,61577.6,9509101.1,0,-0.138486088238282,-0.41506844072688,-0.99507918040338,-1.71385315027395,0.905063196426787,-0.707519340445803,1.23120605256646,1.34007083859956,-0.995079180403383,-0.112071802552651,-0.899881824563385,-1.22364693762416,-0.44645200023936,1.40801257880054,1.01490923682017,-0.674784400214445,0.524384108245547,-0.986069748447918,1.48137175381847,-0.129675456543002,-0.768898732586254,-0.438480787336626,0.708692154522277,-0.7455502325292,0.663878097647861,1.49992493690731,-0.998655411839273,19,4,94
"서울시영등포구",2024,5,373773,1.3377103215053,56.5,100,19.1500994790638,2.89,43.8,55.6,95.7,18.3,100,-1031,90304644,9,6.3,96.4,199,0,0,74,0,100,0,24.551,0,0,0,2012,36295,61577.6,9503008.4,0,-0.138486088238282,-0.41506844072688,-0.99507918040338,-1.71385315027395,0.905063196426787,-0.707519340445803,1.23120605256646,1.34007083859956,-0.995079180403383,-0.112071802552651,-0.899897614567771,-1.22364693762416,-0.44645200023936,2.49979460175469,-0.984426097198368,-0.674784400214445,0.603252304925308,-0.986069748447918,1.53714333370085,-0.155555898351554,-0.861522408261028,-0.438480787336626,0.708692154522277,-0.7455502325292,0.663878097647861,1.49992493690731,-0.998655411839273,19,5,95
"서울시동작구",2020,25,391220,6.39026634630131,38.2,100,15.2830828,3.17,32,54.6,93.61,16.6,100,-5154,70803557,5,5.9,97.5,35,12,0,15,0,100,0,16.32,0,0,0,1488,30491,2399299.9,7835696.4,0,-0.138486088238282,-0.41506844072688,-0.99507918040338,-1.71385315027395,0.905063196426787,-0.707519340445803,-1.19851916621514,1.34007083859956,-0.995079180403383,-0.112071802552651,-0.900009376989056,-1.22364693762416,-1.34015753034149,0.481652074475808,1.01490923682017,-1.79530698696862,0.0292670957559394,-0.986069748447918,0.596993844254923,-0.241824037713394,-1.24868937258158,-1.3290200913081,0.708692154522277,-0.7455502325292,0.54728855808091,0.568216689190515,-0.998655411839273,20,1,96
"서울시동작구",2021,52,385483,13.4895702274808,42.1,100,15.2830828,3.17,32.2,54.4,93.7,17.2,100,-4054,71261981,5,5.4,97.5,35,12,0,15,0,100,0,16.32,0,0,0,1643,30016,2396846.7,7838099.9,0,-0.138486088238282,-0.41506844072688,-0.99507918040338,-1.71385315027395,0.905063196426787,-0.707519340445803,-1.19851916621514,1.34007083859956,-0.995079180403383,-0.112071802552651,-0.900018523637938,-1.22364693762416,-1.34015753034149,0.911748022912292,1.01490923682017,-1.79530698696862,0.199052796941535,-0.986069748447918,0.612928581364176,-0.259077665585762,-1.23201711096012,-0.438480787336626,0.708692154522277,-0.7455502325292,0.550381444108107,0.568216689190515,-0.998655411839273,20,2,97
"서울시동작구",2022,15,380596,3.94118698042018,45.7,100,17.0895214521452,3.17,31.5,55.5,93.6,17.8,100,-3248,73055888,6,5,97.5,35,12,0,15,0,100,0,16.32,0,0,0,1803,29492,2384249.7,7836456.8,0,-0.138486088238282,-0.41506844072688,-0.99507918040338,-1.71385315027395,0.905063196426787,-0.707519340445803,-1.19851916621514,1.34007083859956,-0.995079180403383,-0.112071802552651,-0.900028613835862,-1.22364693762416,-1.34015753034149,1.30875966762289,1.01490923682017,-1.2420665944434,0.374315456229892,-0.986069748447918,0.55715700148179,-0.164182712287738,-1.25054184609508,-0.438480787336626,0.708692154522277,-0.7455502325292,0.56229622306345,1.49992493690731,-0.998655411839273,20,3,98
"서울시동작구",2023,10,378769,2.64013158415815,53.1,100,17.537702064518,3.17,31.9,54.7,93.6,18.5,100,-1555,73055888,7,7.6,97.5,35,12,0,15,0,100,0,16.357,0,0,0,1914,28905,2378943.7,7836868.8,0,-0.138486088238282,-0.41506844072688,-0.99507918040338,-1.71385315027395,0.905063196426787,-0.707519340445803,-1.19851916621514,1.34007083859956,-0.995079180403383,-0.112071802552651,-0.90003991716827,-1.22364693762416,-1.34015753034149,2.12483915952801,1.01490923682017,-1.11336808204896,0.49590392611119,-0.986069748447918,0.589026475700296,-0.23319722377721,-1.25054184609508,-0.438480787336626,0.708692154522277,-0.7455502325292,0.56229622306345,1.49992493690731,1.00044832999338,20,4,99
"서울시동작구",2024,6,375799,1.59659818147467,59.5,100,17.537702064518,3.17,34.4,54.4,93.5,19.4,100,-1555,73055888,7,9.3,96,35,12,0,15,0,100,0,16.355,0,0,0,2005,28905,2332098.7,7869630.2,0,-0.138486088238282,-0.41506844072688,-0.99507918040338,-1.71385315027395,0.905063196426787,-0.707519340445803,-1.19851916621514,1.34007083859956,-0.995079180403383,-0.112071802552651,-0.90003991716827,-1.22364693762416,-1.34015753034149,2.83063763901353,-0.984426097198368,-1.11336808204896,0.595584563581443,-0.986069748447918,0.788210689565959,-0.259077665585762,-1.26906658123003,-0.438480787336626,0.708692154522277,-0.7455502325292,0.56229622306345,1.49992493690731,1.00044832999338,20,5,100
"서울시관악구",2020,28,495060,5.65588009534198,41.6,100,17.43720515,4.14,24.9,51.1,100.66,15.8,100,-4925,56059786,11,4.3,98.2,53,7,0,5,0,100,0,29.46,0,0,0,1946,57694,16081149.9,8196236,0,-0.138486088238282,-0.41506844072688,-0.99507918040338,-1.71385315027395,0.905063196426787,-0.707519340445803,-1.19851916621514,1.34007083859956,-0.995079180403383,-0.112071802552651,-0.899485553221617,-1.22364693762416,-0.44645200023936,0.856607516702486,1.01490923682017,-1.14195382527335,0.530956457968861,-0.986069748447918,0.0313106768764397,-0.543762525479835,0.0573044544327306,-1.3290200913081,0.708692154522277,-0.7455502325292,0.435390372976569,1.49992493690731,-0.998655411839273,21,1,101
"서울시관악구",2021,79,485699,16.2652177583236,44.5,100,17.43720515,4.14,23.1,49.1,100.9,16.3,100,-5955,56458020,12,4.2,98.2,53,6,0,5,10,100,0,29.46,0,0,0,2143,55333,16063745.9,8210441.5,0,-0.138486088238282,-0.41506844072688,-0.99507918040338,-1.71385315027395,0.905063196426787,-0.707519340445803,-1.19851916621514,1.34007083859956,-0.995079180403383,-0.110691185846775,-0.899531016880586,-1.22364693762416,-0.44645200023936,1.17642245271936,1.01490923682017,-1.14195382527335,0.74674860721765,-0.986069748447918,-0.112101957106837,-0.716298804203516,0.101763818756624,-1.3290200913081,0.708692154522277,-0.7455502325292,0.43878273892966,1.49992493690731,-0.998655411839273,21,2,102
"서울시관악구",2022,16,486752,3.28709486555782,42.3,100,19.9051901084938,4.14,23.8,50.6,101.1,16.8,100,3452,56568377,9,8.2,98.2,53,7,0,5,10,100,0,30.195,0,0,0,2429,55333,16063745.9,8211311.7,0,-0.138486088238282,-0.41506844072688,-0.99507918040338,-1.71385315027395,0.905063196426787,-0.707519340445803,-1.19851916621514,1.34007083859956,-0.995079180403383,-0.110691185846775,-0.899531016880586,-1.22364693762416,-0.44645200023936,0.933804225396213,1.01490923682017,-0.481328615345369,1.06003061069559,-0.986069748447918,-0.0563303772244518,-0.586896595160755,0.138813289026531,-0.438480787336626,0.708692154522277,1.58382593759946,0.439718583967561,1.49992493690731,1.00044832999338,21,3,103
"서울시관악구",2023,6,481956,1.24492692278963,46.3,100,20.7675609353248,4.14,26,51.3,101.4,17.6,100,-3705,56568377,9,9.2,98.2,53,7,0,5,10,100,0,29.568,0,0,0,2654,55333,16042497.9,8213776.9,0,-0.138486088238282,-0.41506844072688,-0.99507918040338,-1.71385315027395,0.905063196426787,-0.707519340445803,-1.19851916621514,1.34007083859956,-0.995079180403383,-0.110691185846775,-0.899531016880586,-1.22364693762416,-0.44645200023936,1.37492827507466,1.01490923682017,-0.268756971792628,1.30649372531984,-0.986069748447918,0.118951730977332,-0.526508897607467,0.194387494431398,-0.438480787336626,0.708692154522277,-0.7455502325292,0.439718583967561,1.49992493690731,1.00044832999338,21,4,104
"서울시관악구",2024,7,477812,1.46501134337354,50.2,100,20.7675609353248,4.14,24.8,47.7,101.3,18.4,100,-3705,56568377,10,10.2,95.1,53,7,0,5,30,100,0,29.568,0,0,0,2780,55333,15944329.9,8213305.4,0,-0.138486088238282,-0.41506844072688,-0.99507918040338,-1.71385315027395,0.905063196426787,-0.707519340445803,-1.19851916621514,1.34007083859956,-0.995079180403383,-0.107929952435023,-0.899531016880586,-1.22364693762416,-0.44645200023936,1.80502422351114,-0.984426097198368,-0.268756971792628,1.44451306950942,-0.986069748447918,0.0233433083218134,-0.837074199310092,0.175862759296442,-0.438480787336626,0.708692154522277,-0.7455502325292,0.439718583967561,1.49992493690731,1.00044832999338,21,5,105
"서울시서초구",2020,24,425126,5.64538513287825,40.4,100,11.47123452,1.6,62.5,66.1,91.7,14.1,100,-6419,52405960,11,6.9,97.9,157,168,0,123,0,100,0,46.87,1,0,0,903,1564203,17829323.4,13152470.4,0,-0.138486088238282,-0.401731726787907,-0.99507918040338,-1.71385315027395,0.905063196426787,-0.707519340445803,0.01634344317566,1.34007083859956,1.00404385770431,-0.112071802552651,-0.870476060883994,-1.22364693762416,0.447253529862769,0.724270301798952,1.01490923682017,-3.19779442070542,-0.611537002267115,-0.986069748447918,3.02704125341601,0.750259564947768,-1.60251181365922,-1.3290200913081,0.708692154522277,-0.7455502325292,0.40309030679303,1.49992493690731,1.00044832999338,22,1,106
"서울시서초구",2021,33,412279,8.00428835812641,47.3,100,11.47123452,1.6,62.8,66,91.5,14.7,100,-11713,57660104,10,6,97.9,157,169,0,123,0,100,0,46.87,1,0,0,1001,1556015,17829429.4,13153969.8,0,-0.138486088238282,-0.401731726787907,-0.99507918040338,-1.71385315027395,0.905063196426787,-0.707519340445803,0.01634344317566,1.34007083859956,1.00404385770431,-0.112071802552651,-0.870633729854615,-1.22364693762416,0.447253529862769,1.48520928749427,1.01490923682017,-3.19779442070542,-0.504188623452997,-0.986069748447918,3.05094335907989,0.741632751011585,-1.63956128392913,-1.3290200913081,0.708692154522277,-0.7455502325292,0.448879453017793,1.49992493690731,-0.998655411839273,22,2,107
"서울시서초구",2022,7,404325,1.73128052927719,53.5,100,12.8784470013499,1.6,63.5,66.2,91.5,15.4,100,-6066,58348590,10,7.3,97.9,157,164,0,123,0,100,0,47.604,1,0,0,1111,1551768,17815827.4,13153814.4,0,-0.138486088238282,-0.401731726787907,-0.99507918040338,-1.71385315027395,0.905063196426787,-0.707519340445803,0.01634344317566,1.34007083859956,1.00404385770431,-0.112071802552651,-0.87071551052367,-1.22364693762416,0.447253529862769,2.16895156449586,1.01490923682017,-2.6355819298824,-0.383695545192252,-0.986069748447918,3.10671493896227,0.758886378883953,-1.63956128392913,-1.3290200913081,0.708692154522277,-0.7455502325292,0.45456789688225,1.49992493690731,1.00044832999338,22,3,108
"서울시서초구",2023,1,407664,0.245300051022411,54.1,100,13.3138035733358,1.6,64.1,66.6,91.1,16.1,100,3179,58348590,12,7.5,97.9,157,164,0,123,0,100,0,46.966,1,0,0,1213,1543986,17815186.4,13144667,0,-0.138486088238282,-0.401731726787907,-0.99507918040338,-1.71385315027395,0.905063196426787,-0.707519340445803,0.01634344317566,1.34007083859956,1.00404385770431,-0.112071802552651,-0.870865361516509,-1.22364693762416,0.447253529862769,2.23512017194763,1.01490923682017,-2.47315700785686,-0.271965599895924,-0.986069748447918,3.15451915029003,0.793393634628689,-1.71366022446895,-1.3290200913081,0.708692154522277,1.56027706966947,0.45456789688225,1.49992493690731,1.00044832999338,22,4,109
"서울시서초구",2024,4,408376,0.979489490077772,57.3,100,13.3138035733358,1.6,62.2,64.5,90.6,16.8,100,373,58348590,12,7.7,99.1,157,164,0,123,0,100,0,46.966,1,0,0,1280,1543487,17814903.4,13132851.7,0,-0.138486088238282,-0.401731726787907,-0.99507918040338,-1.71385315027395,0.905063196426787,-0.707519340445803,0.01634344317566,1.34007083859956,1.00404385770431,-0.112071802552651,-0.870874970311861,-1.22364693762416,0.447253529862769,2.58801941169038,1.01490923682017,-2.47315700785686,-0.198574361318925,-0.986069748447918,3.00313914775213,0.612230541968824,-1.80628390014373,-0.438480787336626,0.708692154522277,0.948303024703422,0.45456789688225,1.49992493690731,1.00044832999338,22,5,110
"서울시강남구",2020,19,539231,3.52353629520558,35.2,100,13.78753719,2.72,68,69.2,91.74,13.9,100,-6257,88642880,10,9.7,96.1,195,10,0,18,0,100,0,39.48,0,0,0,1343,1071441.4,6048993,15990105,0,-0.138486088238282,-0.41506844072688,-0.99507918040338,-1.71385315027395,0.905063196426787,-0.707519340445803,0.01634344317566,1.34007083859956,-0.995079180403383,-0.112071802552651,-0.879964728963292,-1.22364693762416,0.447253529862769,0.150809037216975,-0.984426097198368,-2.30193390781556,-0.129564689224134,-0.986069748447918,3.46524652392047,1.01769079696947,-1.59510191960524,-1.3290200913081,0.708692154522277,-0.7455502325292,0.654977074274216,1.49992493690731,1.00044832999338,23,1,111
"서울시강남구",2021,40,533042,7.5040991141411,41.6,100,13.78753719,2.72,70.6,71.7,91.7,14.6,100,-4024,94546821,13,7.2,96.1,195,10,0,18,0,100,0,39.48,0,0,0,1509,725627.4,6033233,16314513,0,-0.138486088238282,-0.41506844072688,-0.99507918040338,-1.71385315027395,0.905063196426787,-0.707519340445803,0.01634344317566,1.34007083859956,-0.995079180403383,-0.112071802552651,-0.886623758934731,-1.22364693762416,0.447253529862769,0.856607516702486,-0.984426097198368,-2.30193390781556,0.0522703197875362,-0.986069748447918,3.67239810634076,1.23336114537407,-1.60251181365922,-1.3290200913081,0.708692154522277,-0.7455502325292,0.685878263371568,1.49992493690731,1.00044832999338,23,2,112
"서울시강남구",2022,11,529102,2.07899422039607,50.3,100,15.2542788485116,2.72,69.4,71.5,91.7,15.4,100,-1503,98983263,12,7.7,96.1,195,9,0,18,0,100,0,39.48,0,0,0,1741,716990.4,6023056,16317506,0,-0.138486088238282,-0.41506844072688,-0.99507918040338,-1.71385315027395,0.905063196426787,-0.707519340445803,0.01634344317566,1.34007083859956,-0.995079180403383,-0.112071802552651,-0.886790073895558,-1.22364693762416,0.447253529862769,1.8160523247531,-0.984426097198368,-1.80461747901283,0.306401175755654,-0.986069748447918,3.57678968368524,1.21610751750171,-1.60251181365922,-1.3290200913081,0.708692154522277,-0.7455502325292,0.707854140545206,1.49992493690731,1.00044832999338,23,3,113
"서울시강남구",2023,7,544873,1.2847030408921,49,100,15.5714186546961,2.72,69.3,71.1,91.6,15.9,100,15585,98983263,13,8.7,96.1,195,9,0,18,0,100,0,39.498,0,0,0,1877,703793.4,6023056,16312595.2,0,-0.138486088238282,-0.41506844072688,-0.99507918040338,-1.71385315027395,0.905063196426787,-0.707519340445803,0.01634344317566,1.34007083859956,-0.995079180403383,-0.112071802552651,-0.88704419668565,-1.22364693762416,0.447253529862769,1.67268700860761,-0.984426097198368,-1.70300358606581,0.455374436150757,-0.986069748447918,3.56882231513061,1.18160026175697,-1.62103654879418,-1.3290200913081,0.708692154522277,2.01474191521784,0.707854140545206,1.49992493690731,1.00044832999338,23,4,114
"서울시강남구",2024,9,557345,1.6147987332801,51.9,100,15.5714186546961,2.72,65.3,67.2,91.6,16.4,100,15585,98983263,13,8.4,96.9,195,9,0,18,0,100,0,39.498,0,0,0,2074,703793.4,6022886,16318572.7,0,-0.138486088238282,-0.41506844072688,-0.99507918040338,-1.71385315027395,0.905063196426787,-0.707519340445803,0.01634344317566,1.34007083859956,-0.995079180403383,-0.112071802552651,-0.88704419668565,-1.22364693762416,0.447253529862769,1.99250194462448,-0.984426097198368,-1.70300358606581,0.671166585399546,-0.986069748447918,3.25012757294555,0.845154518245793,-1.62103654879418,-1.3290200913081,0.708692154522277,2.01474191521784,0.707854140545206,1.49992493690731,1.00044832999338,23,5,115
"서울시송파구",2020,36,667960,5.38954428408887,45.1,100,13.20772916,2.41,47.3,54.7,93.24,14,100,-9529,108110061,17,7.5,98.6,130,3,0,139,130,100,0,33.86,0,0,0,1553,837332,1221479,14218853.4,0,-0.138486088238282,-0.41506844072688,-0.99507918040338,-1.71385315027395,0.905063196426787,-0.707519340445803,0.01634344317566,1.34007083859956,1.00404385770431,-0.0941237853762601,-0.884472763661701,-1.22364693762416,0.447253529862769,1.24259106017113,1.01490923682017,-2.51227193843748,0.100467551091834,-0.986069748447918,1.81600123311278,-0.23319722377721,-1.31723089258092,-1.3290200913081,0.708692154522277,-0.7455502325292,0.75012271011341,1.49992493690731,1.00044832999338,24,1,116
"서울시송파구",2021,56,658338,8.50626881632232,45.5,100,13.20772916,2.41,48,54.4,93.1,14.8,100,-8470,111009830,18,8.2,98.6,130,3,0,139,0,100,0,33.86,0,0,0,1752,747693,768073,14670080.6,0,-0.138486088238282,-0.41506844072688,-0.99507918040338,-1.71385315027395,0.905063196426787,-0.707519340445803,0.01634344317566,1.34007083859956,1.00404385770431,-0.112071802552651,-0.886198861470378,-1.22364693762416,0.447253529862769,1.28670346513897,1.01490923682017,-2.51227193843748,0.318450483581728,-0.986069748447918,1.87177281299517,-0.259077665585762,-1.34316552176986,-1.3290200913081,0.708692154522277,-0.7455502325292,0.762807718527234,1.49992493690731,1.00044832999338,24,2,117
"서울시송파구",2022,24,658801,3.64298171982131,53.6,100,14.6699432087538,2.41,46.9,54,92.8,15.7,100,2126,115077293,17,9.1,98.6,130,3,0,139,0,100,0,33.86,0,0,0,2005,573577,768073,14835885.5,0,-0.138486088238282,-0.41506844072688,-0.99507918040338,-1.71385315027395,0.905063196426787,-0.707519340445803,0.01634344317566,1.34007083859956,1.00404385770431,-0.112071802552651,-0.889551657084515,-1.22364693762416,0.447253529862769,2.17997966573782,1.01490923682017,-1.99714523271569,0.595584563581443,-0.986069748447918,1.78413175889427,-0.293584921330498,-1.39873972717472,-1.3290200913081,0.708692154522277,1.44528968239841,0.780053324176294,1.49992493690731,1.00044832999338,24,3,118
"서울시송파구",2023,17,654166,2.59872876303568,55.1,100,15.28400357133,2.41,46.9,53.8,92.5,16.6,100,-4918,115077293,17,10,98.6,130,3,0,139,0,100,0,33.877,0,0,0,2214,555357,667639,14919051.9,0,-0.138486088238282,-0.41506844072688,-0.99507918040338,-1.71385315027395,0.905063196426787,-0.707519340445803,0.01634344317566,1.34007083859956,1.00404385770431,-0.112071802552651,-0.88990250327952,-1.22364693762416,0.447253529862769,2.34540118436724,1.01490923682017,-1.79500963168078,0.824521412276859,-0.986069748447918,1.78413175889427,-0.310838549202867,-1.45431393257958,-1.3290200913081,0.708692154522277,-0.7455502325292,0.780053324176294,1.49992493690731,1.00044832999338,24,4,119
"서울시송파구",2024,12,650110,1.8458414729815,58.5,100,15.28400357133,2.41,44.8,51.8,92.1,17.5,100,-4918,115077293,16,7.4,99.4,130,3,0,139,0,100,0,33.877,0,0,0,2377,555265,667639,14919607,0,-0.138486088238282,-0.41506844072688,-0.99507918040338,-1.71385315027395,0.905063196426787,-0.707519340445803,0.01634344317566,1.34007083859956,1.00404385770431,-0.112071802552651,-0.889904274840988,-1.22364693762416,0.447253529862769,2.72035662659391,1.01490923682017,-1.79500963168078,1.00307024642687,-0.986069748447918,1.61681701924712,-0.483374827926547,-1.5284128731194,-0.438480787336626,0.708692154522277,-0.7455502325292,0.780053324176294,1.49992493690731,1.00044832999338,24,5,120
"서울시강동구",2020,28,459970,6.08735352305585,36.1,100,15.49432785,3.2,31.5,54,96.78,15.2,100,23166,129104070,4,5.7,97.1,99,40,4,58,39,100,0,24.49,0,0,0,1385,861167,2831391.9,9016639.1,0,-0.138486088238282,-0.41506844072688,-0.99507918040338,0.582957261451353,0.905063196426787,-0.707519340445803,0.01634344317566,1.34007083859956,-0.995079180403383,-0.106687397399734,-0.88401379444886,-1.22364693762416,-0.44645200023936,0.250061948394625,1.01490923682017,-1.72752400113756,-0.0835582411609404,-0.986069748447918,0.55715700148179,-0.293584921330498,-0.661455268803516,-1.3290200913081,0.708692154522277,2.1280672925525,0.835173115867022,0.568216689190515,-0.998655411839273,25,1,121
"서울시강동구",2021,37,462664,7.9971642487853,47.9,100,15.49432785,3.2,32.4,53.2,96.3,16,100,3439,131231879,4,6.3,97.1,99,40,4,58,0,100,0,24.49,0,0,0,1582,859978,2831391.9,9006388.1,0,-0.138486088238282,-0.41506844072688,-0.99507918040338,0.582957261451353,0.905063196426787,-0.707519340445803,0.01634344317566,1.34007083859956,-0.995079180403383,-0.112071802552651,-0.884036689955219,-1.22364693762416,-0.44645200023936,1.55137789494604,1.01490923682017,-1.72752400113756,0.132233908087849,-0.986069748447918,0.628863318473428,-0.36259943281997,-0.7503739974513,-1.3290200913081,0.708692154522277,1.58274746884849,0.843007267547513,0.568216689190515,-0.998655411839273,25,2,122
"서울시강동구",2022,19,460067,4.12983326341598,47.5,100,17.6759473596705,3.2,30.4,51.5,95.9,17,100,-1327,129828917,4,6.9,97.1,99,39,2,58,0,100,0,24.49,0,0,0,1850,859601,2828629.9,9003466.5,0,-0.138486088238282,-0.41506844072688,-0.99507918040338,0.582957261451353,0.905063196426787,-0.707519340445803,0.01634344317566,1.34007083859956,-0.995079180403383,-0.112071802552651,-0.884043949506016,-1.22364693762416,-0.44645200023936,1.50726548997819,1.01490923682017,-1.07429723025856,0.425798862395847,-0.986069748447918,0.469515947380898,-0.509255269735099,-0.824472937991118,-0.438480787336626,0.708692154522277,-0.7455502325292,0.837856259395827,0.568216689190515,1.00044832999338,25,3,123
"서울시강동구",2023,13,459167,2.83121391563418,50.7,100,18.490611604178,3.2,30.4,51.3,95.6,18,100,-780,129828917,3,8.9,97.1,99,39,2,58,0,100,0,24.59,0,0,0,1959,859158,2828629.9,8996898.8,0,-0.138486088238282,-0.41506844072688,-0.99507918040338,0.582957261451353,0.905063196426787,-0.707519340445803,0.01634344317566,1.34007083859956,-0.995079180403383,-0.112071802552651,-0.884052479959605,-1.22364693762416,-0.44645200023936,1.86016472972095,1.01490923682017,-0.849772387056778,0.54519654903604,-0.986069748447918,0.469515947380898,-0.526508897607467,-0.880047143395984,-0.438480787336626,0.708692154522277,-0.7455502325292,0.837856259395827,0.568216689190515,1.00044832999338,25,4,124
"서울시강동구",2024,12,476942,2.51602920271228,49.7,100,18.490611604178,3.2,28.9,48.3,95.4,18.8,100,-780,129828917,4,7.9,96.2,99,39,2,58,0,100,0,24.59,0,0,0,2050,858398,2829980.9,9000307.6,0,-0.138486088238282,-0.41506844072688,-0.99507918040338,0.582957261451353,0.905063196426787,-0.707519340445803,0.01634344317566,1.34007083859956,-0.995079180403383,-0.112071802552651,-0.884067114597816,-1.22364693762416,-0.44645200023936,1.74988371730134,-0.984426097198368,-0.849772387056778,0.644877186506293,-0.986069748447918,0.3500054190615,-0.785313315692988,-0.917096613665892,-0.438480787336626,0.708692154522277,-0.7455502325292,0.837856259395827,0.568216689190515,1.00044832999338,25,5,125
"부산시중구",2020,1,41523,2.4083038316114,27.6,100,26.25718073,8.85,26.3,54,95.49,27.2,100,-99,14341147,2,8.2,88.8,7,1,0,10,0,100,0,2.83,0,0,0,404,0,105904,1496145.4,0,-0.138486088238282,-0.41506844072688,-0.99507918040338,-1.71385315027395,0.905063196426787,-0.707519340445803,-1.19851916621514,1.34007083859956,-0.995079180403383,-0.112071802552651,-0.90059651482286,-1.22364693762416,-1.34015753034149,-0.68732665717207,-0.984426097198368,0.913889237496907,-1.15813742092268,1.01320928280887,0.142853836641211,-0.293584921330498,-0.900424352044435,0.452058516634848,0.708692154522277,-0.7455502325292,-0.2179518763965,-0.363491558526281,1.00044832999338,26,1,126
"부산시중구",2021,1,40524,2.46767347744546,37.4,100,26.25718073,8.85,26,55.6,95.1,27.7,100,145,14832369,2,6.4,88.8,7,1,0,10,0,100,0,2.826,0,0,0,448,0,109268,1496149.7,0,-0.138486088238282,-0.41506844072688,-0.99507918040338,-1.71385315027395,0.905063196426787,-0.707519340445803,-1.19851916621514,1.34007083859956,-0.995079180403383,-0.112071802552651,-0.90059651482286,-1.22364693762416,-1.34015753034149,0.393427264540119,-0.984426097198368,0.913889237496907,-1.10994018961838,1.01320928280887,0.118951730977332,-0.155555898351554,-0.972670819070759,0.452058516634848,0.708692154522277,0.679354193885131,-0.20181149238531,-0.363491558526281,-0.998655411839273,26,2,127
"부산시중구",2022,1,39689,2.51958981077881,38.3,100,30.0749912800837,8.85,26.4,56.7,94.1,28.9,100,-305,14744834,2,8.5,88.8,7,1,0,10,0,100,0,3.013,0,0,0,519,0,109268,1495755.9,0,-0.138486088238282,-0.41506844072688,-0.99507918040338,-1.71385315027395,0.905063196426787,-0.707519340445803,-1.19851916621514,1.34007083859956,-0.995079180403383,-0.112071802552651,-0.90059651482286,-1.22364693762416,-1.34015753034149,0.492680175717769,-0.984426097198368,1.60322416380879,-1.03216738455917,1.01320928280887,0.150821205195837,-0.0606609450535294,-1.15791817042031,0.452058516634848,0.708692154522277,-0.7455502325292,-0.204648168043394,-0.363491558526281,1.00044832999338,26,3,128
"부산시중구",2023,2,38619,5.17879800098397,42.4,100,31.1056800943873,8.85,26.3,53.9,93.9,30.7,100,-710,17512767,2,8.7,88.8,7,1,0,10,0,100,0,3.013,0,0,0,524,0,109268,1495669.4,0,-0.138486088238282,-0.41506844072688,-0.99507918040338,-1.71385315027395,0.905063196426787,-0.707519340445803,-1.19851916621514,1.34007083859956,-0.995079180403383,-0.112071802552651,-0.90059651482286,-1.22364693762416,-1.34015753034149,0.944832326638175,-0.984426097198368,1.77481126604025,-1.02669042645641,1.01320928280887,0.142853836641211,-0.302211735266682,-1.19496764069021,0.452058516634848,0.708692154522277,-0.7455502325292,-0.122200839059274,-0.363491558526281,1.00044832999338,26,4,129
"부산시중구",2024,0,37537,0,41.1,100,31.1056800943873,8.85,28.2,51.4,94.5,32.4,100,-708,17512767,2,5.4,91.7,7,1,0,10,0,100,0,3.045,0,0,0,568,0,109268,1523296.8,0,-0.138486088238282,-0.41506844072688,-0.99507918040338,-1.71385315027395,0.905063196426787,-0.707519340445803,-1.19851916621514,1.34007083859956,-0.995079180403383,-0.112071802552651,-0.90059651482286,-1.22364693762416,-1.34015753034149,0.80146701049268,-0.984426097198368,1.77481126604025,-0.978493195152113,1.01320928280887,0.294233839179115,-0.517882083671283,-1.08381922988049,1.34259782060632,0.708692154522277,-0.7455502325292,-0.122200839059274,-0.363491558526281,-0.998655411839273,26,5,130
"부산시서구",2020,3,108135,2.77430989041476,32.7,100,23.23191692,8.84,17.5,39.2,93.81,25.3,100,585,62521166,0,8,91.9,99,28,0,51,534,100,0,13.98,0,0,0,978,44534,6738596.4,3805448.7,0,-0.138486088238282,-0.41506844072688,-0.99507918040338,-1.71385315027395,0.905063196426787,-0.707519340445803,0.01634344317566,1.34007083859956,-0.995079180403383,-0.0383468704588593,-0.899738963535902,-1.22364693762416,-1.34015753034149,-0.124893493832053,-0.984426097198368,0.295230343060145,-0.529382630725698,1.01320928280887,-0.558274596165922,-1.57035338388573,-1.21163990231167,0.452058516634848,0.708692154522277,1.07669864633783,0.487669042162674,-1.29519980624308,1.00044832999338,27,1,131
"부산시서구",2021,4,105164,3.8035829751626,34.8,100,23.23191692,8.84,16.6,38.9,93.6,26.2,100,-962,62935656,0,6.6,91.9,99,27,0,51,313,100,0,13.956,0,0,0,1060,44534,6734650.8,3817521.6,0,-0.138486088238282,-0.41506844072688,-0.99507918040338,-1.71385315027395,0.905063196426787,-0.707519340445803,0.01634344317566,1.34007083859956,-0.995079180403383,-0.0688584996587246,-0.899738963535902,-1.22364693762416,-1.34015753034149,0.10669663224913,-0.984426097198368,0.295230343060145,-0.439560517840415,1.01320928280887,-0.629980913157561,-1.59623382569429,-1.25054184609508,0.452058516634848,0.708692154522277,-0.7455502325292,0.490835729297998,-1.29519980624308,1.00044832999338,27,2,132
"부산시서구",2022,1,105192,0.950642634420868,37.7,100,25.7315700619021,8.84,18.6,40,93.4,27,100,1216,65601126,0,9.1,91.9,99,26,0,51,313,100,0,13.976,0,0,0,1192,43593,6730033,3822444.4,0,-0.138486088238282,-0.41506844072688,-0.99507918040338,-1.71385315027395,0.905063196426787,-0.707519340445803,0.01634344317566,1.34007083859956,-0.995079180403383,-0.0688584996587246,-0.89975708352874,-1.22364693762416,-1.34015753034149,0.426511568266003,-0.984426097198368,0.811494556421062,-0.294968823927521,1.01320928280887,-0.470633542065031,-1.50133887239626,-1.28759131636499,0.452058516634848,0.708692154522277,1.28565470244481,0.510714633578928,-1.29519980624308,1.00044832999338,27,3,133
"부산시서구",2023,2,104089,1.92143262016159,41.7,100,26.7789430533256,8.84,16.6,36.8,92.5,28.1,100,-247,73046671,0,7.8,91.9,99,26,0,51,219,100,0,13.972,0,0,0,1301,43593,6711097.5,3863036.6,0,-0.138486088238282,-0.41506844072688,-0.99507918040338,-1.71385315027395,0.905063196426787,-0.707519340445803,0.01634344317566,1.34007083859956,-0.995079180403383,-0.0818362966939615,-0.89975708352874,-1.22364693762416,-1.34015753034149,0.867635617944447,-0.984426097198368,1.01359968644039,-0.175571137287328,1.01320928280887,-0.629980913157561,-1.77739691835415,-1.45431393257958,0.452058516634848,0.708692154522277,-0.7455502325292,0.562235756460727,-1.29519980624308,1.00044832999338,27,4,134
"부산시서구",2024,8,103188,7.75283947745862,47.3,100,26.7789430533256,8.84,19.2,36.5,92.2,29.5,100,-77,73046671,0,4.6,96.7,99,26,0,51,59,100,0,13.963,0,0,0,1328,43593,6699218.2,3864703.7,0,-0.138486088238282,-0.41506844072688,-0.99507918040338,-1.71385315027395,0.905063196426787,-0.707519340445803,0.01634344317566,1.34007083859956,-0.995079180403383,-0.103926163987982,-0.89975708352874,-1.22364693762416,-1.34015753034149,1.48520928749427,-0.984426097198368,1.01359968644039,-0.145995563532417,1.01320928280887,-0.422829330737272,-1.8032773601627,-1.50988813798445,0.452058516634848,0.708692154522277,-0.7455502325292,0.562235756460727,-1.29519980624308,-0.998655411839273,27,5,135
"부산시동구",2020,2,88901,2.24969347926345,32.8,100,24.35310722,10.35,18.6,39.1,95.85,26.3,100,1230,32618911,3,7.1,93.5,25,7,0,7,8,100,0,9.87,0,0,0,954,18870,2733061,3614795.7,0,-0.138486088238282,-0.41506844072688,-0.99507918040338,-1.71385315027395,0.905063196426787,-0.707519340445803,-1.19851916621514,1.34007083859956,-0.995079180403383,-0.11096730918795,-0.900233152160963,-1.22364693762416,-1.34015753034149,-0.113865392590093,-0.984426097198368,0.533081691505779,-0.555672029618952,1.01320928280887,-0.470633542065031,-1.57898019782192,-0.833735305558597,0.452058516634848,0.708692154522277,1.28892504566588,0.175868760833978,0.568216689190515,1.00044832999338,28,1,136
"부산시동구",2021,1,87679,1.14052395670571,33.6,100,24.35310722,10.35,18.2,39.3,95.7,27.1,100,-151,30847277,3,8.2,93.5,25,7,0,7,7,100,0,9.865,0,0,0,1044,18870,2732243,3615598.6,0,-0.138486088238282,-0.41506844072688,-0.99507918040338,-1.71385315027395,0.905063196426787,-0.707519340445803,-1.19851916621514,1.34007083859956,-0.995079180403383,-0.111105370858538,-0.900233152160963,-1.22364693762416,-1.34015753034149,-0.0256405826544033,-0.984426097198368,0.533081691505779,-0.457086783769251,1.01320928280887,-0.502503016283537,-1.56172656994955,-0.861522408261028,0.452058516634848,0.708692154522277,-0.7455502325292,0.149106165292727,0.568216689190515,1.00044832999338,28,2,137
"부산시동구",2022,1,86462,1.15657745599223,42.3,100,26.2913689742958,10.35,18.6,42.1,95.6,28.2,100,-64,31062670,3,6.9,93.5,25,5,0,7,7,100,0,10.121,0,0,0,1150,18870,2731765.7,3620551.8,0,-0.138486088238282,-0.41506844072688,-0.99507918040338,-1.71385315027395,0.905063196426787,-0.707519340445803,-1.19851916621514,1.34007083859956,-0.995079180403383,-0.111105370858538,-0.900233152160963,-1.22364693762416,-1.34015753034149,0.933804225396213,-0.984426097198368,0.920480922273413,-0.340975271990715,1.01320928280887,-0.470633542065031,-1.3201757797364,-0.880047143395984,0.452058516634848,0.708692154522277,-0.7455502325292,0.152440864763078,0.568216689190515,1.00044832999338,28,3,138
"부산시동구",2023,0,87792,0,40.4,100,27.892240863986,10.35,19.3,41.6,94.9,28.6,100,1932,35093613,2,3.7,93.5,25,5,0,7,299,100,0,10.121,0,0,0,1214,18870,2731762.7,3620025.7,0,-0.138486088238282,-0.41506844072688,-0.99507918040338,-1.71385315027395,0.905063196426787,-0.707519340445803,-1.19851916621514,1.34007083859956,-0.995079180403383,-0.0707913630469514,-0.900233152160963,-1.22364693762416,-1.34015753034149,0.724270301798952,-0.984426097198368,1.22023651612528,-0.270870208275372,1.01320928280887,-0.414861962182645,-1.36330984941732,-1.00972028934067,0.452058516634848,0.708692154522277,1.41794464424861,0.210914173413325,-0.363491558526281,-0.998655411839273,28,4,139
"부산시동구",2024,1,85911,1.163995297459,48.8,100,27.892240863986,10.35,19,39.2,94.4,29.9,100,1932,35093613,3,7.3,96.1,25,5,0,7,10,100,0,10.121,0,0,0,1274,18870,2731417.7,3761127.3,0,-0.138486088238282,-0.41506844072688,-0.99507918040338,-1.71385315027395,0.905063196426787,-0.707519340445803,-1.19851916621514,1.34007083859956,-0.995079180403383,-0.110691185846775,-0.900233152160963,-1.22364693762416,-1.34015753034149,1.65063080612369,-0.984426097198368,1.22023651612528,-0.205146711042238,1.01320928280887,-0.438764067846525,-1.57035338388573,-1.10234396501544,0.452058516634848,0.708692154522277,1.41794464424861,0.210914173413325,0.568216689190515,1.00044832999338,28,5,140
"부산시영도구",2020,3,113342,2.64685641686224,28.4,100,23.75567767,10.37,14.3,36,97.13,27.8,100,-2479,56581670,0,5.9,88.8,55,14,3,43,0,100,0,14.2,0,0,0,1177,117002.9,3887814,4126997.6,0,-0.138486088238282,-0.41506844072688,-0.99507918040338,0.582957261451353,0.905063196426787,-0.707519340445803,-1.19851916621514,1.34007083859956,-0.995079180403383,-0.112071802552651,-0.898343494939786,-1.22364693762416,-1.34015753034149,-0.599101847236382,-0.984426097198368,0.407682079884288,-0.311399698235804,1.01320928280887,-0.813230389913971,-1.84641142984362,-0.596618695831175,0.452058516634848,0.708692154522277,-0.7455502325292,0.439831187514239,-1.29519980624308,-0.998655411839273,29,1,141
"부산시영도구",2021,6,110638,5.42309152370795,36.3,100,23.75567767,10.37,13.7,34.2,97,28.9,100,-569,54978272,0,10.3,88.8,55,14,3,43,406,100,0,14.2,0,0,0,1283,112704.9,3887703,4140402.1,0,-0.138486088238282,-0.41506844072688,-0.99507918040338,0.582957261451353,0.905063196426787,-0.707519340445803,-1.19851916621514,1.34007083859956,-0.995079180403383,-0.0560187642940754,-0.89842625767009,-1.22364693762416,-1.34015753034149,0.272118150878546,-0.984426097198368,0.407682079884288,-0.195288186457268,1.01320928280887,-0.86103460124173,-2.00169408069494,-0.620700851506616,0.452058516634848,0.708692154522277,-0.7455502325292,0.426054437882022,-1.29519980624308,1.00044832999338,29,2,142
"부산시영도구",2022,3,108156,2.77377121934983,37.8,100,25.9472817133443,10.37,14.4,36.8,96.9,30.3,100,-1079,57260193,0,11.3,88.8,55,14,3,43,0,100,0,14.199,0,0,0,1402,110254.8,3884150.1,4135145.4,0,-0.138486088238282,-0.41506844072688,-0.99507918040338,0.582957261451353,0.905063196426787,-0.707519340445803,-1.19851916621514,1.34007083859956,-0.995079180403383,-0.112071802552651,-0.898473437047828,-1.22364693762416,-1.34015753034149,0.437539669507963,-0.984426097198368,0.853759034241853,-0.0649365836115525,1.01320928280887,-0.805263021359344,-1.77739691835415,-0.63922558664157,0.452058516634848,0.708692154522277,-0.7455502325292,0.44554402044842,-1.29519980624308,1.00044832999338,29,3,143
"부산시영도구",2023,5,106548,4.69272065172504,35.9,100,27.1685226429102,10.37,14.8,36.6,96.5,31.6,100,-575,60565457,0,8.7,88.8,55,14,3,43,0,100,0,14.2,0,0,0,1593,108343.5,3882375.7,4137436.1,0,-0.138486088238282,-0.41506844072688,-0.99507918040338,0.582957261451353,0.905063196426787,-0.707519340445803,-1.19851916621514,1.34007083859956,-0.995079180403383,-0.112071802552651,-0.898510241237318,-1.22364693762416,-1.34015753034149,0.228005745910702,-0.984426097198368,1.08683584901226,0.144283215913924,1.01320928280887,-0.773393547140838,-1.79465054622652,-0.71332452718139,1.34259782060632,0.708692154522277,-0.7455502325292,0.47243855724493,-1.29519980624308,1.00044832999338,29,4,144
"부산시영도구",2024,2,103737,1.92795241813432,40.3,100,27.1685226429102,10.37,14.4,32,96.4,33.4,100,-575,60565457,0,7.2,93.9,55,14,3,43,71,100,0,14.2,0,0,0,1636,106753.5,3874587.7,4153654.4,0,-0.138486088238282,-0.41506844072688,-0.99507918040338,0.582957261451353,0.905063196426787,-0.707519340445803,-1.19851916621514,1.34007083859956,-0.995079180403383,-0.10226942394093,-0.898540858440944,-1.22364693762416,-1.34015753034149,0.713242200556991,-0.984426097198368,1.08683584901226,0.191385055597669,1.01320928280887,-0.805263021359344,-2.19148398729098,-0.731849262316344,1.34259782060632,0.708692154522277,-0.7455502325292,0.47243855724493,-1.29519980624308,1.00044832999338,29,5,145
"부산시부산진구",2020,9,359886,2.50079191744052,31.3,100,21.08017378,5.53,22.9,33.3,93.52,19.7,100,3023,145703002,3,4.3,94.2,74,0,0,0,0,100,0,29.67,0,0,0,2384,0,0,0,0,-0.138486088238282,-0.41506844072688,-0.99507918040338,-1.71385315027395,0.905063196426787,-0.707519340445803,-1.19851916621514,1.34007083859956,-0.995079180403383,-0.112071802552651,-0.90059651482286,-1.22364693762416,-1.34015753034149,-0.279286911219509,-0.984426097198368,-0.193772765478703,1.01073798777074,1.01320928280887,-0.128036694216091,-2.07933540612059,-1.26536163420304,-0.438480787336626,0.708692154522277,1.54589516709465,0.893138009926855,0.568216689190515,-0.998655411839273,30,1,146
"부산시부산진구",2021,5,353159,1.41579288649022,39.5,100,21.08017378,5.53,21.5,31.1,93,20.5,100,-3640,154641574,3,7.4,94.2,74,0,0,0,287,100,0,29.668,0,0,0,2646,0,0,0,0,-0.138486088238282,-0.41506844072688,-0.99507918040338,-1.71385315027395,0.905063196426787,-0.707519340445803,-1.19851916621514,1.34007083859956,-0.995079180403383,-0.0724481030940029,-0.90059651482286,-1.22364693762416,-1.34015753034149,0.625017390621302,-0.984426097198368,-0.193772765478703,1.29773059235542,1.01320928280887,-0.239579853980862,-2.26912531271664,-1.36169025690481,-0.438480787336626,0.708692154522277,-0.7455502325292,0.92167186336949,0.568216689190515,1.00044832999338,30,2,147
"부산시부산진구",2022,3,355917,0.842893146435826,42,100,23.0177710246416,5.53,23.5,32.5,92.6,21.3,100,4681,157970971,1,9.5,94.2,74,0,0,0,397,100,0,29.666,0,0,0,2944,0,0,0,0,-0.138486088238282,-0.41506844072688,-0.99507918040338,-1.71385315027395,0.905063196426787,-0.707519340445803,-1.19851916621514,1.34007083859956,-0.995079180403383,-0.0572613193293641,-0.90059651482286,-1.22364693762416,-1.34015753034149,0.90071992167033,-0.984426097198368,0.248551414302973,1.62415729527999,1.01320928280887,-0.0802324828883314,-2.14834991761006,-1.43578919744463,-0.438480787336626,0.708692154522277,1.67088290501139,0.931880304048938,-0.363491558526281,1.00044832999338,30,3,148
"부산시부산진구",2023,8,359508,2.22526341555682,44.7,100,23.947000163891,5.53,22.7,31.1,92.4,22.1,100,4821,168979719,1,5.3,94.2,74,0,0,0,84,100,0,29.666,0,0,0,3203,0,0,0,0,-0.138486088238282,-0.41506844072688,-0.99507918040338,-1.71385315027395,0.905063196426787,-0.707519340445803,-1.19851916621514,1.34007083859956,-0.995079180403383,-0.100474622223291,-0.90059651482286,-1.22364693762416,-1.34015753034149,1.19847865520328,-0.984426097198368,0.448166803057309,1.90786372500301,1.01320928280887,-0.143971431325344,-2.26912531271664,-1.47283866771454,0.452058516634848,0.708692154522277,1.67930703385955,0.964165519164535,-0.363491558526281,-0.998655411839273,30,4,149
"부산시부산진구",2024,4,359281,1.11333468789054,52.1,100,23.947000163891,5.53,22.6,30.3,92,23.1,100,4821,168979719,1,7.2,95.3,74,0,0,0,81,100,0,29.666,0,0,0,3250,0,0,0,0,-0.138486088238282,-0.41506844072688,-0.99507918040338,-1.71385315027395,0.905063196426787,-0.707519340445803,-1.19851916621514,1.34007083859956,-0.995079180403383,-0.100888807235054,-0.90059651482286,-1.22364693762416,-1.34015753034149,2.0145581471084,-0.984426097198368,0.448166803057309,1.95934713116897,1.01320928280887,-0.15193879987997,-2.33813982420611,-1.54693760825436,0.452058516634848,0.708692154522277,1.67930703385955,0.964165519164535,-0.363491558526281,1.00044832999338,30,5,150
"부산시동래구",2020,4,270745,1.47740493822601,33.9,100,18.59314599,4.03,25.1,39.1,94.77,18.4,100,-248,68822558,5,4.7,94.9,47,111,0,105,214,100,0,16.63,0,0,0,1289,106008.9,4343039.4,7182999.1,0,-0.138486088238282,-0.41506844072688,-0.99507918040338,-1.71385315027395,0.905063196426787,-0.707519340445803,-1.19851916621514,1.34007083859956,1.00404385770431,-0.0825266050468996,-0.89855519653517,-1.22364693762416,-1.34015753034149,0.00744372107147975,-0.984426097198368,-0.822180779569929,-0.188715836733954,-0.986069748447918,0.047245413985693,-1.57898019782192,-1.03380244501611,-0.438480787336626,0.708692154522277,-0.7455502325292,0.533688819875304,0.568216689190515,-0.998655411839273,31,1,151
"부산시동래구",2021,15,266866,5.62079845315627,29.3,100,18.59314599,4.03,24.6,37.3,94.5,19.4,100,-2632,71254096,5,5.6,94.9,47,108,0,105,0,100,0,16.631,0,0,0,1480,105704.9,4338780.4,7186017.3,0,-0.138486088238282,-0.41506844072688,-0.99507918040338,-1.71385315027395,0.905063196426787,-0.707519340445803,-1.19851916621514,1.34007083859956,1.00404385770431,-0.112071802552651,-0.898561050390454,-1.22364693762416,-1.34015753034149,-0.499848936058731,-0.984426097198368,-0.822180779569929,0.0205039627915215,-0.986069748447918,0.00740857121256042,-1.73426284867323,-1.08381922988049,-0.438480787336626,0.708692154522277,-0.7455502325292,0.550328414106265,0.568216689190515,-0.998655411839273,31,2,152
"부산시동래구",2022,6,273226,2.19598427675258,36.8,100,20.4679215028881,4.03,25.6,36.8,93.9,20.1,100,7659,76666572,5,4.2,94.9,47,98,0,105,0,100,0,16.631,0,0,0,1743,101390.9,4327462.4,7189818.6,0,-0.138486088238282,-0.41506844072688,-0.99507918040338,-1.71385315027395,0.905063196426787,-0.707519340445803,-1.19851916621514,1.34007083859956,1.00404385770431,-0.112071802552651,-0.898644121218404,-1.22364693762416,-1.34015753034149,0.327258657088352,-0.984426097198368,-0.341647046144608,0.308591958996758,-0.986069748447918,0.0870822567588256,-1.77739691835415,-1.19496764069021,-0.438480787336626,0.708692154522277,1.81163666620753,0.585415302839289,0.568216689190515,-0.998655411839273,31,3,153
"부산시동래구",2023,2,270815,0.738511530011262,38.6,100,21.4372652663792,4.03,26.2,36.4,93.6,21.2,100,-1603,86801616,5,7.4,94.9,47,98,0,105,282,100,0,16.631,0,0,0,1929,100745.9,4327117.4,7191792.3,0,-0.138486088238282,-0.41506844072688,-0.99507918040338,-1.71385315027395,0.905063196426787,-0.707519340445803,-1.19851916621514,1.34007083859956,1.00404385770431,-0.073138411446941,-0.898656541404781,-1.22364693762416,-1.34015753034149,0.525764479443653,-0.984426097198368,-0.109407938208223,0.512334800419473,-0.986069748447918,0.134886468086584,-1.81190417409889,-1.25054184609508,-0.438480787336626,0.708692154522277,-0.7455502325292,0.64491758194886,0.568216689190515,1.00044832999338,31,4,154
"부산시동래구",2024,2,274370,0.72894266865911,40.5,100,21.4372652663792,4.03,23.6,33.6,93,22.2,100,-1603,86801616,5,2.8,98.6,47,98,0,105,206,100,0,16.631,0,0,0,2075,100732.9,4327117.4,7189196.7,0,-0.138486088238282,-0.41506844072688,-0.99507918040338,-1.71385315027395,0.905063196426787,-0.707519340445803,-1.19851916621514,1.34007083859956,1.00404385770431,-0.0836310984116006,-0.898656791734119,-1.22364693762416,-1.34015753034149,0.735298403040914,1.01490923682017,-0.109407938208223,0.672261977020099,-0.986069748447918,-0.0722651143337047,-2.05345496431204,-1.36169025690481,0.452058516634848,0.708692154522277,-0.7455502325292,0.64491758194886,0.568216689190515,-0.998655411839273,31,5,155
"부산시남구",2020,2,267731,0.747018462561302,39.1,100,18.33092137,4.12,27.9,40.4,95.86,20.1,100,-5943,55810809,2,2.3,97.3,86,37,0,54,1372,100,0,26.81,0,0,0,1509,110817,8323306.7,8343769,0,-0.138486088238282,-0.41506844072688,-0.99507918040338,-1.71385315027395,0.905063196426787,-0.707519340445803,0.01634344317566,1.34007083859956,-0.995079180403383,0.077348809493571,-0.898462611266772,-1.22364693762416,-0.44645200023936,0.580904985653458,1.01490923682017,-0.893034817108101,0.0522703197875362,-0.986069748447918,0.270331733515235,-1.46683161665153,-0.831882832045101,-0.438480787336626,0.708692154522277,-0.7455502325292,0.433257191517092,-0.363491558526281,-0.998655411839273,32,1,156
"부산시남구",2021,6,262069,2.28947338296403,38.7,100,18.33092137,4.12,26.6,37.4,95.4,21.1,100,-3849,56127163,2,4.9,97.3,86,37,0,54,958,100,0,26.819,0,0,0,1697,109692,8323967.3,8339597.1,0,-0.138486088238282,-0.41506844072688,-0.99507918040338,-1.71385315027395,0.905063196426787,-0.707519340445803,0.01634344317566,1.34007083859956,-0.995079180403383,0.020191277870294,-0.898484274382545,-1.22364693762416,-0.44645200023936,0.536792580685614,1.01490923682017,-0.893034817108101,0.258203944451356,-0.986069748447918,0.166755942305091,-1.72563603473705,-0.917096613665892,-0.438480787336626,0.708692154522277,-0.7455502325292,0.43596601592162,-0.363491558526281,-0.998655411839273,32,2,157
"부산시남구",2022,5,256333,1.95058771207765,42.9,100,20.4332789101315,4.12,28.6,38.4,95.4,22.2,100,-4157,56155034,2,7.5,97.3,86,35,0,54,594,100,0,26.824,0,0,0,1909,107103.8,8293212.3,8492607.6,0,-0.138486088238282,-0.41506844072688,-0.99507918040338,-1.71385315027395,0.905063196426787,-0.707519340445803,0.01634344317566,1.34007083859956,-0.995079180403383,-0.0300631702236018,-0.898534113028094,-1.22364693762416,-0.44645200023936,0.99997283284798,1.01490923682017,-0.350139707796648,0.490426968008428,-0.986069748447918,0.326103313397621,-1.63936789537521,-0.917096613665892,0.452058516634848,0.708692154522277,-0.7455502325292,0.436203932913419,-0.363491558526281,1.00044832999338,32,3,158
"부산시남구",2023,4,254185,1.57365698211932,45.7,100,21.0133496174919,4.12,28.4,39.7,95,23.2,100,-998,62142920,2,5.9,97.3,86,35,0,54,323,100,0,26.824,0,0,0,2085,107103.8,8257704.3,8503303.6,0,-0.138486088238282,-0.41506844072688,-0.99507918040338,-1.71385315027395,0.905063196426787,-0.707519340445803,0.01634344317566,1.34007083859956,-0.995079180403383,-0.0674778829528484,-0.898534113028094,-1.22364693762416,-0.44645200023936,1.30875966762289,1.01490923682017,-0.209711793606775,0.683215893225621,-0.986069748447918,0.310168576288368,-1.52721931420481,-0.991195554205712,0.452058516634848,0.708692154522277,-0.7455502325292,0.484760883333776,-0.363491558526281,-0.998655411839273,32,4,159
"부산시남구",2024,3,254498,1.17879118892879,51.8,100,21.0133496174919,4.12,26.3,37.9,94.8,24.2,100,-998,62142920,2,3.9,97.2,86,35,0,54,218,100,0,26.821,0,0,0,2244,106821.8,8250322.3,8497100.1,0,-0.138486088238282,-0.41506844072688,-0.99507918040338,-1.71385315027395,0.905063196426787,-0.707519340445803,0.01634344317566,1.34007083859956,-0.995079180403383,-0.0819743583645491,-0.898539543249115,-1.22364693762416,-0.44645200023936,1.98147384338252,1.01490923682017,-0.209711793606775,0.857383160893426,-0.986069748447918,0.142853836641211,-1.68250196505613,-1.02824502447562,0.452058516634848,0.708692154522277,-0.7455502325292,0.484760883333776,-0.363491558526281,-0.998655411839273,32,5,160
"부산시북구",2020,4,283952,1.40868879247197,24.8,100,22.75474607,7.14,14.6,30.4,97.98,17.4,100,-6755,99060998,1,3.5,94.7,51,76,0,58,1268.2,100,0,39.37,0,0,0,1633,656389.1,21902904.9,6415876,0,-0.138486088238282,-0.41506844072688,-0.99507918040338,-1.71385315027395,0.905063196426787,-0.707519340445803,-1.19851916621514,1.34007083859956,-0.995079180403383,0.0630180080865755,-0.887957018764788,-1.22364693762416,-1.34015753034149,-0.996113491946982,-0.984426097198368,0.190645089526352,0.188098880736013,1.01320928280887,-0.789328284250091,-2.32951301026993,-0.439158447184058,-0.438480787336626,0.708692154522277,-0.7455502325292,0.708230357330704,-0.363491558526281,-0.998655411839273,33,1,161
"부산시북구",2021,8,283211,2.82474903870259,28.6,100,22.75474607,7.14,13.5,28.7,97.5,18.5,100,357,99709803,1,4.9,94.7,51,70,0,58,467,100,0,39.37,0,0,0,1826,645813.1,21895542.2,6445132.8,0,-0.138486088238282,-0.41506844072688,-0.99507918040338,-1.71385315027395,0.905063196426787,-0.707519340445803,-1.19851916621514,1.34007083859956,-0.995079180403383,-0.0475970023882303,-0.888160671309156,-1.22364693762416,-1.34015753034149,-0.577045644752459,-0.984426097198368,0.190645089526352,0.399509463502593,1.01320928280887,-0.876969338350983,-2.47616884718506,-0.528077175831842,-0.438480787336626,0.708692154522277,0.935801872088866,0.711358935046558,-0.363491558526281,-0.998655411839273,33,2,162
"부산시북구",2022,4,278857,1.43442696435808,39.5,100,24.1500502080046,7.14,14.1,28.2,97,20,100,-3284,100241215,1,5,94.7,51,66,0,58,467,100,0,39.374,0,0,0,2134,644903.4,21891474.7,6447924.3,0,-0.138486088238282,-0.41506844072688,-0.99507918040338,-1.71385315027395,0.905063196426787,-0.707519340445803,-1.19851916621514,1.34007083859956,-0.995079180403383,-0.0475970023882303,-0.888178188585973,-1.22364693762416,-1.34015753034149,0.625017390621302,-0.984426097198368,0.490794914630425,0.73689008263268,1.01320928280887,-0.829165127023224,-2.51930291686598,-0.620700851506616,-0.438480787336626,0.708692154522277,-0.7455502325292,0.713906308185844,-0.363491558526281,-0.998655411839273,33,3,163
"부산시북구",2023,4,273596,1.46200967850407,38.6,100,24.9247726273794,7.14,14.4,28.3,96.8,21.6,100,-4464,106359057,1,11.6,94.7,51,66,0,58,99,100,0,39.374,0,0,0,2292,636812.2,21882869.8,6462424.3,0,-0.138486088238282,-0.41506844072688,-0.99507918040338,-1.71385315027395,0.905063196426787,-0.707519340445803,-1.19851916621514,1.34007083859956,-0.995079180403383,-0.0984036971644765,-0.888333993565831,-1.22364693762416,-1.34015753034149,0.525764479443653,-0.984426097198368,0.650337031257804,0.909961958679933,1.01320928280887,-0.805263021359344,-2.51067610292979,-0.657750321776526,-0.438480787336626,0.708692154522277,-0.7455502325292,0.742297142870725,-0.363491558526281,1.00044832999338,33,4,164
"부산시북구",2024,4,267692,1.49425459109723,48.2,100,24.9247726273794,7.14,13.2,25.3,96.3,23.4,100,-4464,106359057,1,5.6,95.9,51,66,0,58,0,100,0,39.374,0,0,0,2423,634781.7,21860436.8,6479166.5,0,-0.138486088238282,-0.41506844072688,-0.99507918040338,-1.71385315027395,0.905063196426787,-0.707519340445803,-1.19851916621514,1.34007083859956,-0.995079180403383,-0.112071802552651,-0.888373093082788,-1.22364693762416,-1.34015753034149,1.58446219867192,-0.984426097198368,0.650337031257804,1.05345826097227,1.01320928280887,-0.900871444014863,-2.76948052101531,-0.7503739974513,0.452058516634848,0.708692154522277,-0.7455502325292,0.742297142870725,-0.363491558526281,-0.998655411839273,33,5,165
"부산시해운대구",2020,20,402169,4.9730337246282,31.8,100,20.32685688,5.04,31.6,36.1,92.84,17.5,100,-3678,130738475,3,6,95.7,78,28,5,58,0,100,0,51.47,0,1,0,2258,940302.5,27567837.7,9804680.3,0,-0.138486088238282,-0.41506844072688,-0.99507918040338,0.582957261451353,0.905063196426787,-0.707519340445803,-1.19851916621514,1.34007083859956,-0.995079180403383,-0.112071802552651,-0.88248995311709,-1.22364693762416,-0.44645200023936,-0.224146405009703,-0.984426097198368,-0.376315277571226,0.872718643581157,1.01320928280887,0.565124370036417,-1.83778461590744,-1.39132983312074,-0.438480787336626,0.708692154522277,-0.7455502325292,0.841202028002148,0.568216689190515,-0.998655411839273,34,1,166
"부산시해운대구",2021,6,396438,1.51347751729148,38,100,20.32685688,5.04,30.3,34.4,92.6,18.5,100,-3984,139626719,4,8.2,95.7,78,22,5,58,0,100,0,51.503,0,1,0,2508,935793.5,27593819,9819623.3,0,-0.138486088238282,-0.41506844072688,-0.99507918040338,0.582957261451353,0.905063196426787,-0.707519340445803,-1.19851916621514,1.34007083859956,-0.995079180403383,-0.112071802552651,-0.882576778885108,-1.22364693762416,-0.44645200023936,0.459595871991886,-0.984426097198368,-0.376315277571226,1.14656654871921,1.01320928280887,0.461548578826272,-1.98444045282257,-1.43578919744463,-0.438480787336626,0.708692154522277,-0.7455502325292,0.872723429816211,0.568216689190515,1.00044832999338,34,2,167
"부산시해운대구",2022,13,386785,3.36104037126569,40,100,22.0087599664289,5.04,32.1,38.8,92.2,19.7,100,-7455,140594255,4,9,95.7,78,22,6,58,0,100,0,51.541,0,1,0,2776,930411.7,27592481,9823576.2,0,-0.138486088238282,-0.41506844072688,-0.99507918040338,0.582957261451353,0.905063196426787,-0.707519340445803,-1.19851916621514,1.34007083859956,-0.995079180403383,-0.112071802552651,-0.882680411379744,-1.22364693762416,-0.44645200023936,0.680157896831108,-0.984426097198368,0.0228561613506354,1.44013150302721,1.01320928280887,0.604961212809549,-1.60486063963047,-1.50988813798445,-0.438480787336626,0.708692154522277,-0.7455502325292,0.876032850881577,0.568216689190515,1.00044832999338,34,3,168
"부산시해운대구",2023,3,380448,0.788544032298764,41,100,22.6796876961313,5.04,32.1,36.3,92,20.9,100,-5117,149887194,5,9.1,95.7,78,22,6,58,53,100,0,51.523,0,1,0,3045,926641.7,27586678,9835565.1,0,-0.138486088238282,-0.41506844072688,-0.99507918040338,0.582957261451353,0.905063196426787,-0.707519340445803,-1.19851916621514,1.34007083859956,-0.995079180403383,-0.104754534011507,-0.882753006887712,-1.22364693762416,-0.44645200023936,0.790438909250719,-0.984426097198368,0.174002972310541,1.73479184895576,1.01320928280887,0.604961212809549,-1.82053098803507,-1.54693760825436,-0.438480787336626,0.708692154522277,-0.7455502325292,0.906706589797557,0.568216689190515,1.00044832999338,34,4,169
"부산시해운대구",2024,4,376404,1.06268796293344,46.8,100,22.6796876961313,5.04,28.7,31.9,91.9,22.2,100,-5117,149887194,5,10.2,97.4,78,22,6,58,2214,100,0,51.525,0,1,0,3117,923363,27581356,9834585.6,0,-0.138486088238282,-0.41506844072688,-0.99507918040338,0.582957261451353,0.905063196426787,-0.707519340445803,-1.19851916621514,1.34007083859956,-0.995079180403383,0.193596736128352,-0.88281614187232,-1.22364693762416,-0.44645200023936,1.43006878128446,1.01490923682017,0.174002972310541,1.81366004563552,1.01320928280887,0.334070681952247,-2.20011080122717,-1.56546234338931,0.452058516634848,0.708692154522277,-0.7455502325292,0.906706589797557,0.568216689190515,1.00044832999338,34,5,170
"부산시사하구",2020,11,311757,3.52838909791921,26,100,21.02400537,6.62,20.2,33.7,99.17,19.1,100,-8391,99724762,3,8.4,93,462,13,0,110,0,100,0,41.77,0,2,0,1765,161522,13319609.3,8277003,0,-0.138486088238282,-0.41506844072688,-0.99507918040338,-1.71385315027395,0.905063196426787,-0.707519340445803,1.23120605256646,1.34007083859956,1.00404385770431,-0.112071802552651,-0.897486230568762,-1.22364693762416,-0.44645200023936,-0.863776277043448,-0.984426097198368,-0.20716692308647,0.332690574648907,1.01320928280887,-0.343155645191006,-2.04482815037586,-0.218714099078095,-0.438480787336626,0.708692154522277,-0.7455502325292,0.711430827935845,0.568216689190515,1.00044832999338,35,1,171
"부산시사하구",2021,10,306003,3.26794181756388,34.5,100,21.02400537,6.62,18.9,32.9,99,20.4,100,-3612,100366135,3,4.1,93,462,13,0,110,0,100,0,41.771,0,2,0,1937,160024,13310212.3,8302819.3,0,-0.138486088238282,-0.41506844072688,-0.99507918040338,-1.71385315027395,0.905063196426787,-0.707519340445803,1.23120605256646,1.34007083859956,1.00404385770431,-0.112071802552651,-0.89751507621092,-1.22364693762416,-0.44645200023936,0.0736123285232466,-0.984426097198368,-0.20716692308647,0.521097933383891,1.01320928280887,-0.446731436401151,-2.11384266186533,-0.250206148807519,-0.438480787336626,0.708692154522277,-0.7455502325292,0.714503163404783,0.568216689190515,-0.998655411839273,35,2,172
"부산시사하구",2022,4,301987,1.32456032875587,38.7,100,22.9477526808122,6.62,18.1,35.8,98.7,21.8,100,-2127,104945524,3,5.9,93,462,13,0,110,0,100,0,41.784,0,2,0,2227,150517,13276391.3,8387913.8,0,-0.138486088238282,-0.41506844072688,-0.99507918040338,-1.71385315027395,0.905063196426787,-0.707519340445803,1.23120605256646,1.34007083859956,1.00404385770431,-0.112071802552651,-0.897698143981277,-1.22364693762416,-0.44645200023936,0.536792580685614,-0.984426097198368,0.233198679950149,0.838761503344038,1.01320928280887,-0.510470384838163,-1.86366505771599,-0.305780354212383,0.452058516634848,0.708692154522277,-0.7455502325292,0.735885234270717,0.568216689190515,-0.998655411839273,35,3,173
"부산시사하구",2023,4,297831,1.3430435381139,37.2,100,23.7726285300507,6.62,18.8,34.1,98.5,23.2,100,-2852,115293899,4,7.9,93,462,13,0,110,115,100,0,41.785,0,2,0,2398,148877,13275463.3,8404088.6,0,-0.138486088238282,-0.41506844072688,-0.99507918040338,-1.71385315027395,0.905063196426787,-0.707519340445803,1.23120605256646,1.34007083859956,1.00404385770431,-0.0961947104350745,-0.897729723990048,-1.22364693762416,-0.44645200023936,0.371371062056197,-0.984426097198368,0.411281570642318,1.02607347045847,1.01320928280887,-0.454698804955778,-2.01032089463112,-0.342829824482293,0.452058516634848,0.708692154522277,-0.7455502325292,0.7809545346835,0.568216689190515,1.00044832999338,35,4,174
"부산시사하구",2024,9,292491,3.07701775439244,38.5,100,23.7726285300507,6.62,20,35.1,98.4,24.8,100,-2852,115293899,3,5.7,95.4,462,13,0,110,3575,100,0,41.785,0,2,0,2574,147400,13276548.3,8415234.7,0,-0.138486088238282,-0.41506844072688,-0.99507918040338,-1.71385315027395,0.905063196426787,-0.707519340445803,1.23120605256646,1.34007083859956,1.00404385770431,0.381498669798111,-0.897758165254045,-1.22364693762416,-0.44645200023936,0.514736378201691,-0.984426097198368,0.411281570642318,1.21886239567566,1.01320928280887,-0.35909038230026,-1.92405275526928,-0.361354559617247,0.452058516634848,0.708692154522277,-0.7455502325292,0.7809545346835,0.568216689190515,-0.998655411839273,35,5,175
"부산시금정구",2020,4,232666,1.71920263381843,32.6,100,20.07154538,5.44,23,36.1,95.4,21,100,-5252,56435504,4,5.6,85.4,89,315,2,114,114,100,0,65.28,0,0,1,1512,3139898.3,40682992.4,7053993.3,0,-0.138486088238282,-0.41506844072688,-0.99507918040338,0.582957261451353,0.905063196426787,-0.707519340445803,0.01634344317566,1.34007083859956,1.00404385770431,-0.0963327721056622,-0.840134310033665,0,-1.34015753034149,-0.135921595074014,-0.984426097198368,-0.439648111138602,0.0555564946491929,1.01320928280887,-0.120069325661464,-1.83778461590744,-0.917096613665892,-0.438480787336626,0.708692154522277,-0.7455502325292,0.438591574970065,0.568216689190515,-0.998655411839273,36,1,176
"부산시금정구",2021,5,228049,2.19251125854531,32.1,100,20.07154538,5.44,23.2,37.2,95.7,22.1,100,-2684,56548305,4,5.7,85.4,89,313,2,114,114,100,0,65.262,0,0,1,1672,2997700.2,40583824.1,7057118.7,0,-0.138486088238282,-0.41506844072688,-0.99507918040338,0.582957261451353,0.905063196426787,-0.707519340445803,0.01634344317566,1.34007083859956,1.00404385770431,-0.0963327721056622,-0.842872491280756,0,-1.34015753034149,-0.19106210128382,-0.984426097198368,-0.439648111138602,0.23081915393755,1.01320928280887,-0.104134588552211,-1.74288966260941,-0.861522408261028,0.452058516634848,0.708692154522277,-0.7455502325292,0.43954850610203,0.568216689190515,-0.998655411839273,36,2,177
"부산시금정구",2022,3,221256,1.35589543334418,39,100,21.834714548803,5.44,24.7,38.5,95.5,23.6,100,-5078,58445370,4,6.1,85.4,89,304,2,114,123,100,0,65.279,0,0,1,1875,2984978.9,40580274,7080825.2,0,-0.138486088238282,-0.41506844072688,-0.99507918040338,0.582957261451353,0.905063196426787,-0.707519340445803,0.01634344317566,1.34007083859956,1.00404385770431,-0.0950902170703735,-0.843117453942695,0,-1.34015753034149,0.569876884411497,-0.984426097198368,-0.0170729769380554,0.453183652909653,1.01320928280887,0.0153759397671868,-1.63074108143902,-0.898571878530938,0.452058516634848,0.708692154522277,-0.7455502325292,0.455362132090374,0.568216689190515,-0.998655411839273,36,3,178
"부산시금정구",2023,2,215590,0.927686812931954,39.4,100,22.9441793363667,5.44,23.7,37.4,95.2,25.1,100,-4379,59920972,4,10.6,85.4,89,304,2,114,559,100,0,65.279,0,0,0,1986,2955939.7,40578844.4,7091282.7,0,-0.138486088238282,-0.41506844072688,-0.99507918040338,0.582957261451353,0.905063196426787,-0.707519340445803,0.01634344317566,1.34007083859956,1.00404385770431,-0.0348953286941687,-0.843676635766295,0,-1.34015753034149,0.613989289379341,-0.984426097198368,0.232413958890112,0.57477212279095,1.01320928280887,-0.0642977457790784,-1.72563603473705,-0.954146083935802,0.452058516634848,0.708692154522277,-0.7455502325292,0.467311565417143,0.568216689190515,1.00044832999338,36,4,179
"부산시금정구",2024,2,209932,0.9526894422956,46.8,100,22.9441793363667,5.44,23.2,36.3,94.9,26.8,100,-4379,59920972,4,6.7,93.4,89,304,2,114,559,100,0,65.28,0,0,0,2115,2954113.7,40575340.4,7101715.3,0,-0.138486088238282,-0.41506844072688,-0.99507918040338,0.582957261451353,0.905063196426787,-0.707519340445803,0.01634344317566,1.34007083859956,1.00404385770431,-0.0348953286941687,-0.843711797410208,0,-1.34015753034149,1.43006878128446,-0.984426097198368,0.232413958890112,0.716077641842188,1.01320928280887,-0.104134588552211,-1.82053098803507,-1.00972028934067,0.452058516634848,0.708692154522277,-0.7455502325292,0.467311565417143,0.568216689190515,1.00044832999338,36,5,180
"부산시강서구",2020,3,137957,2.17459063331328,30.4,100,15.67366079,2.94,46.7,53,106.79,12.1,100,7636,4263860,2,5.9,97.9,584,21,3,35,0,94.4,4134,181.49,2,8,10,331,41327690.7,40856468.3,12301547.8,0,-0.138486088238282,-0.388395012848934,-0.99507918040338,0.582957261451353,0.905063196426787,-0.464185211999257,1.23120605256646,0.446690279533185,-0.995079180403383,-0.112071802552651,-0.104786249704427,0,0.447253529862769,-0.378539822397159,1.01490923682017,-1.67065862083023,-1.23810100922299,-0.986069748447918,1.76819702178502,-0.379853060692339,1.19287071820546,-1.3290200913081,0.708692154522277,1.81077687326957,-0.799250781882775,-0.363491558526281,-0.998655411839273,37,1,181
"부산시강서구",2021,7,142918,4.89791348885375,45.9,100,15.67366079,2.94,45,51.4,107.5,12.5,100,4619,6282489,2,6.5,97.9,584,22,3,35,114,94.6,1566,181.495,2,8,10,386,41081027.5,40825351.5,12427977.4,0,-0.138486088238282,-0.388395012848934,-0.99507918040338,0.582957261451353,0.905063196426787,-0.615341971034267,1.23120605256646,0.446690279533185,-0.995079180403383,-0.0963327721056622,-0.109536021667538,0,0.447253529862769,1.33081587010681,1.01490923682017,-1.67065862083023,-1.17785447009262,-0.986069748447918,1.63275175635637,-0.517882083671283,1.32439633766364,-1.3290200913081,0.708692154522277,1.66707142398028,-0.613501199495039,-0.363491558526281,1.00044832999338,37,2,182
"부산시강서구",2022,4,143207,2.79315955225652,46.5,100,16.7772162560539,2.94,45.4,53.7,107.7,13.3,100,-160,8766545,2,6.4,97.9,584,20,3,35,12,94.9,3054,182.157,5,5,10,429,40705641.2,40771181.5,12606924.3,0,-0.138486088238282,-0.348384871032016,-0.99507918040338,0.582957261451353,0.905063196426787,-0.52775581159342,1.23120605256646,0.446690279533185,-0.995079180403383,-0.1104150625056,-0.116764498891038,0,0.447253529862769,1.39698447755858,1.01490923682017,-1.33364669012652,-1.13075263040887,-0.986069748447918,1.66462123057488,-0.31946536313905,1.36144580793355,-1.3290200913081,0.708692154522277,-0.7455502325292,-0.453829422371805,-0.363491558526281,-0.998655411839273,37,3,183
"부산시강서구",2023,4,142396,2.80906767044018,36,100,17.2596630327056,2.94,44.1,50.3,107.7,14.2,100,-1203,10153061,2,4.3,97.9,584,20,3,35,62,95.5,2521,182.156,6,5,144,483,40566625.5,40760609.5,12717637.4,0,-0.138486088238282,-0.335048157093044,-0.99507918040338,0.582957261451353,0.905063196426787,-0.559129079726466,1.23120605256646,0.446690279533185,-0.995079180403383,-0.103511978976219,-0.119441399516232,0,0.447253529862769,0.239033847152663,1.01490923682017,-1.19283751139537,-1.07160148289905,-0.986069748447918,1.56104543936473,-0.612777036969308,1.36144580793355,-1.3290200913081,0.708692154522277,-0.7455502325292,-0.383461317455802,-0.363491558526281,-0.998655411839273,37,4,184
"부산시강서구",2024,2,142789,1.40066811869262,46.9,100,17.2596630327056,2.94,44.3,49.9,107.4,15,100,111,10153061,2,3.7,99,584,20,3,35,0,95.5,2531,182.156,6,5,144,501,40414455,40712854.5,12789931.9,0,-0.138486088238282,-0.335048157093044,-0.99507918040338,0.582957261451353,0.905063196426787,-0.558540463063557,1.23120605256646,0.446690279533185,-0.995079180403383,-0.112071802552651,-0.122371610323975,0,0.447253529862769,1.44109688252642,1.01490923682017,-1.19283751139537,-1.05188443372911,-0.986069748447918,1.57698017647398,-0.647284292714044,1.30587160252869,-1.3290200913081,0.708692154522277,0.603555031608738,-0.383461317455802,-0.363491558526281,-0.998655411839273,37,5,185
"부산시연제구",2020,7,209157,3.34676821717657,31.9,100,19.03986178,4.89,21.3,37.1,92.85,19.4,100,18,37981727,3,9.6,95.1,40,30,4,43,0,100,0,12.1,0,0,0,1076,25688.7,2929858.3,5615824.6,0,-0.138486088238282,-0.41506844072688,-0.99507918040338,0.582957261451353,0.905063196426787,-0.707519340445803,-1.19851916621514,1.34007083859956,-0.995079180403383,-0.112071802552651,-0.900101850572056,-1.22364693762416,-1.34015753034149,-0.213118303767743,-0.984426097198368,-0.703632447748967,-0.42203425191158,-0.986069748447918,-0.255514591090115,-1.7515164765456,-1.38947735960724,-0.438480787336626,0.708692154522277,0.0963188099521183,0.248815426034719,0.568216689190515,1.00044832999338,38,1,186
"부산시연제구",2021,6,207144,2.89653574325107,34.9,100,19.03986178,4.89,23.6,38.5,92.9,20.4,100,-837,37967323,3,6.9,95.1,40,30,4,43,0,100,0,12.1,0,0,0,1249,18241.9,2904417.3,5628292.6,0,-0.138486088238282,-0.41506844072688,-0.99507918040338,0.582957261451353,0.905063196426787,-0.707519340445803,-1.19851916621514,1.34007083859956,-0.995079180403383,-0.112071802552651,-0.900245246919201,-1.22364693762416,-1.34015753034149,0.117724733491091,-0.984426097198368,-0.703632447748967,-0.232531501556044,-0.986069748447918,-0.0722651143337047,-1.63074108143902,-1.38021499203976,-0.438480787336626,0.708692154522277,-0.7455502325292,0.248633646674783,0.568216689190515,1.00044832999338,38,2,187
"부산시연제구",2022,3,203536,1.47394072793019,40.7,100,20.9097711966258,4.89,24.1,37.5,92.1,21.7,100,-2680,36461435,4,7.9,95.1,40,30,4,43,0,100,0,12.105,0,0,0,1396,18241.9,2906121.7,5626028.9,0,-0.138486088238282,-0.41506844072688,-0.99507918040338,0.582957261451353,0.905063196426787,-0.707519340445803,-1.19851916621514,1.34007083859956,-0.995079180403383,-0.112071802552651,-0.900245246919201,-1.22364693762416,-1.34015753034149,0.757354605524836,-0.984426097198368,-0.234513392768312,-0.0715089333348658,-0.986069748447918,-0.0324282715605722,-1.71700922080086,-1.5284128731194,0.452058516634848,0.708692154522277,-0.7455502325292,0.229238415094038,0.568216689190515,1.00044832999338,38,3,188
"부산시연제구",2023,2,205766,0.971977877783502,41.8,100,21.9399787956812,4.89,25.5,37.5,91.5,22.5,100,3002,38112819,4,6.4,95.1,40,30,4,43,0,100,0,12.106,0,0,0,1604,16969.9,2839054.8,5637942.7,0,-0.138486088238282,-0.41506844072688,-0.99507918040338,0.582957261451353,0.905063196426787,-0.707519340445803,-1.19851916621514,1.34007083859956,-0.995079180403383,-0.112071802552651,-0.900269740682101,-1.22364693762416,-1.34015753034149,0.878663719186408,-0.984426097198368,0.00711274152846726,0.156332523739998,-0.986069748447918,0.079114888204199,-1.71700922080086,-1.63956128392913,0.452058516634848,0.708692154522277,1.54390269688011,0.250466653434867,0.568216689190515,-0.998655411839273,38,4,189
"부산시연제구",2024,3,212589,1.41117367314395,45.9,100,21.9399787956812,4.89,21.9,34.3,91.4,23,100,3002,38112819,4,6.9,94.6,40,30,4,43,0,100,0,12.106,0,0,0,1733,16969.9,2838701.6,5637458.5,0,-0.138486088238282,-0.41506844072688,-0.99507918040338,0.582957261451353,0.905063196426787,-0.707519340445803,-1.19851916621514,1.34007083859956,-0.995079180403383,-0.112071802552651,-0.900269740682101,-1.22364693762416,-1.34015753034149,1.33081587010681,-0.984426097198368,0.00711274152846726,0.297638042791236,-0.986069748447918,-0.207710379762356,-1.99306726675875,-1.65808601906409,0.452058516634848,0.708692154522277,1.54390269688011,0.250466653434867,0.568216689190515,1.00044832999338,38,5,190
"부산시수영구",2020,7,176894,3.95717209176117,37.8,100,18.97101835,4.53,26.2,42.6,89.55,21.3,100,1179,57813763,3,6.2,96.7,38,19,0,29,400,100,0,10.21,0,0,0,1046,3820,2323902,5224359.6,0,-0.138486088238282,-0.41506844072688,-0.99507918040338,-1.71385315027395,0.905063196426787,-0.707519340445803,-1.19851916621514,1.34007083859956,-0.995079180403383,-0.0568471343176012,-0.900522956509747,-1.22364693762416,-1.34015753034149,0.437539669507963,-0.984426097198368,-0.721728656917378,-0.454896000528146,-0.986069748447918,0.134886468086584,-1.27704171005548,-2.00079361906075,-0.438480787336626,0.708692154522277,1.27682715290253,0.450154888077541,0.568216689190515,-0.998655411839273,39,1,191
"부산시수영구",2021,9,175095,5.14006682086867,38.5,100,18.97101835,4.53,22.5,38.7,89.3,22.3,100,-871,59645598,3,10.1,96.7,38,17,0,29,253,100,0,10.213,0,0,0,1208,3820,2323902,5242146.1,0,-0.138486088238282,-0.41506844072688,-0.99507918040338,-1.71385315027395,0.905063196426787,-0.707519340445803,-1.19851916621514,1.34007083859956,-0.995079180403383,-0.0771421998939822,-0.900522956509747,-1.22364693762416,-1.34015753034149,0.514736378201691,-0.984426097198368,-0.721728656917378,-0.277442557998685,-0.986069748447918,-0.159906168434597,-1.61348745356665,-2.04710545689814,0.452058516634848,0.708692154522277,-0.7455502325292,0.465104080564782,0.568216689190515,1.00044832999338,39,2,192
"부산시수영구",2022,5,174806,2.86031371920872,41.7,100,20.8197164410153,4.53,23.9,38.9,88.6,23.3,100,523,58175190,3,9.4,96.7,38,16,0,29,161,100,0,10.218,0,0,0,1336,3820,2323886,5249148.8,0,-0.138486088238282,-0.41506844072688,-0.99507918040338,-1.71385315027395,0.905063196426787,-0.707519340445803,-1.19851916621514,1.34007083859956,-0.995079180403383,-0.0898438735880437,-0.900522956509747,-1.22364693762416,-1.34015753034149,0.867635617944447,-0.984426097198368,-0.25617225608362,-0.137232430568,-0.986069748447918,-0.0483630086698254,-1.59623382569429,-2.17677860284282,0.452058516634848,0.708692154522277,1.04472494249799,0.453141571367884,0.568216689190515,1.00044832999338,39,3,193
"부산시수영구",2023,5,174518,2.86503397930299,40.8,100,21.5857787810384,4.53,26.6,39.1,88.4,24.4,100,369,61118671,1,8.2,96.7,38,16,0,29,14,100,0,10.217,0,0,0,1465,3513,2320676,5254484.2,0,-0.138486088238282,-0.41506844072688,-0.99507918040338,-1.71385315027395,0.905063196426787,-0.707519340445803,-1.19851916621514,1.34007083859956,-0.995079180403383,-0.110138939164425,-0.90052886813334,-1.22364693762416,-1.34015753034149,0.768382706766797,-0.984426097198368,-0.0747154475459025,0.00407308848323806,-0.986069748447918,0.166755942305091,-1.57898019782192,-2.21382807311273,0.452058516634848,0.708692154522277,0.945228604557264,0.476796143799283,-0.363491558526281,1.00044832999338,39,4,194
"부산시수영구",2024,3,171918,1.74501797368513,51.9,100,21.5857787810384,4.53,24.6,37,87.9,25.6,100,369,61118671,1,6.8,97.3,38,16,0,29,180,100,0,10.217,0,0,0,1540,3513,2319499.3,5252293.5,0,-0.138486088238282,-0.41506844072688,-0.99507918040338,-1.71385315027395,0.905063196426787,-0.707519340445803,-1.19851916621514,1.34007083859956,-0.995079180403383,-0.0872207018468789,-0.90052886813334,-1.22364693762416,-1.34015753034149,1.99250194462448,1.01490923682017,-0.0747154475459025,0.0862274600246553,-0.986069748447918,0.00740857121256042,-1.76014329048178,-2.3064517487875,0.452058516634848,0.708692154522277,0.945228604557264,0.476796143799283,-0.363491558526281,1.00044832999338,39,5,195
"부산시사상구",2020,5,212586,2.35198931256056,25.2,100,22.43149363,6.67,23.1,35.4,102.11,18.3,100,-4856,61698798,3,6.6,97.9,521,23,4,52,0,100,0,36.09,0,0,0,1177,404757.9,12143425,6661686.8,0,-0.138486088238282,-0.41506844072688,-0.99507918040338,0.582957261451353,0.905063196426787,-0.707519340445803,1.23120605256646,1.34007083859956,-0.995079180403383,-0.112071802552651,-0.892802455047152,-1.22364693762416,-1.34015753034149,-0.952001086979137,1.01490923682017,0.118594751984321,-0.311399698235804,1.01320928280887,-0.112101957106837,-1.89817231346073,0.325913113889576,-0.438480787336626,0.708692154522277,-0.7455502325292,0.481323555277641,0.568216689190515,1.00044832999338,40,1,196
"부산시사상구",2021,6,208298,2.88048853085483,44.2,100,22.43149363,6.67,21.7,33.3,101.7,19.6,100,-3049,65564020,3,9.1,97.9,521,28,4,52,0,100,0,36.101,0,0,0,1275,404233.9,12147176,6658992.9,0,-0.138486088238282,-0.41506844072688,-0.99507918040338,0.582957261451353,0.905063196426787,-0.707519340445803,1.23120605256646,1.34007083859956,-0.995079180403383,-0.112071802552651,-0.892812545245076,-1.22364693762416,-1.34015753034149,1.14333814899348,1.01490923682017,0.118594751984321,-0.204051319421686,1.01320928280887,-0.223645116871609,-2.07933540612059,0.249961699836262,-0.438480787336626,0.708692154522277,-0.7455502325292,0.510443483642135,0.568216689190515,1.00044832999338,40,2,197
"부산시사상구",2022,4,203789,1.96281447968242,43.4,100,24.2853817504656,6.67,22.6,33.9,101.3,21.1,100,-3001,64427163,3,9.3,97.9,521,31,4,52,180.5,100,0,36.105,0,0,0,1410,400638.3,12143839.6,6677850,0,-0.138486088238282,-0.41506844072688,-0.99507918040338,0.582957261451353,0.905063196426787,-0.707519340445803,1.23120605256646,1.34007083859956,-0.995079180403383,-0.087151671011585,-0.892881782488697,-1.22364693762416,-1.34015753034149,1.05511333905779,1.01490923682017,0.519015571150939,-0.0561734506471346,1.01320928280887,-0.15193879987997,-2.02757452250349,0.175862759296442,-0.438480787336626,0.708692154522277,-0.7455502325292,0.502060727748696,0.568216689190515,1.00044832999338,40,3,198
"부산시사상구",2023,4,202932,1.97110362091735,45.5,100,25.0371991247265,6.67,23.2,33.6,100.8,22.5,100,142,69622214,3,8.2,97.9,521,31,4,52,134,100,0,36.105,0,0,0,1516,398779.5,12142075,6681858.8,0,-0.138486088238282,-0.41506844072688,-0.99507918040338,0.582957261451353,0.905063196426787,-0.707519340445803,1.23120605256646,1.34007083859956,-0.995079180403383,-0.0935715386939096,-0.892917575732784,-1.22364693762416,-1.34015753034149,1.28670346513897,1.01490923682017,0.673092538414617,0.0599380611314018,1.01320928280887,-0.104134588552211,-2.05345496431204,0.0832390836216674,0.452058516634848,0.708692154522277,0.673417960197027,0.539225064512144,0.568216689190515,1.00044832999338,40,4,199
"부산시사상구",2024,1,198635,0.503435950361215,49,100,25.0371991247265,6.67,21.1,31.7,100.5,24.4,100,142,69622214,3,6.3,91.1,521,31,4,52,105,100,0,36.104,0,0,0,1574,397851.6,12137552.1,6688449.4,0,-0.138486088238282,-0.41506844072688,-0.99507918040338,0.582957261451353,0.905063196426787,-0.707519340445803,1.23120605256646,1.34007083859956,-0.995079180403383,-0.0975753271409508,-0.892935443470673,-1.22364693762416,-1.34015753034149,1.67268700860761,-0.984426097198368,0.673092538414617,0.123470775123431,1.01320928280887,-0.271449328199368,-2.21736442909954,0.0276648782168035,0.452058516634848,0.708692154522277,0.673417960197027,0.539225064512144,0.568216689190515,-0.998655411839273,40,5,200
"부산시기장군",2020,3,174545,1.71875447592311,28.1,100,19.1947228,5.67,36.5,56.4,98.11,15.9,82.45208972,9683,33546766,2,4.1,93.5,188,172,8,329,0,91.9,9808,218.3,3,3,1,757,20184043.4,144159045,11737242.7,0,-0.138486088238282,-0.375058298909962,-0.99507918040338,0.582957261451353,0.905063196426787,-0.130204117464738,0.01634344317566,0.446690279533185,1.00404385770431,-0.112071802552651,-0.511930497988874,0,-0.44645200023936,-0.632186150962265,-0.984426097198368,-0.663151793590781,-0.771464178867741,1.01320928280887,0.955525429213116,-0.0865413868620818,-0.415076291508617,-1.3290200913081,0.708692154522277,1.87867394878628,0.18931062859528,-0.363491558526281,-0.998655411839273,41,1,201
"부산시기장군",2021,3,177125,1.69371912491179,30.2,100,19.1947228,5.67,31.9,57.2,98.1,16.6,80.95,2816,35377612,3,8.7,93.5,188,173,8,329,996,96.4,2589,218.296,3,2,1,932,19776716.1,143743730.7,11898973.6,0,-0.138486088238282,-0.375058298909962,-0.99507918040338,0.582957261451353,0.905063196426787,-0.555126486418685,0.01634344317566,0.446690279533185,1.00404385770431,0.0254376213526238,-0.519774034395397,0,0.447253529862769,-0.400596024881081,-0.984426097198368,-0.663151793590781,-0.579770645271101,1.01320928280887,0.589026475700296,-0.0175268753726093,-0.416928765022114,-1.3290200913081,0.708692154522277,1.52562127969373,0.214776874822915,0.568216689190515,1.00044832999338,41,2,202
"부산시기장군",2022,5,178614,2.79933263909884,31.5,100,21.1799769260351,5.67,32.7,60,98,17.5,95.67,1749,39407364,3,7,93.5,188,172,8,329,715,96.5,3488,218.333,3,6,1,1000,19664058.4,143687051.7,12014349.4,0,-0.138486088238282,-0.375058298909962,-0.99507918040338,0.582957261451353,0.905063196426787,-0.502209848423173,0.01634344317566,0.446690279533185,1.00404385770431,-0.0133577080824991,-0.52194338266011,0,0.447253529862769,-0.257230708735587,-0.984426097198368,-0.170057124737567,-0.505284015073549,1.01320928280887,0.652765424137308,0.224023914840543,-0.435453500157067,-0.438480787336626,0.708692154522277,1.38950794814272,0.266474264959386,0.568216689190515,1.00044832999338,41,3,203
"부산시기장군",2023,4,178729,2.238025166593,32.1,100,22.0761875853696,5.67,38.6,63.3,98.2,18.4,95.7,450,43454023,3,6.6,93.5,188,172,8,329,115,97.1,3011,218.337,1,2,1,1066,19371516.4,143223268.2,12340401.8,0,-0.138486088238282,-0.401731726787907,-0.99507918040338,0.582957261451353,0.905063196426787,-0.530286863243929,0.01634344317566,0.446690279533185,1.00404385770431,-0.0961947104350745,-0.527576601517371,0,0.447253529862769,-0.19106210128382,-0.984426097198368,0.0382441486669034,-0.432988168117102,1.01320928280887,1.12284016886027,0.508708774734616,-0.398404029887157,-0.438480787336626,0.708692154522277,1.00183023406125,0.313320407042673,0.568216689190515,1.00044832999338,41,4,204
"부산시기장군",2024,3,175626,1.70817532711558,39.8,100,22.0761875853696,5.67,34.7,57,98.2,19.5,95.78,450,43454023,3,8.2,97.1,188,172,8,329,107,97.1,2988,218.34,1,2,1,1148,19183837.5,142537749.8,12432884.5,0,-0.138486088238282,-0.401731726787907,-0.99507918040338,0.582957261451353,0.905063196426787,-0.531640681568619,0.01634344317566,0.446690279533185,1.00404385770431,-0.0972992037997755,-0.531190565729655,0,0.447253529862769,0.658101694347185,1.01490923682017,0.0382441486669034,-0.343166055231819,1.01320928280887,0.812112795229839,-0.0347805032449776,-0.398404029887157,-0.438480787336626,0.708692154522277,1.00183023406125,0.313320407042673,0.568216689190515,1.00044832999338,41,5,205
"대구시중구",2020,2,76547,2.6127738513593,30.5,100,21.76670015,5.88,27.2,47.3,92.58,20.8,100,-700,14712004,2,6.7,97.2,30,0,0,12,2,100,0,7.06,0,0,0,627,0,0,4220176.2,0,-0.138486088238282,-0.41506844072688,-0.99507918040338,-1.71385315027395,0.905063196426787,-0.707519340445803,-1.19851916621514,1.34007083859956,-0.995079180403383,-0.111795679211476,-0.90059651482286,-1.22364693762416,-1.34015753034149,-0.367511721155198,1.01490923682017,-0.0327594624639181,-0.913865089539531,1.01320928280887,0.21456015363285,-0.871581455054828,-1.43949414447162,-0.438480787336626,0.708692154522277,-0.7455502325292,-0.205716407748418,-0.363491558526281,1.00044832999338,42,1,206
"대구시중구",2021,4,74791,5.34823708735008,42.6,100,21.76670015,5.88,27.2,47,92.5,21,100,-1262,15893608,2,7.2,97.2,30,0,0,12,2,100,0,7.06,0,0,0,644,0,0,4225346.1,0,-0.138486088238282,-0.41506844072688,-0.99507918040338,-1.71385315027395,0.905063196426787,-0.707519340445803,-1.19851916621514,1.34007083859956,-0.995079180403383,-0.111795679211476,-0.90059651482286,-1.22364693762416,-1.34015753034149,0.966888529122097,1.01490923682017,-0.0327594624639181,-0.895243431990143,1.01320928280887,0.21456015363285,-0.89746189686338,-1.45431393257958,-0.438480787336626,0.708692154522277,-0.7455502325292,-0.168693495170879,-0.363491558526281,1.00044832999338,42,2,207
"대구시중구",2022,1,80199,1.24689834037831,41.6,100,23.1824672502639,5.88,27.6,46.6,92.1,20.1,100,6033,16908223,3,6,97.2,30,0,0,12,20,100,0,7.056,0,0,0,679,0,0,4222489.1,0,-0.138486088238282,-0.41506844072688,-0.99507918040338,-1.71385315027395,0.905063196426787,-0.707519340445803,-1.19851916621514,1.34007083859956,-0.995079180403383,-0.109310569140899,-0.90059651482286,-1.22364693762416,-1.34015753034149,0.856607516702486,1.01490923682017,0.284488175609654,-0.856904725270815,1.01320928280887,0.246429627851356,-0.931969152608116,-1.5284128731194,-0.438480787336626,0.708692154522277,1.74341602841027,-0.139036609807787,0.568216689190515,-0.998655411839273,42,3,208
"대구시중구",2023,3,89064,3.3683643222851,44.3,100,23.7538713258926,5.88,29.6,47.6,91.8,19.2,100,8938,17012656,1,6.8,97.2,30,0,0,12,20,100,0,7.056,0,0,0,719,0,0,4221868.9,0,-0.138486088238282,-0.41506844072688,-0.99507918040338,-1.71385315027395,0.905063196426787,-0.707519340445803,-1.19851916621514,1.34007083859956,-0.995079180403383,-0.109310569140899,-0.90059651482286,-1.22364693762416,-1.34015753034149,1.15436625023544,1.01490923682017,0.407298360004054,-0.813089060448726,1.01320928280887,0.405776998943886,-0.845701013246276,-1.58398707852427,-0.438480787336626,0.708692154522277,1.85578581197097,-0.136085700840449,-0.363491558526281,1.00044832999338,42,4,209
"대구시중구",2024,0,97711,0,42.6,100,23.7538713258926,5.88,32.9,49.4,91.9,18.4,100,8938,17012656,1,7.5,96.5,30,0,0,12,100,100,0,7.055,0,0,0,774,0,0,4219001.3,0,-0.138486088238282,-0.41506844072688,-0.99507918040338,-1.71385315027395,0.905063196426787,-0.707519340445803,-1.19851916621514,1.34007083859956,-0.995079180403383,-0.0982656354938889,-0.90059651482286,-1.22364693762416,-1.34015753034149,0.966888529122097,-0.984426097198368,0.407298360004054,-0.752842521318353,1.01320928280887,0.668700161246561,-0.690418362394964,-1.56546234338931,-0.438480787336626,0.708692154522277,1.85578581197097,-0.136085700840449,-0.363491558526281,1.00044832999338,42,5,210
"대구시동구",2020,9,341920,2.63219466541881,34.8,99.7,21.7396462,5.83,19.6,32.6,97.1,19.7,100,-2875,75212545,8,3.3,96.2,151,190,36,155,0,99,1347,182.18,1,2,1,2436,12716521.8,110042742.9,15186015,0,-0.138486088238282,-0.401731726787907,-0.99507918040338,0.582957261451353,0.905063196426787,-0.628232675951972,0.01634344317566,0.446690279533185,1.00404385770431,-0.112071802552651,-0.655725862395084,0,0.447253529862769,0.10669663224913,-0.984426097198368,-0.0390120754725048,1.06769835203945,1.01320928280887,-0.390959856518765,-2.13972310367388,-0.602176116371662,-0.438480787336626,0.708692154522277,-0.7455502325292,0.576238920934469,1.49992493690731,-0.998655411839273,43,1,211
"대구시동구",2021,14,341436,4.10032919785846,35.3,99.7,21.7396462,5.83,18.7,31.6,96.7,20.6,100,1142,81930303,8,5.2,96.2,151,182,35,155,0,99,1359,182.15,1,0,1,2637,12648251.8,109616418.9,15233170.1,0,-0.138486088238282,-0.401731726787907,-0.99507918040338,0.582957261451353,0.905063196426787,-0.627526335956482,0.01634344317566,0.446690279533185,1.00404385770431,-0.112071802552651,-0.657040476540695,0,0.447253529862769,0.161837138458935,-0.984426097198368,-0.0390120754725048,1.28787206777045,1.01320928280887,-0.462666173510404,-2.22599124303572,-0.67627505691148,-0.438480787336626,0.708692154522277,1.26771835176114,0.617238397053843,1.49992493690731,-0.998655411839273,43,2,212
"대구시동구",2022,7,339530,2.06167348982417,32.6,99.7,23.5310957820978,5.83,19,32,96.5,21.6,100,-136,83142540,8,8.6,96.2,151,190,35,155,0,99,1359,182.149,2,0,1,2902,12588013.8,109605176.9,15438261.5,0,-0.138486088238282,-0.388395012848934,-0.99507918040338,0.582957261451353,0.905063196426787,-0.627526335956482,0.01634344317566,0.446690279533185,1.00404385770431,-0.112071802552651,-0.658200425667739,0,0.447253529862769,-0.135921595074014,-0.984426097198368,0.359758403200595,1.57815084721679,1.01320928280887,-0.438764067846525,-2.19148398729098,-0.71332452718139,-0.438480787336626,0.708692154522277,-0.7455502325292,0.624277276313691,1.49992493690731,1.00044832999338,43,3,213
"대구시동구",2023,6,342813,1.75022534151272,38.3,99.7,24.2156964927823,5.83,18.2,29.9,96,22.4,100,4435,93882218,7,7.4,96.2,151,190,35,155,29,99.2,441,182.113,1,0,1,3127,12562242.5,109553980.9,15519947.5,0,-0.138486088238282,-0.401731726787907,-0.99507918040338,0.582957261451353,0.905063196426787,-0.68156134561152,0.01634344317566,0.446690279533185,1.00404385770431,-0.10806801410561,-0.658696680472642,0,0.447253529862769,0.492680175717769,-0.984426097198368,0.504503034861963,1.82461396184105,1.01320928280887,-0.502503016283537,-2.37264707995085,-0.805948202856164,0.452058516634848,0.708692154522277,1.65545123585814,0.682497614466312,1.49992493690731,1.00044832999338,43,4,214
"대구시동구",2024,4,342339,1.16843246022218,36.4,99.7,24.2156964927823,5.83,17.4,28.4,95.7,23.6,100,570,93882218,7,7.1,98.9,151,190,35,155,2,99.2,441,182.115,1,0,1,3274,12523041.5,109548233.9,15534829.3,0,-0.138486088238282,-0.401731726787907,-0.99507918040338,0.582957261451353,0.905063196426787,-0.68156134561152,0.01634344317566,0.446690279533185,1.00404385770431,-0.111795679211476,-0.659451538962785,0,0.447253529862769,0.283146252120508,1.01490923682017,0.504503034861963,1.98563653006222,1.01320928280887,-0.566241964720549,-2.50204928899361,-0.861522408261028,0.452058516634848,0.708692154522277,1.06928461852352,0.682497614466312,1.49992493690731,1.00044832999338,43,5,215
"대구시서구",2020,11,170700,6.44405389572349,26.2,100,22.86262213,8.47,15.9,35.9,100.52,22.6,100,-3604,34148487,5,4.1,93.5,396,0,0,17,0,100,0,17.33,0,0,0,1378,185738,1955780,6034020.1,0,-0.138486088238282,-0.41506844072688,-0.99507918040338,-1.71385315027395,0.905063196426787,-0.707519340445803,1.23120605256646,1.34007083859956,-0.995079180403383,-0.112071802552651,-0.897019924780713,-1.22364693762416,-1.34015753034149,-0.841720074559526,-0.984426097198368,0.214471752089104,-0.091225982504806,1.01320928280887,-0.685752493039947,-1.85503824377981,0.0313698252437937,0.452058516634848,0.708692154522277,-0.7455502325292,0.197830483279586,0.568216689190515,-0.998655411839273,44,1,216
"대구시서구",2021,4,164528,2.43119712146261,29.7,100,22.86262213,8.47,15.3,34.4,99.9,24.1,100,-4538,38461865,5,4.1,93.5,396,0,0,17,0,100,0,17.32,0,0,0,1464,178042,1856272,6027849.1,0,-0.138486088238282,-0.41506844072688,-0.99507918040338,-1.71385315027395,0.905063196426787,-0.707519340445803,1.23120605256646,1.34007083859956,-0.995079180403383,-0.112071802552651,-0.897168119748702,-1.22364693762416,-1.34015753034149,-0.455736531090887,-0.984426097198368,0.214471752089104,0.00297769686268583,1.01320928280887,-0.733556704367706,-1.98444045282257,-0.0834835325929245,0.452058516634848,0.708692154522277,-0.7455502325292,0.254835675700951,0.568216689190515,-0.998655411839273,44,2,217
"대구시서구",2022,5,159827,3.12838256364694,31.2,100,24.7939946695357,8.47,14.9,36.9,99.2,25.6,100,-3022,40693172,5,5.4,93.5,396,0,0,17,0,100,0,17.323,0,0,0,1628,177221,1850673,6032417.7,0,-0.138486088238282,-0.41506844072688,-0.99507918040338,-1.71385315027395,0.905063196426787,-0.707519340445803,1.23120605256646,1.34007083859956,-0.995079180403383,-0.112071802552651,-0.89718392900919,-1.22364693762416,-1.34015753034149,-0.29031501246147,-0.984426097198368,0.623742637447288,0.182621922633252,1.01320928280887,-0.765426178586212,-1.76877010441797,-0.213156678537609,0.452058516634848,0.708692154522277,-0.7455502325292,0.281861543200691,0.568216689190515,-0.998655411839273,44,3,218
"대구시서구",2023,3,164088,1.82828726049437,35.4,100,25.6055524501584,8.47,17.2,39.8,98.7,26.2,100,5481,48135028,5,3,93.5,396,0,0,17,0,100,0,17.324,0,0,0,1724,174194,1849690,6036495.7,0,-0.138486088238282,-0.41506844072688,-0.99507918040338,-1.71385315027395,0.905063196426787,-0.707519340445803,1.23120605256646,1.34007083859956,-0.995079180403383,-0.112071802552651,-0.897242217232696,-1.22364693762416,-1.34015753034149,0.172865239700897,-0.984426097198368,0.786645765944308,0.287779518206266,1.01320928280887,-0.582176701829802,-1.51859250026863,-0.305780354212383,0.452058516634848,0.708692154522277,1.71598498406755,0.362349958006887,0.568216689190515,-0.998655411839273,44,4,219
"대구시서구",2024,3,163135,1.83896772611641,33.1,100,25.6055524501584,8.47,20.8,39.4,98.3,27.7,100,105,48135028,5,3.2,99,396,0,0,17,0,100,0,17.317,0,0,0,1822,164590,1836195,6043601.3,0,-0.138486088238282,-0.41506844072688,-0.99507918040338,-1.71385315027395,0.905063196426787,-0.707519340445803,1.23120605256646,1.34007083859956,-0.995079180403383,-0.112071802552651,-0.897427152845036,-1.22364693762416,-1.34015753034149,-0.0807810888642089,1.01490923682017,0.786645765944308,0.395127897020384,1.01320928280887,-0.295351433863247,-1.55309975601337,-0.379879294752203,0.452058516634848,0.708692154522277,0.587812432687761,0.362349958006887,0.568216689190515,-0.998655411839273,44,5,220
"대구시남구",2020,9,146632,6.13781439249277,22.4,100,23.57913827,9.6,15,35.3,92.53,23.3,100,-612,54090087,2,3.1,96.4,41,4,0,11,0,100,0,17.44,0,0,0,1304,450,4092868.4,6117573.2,0,-0.138486088238282,-0.41506844072688,-0.99507918040338,-1.71385315027395,0.905063196426787,-0.707519340445803,-1.19851916621514,1.34007083859956,-0.995079180403383,-0.112071802552651,-0.900587849576551,-1.22364693762416,-1.34015753034149,-1.26078792175405,-0.984426097198368,0.370047006151385,-0.172284962425671,1.01320928280887,-0.757458810031585,-1.90679912739691,-1.4487565120391,0.452058516634848,0.708692154522277,-0.7455502325292,0.418248985886975,-0.363491558526281,-0.998655411839273,45,1,221
"대구시남구",2021,5,143175,3.4922297887201,33.4,100,23.57913827,9.6,12.2,33.9,92.5,24.2,100,-1858,57286372,2,7.7,96.4,41,4,0,11,0,100,0,17.43,0,0,0,1419,450,4092854.4,6124686.6,0,-0.138486088238282,-0.41506844072688,-0.99507918040338,-1.71385315027395,0.905063196426787,-0.707519340445803,-1.19851916621514,1.34007083859956,-0.995079180403383,-0.112071802552651,-0.900587849576551,-1.22364693762416,-1.34015753034149,-0.0476967851383258,-0.984426097198368,0.370047006151385,-0.0463149260621645,1.01320928280887,-0.980545129561128,-2.02757452250349,-1.45431393257958,0.452058516634848,0.708692154522277,-0.7455502325292,0.445763076266395,-0.363491558526281,1.00044832999338,45,2,222
"대구시남구",2022,3,141519,2.11985669768724,30.2,100,26.0887889856701,9.6,12.3,33.6,92.1,25.1,100,-187,59559142,2,8.1,96.4,41,4,0,11,0,100,0,17.431,0,0,0,1559,450,4092854.4,6130069.4,0,-0.138486088238282,-0.41506844072688,-0.99507918040338,-1.71385315027395,0.905063196426787,-0.707519340445803,-1.19851916621514,1.34007083859956,-0.995079180403383,-0.112071802552651,-0.900587849576551,-1.22364693762416,-1.34015753034149,-0.400596024881081,-0.984426097198368,0.881301243571643,0.107039900815148,1.01320928280887,-0.972577761006501,-2.05345496431204,-1.5284128731194,0.452058516634848,0.708692154522277,-0.7455502325292,0.464408919416651,-0.363491558526281,1.00044832999338,45,3,223
"대구시남구",2023,8,139187,5.74766321567388,31.7,100,27.1272667596619,9.6,16.6,35.9,91.5,26.3,100,-1432,64812635,2,8,96.4,41,4,0,11,0,100,0,17.43,0,0,0,1690,450,4092854.4,6126432.7,0,-0.138486088238282,-0.41506844072688,-0.99507918040338,-1.71385315027395,0.905063196426787,-0.707519340445803,-1.19851916621514,1.34007083859956,-0.995079180403383,-0.112071802552651,-0.900587849576551,-1.22364693762416,-1.34015753034149,-0.235174506251665,-0.984426097198368,1.0791283613661,0.25053620310749,1.01320928280887,-0.629980913157561,-1.85503824377981,-1.63956128392913,0.452058516634848,0.708692154522277,-0.7455502325292,0.504919513817342,-0.363491558526281,1.00044832999338,45,4,224
"대구시남구",2024,0,136263,0,33.3,100,27.1272667596619,9.6,16.9,32.5,91.2,27.7,100,-1432,64812635,2,5.3,95.6,41,4,0,11,1390,100,0,17.429,0,0,0,1700,450,4092854.4,6130064.4,0,-0.138486088238282,-0.41506844072688,-0.99507918040338,-1.71385315027395,0.905063196426787,-0.707519340445803,-1.19851916621514,1.34007083859956,-0.995079180403383,0.0798339195641483,-0.900587849576551,-1.22364693762416,-1.34015753034149,-0.0587248863802871,-0.984426097198368,1.0791283613661,0.261490119313012,1.01320928280887,-0.606078807493682,-2.14834991761006,-1.695135489334,0.452058516634848,0.708692154522277,-0.7455502325292,0.504919513817342,-0.363491558526281,-0.998655411839273,45,5,225
"대구시북구",2020,9,440263,2.04423265184674,27.6,99.9,19.9222531,4.16,21.5,34.7,99.15,14.5,100,2547,94126752,3,4.6,96.3,917,80,0,135,15,99.8,103,94.08,1,1,1,2048,3338066.1,45888584.6,14125233.3,0,-0.138486088238282,-0.401731726787907,-0.99507918040338,-1.71385315027395,0.905063196426787,-0.701456588817842,1.23120605256646,1.34007083859956,1.00404385770431,-0.110000877493837,-0.836318370483577,0,0.447253529862769,-0.68732665717207,-0.984426097198368,-0.47703822640934,0.642686403265188,-0.986069748447918,-0.239579853980862,-1.95856001101402,-0.222419046105086,-1.3290200913081,0.708692154522277,1.49692544469521,0.683744265011803,0.568216689190515,-0.998655411839273,46,1,226
"대구시북구",2021,12,437008,2.74594515432212,34,99.9,19.9222531,4.16,20.4,34,99,15.4,100,-2053,106779481,3,5.8,96.3,917,80,0,135,10,99.8,103,93.99,0,1,0,2371,3296824.1,45838157.6,14154795.7,0,-0.138486088238282,-0.41506844072688,-0.99507918040338,-1.71385315027395,0.905063196426787,-0.701456588817842,1.23120605256646,1.34007083859956,1.00404385770431,-0.110691185846775,-0.837112530679758,0,0.447253529862769,0.018471822313441,-0.984426097198368,-0.47703822640934,0.996497896703559,-0.986069748447918,-0.327220908081753,-2.0189477085673,-0.250206148807519,-1.3290200913081,0.708692154522277,-0.7455502325292,0.7441877874155,0.568216689190515,-0.998655411839273,46,2,227
"대구시북구",2022,12,430912,2.78479132630328,37.3,99.9,22.1118787861591,4.16,20.1,34.3,98.8,16.4,100,-4850,112649692,3,6.2,96.3,917,79,0,135,19,99.8,103,93.99,0,0,0,2688,3287092.1,45830162.6,14168431.2,0,-0.138486088238282,-0.41506844072688,-0.99507918040338,-1.71385315027395,0.905063196426787,-0.701456588817842,1.23120605256646,1.34007083859956,1.00404385770431,-0.109448630811487,-0.83729993107327,0,0.447253529862769,0.382399163298158,-0.984426097198368,0.0463712233055711,1.34373704041862,-0.986069748447918,-0.351123013745633,-1.99306726675875,-0.287255619077429,-1.3290200913081,0.708692154522277,-0.7455502325292,0.769835390754263,0.568216689190515,-0.998655411839273,46,3,228
"대구시북구",2023,11,419624,2.62139439116924,42.3,99.9,22.8680013573125,4.16,20.4,33.4,98.5,17.6,100,-10365,120786970,3,7.1,96.3,917,79,0,135,19,99.8,103,93.947,0,0,0,2837,2884227.1,45761644.3,14591794.6,0,-0.138486088238282,-0.41506844072688,-0.99507918040338,-1.71385315027395,0.905063196426787,-0.701456588817842,1.23120605256646,1.34007083859956,1.00404385770431,-0.109448630811487,-0.845057540971781,0,0.447253529862769,0.933804225396213,-0.984426097198368,0.215657044693955,1.5069503918809,-0.986069748447918,-0.327220908081753,-2.07070859218441,-0.342829824482293,-0.438480787336626,0.708692154522277,-0.7455502325292,0.803260273641714,0.568216689190515,1.00044832999338,46,4,229
"대구시북구",2024,6,413010,1.45274932810344,36.8,99.9,22.8680013573125,4.16,20.1,33.1,98.2,18.9,100,-10365,120786970,3,5.4,98.2,917,79,0,135,0,99.8,103,93.956,0,0,0,2962,2799348,45746799.6,14952247.2,0,-0.138486088238282,-0.41506844072688,-0.99507918040338,-1.71385315027395,0.905063196426787,-0.701456588817842,1.23120605256646,1.34007083859956,1.00404385770431,-0.112071802552651,-0.846691981656221,0,0.447253529862769,0.327258657088352,1.01490923682017,0.215657044693955,1.64387434444993,-0.986069748447918,-0.351123013745633,-2.09658903399296,-0.398404029887157,-0.438480787336626,0.708692154522277,-0.7455502325292,0.803260273641714,0.568216689190515,-0.998655411839273,46,5,230
"대구시수성구",2020,13,424314,3.06376881271888,27.3,100,18.9081185,4.63,29.6,39.8,93.73,15.7,100,-3470,52467886,2,5.3,98,126,11,0,39,45,99.6,0,76.46,0,1,2,2169,3483777.8,37374882.1,14075260.3,0,-0.138486088238282,-0.41506844072688,-0.99507918040338,-1.71385315027395,0.905063196426787,-0.707519340445803,0.01634344317566,0.446690279533185,-0.995079180403383,-0.105859027376208,-0.833512530993304,-1.22364693762416,0.447253529862769,-0.720410960897954,1.01490923682017,-0.738317152583067,0.775228789352008,-0.986069748447918,0.405776998943886,-1.51859250026863,-1.22645969041964,-1.3290200913081,0.708692154522277,-0.7455502325292,0.403656271936704,-0.363491558526281,-0.998655411839273,47,1,231
"대구시수성구",2021,6,417097,1.43851430242845,31.3,100,18.9081185,4.63,30,40.7,93.6,16.6,100,-5663,57045473,2,4.2,98,126,11,0,39,1356,99.6,0,76.54,0,1,1,2353,3479665.8,37367356.3,14086009.2,0,-0.138486088238282,-0.41506844072688,-0.99507918040338,-1.71385315027395,0.905063196426787,-0.707519340445803,0.01634344317566,0.446690279533185,-0.995079180403383,0.075139822764169,-0.833591712088466,-1.22364693762416,0.447253529862769,-0.279286911219509,1.01490923682017,-0.738317152583067,0.976780847533619,-0.986069748447918,0.437646473162392,-1.44095117484297,-1.25054184609508,-1.3290200913081,0.708692154522277,-0.7455502325292,0.443743537334472,-0.363491558526281,-0.998655411839273,47,2,232
"대구시수성구",2022,14,411553,3.4017489849424,33.7,100,20.6567884791476,4.63,29.8,40.7,93.4,17.5,100,-3712,60409496,2,2.7,98,126,13,0,39,1093,99.6,0,76.534,0,1,1,2557,3468350,37366507.3,14104080.7,0,-0.138486088238282,-0.41506844072688,-0.99507918040338,-1.71385315027395,0.905063196426787,-0.707519340445803,0.01634344317566,0.446690279533185,-0.995079180403383,0.0388296033996234,-0.833809610297766,-1.22364693762416,0.447253529862769,-0.014612481412442,1.01490923682017,-0.295585830020182,1.20024073812627,-0.986069748447918,0.421711736053139,-1.44095117484297,-1.28759131636499,-0.438480787336626,0.708692154522277,-0.7455502325292,0.47120288130121,-0.363491558526281,-0.998655411839273,47,3,233
"대구시수성구",2023,18,407331,4.41901058353035,36,100,21.2313517405042,4.63,30.5,40.1,93,18.4,100,-2911,63351348,2,5.9,98,126,13,0,39,1093,99.6,0,76.536,0,1,1,2734,3448095.9,37343576.4,14168864.9,0,-0.138486088238282,-0.41506844072688,-0.99507918040338,-1.71385315027395,0.905063196426787,-0.707519340445803,0.01634344317566,0.446690279533185,-0.995079180403383,0.0388296033996234,-0.834199625331699,-1.22364693762416,0.447253529862769,0.239033847152663,1.01490923682017,-0.157890797948337,1.39412505496402,-0.986069748447918,0.477483315935525,-1.49271205846008,-1.36169025690481,-0.438480787336626,0.708692154522277,-0.7455502325292,0.493990722132847,-0.363491558526281,-0.998655411839273,47,4,234
"대구시수성구",2024,11,409107,2.68878313008577,41,100,21.2313517405042,4.63,29.8,37.8,92.7,19.4,100,-2911,63351348,2,4.5,96,126,13,0,39,1283,99.6,0,76.537,0,1,1,2832,3434808.5,37083671.4,14167173.3,0,-0.138486088238282,-0.41506844072688,-0.99507918040338,-1.71385315027395,0.905063196426787,-0.707519340445803,0.01634344317566,0.446690279533185,-0.995079180403383,0.0650613208112723,-0.834455488873495,-1.22364693762416,0.447253529862769,0.790438909250719,-0.984426097198368,-0.157890797948337,1.50147343377814,-0.986069748447918,0.421711736053139,-1.69112877899231,-1.41726446230967,-0.438480787336626,0.708692154522277,-0.7455502325292,0.493990722132847,-0.363491558526281,-0.998655411839273,47,5,235
"대구시달서구",2020,19,558631,3.40117179318727,35.7,100,21.22981921,5.34,23.7,33.5,97.39,14.4,100,-9769,145109987,9,6.4,95.4,666,19,5,42,0,100,0,62.34,0,0,0,2711,1411030,19194158.1,14555251.3,0,-0.138486088238282,-0.41506844072688,-0.99507918040338,0.582957261451353,0.905063196426787,-0.707519340445803,1.23120605256646,1.34007083859956,-0.995079180403383,-0.112071802552651,-0.873425575934904,-1.22364693762416,0.447253529862769,0.20594954342678,-0.984426097198368,-0.158253317150147,1.36893104769132,1.01320928280887,-0.0642977457790784,-2.06208177824822,-0.548454384480292,-1.3290200913081,0.708692154522277,-0.7455502325292,0.891183507171948,1.49992493690731,-0.998655411839273,48,1,236
"대구시달서구",2021,17,544926,3.11968964593358,32.4,100,21.22981921,5.34,23,33,97.1,15.6,100,-12647,158296358,9,7.6,95.4,666,16,5,42,0,100,0,62.35,0,0,0,2947,1313678,19190624.5,14562876.4,0,-0.138486088238282,-0.41506844072688,-0.99507918040338,0.582957261451353,0.905063196426787,-0.707519340445803,1.23120605256646,1.34007083859956,-0.995079180403383,-0.112071802552651,-0.875300196065319,-1.22364693762416,0.447253529862769,-0.157977797557937,-0.984426097198368,-0.158253317150147,1.62744347014164,1.01320928280887,-0.120069325661464,-2.10521584792914,-0.602176116371662,-1.3290200913081,0.708692154522277,-0.7455502325292,0.932866424184724,1.49992493690731,1.00044832999338,48,2,237
"대구시달서구",2022,14,536989,2.60712975498567,40,100,23.3925407611743,5.34,21.8,32,96.7,16.6,100,-5968,164980917,9,5.8,95.4,666,16,5,42,0,100,0,62.375,0,0,0,3376,1196027,19212186.5,14702556.4,0,-0.138486088238282,-0.41506844072688,-0.99507918040338,0.582957261451353,0.905063196426787,-0.707519340445803,1.23120605256646,1.34007083859956,-0.995079180403383,-0.112071802552651,-0.877565695828688,-1.22364693762416,0.447253529862769,0.680157896831108,-0.984426097198368,0.329972725778503,2.09736647535855,1.01320928280887,-0.215677748316982,-2.19148398729098,-0.67627505691148,-1.3290200913081,0.708692154522277,-0.7455502325292,0.952688233671957,1.49992493690731,-0.998655411839273,48,3,238
"대구시달서구",2023,10,527781,1.89472527430885,45,100,23.862545594164,5.34,22.3,31.7,96.3,17.8,100,-8145,175362421,9,7.2,95.4,666,16,5,42,0,100,0,62.371,0,0,0,3624,1186844.1,19207504.5,14714282.2,0,-0.138486088238282,-0.41506844072688,-0.99507918040338,0.582957261451353,0.905063196426787,-0.707519340445803,1.23120605256646,1.34007083859956,-0.995079180403383,-0.112071802552651,-0.877742522696093,-1.22364693762416,0.447253529862769,1.23156295892916,-0.984426097198368,0.43033423984325,2.3690235972555,1.01320928280887,-0.17584090554385,-2.21736442909954,-0.7503739974513,-0.438480787336626,0.708692154522277,-0.7455502325292,0.981933903792506,1.49992493690731,1.00044832999338,48,4,239
"대구시달서구",2024,10,522021,1.91563174661556,40.6,100,23.862545594164,5.34,20.4,30.2,96.1,19.2,100,-8145,175362421,10,5.1,93.5,666,16,5,42,0,100,0,62.37,0,0,0,3723,1177804.9,19194243.8,14732385.7,0,-0.138486088238282,-0.41506844072688,-0.99507918040338,0.582957261451353,0.905063196426787,-0.707519340445803,1.23120605256646,1.34007083859956,-0.995079180403383,-0.112071802552651,-0.87791658246151,-1.22364693762416,0.447253529862769,0.746326504282875,-0.984426097198368,0.43033423984325,2.47746736769017,1.01320928280887,-0.327220908081753,-2.3467666381423,-0.78742346772121,-0.438480787336626,0.708692154522277,-0.7455502325292,0.981933903792506,1.49992493690731,-0.998655411839273,48,5,240
"대구시달성군",2020,5,259339,1.92797843748916,35.3,100,18.07247121,4.11,37.2,59.9,103.19,12.8,90.38440034,1648,17761145,2,8.8,98.7,514,467,111,216,0,91.4,8712,426.68,14,13,7,964,51362954.4,253743740.1,15861366.7,0,-0.138486088238282,-0.228354445581262,-0.99507918040338,0.582957261451353,0.905063196426787,-0.194716503719555,1.23120605256646,0.446690279533185,1.00404385770431,-0.112071802552651,0.0884538208236454,0,0.447253529862769,0.161837138458935,1.01490923682017,-0.963815794227931,-0.544718113413429,-0.986069748447918,1.0112970090955,0.215397100904359,0.525980253347088,-1.3290200913081,0.708692154522277,1.37251103494283,-0.11545166760314,-0.363491558526281,1.00044832999338,49,1,241
"대구시달성군",2021,8,262451,3.04818804272036,34.1,100,18.07247121,4.11,36.2,58.1,103,13.5,88.44,2560,21930509,2,6,98.7,514,469,111,216,0,92.1,8712,426.86,14,11,4,1063,50677390,253705007.1,16191344.4,0,-0.138486088238282,-0.228354445581262,-0.99507918040338,0.582957261451353,0.905063196426787,-0.194716503719555,1.23120605256646,0.446690279533185,1.00404385770431,-0.112071802552651,0.0752525221863674,0,0.447253529862769,0.0294999235554023,1.01490923682017,-0.963815794227931,-0.436274342978759,-0.986069748447918,0.931623323549236,0.0601144500530469,0.490783256590674,-1.3290200913081,0.708692154522277,1.49838050289261,-0.0143962833153324,-0.363491558526281,-0.998655411839273,49,2,242
"대구시달성군",2022,5,263162,1.89997036046238,25.2,100,19.3148630515431,4.11,29.7,54.8,102.8,14.4,88.32,323,22423406,2,8,98.7,514,470,111,216,0,92.1,8712,428.364,16,12,4,1192,50498098.7,253645847.6,16323246.3,0,-0.138486088238282,-0.201681017703317,-0.99507918040338,0.582957261451353,0.905063196426787,-0.194716503719555,1.23120605256646,0.446690279533185,1.00404385770431,-0.112071802552651,0.0718000704628447,0,0.447253529862769,-0.952001086979137,1.01490923682017,-0.631960399164522,-0.294968823927521,-0.986069748447918,0.413744367498513,-0.224570409841026,0.453733786320764,-1.3290200913081,0.708692154522277,0.90727023442709,-0.00374441268006568,-0.363491558526281,1.00044832999338,49,3,243
"대구시달성군",2023,4,262084,1.52622823216984,32.6,100,19.892085436507,4.11,29.8,52.5,103,15.3,88.53,-1323,24170041,2,7.3,98.7,514,470,111,216,0,92.4,20309,428.362,6,6,5,1263,50361086.8,253601185.6,16389698.7,0,-0.138486088238282,-0.335048157093044,-0.99507918040338,0.582957261451353,0.905063196426787,0.487902240255915,1.23120605256646,0.446690279533185,1.00404385770431,-0.112071802552651,0.0691617552166608,0,0.447253529862769,-0.135921595074014,1.01490923682017,-0.484626086297228,-0.217196018868312,-0.986069748447918,0.421711736053139,-0.422987130373259,0.490783256590674,-1.3290200913081,0.708692154522277,-0.7455502325292,0.0322027538463304,-0.363491558526281,1.00044832999338,49,4,244
"대구시달성군",2024,7,257580,2.71760229831509,30.8,100,19.892085436507,4.11,31.9,52.5,102.9,16.7,88.6,-1323,24170041,2,5.8,96.5,514,470,111,216,0,93.8,16379,428.372,6,6,5,1302,50153412.1,253553549.7,16566880.5,0,-0.138486088238282,-0.335048157093044,-0.99507918040338,0.582957261451353,0.905063196426787,0.256575891732711,1.23120605256646,0.446690279533185,1.00404385770431,-0.112071802552651,0.0651627498218254,0,0.447253529862769,-0.334427417429315,-0.984426097198368,-0.484626086297228,-0.174475745666775,-0.986069748447918,0.589026475700296,-0.422987130373259,0.47225852145572,-1.3290200913081,0.708692154522277,-0.7455502325292,0.0322027538463304,-0.363491558526281,-0.998655411839273,49,5,245
"인천시중구",2020,17,139729,12.166407832304,40.8,99.5,19.96980176,4.54,47.3,56.7,107.79,14.7,100,4458,28523473,1,7.1,90.8,89,1219,4,458,11890,88.7,387,104.356,0,0,5,526,5218462.4,31054989.9,13923777.8,0,-0.138486088238282,-0.41506844072688,1.00404385770431,0.582957261451353,0.905063196426787,-0.684739875591228,0.01634344317566,0.446690279533185,1.00404385770431,1.52948146073422,-0.800109265820714,-1.22364693762416,0.447253529862769,0.768382706766797,-0.984426097198368,-0.465100830745448,-1.02449964321531,-0.986069748447918,1.81600123311278,-0.0606609450535294,1.37811806955501,-1.3290200913081,0.708692154522277,1.65692984990792,0.111571488630416,-0.363491558526281,1.00044832999338,50,1,246
"인천시중구",2021,47,143633,32.7222852687057,36,99.5,19.96980176,4.54,48.3,54.9,108.3,15.1,100,4388,30696178,1,10.1,90.8,89,1216,4,458,2192,91.3,387,104.356,0,0,5,617,4817410.7,30256843.3,13962440,0,-0.138486088238282,-0.41506844072688,1.00404385770431,0.582957261451353,0.905063196426787,-0.684739875591228,0.01634344317566,0.446690279533185,1.00404385770431,0.190559379375424,-0.80783195862782,-1.22364693762416,0.447253529862769,0.239033847152663,-0.984426097198368,-0.465100830745448,-0.924819005745053,-0.986069748447918,1.89567491865904,-0.215943595904842,1.47259421874328,-1.3290200913081,0.708692154522277,1.65240573148766,0.14675293524894,-0.363491558526281,1.00044832999338,50,2,247
"인천시중구",2022,7,152931,4.57722763860826,40.6,99.5,21.8394248052726,4.54,43.8,52.3,107.9,15.3,100,9568,35125628,1,10.3,90.8,89,1243,3,458,4435,91.8,387,140.373,0,0,34,718,4775206.4,30216763.7,14071798.4,0,-0.138486088238282,-0.41506844072688,1.00404385770431,0.582957261451353,0.905063196426787,-0.684739875591228,0.01634344317566,0.446690279533185,1.00404385770431,0.500231706503469,-0.80864464897183,-1.22364693762416,0.447253529862769,0.746326504282875,-0.984426097198368,-0.0159883585393543,-0.814184452069278,-0.986069748447918,1.53714333370085,-0.440240758245627,1.39849527820346,-1.3290200913081,0.708692154522277,1.87525827354635,0.211351173177242,-0.363491558526281,1.00044832999338,50,3,248
"인천시중구",2023,2,158958,1.25819398834912,40.4,99.5,22.3506743737958,4.54,44.2,51.7,107.5,15.7,100,6163,35125628,1,9.8,90.8,89,1243,3,458,4435,92.2,387,140.38,0,0,34,769,4741831.5,30187676.9,14119023.2,0,-0.138486088238282,-0.41506844072688,1.00404385770431,0.582957261451353,0.905063196426787,-0.684739875591228,0.01634344317566,0.446690279533185,1.00404385770431,0.500231706503469,-0.809287319480814,-1.22364693762416,0.447253529862769,0.724270301798952,-0.984426097198368,0.100425471864812,-0.758319479421114,-0.986069748447918,1.56901280791936,-0.492001641862731,1.32439633766364,-1.3290200913081,0.708692154522277,1.74951059945244,0.211351173177242,-0.363491558526281,1.00044832999338,50,4,249
"인천시중구",2024,2,167113,1.19679498303543,42.9,99.5,22.3506743737958,4.54,43.2,50.7,107,15.9,100,6163,35125628,1,8.5,96,89,1243,3,458,2445,92.2,613,140.381,0,0,34,805,4713172.2,30169200.2,14923876.8,0,-0.138486088238282,-0.41506844072688,1.00404385770431,0.582957261451353,0.905063196426787,-0.671437139009487,0.01634344317566,0.446690279533185,1.00404385770431,0.225488982034093,-0.80983918591092,-1.22364693762416,0.447253529862769,0.99997283284798,-0.984426097198368,0.100425471864812,-0.718885381081234,-0.986069748447918,1.48933912237309,-0.578269781224571,1.23177266198887,-1.3290200913081,0.708692154522277,1.74951059945244,0.211351173177242,-0.363491558526281,1.00044832999338,50,5,250
"인천시동구",2020,7,62542,11.1924786543443,30.1,100,21.04061441,5.71,19.9,54.6,101.96,23.1,100,-1600,7644149,0,7.3,87.9,62,1,0,5,0,99.7,0,7.1,0,0,0,485,0,65256,1826414.8,0,-0.138486088238282,-0.41506844072688,-0.99507918040338,-1.71385315027395,0.905063196426787,-0.707519340445803,-1.19851916621514,0.446690279533185,-0.995079180403383,-0.112071802552651,-0.90059651482286,-1.22364693762416,-1.34015753034149,-0.411624126123042,-0.984426097198368,-0.203202707104758,-1.06941069965795,1.01320928280887,-0.367057750854886,-0.241824037713394,0.298126011187143,0.452058516634848,0.708692154522277,-0.7455502325292,-0.519486488324925,-1.29519980624308,1.00044832999338,51,1,251
"인천시동구",2021,18,61486,29.2749569007579,33.1,100,21.04061441,5.71,22.7,54.5,101.7,23.9,100,-183,5173051,0,9.7,87.9,62,1,0,5,640,99.8,0,7.1,0,0,0,522,0,65256,1826690.6,0,-0.138486088238282,-0.41506844072688,-0.99507918040338,-1.71385315027395,0.905063196426787,-0.707519340445803,-1.19851916621514,1.34007083859956,-0.995079180403383,-0.023712333376571,-0.90059651482286,-1.22364693762416,-1.34015753034149,-0.0807810888642089,-0.984426097198368,-0.203202707104758,-1.02888120969752,1.01320928280887,-0.143971431325344,-0.250450851649578,0.249961699836262,0.452058516634848,0.708692154522277,-0.7455502325292,-0.706619397159007,-1.29519980624308,1.00044832999338,51,2,252
"인천시동구",2022,2,58999,3.38988796420278,40.4,100,23.4986057267224,5.71,18,56.5,101.3,24.9,100,-1815,6889082,0,6.8,87.9,62,1,0,5,0,99.8,0,7.198,0,0,0,591,0,65256,1826024,0,-0.138486088238282,-0.41506844072688,-0.99507918040338,-1.71385315027395,0.905063196426787,-0.707519340445803,-1.19851916621514,1.34007083859956,-0.995079180403383,-0.112071802552651,-0.90059651482286,-1.22364693762416,-1.34015753034149,0.724270301798952,-0.984426097198368,0.352789024730837,-0.953299187879411,1.01320928280887,-0.51843775339279,-0.0779145729258977,0.175862759296442,0.452058516634848,0.708692154522277,-0.7455502325292,-0.569328811903506,-1.29519980624308,1.00044832999338,51,3,253
"인천시동구",2023,2,59482,3.36236172287415,37.6,100,23.6482939632546,5.71,19.2,55.9,100.4,25.6,100,787,6889082,0,9,87.9,62,1,0,5,0,99.8,0,7.247,0,0,0,637,0,65256,1832604,0,-0.138486088238282,-0.41506844072688,-0.99507918040338,-1.71385315027395,0.905063196426787,-0.707519340445803,-1.19851916621514,1.34007083859956,-0.995079180403383,-0.112071802552651,-0.90059651482286,-1.22364693762416,-1.34015753034149,0.415483467024041,-0.984426097198368,0.384821881499192,-0.902911173334009,1.01320928280887,-0.422829330737272,-0.129675456543002,0.00914014308184968,0.452058516634848,0.708692154522277,1.16138144799392,-0.569328811903506,-1.29519980624308,1.00044832999338,51,4,254
"인천시동구",2024,1,58296,1.71538355976396,37.3,100,23.6482939632546,5.71,27.1,56.9,100.5,27.1,100,-846,6889082,0,5.8,96.6,62,1,0,5,0,99.8,0,7.247,0,0,0,657,0,65256,1830830.8,0,-0.138486088238282,-0.41506844072688,-0.99507918040338,-1.71385315027395,0.905063196426787,-0.707519340445803,-1.19851916621514,1.34007083859956,-0.995079180403383,-0.112071802552651,-0.90059651482286,-1.22364693762416,-1.34015753034149,0.382399163298158,-0.984426097198368,0.384821881499192,-0.881003340922964,1.01320928280887,0.206592785078223,-0.0434073171811617,0.0276648782168035,0.452058516634848,0.708692154522277,-0.7455502325292,-0.569328811903506,-1.29519980624308,-0.998655411839273,51,5,255
"인천시남동구",2020,85,525354,16.179566539895,36.3,99.9,19.61437287,5.4,28.5,39,98.67,13.6,100,-7650,158649217,5,5.7,96.7,710,18,1,40,56,99.2,1047,57,1,1,4,1971,945159.4,10239891.3,11956407.4,0,-0.138486088238282,-0.401731726787907,-0.99507918040338,0.582957261451353,0.905063196426787,-0.64589117583924,1.23120605256646,0.446690279533185,-0.995079180403383,-0.104340348999744,-0.88239642815087,-1.22364693762416,0.447253529862769,0.272118150878546,-0.984426097198368,-0.554996340403236,0.558341248482667,1.01320928280887,0.318135944842994,-1.5876070117581,-0.31133777475287,-1.3290200913081,0.708692154522277,-0.7455502325292,0.933933512814161,0.568216689190515,-0.998655411839273,52,1,256
"인천시남동구",2021,97,518272,18.7160409977772,38.2,99.9,19.61437287,5.4,25.8,37.4,98.7,14.6,100,-6148,172135816,5,7,96.7,710,18,1,40,0,98.5,2047,57,1,1,2,2180,869987.4,10222196,12104736,0,-0.138486088238282,-0.401731726787907,-0.99507918040338,0.582957261451353,0.905063196426787,-0.587029509548348,1.23120605256646,0.446690279533185,-0.995079180403383,-0.112071802552651,-0.88384394791876,-1.22364693762416,0.447253529862769,0.481652074475808,-0.984426097198368,-0.554996340403236,0.787278097178083,1.01320928280887,0.103016993868079,-1.72563603473705,-0.305780354212383,-1.3290200913081,0.708692154522277,-0.7455502325292,0.973033914478874,0.568216689190515,1.00044832999338,52,2,257
"인천시남동구",2022,23,506181,4.54382918363194,38.9,99.9,21.50375,5.4,24.6,37.2,98.7,15.8,100,-10358,178811722,4,10.2,96.7,710,18,1,40,0,99.2,1047,57.454,0,0,0,2508,830213.4,10222163,12136354.3,0,-0.138486088238282,-0.41506844072688,-0.99507918040338,0.582957261451353,0.905063196426787,-0.64589117583924,1.23120605256646,0.446690279533185,-0.995079180403383,-0.112071802552651,-0.88460984015587,-1.22364693762416,0.447253529862769,0.558848783169536,-0.984426097198368,-0.0938489212541948,1.14656654871921,1.01320928280887,0.00740857121256042,-1.74288966260941,-0.305780354212383,-1.3290200913081,0.708692154522277,-0.7455502325292,0.991268849162602,0.568216689190515,1.00044832999338,52,3,258
"인천시남동구",2023,15,492415,3.04621102119147,36.2,99.9,22.4490512178572,5.4,24.5,36.2,98.6,17.4,100,-12578,178811722,4,8.6,96.7,710,18,1,40,1228,99.2,1603,57.453,0,1,0,2828,818972.2,10144676.2,12157306.1,0,-0.138486088238282,-0.41506844072688,-0.99507918040338,0.582957261451353,0.905063196426787,-0.613164089381504,1.23120605256646,0.446690279533185,-0.995079180403383,0.0574679289289529,-0.884826301859893,-1.22364693762416,0.447253529862769,0.261090049636586,-0.984426097198368,0.122533652424481,1.49709186729593,1.01320928280887,-0.00055879734206621,-1.82915780197125,-0.324305089347339,-0.438480787336626,0.708692154522277,-0.7455502325292,0.991268849162602,0.568216689190515,1.00044832999338,52,4,259
"인천시남동구",2024,15,486225,3.08499151627333,42.6,99.9,22.4490512178572,5.4,22.3,34.6,98.5,18.8,100,-12578,178811722,4,7.6,96.8,710,18,1,40,65,99.2,1433,57.452,0,1,0,2964,799693.2,10135495.7,12171159.5,0,-0.138486088238282,-0.41506844072688,-0.99507918040338,0.582957261451353,0.905063196426787,-0.623170572650956,1.23120605256646,0.446690279533185,-0.995079180403383,-0.103097793964456,-0.885197540267879,-1.22364693762416,0.447253529862769,0.966888529122097,-0.984426097198368,0.122533652424481,1.64606512769103,1.01320928280887,-0.17584090554385,-1.9671868249502,-0.342829824482293,-0.438480787336626,0.708692154522277,-0.7455502325292,0.991268849162602,0.568216689190515,1.00044832999338,52,5,260
"인천시연수구",2020,56,387450,14.453477868112,26.5,100,16.11416601,3.14,41.5,48.8,98.81,9.9,100,19698,44527062,3,5.9,97.7,96,1,0,13,374,99.6,40,56.192,0,0,1,958,292666.9,3944901.3,16683709.9,0,-0.138486088238282,-0.41506844072688,-0.99507918040338,-1.71385315027395,0.905063196426787,-0.705164873794168,0.01634344317566,0.446690279533185,-0.995079180403383,-0.0604367377528795,-0.894960890878346,-1.22364693762416,0.447253529862769,-0.808635770833643,1.01490923682017,-1.53353313115009,-0.551290463136743,-0.986069748447918,1.35389385694444,-0.742179246012068,-0.285403145563933,-1.3290200913081,0.708692154522277,2.08170249800303,0.325010865091007,0.568216689190515,-0.998655411839273,53,1,261
"인천시연수구",2021,91,389644,23.3546519386928,27.7,100,16.11416601,3.14,37.3,45.9,98.6,10.5,100,1432,43771547,3,9.6,97.7,96,1,0,13,374,99.6,40,56.192,0,0,1,1033,291288.9,3942756.3,16439850.3,0,-0.138486088238282,-0.41506844072688,-0.99507918040338,-1.71385315027395,0.905063196426787,-0.705164873794168,0.01634344317566,0.446690279533185,-0.995079180403383,-0.0604367377528795,-0.894987425788155,-1.22364693762416,0.447253529862769,-0.676298555930109,1.01490923682017,-1.53353313115009,-0.469136091595325,-0.986069748447918,1.01926437765013,-0.992356850161405,-0.324305089347339,-1.3290200913081,0.708692154522277,1.33236841901182,0.316809547547917,0.568216689190515,1.00044832999338,53,2,262
"인천시연수구",2022,14,385796,3.62886084873871,34.6,100,17.3126732403326,3.14,36.7,47.2,98.5,11.4,100,-3942,44632108,3,5.9,97.7,96,1,0,13,118,99.6,47,56.191,0,0,0,1148,272897.9,3871272.7,16676329.3,0,-0.138486088238282,-0.41506844072688,-0.99507918040338,-1.71385315027395,0.905063196426787,-0.704752842130131,0.01634344317566,0.446690279533185,-0.995079180403383,-0.0957805254233117,-0.895341564776758,-1.22364693762416,0.447253529862769,0.0846404297652079,1.01490923682017,-1.17759312709172,-0.343166055231819,-0.986069748447918,0.971460166322369,-0.880208268991012,-0.342829824482293,-1.3290200913081,0.708692154522277,-0.7455502325292,0.326140134343427,0.568216689190515,-0.998655411839273,53,3,263
"인천시연수구",2023,11,392416,2.80314768001305,42.9,100,17.315790576355,3.14,36.3,44.8,98.4,12.2,100,6130,44632108,3,8.2,97.7,96,1,0,13,694,99.6,48,56.191,0,0,8,1253,251627.9,3807587.1,16706037.6,0,-0.138486088238282,-0.41506844072688,-0.99507918040338,-1.71385315027395,0.905063196426787,-0.704693980463841,0.01634344317566,0.446690279533185,-0.995079180403383,-0.0162570031648392,-0.895751142085636,-1.22364693762416,0.447253529862769,0.99997283284798,1.01490923682017,-1.17669803504605,-0.228149935073835,-0.986069748447918,0.939590692103862,-1.08725180345943,-0.361354559617247,-1.3290200913081,0.708692154522277,1.74797577599984,0.326140134343427,0.568216689190515,1.00044832999338,53,4,264
"인천시연수구",2024,8,400213,1.99893556681067,43.7,100,17.315790576355,3.14,34.1,41.7,98,13,100,6130,44632108,3,6.3,98.3,96,1,0,13,388,99.6,54,58.604,0,0,8,1303,251627.9,3805144.1,17529050.6,0,-0.138486088238282,-0.41506844072688,-0.99507918040338,-1.71385315027395,0.905063196426787,-0.704340810466095,0.01634344317566,0.446690279533185,-0.995079180403383,-0.0585038743646527,-0.895751142085636,-1.22364693762416,0.447253529862769,1.08819764278367,1.01490923682017,-1.17669803504605,-0.173380354046223,-0.986069748447918,0.76430858390208,-1.35468303548113,-0.435453500157067,-1.3290200913081,0.708692154522277,1.74797577599984,0.326140134343427,0.568216689190515,-0.998655411839273,53,5,265
"인천시남구",2020,56,404343,13.849627667599,38.1,100,18.74511394,5.59,18.5,36.4,101.46,17.1,100,-4209,102729625,8,8.1,97.4,175,30,0,30,1213,100,0,25,0,0,0,1938,43050.5,1713784.3,10970878.1,0,-0.138486088238282,-0.41506844072688,-0.99507918040338,-1.71385315027395,0.905063196426787,-0.707519340445803,0.01634344317566,1.34007083859956,-0.995079180403383,0.0553970038701385,-0.899767529964568,-1.22364693762416,-0.44645200023936,0.470623973233847,1.01490923682017,-0.78155124911258,0.522193325004443,1.01320928280887,-0.478600910619657,-1.81190417409889,0.205502335512369,-0.438480787336626,0.708692154522277,-0.7455502325292,0.725657823053778,1.49992493690731,1.00044832999338,54,1,266
"인천시남구",2021,77,407464,18.8973749828206,36.8,100,18.74511394,5.59,17.6,36.3,101.5,17.7,100,4853,103944471,8,8.1,97.4,175,29,0,30,1200,100,0,25,0,0,0,2146,41648.5,1713003.6,11038167.8,0,-0.138486088238282,-0.41506844072688,-0.99507918040338,-1.71385315027395,0.905063196426787,-0.707519340445803,0.01634344317566,1.34007083859956,-0.995079180403383,0.0536022021524994,-0.899794527020847,-1.22364693762416,-0.44645200023936,0.327258657088352,1.01490923682017,-0.78155124911258,0.750034782079307,1.01320928280887,-0.550307227611296,-1.82053098803507,0.212912229566352,-0.438480787336626,0.708692154522277,1.68119819127077,0.73129191575555,1.49992493690731,1.00044832999338,54,2,267
"인천시남구",2022,18,406004,4.43345385759746,44.3,100,20.7602454959414,5.59,17.9,36.2,101.3,18.7,100,1091,100530459,7,11.8,97.4,175,31,0,30,1200,100,0,24.835,0,0,0,2436,41648.5,1712680.2,11036387.2,0,-0.138486088238282,-0.41506844072688,-0.99507918040338,-1.71385315027395,0.905063196426787,-0.707519340445803,0.01634344317566,1.34007083859956,-0.995079180403383,0.0536022021524994,-0.899794527020847,-1.22364693762416,-0.44645200023936,1.15436625023544,1.01490923682017,-0.270524540979364,1.06769835203945,1.01320928280887,-0.526405121947416,-1.82915780197125,0.175862759296442,-0.438480787336626,0.708692154522277,1.25466746500273,0.715287156659473,1.49992493690731,1.00044832999338,54,3,268
"인천시남구",2023,10,405995,2.46308452074533,41.1,100,21.5285428142213,5.59,18.2,35.7,101.2,19.7,100,1032,100530459,7,5.7,97.4,175,31,0,30,1000,100,0,24.839,0,0,0,2531,41817.5,1705968.2,11051786.2,0,-0.138486088238282,-0.41506844072688,-0.99507918040338,-1.71385315027395,0.905063196426787,-0.707519340445803,0.01634344317566,1.34007083859956,-0.995079180403383,0.0259898680349743,-0.899791272739455,-1.22364693762416,-0.44645200023936,0.80146701049268,1.01490923682017,-0.0880585742092832,1.17176055599192,1.01320928280887,-0.502503016283537,-1.87229187165218,0.157338024161488,-0.438480787336626,0.708692154522277,1.23878650734752,0.715287156659473,1.49992493690731,-0.998655411839273,54,4,269
"인천시남구",2024,14,412274,3.39579988066189,43.6,100,21.5285428142213,5.59,17.6,33.3,101.3,20.5,100,1032,100530459,7,6.5,96.4,175,31,0,30,1000,100,0,24.843,0,0,0,2695,41575.5,1705688.4,11032421.6,0,-0.138486088238282,-0.41506844072688,-0.99507918040338,-1.71385315027395,0.905063196426787,-0.707519340445803,0.01634344317566,1.34007083859956,-0.995079180403383,0.0259898680349743,-0.899795932716359,-1.22364693762416,-0.44645200023936,1.07716954154171,-0.984426097198368,-0.0880585742092832,1.35140478176248,1.01320928280887,-0.550307227611296,-2.07933540612059,0.175862759296442,-0.438480787336626,0.708692154522277,1.23878650734752,0.715287156659473,1.49992493690731,1.00044832999338,54,5,270
"인천시부평구",2020,52,494962,10.505857015286,31.2,100,19.49362606,5.87,22.8,37.8,97.79,14.8,100,-16589,145289494,10,7.8,93,244,13,0,29,0,100,0,32.08,0,0,10,2249,613185.9,7147415.4,10380293.7,0,-0.138486088238282,-0.41506844072688,-0.99507918040338,-1.71385315027395,0.905063196426787,-0.707519340445803,1.23120605256646,1.34007083859956,-0.995079180403383,-0.112071802552651,-0.888788944029995,-1.22364693762416,-0.44645200023936,-0.29031501246147,-0.984426097198368,-0.585888862214771,0.862860118996187,1.01320928280887,-0.136004062770717,-1.69112877899231,-0.474355443940471,-1.3290200913081,0.708692154522277,-0.7455502325292,0.891775981332975,1.49992493690731,1.00044832999338,55,1,271
"인천시부평구",2021,60,486765,12.3262765400142,31.4,100,19.49362606,5.87,21.7,37.2,97.5,15.7,100,-6450,146828825,10,10.6,93,244,12,0,29,0,100,0,32.08,0,0,13,2437,611930,7144165.4,10407726.1,0,-0.138486088238282,-0.41506844072688,-0.99507918040338,-1.71385315027395,0.905063196426787,-0.707519340445803,1.23120605256646,1.34007083859956,-0.995079180403383,-0.112071802552651,-0.888813127769638,-1.22364693762416,-0.44645200023936,-0.268258809977548,-0.984426097198368,-0.585888862214771,1.06879374366001,1.01320928280887,-0.223645116871609,-1.74288966260941,-0.528077175831842,-1.3290200913081,0.708692154522277,-0.7455502325292,0.896826791534613,1.49992493690731,1.00044832999338,55,2,272
"인천시부평구",2022,17,489118,3.47564391414751,35.5,100,21.0274073347715,5.87,20.2,37.3,97.4,16.7,100,4268,142800733,10,6.8,93,244,10,0,29,0,100,0,32.004,0,0,10,2684,603786.3,7128644.4,10428826.2,0,-0.138486088238282,-0.41506844072688,-0.99507918040338,-1.71385315027395,0.905063196426787,-0.707519340445803,1.23120605256646,1.34007083859956,-0.995079180403383,-0.112071802552651,-0.8889699436949,-1.22364693762416,-0.44645200023936,0.183893340942858,-0.984426097198368,-0.206354704813438,1.33935547393641,1.01320928280887,-0.343155645191006,-1.73426284867323,-0.546601910966795,-1.3290200913081,0.708692154522277,1.64447956020209,0.883495620219529,1.49992493690731,1.00044832999338,55,3,273
"인천시부평구",2023,6,494138,1.21423569933905,42.7,100,21.1288104515242,5.87,21.4,37.4,97,17.7,100,5670,142800733,10,5.8,93,244,10,0,29,0,100,0,32.005,0,0,10,2762,602525.7,7120694.4,10458390.8,0,-0.138486088238282,-0.41506844072688,-0.99507918040338,-1.71385315027395,0.905063196426787,-0.707519340445803,1.23120605256646,1.34007083859956,-0.995079180403383,-0.112071802552651,-0.888994217938227,-1.22364693762416,-0.44645200023936,0.977916630364059,-0.984426097198368,-0.182202155133375,1.42479602033948,1.01320928280887,-0.247547222535488,-1.72563603473705,-0.620700851506616,-0.438480787336626,0.708692154522277,1.72567632019118,0.883495620219529,1.49992493690731,-0.998655411839273,55,4,274
"인천시부평구",2024,7,493200,1.41930251419303,42.9,100,21.1288104515242,5.87,20.3,34.4,96.7,18.9,100,-696,142800733,10,5.4,94.6,244,10,0,29,0,100,0,32.006,0,0,10,2932,601444.7,7113468.4,10473221.2,0,-0.138486088238282,-0.41506844072688,-0.99507918040338,-1.71385315027395,0.905063196426787,-0.707519340445803,1.23120605256646,1.34007083859956,-0.995079180403383,-0.112071802552651,-0.889015033785472,-1.22364693762416,-0.44645200023936,0.99997283284798,-0.984426097198368,-0.182202155133375,1.61101259583336,1.01320928280887,-0.33518827663638,-1.98444045282257,-0.67627505691148,-0.438480787336626,0.708692154522277,-0.7455502325292,0.883495620219529,1.49992493690731,-0.998655411839273,55,5,275
"인천시계양구",2020,28,296750,9.43555181128896,37.6,100,19.06870108,5.08,19.4,41.5,99.46,12.8,100,-6484,92990788,2,11.8,97.4,124,82,0,44,1104,99.3,960,45.57,12,0,7,1160,8758059.8,12606150.8,7105713.3,0,-0.138486088238282,-0.255027873459208,-0.99507918040338,-1.71385315027395,0.905063196426787,-0.651012140806547,0.01634344317566,0.446690279533185,-0.995079180403383,0.0403482817760873,-0.731950414029208,-1.22364693762416,-1.34015753034149,0.415483467024041,1.01490923682017,-0.696070207471306,-0.330021355785192,1.01320928280887,-0.406894593628019,-1.3719366633535,-0.164992367186728,-1.3290200913081,0.708692154522277,-0.7455502325292,0.677925387582354,-0.363491558526281,1.00044832999338,56,1,276
"인천시계양구",2021,63,295696,21.3056652778529,38.6,100,19.06870108,5.08,19.4,42.6,99.3,13.8,100,-298,89872760,3,10.5,97.4,124,82,0,44,1405,99.1,406,45.57,7,0,6,1214,8694280,11249250.5,7142388.6,0,-0.138486088238282,-0.321711443154071,-0.99507918040338,-1.71385315027395,0.905063196426787,-0.683621503931701,0.01634344317566,0.446690279533185,-0.995079180403383,0.0819048446229627,-0.733178564421535,-1.22364693762416,-1.34015753034149,0.525764479443653,1.01490923682017,-0.696070207471306,-0.270870208275372,1.01320928280887,-0.406894593628019,-1.27704171005548,-0.194631943402655,-1.3290200913081,0.708692154522277,-0.7455502325292,0.661580619306045,0.568216689190515,1.00044832999338,56,2,277
"인천시계양구",2022,14,288856,4.84670562494807,45,100,20.640837983716,5.08,19.6,41.8,99.2,15.1,100,-5484,72587379,2,8.6,97.4,124,81,0,44,0,99.1,369,45.568,5,0,3,1418,8599192.1,11130035.9,7162345.2,0,-0.138486088238282,-0.348384871032016,-0.99507918040338,-1.71385315027395,0.905063196426787,-0.685799385584464,0.01634344317566,0.446690279533185,-0.995079180403383,-0.112071802552651,-0.735009586809354,-1.22364693762416,-1.34015753034149,1.23156295892916,1.01490923682017,-0.299460305269081,-0.0474103176827168,1.01320928280887,-0.390959856518765,-1.34605622154495,-0.213156678537609,-1.3290200913081,0.708692154522277,-0.7455502325292,0.559212944047783,-0.363491558526281,1.00044832999338,56,3,278
"인천시계양구",2023,6,280266,2.14082336066451,48.8,100,20.8940946388334,5.08,21.5,41.7,99,16.8,100,-7975,72587379,2,7.4,97.4,124,81,0,44,1104,100,0,45.566,5,0,1,1478,8517385.6,11120999.8,7181081,0,-0.138486088238282,-0.348384871032016,-0.99507918040338,-1.71385315027395,0.905063196426787,-0.707519340445803,0.01634344317566,1.34007083859956,-0.995079180403383,0.0403482817760873,-0.736584861191995,-1.22364693762416,-1.34015753034149,1.65063080612369,1.01490923682017,-0.238277318710652,0.0183131795504171,1.01320928280887,-0.239579853980862,-1.35468303548113,-0.250206148807519,-0.438480787336626,0.708692154522277,-0.7455502325292,0.559212944047783,-0.363491558526281,1.00044832999338,56,4,279
"인천시계양구",2024,5,280227,1.78426775435629,43.9,100,20.8940946388334,5.08,20,38.4,98.9,18.2,100,780,72587379,2,6.4,94.4,124,81,0,44,1708,97.7,910,45.564,5,0,1,1563,8481340.6,11060852.3,7256775.9,0,-0.138486088238282,-0.348384871032016,-0.99507918040338,-1.71385315027395,0.905063196426787,-0.653955224121092,0.01634344317566,0.446690279533185,-0.995079180403383,0.123737530811013,-0.737278947421357,-1.22364693762416,-1.34015753034149,1.11025384526759,-0.984426097198368,-0.238277318710652,0.111421467297357,1.01320928280887,-0.35909038230026,-1.63936789537521,-0.268730883942473,-0.438480787336626,0.708692154522277,1.15883021598592,0.559212944047783,-0.363491558526281,-0.998655411839273,56,5,280
"인천시서구",2020,85,542040,15.6814995203306,29.8,99.9,16.07244306,3.81,34.6,40.6,102.06,10.7,100,-3962,149300055,4,10.5,98.6,1491,95,2,82,383,99.1,540,117.265,4,1,4,1274,10276376.9,26817575.3,18204216.9,0,-0.138486088238282,-0.361721584970989,-0.99507918040338,0.582957261451353,0.905063196426787,-0.675734040648722,1.23120605256646,0.446690279533185,-0.995079180403383,-0.0591941827175908,-0.702713543702823,-1.22364693762416,1.3409590599649,-0.444708429848926,1.01490923682017,-1.54636890275499,-0.205146711042238,-0.986069748447918,0.804145426675212,-1.44957798877916,0.316650746322099,-1.3290200913081,0.708692154522277,-0.7455502325292,0.90482561831051,0.568216689190515,1.00044832999338,57,1,281
"인천시서구",2021,106,555380,19.0860311858547,30.7,99.9,16.07244306,3.81,33.7,39.7,102,11.4,100,12601,158205110,4,8.9,98.6,1491,55,2,82,383,99.1,510,117.265,4,1,4,1387,9004849.3,26288058.5,19054952.4,0,-0.138486088238282,-0.361721584970989,-0.99507918040338,0.582957261451353,0.905063196426787,-0.677499890637449,1.23120605256646,0.446690279533185,-0.995079180403383,-0.0591941827175908,-0.7271982100203,-1.22364693762416,1.3409590599649,-0.345455518671276,1.01490923682017,-1.54636890275499,-0.0813674579198359,-0.986069748447918,0.732439109683574,-1.52721931420481,0.305535905241126,-1.3290200913081,0.708692154522277,1.95397925636814,0.932590092016849,0.568216689190515,1.00044832999338,57,2,282
"인천시서구",2022,26,589013,4.414164033731,39.5,99.9,17.6110896306798,3.81,33.2,40.9,101.8,11.9,100,33502,152207951,4,5.6,98.6,1491,55,2,82,383,99.1,621,119.056,1,1,0,1746,7582036.3,25091397.7,21330291.4,0,-0.138486088238282,-0.401731726787907,-0.99507918040338,0.582957261451353,0.905063196426787,-0.67096624567916,1.23120605256646,0.446690279533185,-0.995079180403383,-0.0591941827175908,-0.754596043568835,-1.22364693762416,1.3409590599649,0.625017390621302,1.01490923682017,-1.09259116331986,0.311878133858415,-0.986069748447918,0.692602266910441,-1.42369754697061,0.268486434971216,-1.3290200913081,0.708692154522277,2.23354431437003,0.914069987768164,0.568216689190515,-0.998655411839273,57,3,283
"인천시서구",2023,9,624358,1.4414806889637,45.5,99.9,18.136824149695,3.81,34.2,41.8,101.5,12.4,100,34410,152207951,4,3.3,98.6,1491,55,2,82,300,99.1,657,119.057,8,1,0,1832,7438692.7,24947161.2,21403543.8,0,-0.138486088238282,-0.308374729215098,-0.99507918040338,0.582957261451353,0.905063196426787,-0.668847225692688,1.23120605256646,0.446690279533185,-0.995079180403383,-0.0706533013763638,-0.757356282681809,-1.22364693762416,1.3409590599649,1.28670346513897,1.01490923682017,-0.946102368685485,0.406081813225907,-0.986069748447918,0.772275952456706,-1.34605622154495,0.212912229566352,-1.3290200913081,0.708692154522277,2.24119014008962,0.914069987768164,0.568216689190515,-0.998655411839273,57,4,284
"인천시서구",2024,14,634064,2.20797900527392,37.2,99.9,18.136824149695,3.81,30.7,37.2,101.3,13.4,100,34410,152207951,4,5.3,96.9,1491,55,2,82,1868,99.1,761,119.057,8,1,0,1942,7404490.4,24893504,21423443.1,0,-0.138486088238282,-0.308374729215098,-0.99507918040338,0.582957261451353,0.905063196426787,-0.662725612398435,1.23120605256646,0.446690279533185,-0.995079180403383,0.145827398105033,-0.75801488569034,-1.22364693762416,1.3409590599649,0.371371062056197,-0.984426097198368,-0.946102368685485,0.526574891486652,-0.986069748447918,0.493418053044778,-1.74288966260941,0.175862759296442,-1.3290200913081,0.708692154522277,2.24119014008962,0.914069987768164,0.568216689190515,-0.998655411839273,57,5,285
"인천시강화군",2020,12,69203,17.3402887158071,26.1,70.7,17.47283561,5.92,16.7,58.4,100.25,33,33.19798275,590,15294905,0,1.6,98.5,51,2173,295,803,30,36.6,26022,411.32,44,35,471,727,120082810,177024022.4,16830226.5,0,-0.138486088238282,0.171746972587917,1.00404385770431,0.582957261451353,-1.50339853153471,0.824178939775779,-1.19851916621514,-1.34007083859956,1.00404385770431,-0.107929952435023,1.41173043216202,0,0.447253529862769,-0.852748175801487,1.01490923682017,-1.13180116572987,-0.804325927484308,1.01320928280887,-0.622013544602935,0.0859948918615987,-0.0186469596205836,1.34259782060632,-1.40978439317836,1.07912787351414,-0.187095023755486,-1.29519980624308,-0.998655411839273,58,1,286
"인천시강화군",2021,14,69693,20.0881006700816,36.7,70.7,17.47283561,5.92,16,56.3,100.1,34.1,33.07,1225,14113982,0,4.4,98.5,51,2735,414,803,90,37,26022,411.32,55,38,260,757,119676579.3,176628477.9,17403972.7,0,-0.138486088238282,0.318450825916616,1.00404385770431,0.582957261451353,-1.50339853153471,0.824178939775779,-1.19851916621514,-1.34007083859956,1.00404385770431,-0.0996462521997652,1.40390801199795,0,0.447253529862769,0.316230555846391,1.01490923682017,-1.13180116572987,-0.771464178867741,1.01320928280887,-0.67778512448532,-0.095168200798266,-0.0464340623230169,1.34259782060632,-1.40978439317836,1.28776135533865,-0.225603857090416,-1.29519980624308,-0.998655411839273,58,2,287
"인천시강화군",2022,3,69803,4.29780954973282,39.5,70.7,18.8466663974478,5.92,14.2,58.5,100.1,35.5,32.86,858,15860003,0,5.3,98.5,51,2803,297,803,38,37.2,26002,411.418,64,37,260,853,118988142.5,176297823.4,17974097.3,0,-0.138486088238282,0.43848125136737,1.00404385770431,0.582957261451353,-1.50339853153471,0.823001706449961,-1.19851916621514,-1.34007083859956,1.00404385770431,-0.106825459070322,1.39065140213067,0,1.3409590599649,0.625017390621302,1.01490923682017,-0.754574529254865,-0.666306583294727,1.01320928280887,-0.821197758468597,0.0946217057977828,-0.0464340623230169,1.34259782060632,-1.40978439317836,1.18604785926961,-0.169707861263923,-1.29519980624308,-0.998655411839273,58,3,288
"인천시강화군",2023,3,69005,4.34751104992392,38.8,70.7,18.7964656883734,5.92,13.9,58.7,100.4,37.2,32.32,-85,15860003,0,8.6,98.5,51,2803,297,803,20,39.2,24206,411.407,62,12,258,897,118613337.8,176034768.8,18427900.3,0,-0.138486088238282,0.411807823489425,1.00404385770431,0.582957261451353,-1.50339853153471,0.71728615379152,-1.19851916621514,-1.34007083859956,1.00404385770431,-0.109310569140899,1.38343412425662,0,1.3409590599649,0.547820681927574,1.01490923682017,-0.76789271009707,-0.618109351990429,1.01320928280887,-0.845099864132477,0.111875333670151,0.00914014308184968,1.34259782060632,-1.40978439317836,-0.7455502325292,-0.169707861263923,-1.29519980624308,1.00044832999338,58,4,289
"인천시강화군",2024,3,69402,4.32264199878966,34.6,70.7,18.7964656883734,5.92,13.5,55.6,100,38.9,31.55,-85,15860003,0,10.4,98.6,51,2803,297,803,4,39.2,24206,411.39,62,12,258,939,118353212.7,175778844.1,18795594.2,0,-0.138486088238282,0.411807823489425,1.00404385770431,0.582957261451353,-1.50339853153471,0.71728615379152,-1.19851916621514,-1.34007083859956,1.00404385770431,-0.111519555870301,1.37842512856176,0,1.3409590599649,0.0846404297652079,1.01490923682017,-0.76789271009707,-0.572102903927235,1.01320928280887,-0.876969338350983,-0.155555898351554,-0.0649587974579707,1.34259782060632,-1.40978439317836,-0.7455502325292,-0.169707861263923,-1.29519980624308,1.00044832999338,58,5,290
"광주시동구",2020,5,102897,4.85922816019903,44.1,100,18.78266354,6.76,14.7,40.6,97.55,21.6,100,4595,35708076,5,4.7,94.3,59,255,0,281,325,99.9,34,49.32,0,0,0,706,1136616.2,34580265.5,5466473.1,0,-0.138486088238282,-0.41506844072688,-0.99507918040338,-1.71385315027395,0.905063196426787,-0.705518043791913,-1.19851916621514,1.34007083859956,1.00404385770431,-0.0672017596116731,-0.878709716307406,-1.22364693762416,-1.34015753034149,1.13231004775151,-0.984426097198368,-0.771560321022339,-0.827329151515905,1.01320928280887,-0.781360915695465,-1.44957798877916,-0.518814808264365,-0.438480787336626,0.708692154522277,1.66558226270397,0.219232707868255,0.568216689190515,-0.998655411839273,59,1,291
"광주시동구",2021,6,103470,5.7987822557263,61.9,100,18.78266354,6.76,15.3,41.1,97.4,21.9,100,1284,38446356,5,2.8,94.3,59,257,0,281,0,99.9,34,49.32,0,0,0,796,1127475.1,34573705.1,5486005.8,0,-0.138486088238282,-0.41506844072688,-0.99507918040338,-1.71385315027395,0.905063196426787,-0.705518043791913,-1.19851916621514,1.34007083859956,1.00404385770431,-0.112071802552651,-0.878885738269709,-1.22364693762416,-1.34015753034149,3.09531206882059,-0.984426097198368,-0.771560321022339,-0.728743905666204,1.01320928280887,-0.733556704367706,-1.40644391909824,-0.546601910966795,0.452058516634848,0.708692154522277,1.3012000540829,0.254642392177348,0.568216689190515,-0.998655411839273,59,2,292
"광주시동구",2022,1,105909,0.944206819061647,43.5,100,21.5295273068876,6.76,15.1,39.7,97.6,22.1,100,2896,39181190,5,6.9,94.3,59,253,0,281,5,99.9,34,49.319,0,0,0,976,1120930.1,34561746.1,5511371.7,0,-0.138486088238282,-0.41506844072688,-0.99507918040338,-1.71385315027395,0.905063196426787,-0.705518043791913,-1.19851916621514,1.34007083859956,1.00404385770431,-0.111381494199713,-0.87901176946325,-1.22364693762416,-1.34015753034149,1.06614144029975,-0.984426097198368,-0.0878287780941444,-0.531573413966803,1.01320928280887,-0.749491441476959,-1.52721931420481,-0.509552440696888,0.452058516634848,0.708692154522277,1.53362791610332,0.263715794241484,0.568216689190515,1.00044832999338,59,3,293
"광주시동구",2023,1,107176,0.933044711502575,39.9,100,22.9176121127109,6.76,17.3,41.4,97.2,22.6,100,1745,42641483,5,3.9,94.3,59,253,0,281,0,99.9,34,49.317,0,0,0,1003,1063652.9,34553189.1,5587996.6,0,-0.138486088238282,-0.41506844072688,-0.99507918040338,-1.71385315027395,0.905063196426787,-0.705518043791913,-1.19851916621514,1.34007083859956,1.00404385770431,-0.112071802552651,-0.8801147051208,-1.22364693762416,-1.34015753034149,0.669129795589147,-0.984426097198368,0.226576013206839,-0.501997840211892,1.01320928280887,-0.574209333275175,-1.38056347728969,-0.583651381236705,0.452058516634848,0.708692154522277,1.38885367252835,0.304274315864257,0.568216689190515,-0.998655411839273,59,4,294
"광주시동구",2024,2,106203,1.88318597403087,54.7,100,22.9176121127109,6.76,19.2,39.3,96.7,23.6,100,-602,42641483,5,5.3,96,59,253,0,281,0,99.9,34,49.319,0,0,0,1025,1060103.4,34551420.1,5596402.5,0,-0.138486088238282,-0.41506844072688,-0.99507918040338,-1.71385315027395,0.905063196426787,-0.705518043791913,-1.19851916621514,1.34007083859956,1.00404385770431,-0.112071802552651,-0.880183054658076,-1.22364693762416,-1.34015753034149,2.30128877939939,-0.984426097198368,0.226576013206839,-0.477899224559743,1.01320928280887,-0.422829330737272,-1.56172656994955,-0.67627505691148,0.452058516634848,0.708692154522277,-0.7455502325292,0.304274315864257,0.568216689190515,-0.998655411839273,59,5,295
"광주시서구",2020,18,296576,6.06927060854553,24.4,100,20.50811142,5.6,21.7,35.5,96.15,14.3,100,-4242,71702591,7,4.4,98.7,147,117,1,22,47,99.3,1725,47.78,0,0,0,1326,7178000.6,7841095.9,11664797.6,0,-0.138486088238282,-0.41506844072688,-0.99507918040338,0.582957261451353,0.905063196426787,-0.605982966094015,0.01634344317566,0.446690279533185,-0.995079180403383,-0.105582904035033,-0.762376196587022,-1.22364693762416,-0.44645200023936,-1.04022589691483,1.01490923682017,-0.331811608327992,-0.148186346773522,1.01320928280887,-0.223645116871609,-1.88954549952454,-0.778161100153731,-1.3290200913081,0.708692154522277,-0.7455502325292,0.553335448246883,1.49992493690731,-0.998655411839273,60,1,296
"광주시서구",2021,17,291231,5.83729067303961,26.8,100,20.50811142,5.6,19.5,32.9,96.1,15.1,100,-4672,73079186,7,5.8,98.7,147,111,1,22,83,99.9,147,47.78,0,0,0,1475,7129806.3,7837150.9,11716993.7,0,-0.138486088238282,-0.41506844072688,-0.99507918040338,0.582957261451353,0.905063196426787,-0.698866675501042,0.01634344317566,1.34007083859956,-0.995079180403383,-0.100612683893879,-0.763304230987459,-1.22364693762416,-0.44645200023936,-0.775551467107759,1.01490923682017,-0.331811608327992,0.0150270046887604,1.01320928280887,-0.398927225073392,-2.11384266186533,-0.78742346772121,-1.3290200913081,0.708692154522277,-0.7455502325292,0.562449031729368,1.49992493690731,-0.998655411839273,60,2,297
"광주시서구",2022,8,287401,2.78356721097004,42.7,100,22.6791345003806,5.6,20.1,34.4,95.9,16,100,-2987,80505953,6,7.6,98.7,147,88,1,22,48,99.9,147,47.749,0,0,0,1734,7051824.2,7802411.7,11811458.5,0,-0.138486088238282,-0.41506844072688,-0.99507918040338,0.582957261451353,0.905063196426787,-0.698866675501042,0.01634344317566,1.34007083859956,-0.995079180403383,-0.105444842364445,-0.764805862330134,-1.22364693762416,0.447253529862769,0.977916630364059,1.01490923682017,0.173880120736274,0.298733434411788,1.01320928280887,-0.351123013745633,-1.98444045282257,-0.824472937991118,-1.3290200913081,0.708692154522277,-0.7455502325292,0.608833571878692,1.49992493690731,1.00044832999338,60,3,298
"광주시서구",2023,7,283991,2.46486684437183,35.6,100,24.2359747907842,5.6,20.9,35.5,95.8,17,100,-2663,84198053,5,8,98.7,147,88,1,22,63,99.3,608,47.743,0,0,0,1895,7017365.5,7779268,11842969,0,-0.138486088238282,-0.41506844072688,-0.99507918040338,0.582957261451353,0.905063196426787,-0.671731447340941,0.01634344317566,0.446690279533185,-0.995079180403383,-0.103373917305631,-0.76546940260345,-1.22364693762416,0.447253529862769,0.194921442184819,1.01490923682017,0.508730292820868,0.475091485320697,1.01320928280887,-0.287384065308621,-1.88954549952454,-0.842997673126074,-0.438480787336626,0.708692154522277,-0.7455502325292,0.630323049452356,0.568216689190515,1.00044832999338,60,4,299
"광주시서구",2024,7,279050,2.50851101953055,41.3,100,24.2359747907842,5.6,22.2,35.6,95.7,18.1,100,-2663,84198053,5,4.3,97.5,147,88,1,22,75,98.1,4051,47.732,0,0,0,1927,6963884.7,7770716.1,11874409.4,0,-0.138486088238282,-0.41506844072688,-0.99507918040338,0.582957261451353,0.905063196426787,-0.469070730301401,0.01634344317566,0.446690279533185,-0.995079180403383,-0.10171717725858,-0.766499234391916,-1.22364693762416,0.447253529862769,0.823523212976602,1.01490923682017,0.508730292820868,0.510144017178369,1.01320928280887,-0.183808274098476,-1.88091868558836,-0.861522408261028,-0.438480787336626,0.708692154522277,-0.7455502325292,0.630323049452356,0.568216689190515,-0.998655411839273,60,5,300
"광주시남구",2020,9,214579,4.19425945689,34.3,100,19.49622166,5.93,12.5,30.6,92.76,17.6,100,-3098,65097791,8,6,97.5,99,208,0,154,356,99.1,1700,60.98,0,0,0,1101,14822132.5,17721407.8,8646124.5,0,-0.138486088238282,-0.41506844072688,-0.99507918040338,-1.71385315027395,0.905063196426787,-0.607454507751288,0.01634344317566,0.446690279533185,1.00404385770431,-0.0629218478234567,-0.61518000606919,-1.22364693762416,-0.44645200023936,0.0515561260393241,1.01490923682017,-0.585222877525961,-0.394649461397774,1.01320928280887,-0.956643023897248,-2.31225938239756,-1.4061496212287,-0.438480787336626,0.708692154522277,-0.7455502325292,0.507023403710347,1.49992493690731,-0.998655411839273,61,1,301
"광주시남구",2021,17,215575,7.88588658239592,41.4,100,19.49622166,5.93,14.1,30.6,92.4,18.1,100,1968,65870808,8,3.7,97.5,99,208,0,154,131,99.1,1775,60.98,0,1,15,1280,14791275.7,17667041.7,8671976.4,0,-0.138486088238282,-0.41506844072688,-0.99507918040338,-1.71385315027395,0.905063196426787,-0.603039882779471,0.01634344317566,0.446690279533185,1.00404385770431,-0.0939857237056725,-0.615774187785438,-1.22364693762416,-0.44645200023936,0.834551314218563,1.01490923682017,-0.585222877525961,-0.198574361318925,1.01320928280887,-0.829165127023224,-2.31225938239756,-1.47283866771454,-0.438480787336626,0.708692154522277,1.42322058045378,0.51268072324516,1.49992493690731,-0.998655411839273,61,2,302
"광주시남구",2022,8,212379,3.76685077149812,43.2,100,21.845851742759,5.93,12,30.2,92.2,19.2,100,-2453,64717936,8,4,97.5,99,208,0,154,29,98.9,2150,60.975,0,1,10,1500,14696062.6,17640359.7,8740537,0,-0.138486088238282,-0.41506844072688,-0.99507918040338,-1.71385315027395,0.905063196426787,-0.580966757920386,0.01634344317566,0.446690279533185,1.00404385770431,-0.10806801410561,-0.617607621037341,-1.22364693762416,-0.44645200023936,1.03305713657386,1.01490923682017,-0.0145088052772329,0.0424117952025661,1.01320928280887,-0.996479866670381,-2.3467666381423,-1.50988813798445,-0.438480787336626,0.708692154522277,-0.7455502325292,0.504218773681552,1.49992493690731,-0.998655411839273,61,3,303
"광주시남구",2023,2,209646,0.953989105444416,52.1,100,22.0548428857244,5.93,14.4,30.2,91.8,20.3,100,-2126,71668040,8,2.5,97.5,99,208,0,154,166,99,1930,60.961,0,1,10,1599,14518457.8,17571247.5,8834101.5,0,-0.138486088238282,-0.41506844072688,-0.99507918040338,-1.71385315027395,0.905063196426787,-0.593916324504382,0.01634344317566,0.446690279533185,1.00404385770431,-0.0891535652351056,-0.621027597343307,-1.22364693762416,-0.44645200023936,2.0145581471084,1.01490923682017,0.0333778393944659,0.150855565637237,1.01320928280887,-0.805263021359344,-2.3467666381423,-1.58398707852427,-0.438480787336626,0.708692154522277,-0.7455502325292,0.553104463002998,1.49992493690731,-0.998655411839273,61,4,304
"광주시남구",2024,1,207597,0.481702529419982,53.3,100,22.0548428857244,5.93,15.7,31.7,91.6,21.5,100,-2126,71668040,8,2.3,95.9,99,208,0,154,406,99,1930,60.956,0,1,10,1682,14382407.8,17503030.5,8865590.6,0,-0.138486088238282,-0.41506844072688,-0.99507918040338,-1.71385315027395,0.905063196426787,-0.593916324504382,0.01634344317566,0.446690279533185,1.00404385770431,-0.0560187642940754,-0.623647390144103,-1.22364693762416,-0.44645200023936,2.14689536201194,-0.984426097198368,0.0333778393944659,0.241773070143072,1.01320928280887,-0.7016872301492,-2.21736442909954,-1.62103654879418,-0.438480787336626,0.708692154522277,-0.7455502325292,0.553104463002998,1.49992493690731,-0.998655411839273,61,5,305
"광주시북구",2020,23,430431,5.34348130130032,27.8,99.8,21.64000679,6.85,18.3,31.2,98.52,15.1,100,-2871,160435628,15,3.7,87.4,320,634,25,218,50,99.2,2876,120.3,0,0,0,2159,13775816.2,50612916.7,16790008.4,0,-0.138486088238282,-0.41506844072688,-0.99507918040338,0.582957261451353,0.905063196426787,-0.538233188193199,1.23120605256646,0.446690279533185,1.00404385770431,-0.10516871902327,-0.635327980417554,0,0.447253529862769,-0.665270454688148,-0.984426097198368,-0.0621047087144003,0.764274873146486,1.01320928280887,-0.49453564772891,-2.26049849878046,-0.339124877455303,-1.3290200913081,0.708692154522277,-0.7455502325292,0.93929967198606,1.49992493690731,-0.998655411839273,62,1,306
"광주시북구",2021,49,427114,11.4723469612328,30.4,99.8,21.64000679,6.85,14.8,28.2,98.6,15.8,100,-2689,165781122,15,7.5,87.4,320,619,25,218,262,98.7,3967,120.3,0,0,0,2439,13673449.8,50606092.7,16850626.3,0,-0.138486088238282,-0.41506844072688,-0.99507918040338,0.582957261451353,0.905063196426787,-0.474015110269836,1.23120605256646,0.446690279533185,1.00404385770431,-0.0758996448586935,-0.637299158350397,0,0.447253529862769,-0.378539822397159,-0.984426097198368,-0.0621047087144003,1.07098452690111,1.01320928280887,-0.773393547140838,-2.51930291686598,-0.324305089347339,-1.3290200913081,0.708692154522277,-0.7455502325292,0.955007070846686,1.49992493690731,1.00044832999338,62,2,307
"광주시북구",2022,14,424707,3.29639021725566,31.7,99.8,23.9560098257899,6.85,15.5,28.7,98.2,16.7,100,-1457,173028382,15,6.3,87.4,320,610,25,218,255,98.8,3065,120.27,0,0,0,2794,13591367,50589044.7,16921416.7,0,-0.138486088238282,-0.41506844072688,-0.99507918040338,0.582957261451353,0.905063196426787,-0.52710833326422,1.23120605256646,0.446690279533185,1.00404385770431,-0.0768660765528069,-0.638879753194272,0,0.447253529862769,-0.235174506251665,-0.984426097198368,0.450065626305393,1.45984855219715,1.01320928280887,-0.717621967258453,-2.47616884718506,-0.398404029887157,-1.3290200913081,0.708692154522277,-0.7455502325292,0.975512474110012,1.49992493690731,-0.998655411839273,62,3,308
"광주시북구",2023,5,421683,1.18572482172627,36.3,99.8,25.5328871327581,6.85,15.9,29.2,98,17.6,100,-2095,183490787,15,8.9,87.4,320,610,25,218,0,98.9,3065,120.261,0,0,18,3007,13490439.1,50565424.5,17003428.4,0,-0.138486088238282,-0.41506844072688,-0.99507918040338,0.582957261451353,0.905063196426787,-0.52710833326422,1.23120605256646,0.446690279533185,1.00404385770431,-0.112071802552651,-0.64082323122308,0,0.447253529862769,0.272118150878546,-0.984426097198368,0.772263694825845,1.69316696737478,1.01320928280887,-0.685752493039947,-2.43303477750414,-0.435453500157067,-0.438480787336626,0.708692154522277,-0.7455502325292,1.00364813785366,1.49992493690731,1.00044832999338,62,4,309
"광주시북구",2024,7,423961,1.65109526583813,42.8,99.8,25.5328871327581,6.85,14.1,27.2,97.8,18.7,100,-2095,183490787,15,6.7,95.7,320,610,25,218,24,98.9,3065,120.257,0,0,18,3112,13456526.6,50480544.3,17147909.9,0,-0.138486088238282,-0.41506844072688,-0.99507918040338,0.582957261451353,0.905063196426787,-0.52710833326422,1.23120605256646,0.446690279533185,1.00404385770431,-0.108758322458548,-0.641476253812988,0,0.447253529862769,0.988944731606019,-0.984426097198368,0.772263694825845,1.80818308753276,1.01320928280887,-0.829165127023224,-2.60557105622782,-0.472502970426978,-0.438480787336626,0.708692154522277,-0.7455502325292,1.00364813785366,1.49992493690731,1.00044832999338,62,5,310
"광주시광산구",2020,20,405579,4.93122178416535,20.1,99.6,20.70732024,4.69,22.6,34.8,101.5,9.5,100,-467,134260309,13,4.8,94,565,1395,1,343,0,97.9,7657,222.8,9,7,12,1365,45994615.9,74979132.7,18876806.3,0,-0.138486088238282,-0.295038015276126,1.00404385770431,0.582957261451353,0.905063196426787,-0.256815561656446,1.23120605256646,0.446690279533185,1.00404385770431,-0.112071802552651,-0.0149194577837288,0,1.3409590599649,-1.51443425031915,-0.984426097198368,-0.283330162019115,-0.105466073571985,-0.986069748447918,-0.15193879987997,-1.94993319707783,0.212912229566352,-1.3290200913081,0.708692154522277,-0.7455502325292,0.853940999846057,1.49992493690731,-0.998655411839273,63,1,311
"광주시광산구",2021,54,404221,13.3590288480806,32.8,99.6,20.70732024,4.69,22,34.4,101.6,9.9,100,-1774,137821419,13,8,94,565,1439,1,343,76,97.9,7507,222.8,9,8,58,1506,44962719.6,74512303.1,19281720.1,0,-0.138486088238282,-0.295038015276126,1.00404385770431,0.582957261451353,0.905063196426787,-0.26564481160008,1.23120605256646,0.446690279533185,1.00404385770431,-0.101579115587992,-0.0347897591281426,0,1.3409590599649,-0.113865392590093,-0.984426097198368,-0.283330162019115,0.0489841449258795,-0.986069748447918,-0.199743011207729,-1.98444045282257,0.231436964701306,-1.3290200913081,0.708692154522277,-0.7455502325292,0.866486691773834,1.49992493690731,1.00044832999338,63,2,312
"광주시광산구",2022,13,400654,3.24469492379959,34.2,99.6,22.9329396075443,4.69,22,33.4,101.7,10.5,100,-3641,148021687,13,6.3,94,565,1483,1,343,90,98.5,5003,222.711,8,8,19,1698,44590309.3,74438651.8,19522646.9,0,-0.138486088238282,-0.308374729215098,1.00404385770431,0.582957261451353,0.905063196426787,-0.413034423992472,1.23120605256646,0.446690279533185,1.00404385770431,-0.0996462521997652,-0.0419609301893855,0,1.3409590599649,0.0405280247973636,-0.984426097198368,0.229944904730796,0.259299336071908,-0.986069748447918,-0.199743011207729,-2.07070859218441,0.249961699836262,-1.3290200913081,0.708692154522277,-0.7455502325292,0.900704494094923,1.49992493690731,-0.998655411839273,63,3,313
"광주시광산구",2023,8,396741,2.01642885408869,28.9,99.6,23.4414808468424,4.69,22.8,33.7,101.8,11.2,100,-3878,164842479,13,7.4,94,565,1483,1,343,90,98.5,5003,222.69,7,7,45,1801,44470688.5,74390406.9,19684309.1,0,-0.138486088238282,-0.321711443154071,1.00404385770431,0.582957261451353,0.905063196426787,-0.413034423992472,1.23120605256646,0.446690279533185,1.00404385770431,-0.0996462521997652,-0.0442643606242653,0,1.3409590599649,-0.543961341026576,-0.984426097198368,0.340512836259152,0.372124672988787,-0.986069748447918,-0.136004062770717,-2.04482815037586,0.268486434971216,-1.3290200913081,0.708692154522277,-0.7455502325292,0.95228592657895,1.49992493690731,1.00044832999338,63,4,314
"광주시광산구",2024,4,391611,1.02142176803001,31.1,99.6,23.4414808468424,4.69,21.7,32.6,102,12.1,100,-3878,164842479,12,4.9,99.7,565,1483,1,343,197,98.8,3528,222.689,7,7,45,1831,44353721.3,74353626.7,19815771.3,0,-0.138486088238282,-0.321711443154071,1.00404385770431,0.582957261451353,0.905063196426787,-0.499855381771538,1.23120605256646,0.446690279533185,1.00404385770431,-0.0848736534468892,-0.0465166930644653,0,1.3409590599649,-0.301343113703431,1.01490923682017,0.340512836259152,0.404986421605354,-0.986069748447918,-0.223645116871609,-2.13972310367388,0.305535905241126,-1.3290200913081,0.708692154522277,-0.7455502325292,0.95228592657895,1.49992493690731,-0.998655411839273,63,5,315
"대전시동구",2020,22,223021,9.86454190412562,15.9,100,21.76897938,7.25,11.9,30.4,101.64,19.1,100,-3123,35438216,9,3.4,88.9,137,2579,74,257,0,99.2,323,137,0,0,1,1399,4511740.4,81913441.9,10553630.4,0,-0.138486088238282,-0.41506844072688,1.00404385770431,0.582957261451353,0.905063196426787,-0.688507022233845,0.01634344317566,0.446690279533185,1.00404385770431,-0.112071802552651,-0.813717977380904,0,-0.44645200023936,-1.97761450248152,-0.984426097198368,-0.0322330343017336,-0.0682227584732091,1.01320928280887,-1.00444723522501,-2.32951301026993,0.238846858755289,-0.438480787336626,0.708692154522277,-0.7455502325292,0.215597141096332,1.49992493690731,-0.998655411839273,64,1,316
"대전시동구",2021,45,222222,20.2500202500202,28.8,100,21.76897938,7.25,11.5,29.6,101.5,19.9,100,811,36503286,9,5.7,88.9,137,2559,74,257,0,99.3,0,137,0,0,1,1551,4474701.7,81902762.2,10534560.9,0,-0.138486088238282,-0.41506844072688,1.00404385770431,0.582957261451353,0.905063196426787,-0.707519340445803,0.01634344317566,0.446690279533185,1.00404385770431,-0.112071802552651,-0.814431198399726,0,-0.44645200023936,-0.554989442268537,-0.984426097198368,-0.0322330343017336,0.0982767678507299,1.01320928280887,-1.03631670944351,-2.3985275217594,0.212912229566352,-0.438480787336626,0.708692154522277,1.16995964095844,0.229788179677366,1.49992493690731,-0.998655411839273,64,2,317
"대전시동구",2022,8,219751,3.64048400234811,27.2,100,23.9089225405818,7.25,11.3,29.1,101.3,20.9,100,-1058,38781248,9,6.1,88.9,137,2541,74,257,0,99.4,0,136.686,0,0,1,1797,4433273.6,81888018,10544692.4,0,-0.138486088238282,-0.41506844072688,1.00404385770431,0.582957261451353,0.905063196426787,-0.707519340445803,0.01634344317566,0.446690279533185,1.00404385770431,-0.112071802552651,-0.815228942156658,0,-0.44645200023936,-0.731439062139915,-0.984426097198368,0.44013420672042,0.367743106506579,1.01320928280887,-1.05225144655277,-2.44166159144032,0.175862759296442,-0.438480787336626,0.708692154522277,-0.7455502325292,0.258798805540853,1.49992493690731,-0.998655411839273,64,3,318
"대전시동구",2023,2,217628,0.9189993934604,34.4,100,24.6426397430784,7.25,11.8,29.3,101.4,21.9,100,-1268,39609718,9,7.4,88.9,137,2541,74,257,0,99.4,0,136.693,0,0,0,1925,4213603.9,81769106.4,10544285.6,0,-0.138486088238282,-0.41506844072688,1.00404385770431,0.582957261451353,0.905063196426787,-0.707519340445803,0.01634344317566,0.446690279533185,1.00404385770431,-0.112071802552651,-0.81945892450589,0,-0.44645200023936,0.0625842272812853,-0.984426097198368,0.592794960540031,0.507953233937264,1.01320928280887,-1.01241460377963,-2.42440796356795,0.194387494431398,0.452058516634848,0.708692154522277,-0.7455502325292,0.268928835704104,1.49992493690731,1.00044832999338,64,4,319
"대전시동구",2024,5,218513,2.28819337979891,29.9,100,24.6426397430784,7.25,12.3,26.9,101.3,22.9,100,-1268,39609718,9,2.3,93.7,137,2541,74,257,0,99.4,0,136.696,0,0,0,2015,4182616.8,81759673,10560442,0,-0.138486088238282,-0.41506844072688,1.00404385770431,0.582957261451353,0.905063196426787,-0.707519340445803,0.01634344317566,0.446690279533185,1.00404385770431,-0.112071802552651,-0.820055615292347,0,-0.44645200023936,-0.433680328606965,-0.984426097198368,0.592794960540031,0.606538479786965,1.01320928280887,-0.972577761006501,-2.63145149803637,0.175862759296442,0.452058516634848,0.708692154522277,-0.7455502325292,0.268928835704104,1.49992493690731,-0.998655411839273,64,5,320
"대전시중구",2020,24,235550,10.1889195499894,24.9,100,20.32121835,5.67,15.3,32.3,97.42,19.4,100,-4202,94827631,4,5.5,92.1,100,1346,5,133,0,99.4,1164,62.07,0,0,41,1491,2597379.6,35708413.9,9590061.5,0,-0.138486088238282,-0.41506844072688,1.00404385770431,0.582957261451353,0.905063196426787,-0.639004360883206,0.01634344317566,0.446690279533185,1.00404385770431,-0.112071802552651,-0.850581105951026,-1.22364693762416,-0.44645200023936,-0.985085390705021,-0.984426097198368,-0.377705771976921,0.032553270617596,1.01320928280887,-0.733556704367706,-2.16560354548243,-0.542896963939805,-0.438480787336626,0.708692154522277,-0.7455502325292,0.687299529164163,0.568216689190515,-0.998655411839273,65,1,321
"대전시중구",2021,39,230341,16.9314190699875,24.3,100,20.32121835,5.67,13.5,31.4,97.2,20.5,100,-3921,96864929,5,8.4,92.1,100,1318,5,133,0,99.4,1138,62.07,0,0,26,1591,2583237.7,35674011.9,9595945.1,0,-0.138486088238282,-0.41506844072688,1.00404385770431,0.582957261451353,0.905063196426787,-0.640534764206769,0.01634344317566,0.446690279533185,1.00404385770431,-0.112071802552651,-0.850853423832757,-1.22364693762416,-0.44645200023936,-1.05125399815679,-0.984426097198368,-0.377705771976921,0.142092432672819,1.01320928280887,-0.876969338350983,-2.24324487090809,-0.583651381236705,-0.438480787336626,0.708692154522277,-0.7455502325292,0.697486603113986,0.568216689190515,1.00044832999338,65,2,322
"대전시중구",2022,11,227108,4.84351057646582,36.5,100,22.5766720039414,5.67,14.8,33.1,96.8,21.4,100,-1825,98694315,5,8,92.1,100,1219,4,133,0,99.6,850,62.182,0,0,28,1781,2539111.5,35668509.1,9639045.3,0,-0.138486088238282,-0.41506844072688,1.00404385770431,0.582957261451353,0.905063196426787,-0.657486924098545,0.01634344317566,0.446690279533185,1.00404385770431,-0.112071802552651,-0.851703122480949,-1.22364693762416,-0.44645200023936,0.294174353362469,-0.984426097198368,0.151076005993703,0.350216840577743,1.01320928280887,-0.773393547140838,-2.09658903399296,-0.657750321776526,-0.438480787336626,0.708692154522277,-0.7455502325292,0.706453113897551,0.568216689190515,1.00044832999338,65,3,323
"대전시중구",2023,7,223256,3.13541405382162,32.5,100,23.1952756216547,5.67,15.3,32.4,96.5,22.7,100,-2728,108465132,4,12.1,92.1,100,1219,4,133,82,99.6,850,62.192,0,0,28,1865,2525912.6,35663802.1,9673724.2,0,-0.138486088238282,-0.41506844072688,1.00404385770431,0.582957261451353,0.905063196426787,-0.657486924098545,0.01634344317566,0.446690279533185,1.00404385770431,-0.100750745564466,-0.851957281857637,-1.22364693762416,-0.44645200023936,-0.146949696315976,-0.984426097198368,0.287272700495732,0.44222973670413,1.01320928280887,-0.733556704367706,-2.15697673154625,-0.71332452718139,0.452058516634848,0.708692154522277,-0.7455502325292,0.751694124365169,0.568216689190515,1.00044832999338,65,4,324
"대전시중구",2024,8,225008,3.55542914029723,36,100,23.1952756216547,5.67,16.5,31,96.2,23.5,100,-2728,108465132,3,6.8,94.2,100,1219,4,133,58,99.6,850,62.195,0,0,28,1957,2515873.8,35656228.9,9710221.2,0,-0.138486088238282,-0.41506844072688,1.00404385770431,0.582957261451353,0.905063196426787,-0.657486924098545,0.01634344317566,0.446690279533185,1.00404385770431,-0.104064225658569,-0.852150590023522,-1.22364693762416,-0.44645200023936,0.239033847152663,-0.984426097198368,0.287272700495732,0.543005765794935,1.01320928280887,-0.637948281712188,-2.27775212665282,-0.768898732586254,0.452058516634848,0.708692154522277,-0.7455502325292,0.751694124365169,0.568216689190515,1.00044832999338,65,5,325
"대전시서구",2020,44,477880,9.20733238469909,31.7,99.9,18.61635014,3.82,20.5,31.2,96.85,12.8,100,-3835,110076892,7,3.7,97.4,161,1372,18,144,0,99.3,1603,95,0,2,1,1706,6395552.7,47208581.5,15379302.5,0,-0.138486088238282,-0.41506844072688,1.00404385770431,0.582957261451353,0.905063196426787,-0.613164089381504,0.01634344317566,0.446690279533185,1.00404385770431,-0.112071802552651,-0.777443093870503,0,0.447253529862769,-0.235174506251665,1.01490923682017,-0.815956669889288,0.268062469036326,-0.986069748447918,-0.319253539527127,-2.26049849878046,-0.648487954209049,-1.3290200913081,0.708692154522277,-0.7455502325292,0.758763109884473,1.49992493690731,-0.998655411839273,66,1,326
"대전시서구",2021,52,473365,10.9851805689056,34.8,99.9,18.61635014,3.82,19.2,29.9,96.7,13.6,100,-4352,112195714,7,4.9,97.4,161,1349,18,144,0,99.3,1603,95,0,2,1,1869,6242287.1,47080054.5,15482001,0,-0.138486088238282,-0.41506844072688,1.00404385770431,0.582957261451353,0.905063196426787,-0.613164089381504,0.01634344317566,0.446690279533185,1.00404385770431,-0.112071802552651,-0.780394392036542,0,0.447253529862769,0.10669663224913,1.01490923682017,-0.815956669889288,0.446611303186339,-0.986069748447918,-0.422829330737272,-2.37264707995085,-0.67627505691148,-1.3290200913081,0.708692154522277,-0.7455502325292,0.767900149184414,1.49992493690731,-0.998655411839273,66,2,327
"대전시서구",2022,15,470374,3.18895177029343,48.4,99.9,20.4022142394441,3.82,19,30.7,96.5,14.4,100,-2440,118932309,7,4.2,97.4,161,1325,18,144,0,99.3,1603,95.453,0,2,1,2143,6060618.7,47074219.8,15681965.1,0,-0.138486088238282,-0.41506844072688,1.00404385770431,0.582957261451353,0.905063196426787,-0.613164089381504,0.01634344317566,0.446690279533185,1.00404385770431,-0.112071802552651,-0.78389261744229,0,0.447253529862769,1.60651840115584,1.01490923682017,-0.357766920231256,0.74674860721765,-0.986069748447918,-0.438764067846525,-2.30363256846138,-0.71332452718139,-1.3290200913081,0.708692154522277,-0.7455502325292,0.795844541268297,1.49992493690731,-0.998655411839273,66,3,328
"대전시서구",2023,7,464634,1.50656215429779,39.9,99.9,20.6083820281265,3.82,19.6,30.5,96.4,15.4,100,-5753,127969311,7,4.5,97.4,161,1325,18,144,8833,99.3,1603,95.542,0,2,48,2276,6040778.6,47095423.5,15702372.4,0,-0.138486088238282,-0.41506844072688,1.00404385770431,0.582957261451353,0.905063196426787,-0.613164089381504,0.01634344317566,0.446690279533185,1.00404385770431,1.10742693374785,-0.784274660449619,0,0.447253529862769,0.669129795589147,1.01490923682017,-0.307352885148814,0.892435692751097,-0.986069748447918,-0.390959856518765,-2.32088619633374,-0.731849262316344,-1.3290200913081,0.708692154522277,-0.7455502325292,0.830942212042617,1.49992493690731,-0.998655411839273,66,4,329
"대전시서구",2024,20,457951,4.36727946876413,49.3,99.9,20.6083820281265,3.82,18,28.4,96.1,16.5,100,-5753,127969311,7,4,98.4,161,1325,18,144,8833,99.3,1603,95.519,0,2,48,2272,6008907.3,47073007.3,15710875.9,0,-0.138486088238282,-0.41506844072688,1.00404385770431,0.582957261451353,0.905063196426787,-0.613164089381504,0.01634344317566,0.446690279533185,1.00404385770431,1.10742693374785,-0.784888377482269,0,0.447253529862769,1.70577131233349,1.01490923682017,-0.307352885148814,0.888054126268888,-0.986069748447918,-0.51843775339279,-2.50204928899361,-0.78742346772121,-1.3290200913081,0.708692154522277,-0.7455502325292,0.830942212042617,1.49992493690731,-0.998655411839273,66,5,330
"대전시유성구",2020,25,351047,7.12155352417198,28.4,99.8,16.9905509,2.39,29.8,36.6,101.98,9.6,100,438,44075717,5,6.2,95.7,264,2945,9,715,79,93.9,21046,176.37,0,0,3,836,14551346.7,84991073.2,22518195.7,0,-0.138486088238282,-0.41506844072688,1.00404385770431,0.582957261451353,0.905063196426787,0.531283288312302,1.23120605256646,0.446690279533185,1.00404385770431,-0.101164930576229,-0.620394285300337,0,1.3409590599649,-0.599101847236382,-0.984426097198368,-1.27091637181992,-0.684928240844115,-0.986069748447918,0.421711736053139,-1.79465054622652,0.301830958214136,-1.3290200913081,0.708692154522277,0.994119609877878,0.3201282909333,0.568216689190515,-0.998655411839273,67,1,331
"대전시유성구",2021,34,351277,9.6789712961566,37.9,99.8,16.9905509,2.39,27.8,35.9,102.1,10.3,100,-644,47342782,5,7.4,95.7,264,2799,8,715,62,94.2,20046,176.37,0,0,4,930,13502340.3,84274668.7,23957721.2,0,-0.138486088238282,-0.41506844072688,1.00404385770431,0.582957261451353,0.905063196426787,0.472421622021411,1.23120605256646,0.446690279533185,1.00404385770431,-0.103511978976219,-0.640594060491138,0,1.3409590599649,0.448567770749924,-0.984426097198368,-1.27091637181992,-0.581961428512205,-0.986069748447918,0.262364364960609,-1.85503824377981,0.32406064037608,-1.3290200913081,0.708692154522277,-0.7455502325292,0.354396584577468,0.568216689190515,1.00044832999338,67,2,332
"대전시유성구",2022,9,356093,2.52742963214666,41.7,99.8,18.8050249703959,2.39,29.5,37.6,102.4,10.9,100,4015,50473738,5,8.5,95.7,264,2873,8,715,117,94,20957,176.61,0,0,4,1080,13283231.2,84251151.4,24129043.4,0,-0.138486088238282,-0.41506844072688,1.00404385770431,0.582957261451353,0.905063196426787,0.526044600012413,1.23120605256646,0.446690279533185,1.00404385770431,-0.0959185870938993,-0.644813247869078,0,1.3409590599649,0.867635617944447,-0.984426097198368,-0.765619557489786,-0.417652685429371,-0.986069748447918,0.39780963038926,-1.70838240686468,0.379634845780946,-1.3290200913081,0.708692154522277,1.62701188791476,0.385086588247958,0.568216689190515,1.00044832999338,67,3,333
"대전시유성구",2023,9,366845,2.45335223323202,39.1,99.8,19.0825118743585,2.39,30.5,37.9,102.6,11.4,100,9740,58911589,5,10.9,95.7,264,2873,8,715,141,94.3,20645,176.612,0,0,4,1120,12790341.9,83944186.6,24664720,0,-0.138486088238282,-0.41506844072688,1.00404385770431,0.582957261451353,0.905063196426787,0.507679760129655,1.23120605256646,0.446690279533185,1.00404385770431,-0.0926051069997963,-0.654304374952717,0,1.3409590599649,0.580904985653458,-0.984426097198368,-0.692452588773451,-0.373837020607281,-0.986069748447918,0.477483315935525,-1.68250196505613,0.416684316050854,-1.3290200913081,0.708692154522277,1.88035192983576,0.45916987140235,0.568216689190515,1.00044832999338,67,4,334
"대전시유성구",2024,8,369468,2.16527547717258,40.5,99.8,19.0825118743585,2.39,30.2,36.2,102.6,12.3,100,9740,58911589,5,9.8,97.2,264,2873,8,715,93,94.4,20335,176.623,0,0,4,1166,12717085.8,83921273.6,24724977.2,0,-0.138486088238282,-0.41506844072688,1.00404385770431,0.582957261451353,0.905063196426787,0.489432643579478,1.23120605256646,0.446690279533185,1.00404385770431,-0.0992320671880023,-0.655715001953043,0,1.3409590599649,0.735298403040914,1.01490923682017,-0.692452588773451,-0.323449006061879,-0.986069748447918,0.453581210271645,-1.82915780197125,0.416684316050854,-1.3290200913081,0.708692154522277,1.88035192983576,0.45916987140235,0.568216689190515,1.00044832999338,67,5,335
"대전시대덕구",2020,25,176384,14.1736211901306,30,100,21.48982741,6.01,19.6,35,103.47,15.8,100,-375,18651266,3,5.5,89.9,364,1604,3,145,0,99.6,533,68.66,0,0,31,907,2188976.1,27560094,8048846.9,0,-0.138486088238282,-0.41506844072688,1.00404385770431,0.582957261451353,0.905063196426787,-0.676146072312758,1.23120605256646,0.446690279533185,1.00404385770431,-0.112071802552651,-0.8584453657755,-1.22364693762416,-0.44645200023936,-0.422652227365004,-0.984426097198368,-0.0971033315588672,-0.607155435784906,1.01320928280887,-0.390959856518765,-1.93267956920546,0.577849511724962,-1.3290200913081,0.708692154522277,-0.7455502325292,-0.0920163994012761,0.568216689190515,-0.998655411839273,68,1,336
"대전시대덕구",2021,24,175046,13.7106817636507,28.9,100,21.48982741,6.01,18.2,33.4,103.4,16.8,100,-825,18334220,3,8.3,89.9,364,1600,3,145,0,99.6,432,68.66,0,0,26,1019,2165650.4,27560441.3,8061339.3,0,-0.138486088238282,-0.41506844072688,1.00404385770431,0.582957261451353,0.905063196426787,-0.682091100608138,1.23120605256646,0.446690279533185,1.00404385770431,-0.112071802552651,-0.858894527855128,-1.22364693762416,-0.44645200023936,-0.543961341026576,-0.984426097198368,-0.0971033315588672,-0.484471574283057,1.01320928280887,-0.502503016283537,-2.07070859218441,0.564882197130495,-0.438480787336626,0.708692154522277,-0.7455502325292,-0.100232871262729,0.568216689190515,1.00044832999338,68,2,337
"대전시대덕구",2022,4,172746,2.31553842057124,46.4,100,23.1524101777266,6.01,17.4,34.8,103.3,18.1,100,-1688,17709164,3,7.6,89.9,364,1565,0,145,50,98.6,432,68.737,0,0,26,1159,2113500.9,27521278.8,8137601.3,0,-0.138486088238282,-0.41506844072688,1.00404385770431,-1.71385315027395,0.905063196426787,-0.682091100608138,1.23120605256646,0.446690279533185,1.00404385770431,-0.10516871902327,-0.859898723993791,-1.22364693762416,-0.44645200023936,1.38595637631662,-0.984426097198368,0.277948007715604,-0.331116747405744,1.01320928280887,-0.566241964720549,-1.94993319707783,0.546357461995538,-0.438480787336626,0.708692154522277,-0.7455502325292,-0.11685630347077,0.568216689190515,1.00044832999338,68,3,338
"대전시대덕구",2023,9,169853,5.29869946365387,44,100,23.8677275890237,6.01,18.4,35.7,103.3,19.5,100,-2465,18164129,2,6.8,89.9,364,1565,0,145,54,98.6,432,68.739,0,0,28,1246,2081153.5,27413419.9,8160945.8,0,-0.138486088238282,-0.41506844072688,1.00404385770431,-1.71385315027395,0.905063196426787,-0.682091100608138,1.23120605256646,0.446690279533185,1.00404385770431,-0.10461647234092,-0.860521608857036,-1.22364693762416,-0.44645200023936,1.12128194650955,-0.984426097198368,0.431430160008174,-0.2358176764177,1.01320928280887,-0.486568279174284,-1.87229187165218,0.546357461995538,-0.438480787336626,0.708692154522277,-0.7455502325292,-0.1046996562146,-0.363491558526281,1.00044832999338,68,4,339
"대전시대덕구",2024,6,168217,3.56682142708525,49.3,100,23.8677275890237,6.01,17.8,33.6,103.1,20.9,100,-2465,18164129,2,5.4,88.3,364,1565,0,145,54,98.6,432,68.724,0,0,28,1298,2060789.8,27370272.9,8176138.5,0,-0.138486088238282,-0.41506844072688,1.00404385770431,-1.71385315027395,0.905063196426787,-0.682091100608138,1.23120605256646,0.446690279533185,1.00404385770431,-0.10461647234092,-0.860913734359848,-1.22364693762416,-0.44645200023936,1.70577131233349,-0.984426097198368,0.431430160008174,-0.178857312148984,1.01320928280887,-0.534372490502043,-2.05345496431204,0.509307991725628,-0.438480787336626,0.708692154522277,-0.7455502325292,-0.1046996562146,-0.363491558526281,-0.998655411839273,68,5,340
"울산시중구",2020,11,217595,5.05526321836439,32.4,100,20.65541212,3.59,20.1,39.9,102.61,15.3,100,-5839,50189053,9,4,93,56,11,2,13,627,99.8,47,37.007,0,0,0,905,2010887.8,13818321.2,8143591.9,0,-0.138486088238282,-0.41506844072688,-0.99507918040338,0.582957261451353,0.905063196426787,-0.704752842130131,-1.19851916621514,1.34007083859956,-0.995079180403383,-0.0255071350942102,-0.861874652407222,-1.22364693762416,-0.44645200023936,-0.157977797557937,-0.984426097198368,-0.295920043765629,-0.609346219026011,-0.986069748447918,-0.351123013745633,-1.50996568633245,0.41853678956435,-1.3290200913081,0.708692154522277,-0.7455502325292,0.382375893740187,1.49992493690731,-0.998655411839273,69,1,341
"울산시중구",2021,6,212883,2.81844957089105,31.7,100,20.65541212,3.59,19.1,40,102.5,16.5,100,-3940,50553602,9,4.7,93,56,11,2,13,247,99.8,47,37.007,0,0,0,942,1973841.8,13818320.2,8143115.8,0,-0.138486088238282,-0.41506844072688,-0.99507918040338,0.582957261451353,0.905063196426787,-0.704752842130131,-1.19851916621514,1.34007083859956,-0.995079180403383,-0.0779705699175079,-0.862588013995596,-1.22364693762416,-0.44645200023936,-0.235174506251665,-0.984426097198368,-0.295920043765629,-0.568816729065578,-0.986069748447918,-0.430796699291898,-1.50133887239626,0.3981595809159,-1.3290200913081,0.708692154522277,-0.7455502325292,0.385844286056091,1.49992493690731,-0.998655411839273,69,2,342
"울산시중구",2022,5,208132,2.40232160359772,42.7,100,22.7379252754357,3.59,19.2,40,102.3,17.8,100,-4002,52339905,9,8.4,93,56,11,2,13,270,99.8,47,37.007,0,0,0,1159,1954271.8,13812449.2,8143735.1,0,-0.138486088238282,-0.41506844072688,-0.99507918040338,0.582957261451353,0.905063196426787,-0.704752842130131,-1.19851916621514,1.34007083859956,-0.995079180403383,-0.0747951514939925,-0.862964855929529,-1.22364693762416,-0.44645200023936,0.977916630364059,-0.984426097198368,0.186920120120129,-0.331116747405744,-0.986069748447918,-0.422829330737272,-1.50133887239626,0.36111011064599,-0.438480787336626,0.708692154522277,-0.7455502325292,0.402485867529209,1.49992493690731,1.00044832999338,69,3,343
"울산시중구",2023,5,208668,2.39615082331742,39.5,100,23.1010894350139,3.59,19.3,39.1,102.4,18.9,100,1060,51370060,9,12.1,93,56,11,2,13,293,99.8,47,37.004,0,0,0,1271,1917578.8,13598607.2,8129310.3,0,-0.138486088238282,-0.41506844072688,-0.99507918040338,0.582957261451353,0.905063196426787,-0.704752842130131,-1.19851916621514,1.34007083859956,-0.995079180403383,-0.0716197330704772,-0.863671420113576,-1.22364693762416,-0.44645200023936,0.625017390621302,-0.984426097198368,0.266762207357335,-0.208432885903895,-0.986069748447918,-0.414861962182645,-1.57898019782192,0.379634845780946,-0.438480787336626,0.708692154522277,1.24643329828393,0.393522353456013,1.49992493690731,1.00044832999338,69,4,344
"울산시중구",2024,5,207000,2.41545893719807,42.4,100,23.1010894350139,3.59,19.5,37.7,102.4,20.3,100,1060,51370060,9,7.9,96.7,56,11,2,13,293,99.8,47,37.002,0,0,0,1359,1915389.8,13598348.2,8132884.5,0,-0.138486088238282,-0.41506844072688,-0.99507918040338,0.582957261451353,0.905063196426787,-0.704752842130131,-1.19851916621514,1.34007083859956,-0.995079180403383,-0.0716197330704772,-0.863713571722844,-1.22364693762416,-0.44645200023936,0.944832326638175,-0.984426097198368,0.266762207357335,-0.112038423295298,-0.986069748447918,-0.398927225073392,-1.69975559292849,0.379634845780946,-0.438480787336626,0.708692154522277,1.24643329828393,0.393522353456013,1.49992493690731,1.00044832999338,69,5,345
"울산시남구",2020,7,320064,2.1870625874825,28.7,99.9,19.390907,2.92,35.4,46.3,104.04,12.2,100,-4058,86882866,2,7,96.2,327,9,2,27,248,99.8,342,73.511,0,0,0,942,1943849,17573991,10430895.2,0,-0.138486088238282,-0.41506844072688,-0.99507918040338,0.582957261451353,0.905063196426787,-0.687388650574318,1.23120605256646,1.34007083859956,-0.995079180403383,-0.0778325082469203,-0.863165558438931,-1.22364693762416,-0.44645200023936,-0.566017543510498,-0.984426097198368,-0.612312687657133,-0.568816729065578,-0.986069748447918,0.867884375112224,-0.957849594416669,0.683440501994206,-1.3290200913081,0.708692154522277,-0.7455502325292,0.64536596190269,-0.363491558526281,1.00044832999338,70,1,346
"울산시남구",2021,7,313819,2.23058514621486,31.2,99.9,19.390907,2.92,33.2,45.1,104.1,13.2,100,-6050,86469436,2,8.9,96.2,327,9,2,27,248,99.8,342,73.511,0,0,0,1031,1909400.2,17452800,10409476.8,0,-0.138486088238282,-0.41506844072688,-0.99507918040338,0.582957261451353,0.905063196426787,-0.687388650574318,1.23120605256646,1.34007083859956,-0.995079180403383,-0.0778325082469203,-0.863828908076829,-1.22364693762416,-0.44645200023936,-0.29031501246147,-0.984426097198368,-0.612312687657133,-0.47132687483643,-0.986069748447918,0.692602266910441,-1.06137136165088,0.694555343075176,-1.3290200913081,0.708692154522277,-0.7455502325292,0.643080063090365,-0.363491558526281,1.00044832999338,70,2,347
"울산시남구",2022,4,310638,1.28767246763113,33.2,99.9,20.873665922065,2.92,33.9,46.4,104,14.3,100,-2846,95965583,2,10.1,96.2,327,7,2,27,328,99.8,342,73.993,0,0,0,1183,1899725.3,17336073.1,10413348.1,0,-0.138486088238282,-0.41506844072688,-0.99507918040338,0.582957261451353,0.905063196426787,-0.687388650574318,1.23120605256646,1.34007083859956,-0.995079180403383,-0.0667875745999102,-0.864015208946865,-1.22364693762416,-0.44645200023936,-0.0697529876222476,-0.984426097198368,-0.243186279650047,-0.304827348512491,-0.986069748447918,0.748373846792826,-0.949222780480484,0.676030607940223,-1.3290200913081,0.708692154522277,-0.7455502325292,0.693016289347984,-0.363491558526281,1.00044832999338,70,3,348
"울산시남구",2023,3,307232,0.976460785334861,39.3,99.9,21.4079033518491,2.92,34.1,46.2,104.1,15.4,100,-3209,104053486,2,7.7,96.2,327,7,2,27,343,99.8,342,74.02,0,0,0,1322,1892355.3,17324338.3,10418837.3,0,-0.138486088238282,-0.41506844072688,-0.99507918040338,0.582957261451353,0.905063196426787,-0.687388650574318,1.23120605256646,1.34007083859956,-0.995079180403383,-0.0647166495410959,-0.864157126425306,-1.22364693762416,-0.44645200023936,0.60296118813738,-0.984426097198368,-0.116294010130664,-0.152567913255731,-0.986069748447918,0.76430858390208,-0.966476408352852,0.694555343075176,-1.3290200913081,0.708692154522277,-0.7455502325292,0.731794271109033,-0.363491558526281,1.00044832999338,70,4,349
"울산시남구",2024,7,304885,2.29594765239353,43,99.9,21.4079033518491,2.92,32.8,44.7,104.5,16.7,100,-3209,104053486,2,6,95,327,7,2,27,358,99.8,342,74.08,0,0,0,1375,1882160.5,17288452.1,10428328.9,0,-0.138486088238282,-0.41506844072688,-0.99507918040338,0.582957261451353,0.905063196426787,-0.687388650574318,1.23120605256646,1.34007083859956,-0.995079180403383,-0.0626457244822815,-0.864353438543245,-1.22364693762416,-0.44645200023936,1.01100093408994,-0.984426097198368,-0.116294010130664,-0.0945121573664627,-0.986069748447918,0.660732792691934,-1.09587861739561,0.768654283614997,-1.3290200913081,0.708692154522277,-0.7455502325292,0.731794271109033,-0.363491558526281,-0.998655411839273,70,5,350
"울산시동구",2020,4,156806,2.55092279632157,35.9,99.5,17.36908043,3.4,23.2,41.6,109.61,12.7,100,-3052,59724662,0,9.2,97.6,39,22,1,5,191,99.9,12,36.075,0,0,8,425,967905.4,18140688.4,4704001,0,-0.138486088238282,-0.41506844072688,-0.99507918040338,0.582957261451353,0.905063196426787,-0.706813000450313,-1.19851916621514,1.34007083859956,-0.995079180403383,-0.085702023470415,-0.881958428834098,-1.22364693762416,-1.34015753034149,0.228005745910702,1.01490923682017,-1.16142024208976,-1.13513419689108,-0.986069748447918,-0.104134588552211,-1.36330984941732,1.71526824901119,-1.3290200913081,0.708692154522277,-0.7455502325292,0.465738923817447,-1.29519980624308,1.00044832999338,71,1,351
"울산시동구",2021,8,154096,5.1915688921192,35.4,99.5,17.36908043,3.4,21.8,43.1,109.1,13.9,100,-2529,67189718,0,8.9,97.6,39,22,1,5,0,99.9,136,36.075,0,0,16,487,951906.4,18118348.4,4720342.3,0,-0.138486088238282,-0.41506844072688,-0.99507918040338,0.582957261451353,0.905063196426787,-0.699514153830242,-1.19851916621514,1.34007083859956,-0.995079180403383,-0.112071802552651,-0.882266507224542,-1.22364693762416,-1.34015753034149,0.172865239700897,1.01490923682017,-1.16142024208976,-1.06721991641684,-0.986069748447918,-0.215677748316982,-1.23390764037456,1.62079209982292,-1.3290200913081,0.708692154522277,-0.7455502325292,0.522181605846301,-1.29519980624308,1.00044832999338,71,2,352
"울산시동구",2022,2,151711,1.31829597062837,39.8,99.5,18.9940751632574,3.4,22.4,42.7,109.1,15.2,100,-2030,65554858,0,4.7,97.6,39,22,1,5,96,99.9,99,36.073,0,0,15,557,949734.4,18111692.3,4732826.4,0,-0.138486088238282,-0.41506844072688,-0.99507918040338,0.582957261451353,0.905063196426787,-0.701692035483005,-1.19851916621514,1.34007083859956,-0.995079180403383,-0.0988178821762394,-0.882308331480061,-1.22364693762416,-1.34015753034149,0.658101694347185,1.01490923682017,-0.715660996314474,-0.990542502978187,-0.986069748447918,-0.167873536989223,-1.26841489611929,1.62079209982292,-1.3290200913081,0.708692154522277,-0.7455502325292,0.510376509236741,-1.29519980624308,-0.998655411839273,71,3,353
"울산시동구",2023,5,152287,3.28327434383762,44.1,99.5,19.5010082638093,3.4,22.9,43.8,109,16.6,100,650,68824322,0,8.2,97.6,39,22,1,5,96,99.9,99,36.075,0,1,16,621,945800.4,18039482.3,4772532.9,0,-0.138486088238282,-0.41506844072688,-0.99507918040338,0.582957261451353,0.905063196426787,-0.701692035483005,-1.19851916621514,1.34007083859956,-0.995079180403383,-0.0988178821762394,-0.882384084988906,-1.22364693762416,-1.34015753034149,1.13231004775151,1.01490923682017,-0.583994941463549,-0.920437439262844,-0.986069748447918,-0.128036694216091,-1.17351994282127,1.60226736468796,-1.3290200913081,0.708692154522277,1.1067743521481,0.533701103202261,-1.29519980624308,1.00044832999338,71,4,354
"울산시동구",2024,0,150836,0,36.9,99.5,19.5010082638093,3.4,20.9,41.1,109.1,18.2,100,650,68824322,0,8.2,95,39,22,1,5,96,99.9,99,36.075,0,1,16,650,943730.6,18037796.3,4772942,0,-0.138486088238282,-0.41506844072688,-0.99507918040338,0.582957261451353,0.905063196426787,-0.701692035483005,-1.19851916621514,1.34007083859956,-0.995079180403383,-0.0988178821762394,-0.882423941270707,-1.22364693762416,-1.34015753034149,0.338286758330313,-0.984426097198368,-0.583994941463549,-0.88867108226683,-0.986069748447918,-0.287384065308621,-1.40644391909824,1.62079209982292,-0.438480787336626,0.708692154522277,1.1067743521481,0.533701103202261,-1.29519980624308,1.00044832999338,71,5,355
"울산시북구",2020,8,219014,3.65273452838631,25.3,99.2,16.85991678,2.13,29.7,44.9,107.36,8.2,100,62,29572473,4,6.2,99.6,150,81,13,38,19,99,1564,157.352,0,6,21,431,15820385.5,98760367.6,7719525,0,-0.138486088238282,-0.41506844072688,-0.99507918040338,0.582957261451353,0.905063196426787,-0.615459694366849,0.01634344317566,0.446690279533185,-0.995079180403383,-0.109448630811487,-0.59595754357178,0,-1.34015753034149,-0.940972985737176,1.01490923682017,-1.30923998996369,-1.12856184716777,-0.986069748447918,0.413744367498513,-1.07862498952324,1.2984617084747,-1.3290200913081,0.708692154522277,0.439047882649187,0.128880037523984,0.568216689190515,-0.998655411839273,72,1,356
"울산시북구",2021,3,218735,1.37152261869385,29.5,99.2,16.85991678,2.13,28.1,43.5,107.4,9,100,-1023,29383124,4,6.6,99.6,150,79,13,38,19,99.1,1455,157.352,0,5,7,498,15085841.4,98295880,8525393.5,0,-0.138486088238282,-0.41506844072688,-0.99507918040338,0.582957261451353,0.905063196426787,-0.621875615992556,0.01634344317566,0.446690279533185,-0.995079180403383,-0.109448630811487,-0.61010200035272,0,-0.44645200023936,-0.477792733574809,1.01490923682017,-1.30923998996369,-1.05517060859077,-0.986069748447918,0.286266470624489,-1.19940038462982,1.30587160252869,-1.3290200913081,0.708692154522277,-0.7455502325292,0.125801650198814,0.568216689190515,1.00044832999338,72,2,357
"울산시북구",2022,3,218670,1.37193030594046,36.6,99.2,18.7249883666822,2.13,26.6,43.1,106.9,9.8,100,-552,35166127,3,7.7,99.6,150,72,12,38,20,99.1,1455,157.352,0,5,5,556,14960761.9,98221571.2,8678823.7,0,-0.138486088238282,-0.41506844072688,-0.99507918040338,0.582957261451353,0.905063196426787,-0.621875615992556,0.01634344317566,0.446690279533185,-0.995079180403383,-0.109310569140899,-0.61251054407655,0,-0.44645200023936,0.30520245460443,1.01490923682017,-0.786913940811147,-0.991637894598739,-0.986069748447918,0.166755942305091,-1.23390764037456,1.21324792685391,-1.3290200913081,0.708692154522277,-0.7455502325292,0.211903407960955,0.568216689190515,1.00044832999338,72,3,358
"울산시북구",2023,6,216477,2.77165703515847,36.6,99.2,19.0131494410417,2.13,27.3,43,107.4,10.8,100,-2601,42922926,3,6.2,99.6,150,72,12,38,12,99.3,1219,157.352,0,6,6,607,14793020.5,97720792.4,8701103.3,0,-0.138486088238282,-0.41506844072688,-0.99507918040338,0.582957261451353,0.905063196426787,-0.635766969237206,0.01634344317566,0.446690279533185,-0.995079180403383,-0.1104150625056,-0.615740589737082,0,-0.44645200023936,0.30520245460443,1.01490923682017,-0.710646671128201,-0.935772921950576,-0.986069748447918,0.222527522187476,-1.24253445431074,1.30587160252869,-1.3290200913081,0.708692154522277,-0.7455502325292,0.307427015973967,0.568216689190515,-0.998655411839273,72,4,359
"울산시북구",2024,5,216522,2.30923416558133,39.9,99.2,19.0131494410417,2.13,27,42.6,107.8,11.8,100,-364,42922926,3,8.2,96.6,150,72,12,38,36,99.3,1219,157.363,0,6,6,655,14741461.9,97709479.1,8729131.9,0,-0.138486088238282,-0.41506844072688,-0.99507918040338,0.582957261451353,0.905063196426787,-0.635766969237206,0.01634344317566,0.446690279533185,-0.995079180403383,-0.107101582411497,-0.616733407444536,0,-0.44645200023936,0.669129795589147,-0.984426097198368,-0.710646671128201,-0.883194124164069,-0.986069748447918,0.198625416523597,-1.27704171005548,1.37997054306851,-1.3290200913081,0.708692154522277,-0.7455502325292,0.307427015973967,0.568216689190515,1.00044832999338,72,5,360
"울산시울주군",2020,5,222538,2.24680728684539,28.1,91.6,19.47063639,2.73,45.1,66.6,106.78,14.8,85.05064304,-697,36417072,2,1.4,99.6,511,600,461,508,161,97.6,1342,758.142,20,76,28,967,71204982.1,518297274.2,20781814.8,0,-0.138486088238282,-0.148334161947427,-0.99507918040338,0.582957261451353,-0.299167667553959,-0.628526984283427,1.23120605256646,0.446690279533185,1.00404385770431,-0.0898438735880437,0.470533948141872,1.22364693762416,1.3409590599649,-0.632186150962265,1.01490923682017,-0.591791286524275,-0.541431938551773,-0.986069748447918,1.640719124911,0.793393634628689,1.19101824469197,-1.3290200913081,0.708692154522277,-0.7455502325292,0.228654962881372,-0.363491558526281,-0.998655411839273,73,1,361
"울산시울주군",2021,2,222059,0.900661535898117,25.5,91.6,19.47063639,2.73,45.3,64.5,106.9,15.9,85.04,-132,35928323,3,2.1,99.6,511,612,459,508,172,97.8,1224,758.142,20,75,28,1119,70487191.2,517398853.3,21106387.4,0,-0.138486088238282,-0.148334161947427,-0.99507918040338,0.582957261451353,-0.299167667553959,-0.635472660905752,1.23120605256646,0.446690279533185,1.00404385770431,-0.0883251952115799,0.456712092704191,1.22364693762416,1.3409590599649,-0.918916783253254,1.01490923682017,-0.591791286524275,-0.374932412227834,-0.986069748447918,1.65665386202025,0.612230541968824,1.21324792685391,-1.3290200913081,0.708692154522277,-0.7455502325292,0.222179580873663,0.568216689190515,-0.998655411839273,73,2,362
"울산시울주군",2022,3,221512,1.35432843367402,24.2,91.6,20.8120348544641,2.73,44.3,63.7,107.2,17,85.02,-106,37599259,4,5.7,99.6,511,630,458,508,354,97.2,3469,758.407,17,78,28,1230,69747823.3,516027360,21805730.9,0,-0.138486088238282,-0.188344303764345,-0.99507918040338,0.582957261451353,-0.299167667553959,-0.5033282200827,1.23120605256646,0.446690279533185,1.00404385770431,-0.063197971164632,0.442474748334038,1.22364693762416,1.3409590599649,-1.06228209939875,1.01490923682017,-0.258023872707383,-0.253343942346536,-0.986069748447918,1.57698017647398,0.543216030479353,1.26882213225878,-0.438480787336626,0.708692154522277,-0.7455502325292,0.243965109783106,0.568216689190515,-0.998655411839273,73,3,363
"울산시울주군",2023,6,218997,2.73976355840491,30.5,91.6,20.7730908729567,2.73,46.2,66.5,107.3,18.4,85,-2115,39597067,4,9.9,99.6,511,630,458,508,108,97.3,3148,758.377,28,83,27,1329,69460555.6,515723768.9,21981638.9,0,-0.138486088238282,-0.0416404504356454,-0.99507918040338,0.582957261451353,-0.299167667553959,-0.522222814962076,1.23120605256646,0.446690279533185,1.00404385770431,-0.0971611421291879,0.436943091940351,1.22364693762416,1.3409590599649,-0.367511721155198,1.01490923682017,-0.267421212842123,-0.144900171911865,-0.986069748447918,1.72836017901189,0.784766820692505,1.28734686739373,-0.438480787336626,0.708692154522277,-0.7455502325292,0.268775745898302,0.568216689190515,1.00044832999338,73,4,364
"울산시울주군",2024,2,218806,0.91405171704615,38.5,91.6,20.7730908729567,2.73,43.8,64.2,107.5,19.6,85.12,187,39597067,4,6.8,97.2,511,630,458,508,196,98.1,2207,758.384,28,83,27,1350,69155041.7,515318169,22288387.2,0,-0.138486088238282,-0.0416404504356454,-0.99507918040338,0.582957261451353,-0.299167667553959,-0.577611642941806,1.23120605256646,0.446690279533185,1.00404385770431,-0.0850117151174768,0.431060084841763,1.22364693762416,1.3409590599649,0.514736378201691,1.01490923682017,-0.267421212842123,-0.121896947880268,-0.986069748447918,1.53714333370085,0.586350100160273,1.32439633766364,-0.438480787336626,0.708692154522277,0.751644449530282,0.268775745898302,0.568216689190515,1.00044832999338,73,5,365
"세종시세종시",2020,22,355831,6.18271033159,23.4,97.9,16.1692612,2,64.8,70.8,99.61,9.8,86.82267706,13025,31526884,6,6.1,97.9,318,9155,146,0,0,86.7761904761905,26274,1394.76,149,106,144,1782,61411277.9,238882648.3,23547104.5,0,-0.138486088238282,1.57210193618004,1.00404385770431,0.582957261451353,-0.299167667553959,0.839012079681084,1.23120605256646,-0.446690279533185,-0.995079180403383,-0.112071802552651,0.281945372204492,0,1.3409590599649,-1.15050690933444,1.01490923682017,-1.5166313446301,0.351312232198295,-0.986069748447918,3.21029073017242,1.15571981994842,-0.137205264484295,-1.3290200913081,0.708692154522277,1.96344081636589,0.159549858573622,1.49992493690731,-0.998655411839273,74,1,366
"세종시세종시",2021,48,371895,12.906868874279,30.3,98.7,16.1692612,2,64,71,99.7,10.1,87.47,14085,56734048,6,6.6,97.9,318,9090,140,0,975,90.8125,19698,1392.519,85,51,195,1978,60597675.5,238722452.2,23789007.1,0,-0.138486088238282,0.718552244085795,1.00404385770431,0.582957261451353,-0.299167667553959,0.45193776215218,1.23120605256646,0.446690279533185,-0.995079180403383,0.0225383262702836,0.266278560662927,0,1.3409590599649,-0.38956792363912,1.01490923682017,-1.5166313446301,0.566008989826532,-0.986069748447918,3.14655178173541,1.17297344782079,-0.120533002862835,-1.3290200913081,0.708692154522277,1.98580936046218,0.441120078473929,1.49992493690731,1.00044832999338,74,2,367
"세종시세종시",2022,13,383591,3.38902633273461,40.1,99.7,17.7005892737263,2,65.8,72.4,99.6,10.5,88.2,10128,63255713,6,4.1,97.9,318,9466,130,0,753,92.3,14610,1394.754,61,54,274,2282,59329792.6,238133177.5,25115061.3,0,-0.138486088238282,0.398471109550452,1.00404385770431,0.582957261451353,0.905063196426787,0.152449604064124,1.23120605256646,0.446690279533185,-0.995079180403383,-0.00811136460016931,0.241864077063723,0,1.3409590599649,0.691185998073069,1.01490923682017,-1.06736331980932,0.89900804247441,-0.986069748447918,3.28996441571868,1.29374884292736,-0.139057737997791,-1.3290200913081,0.708692154522277,1.89151956052748,0.493266715041605,1.49992493690731,-0.998655411839273,74,3,368
"세종시세종시",2023,10,386525,2.58715477653451,37.4,99.8,18.0709586466165,2,69.7,76.1,99.2,11,88.75,1690,67676701,5,8.8,97.9,318,9466,130,0,105,92.7269230769231,14235,1394.886,78,51,347,2334,59035802.5,237831612.1,25300158.8,0,-0.138486088238282,0.625195246512987,1.00404385770431,0.582957261451353,0.905063196426787,0.130376479205039,1.23120605256646,0.446690279533185,-0.995079180403383,-0.0975753271409508,0.236202973443839,0,1.3409590599649,0.393427264540119,1.01490923682017,-0.964232852389246,0.955968406743126,-0.986069748447918,3.60069178934912,1.61294095856617,-0.213156678537609,-1.3290200913081,0.708692154522277,1.37970217410762,0.525642558554556,0.568216689190515,1.00044832999338,74,4,369
"세종시세종시",2024,8,390685,2.04768547551096,37.4,99.8,18.0709586466165,2,63.8,72,99.1,11.6,89.28,1690,67676701,5,8.8,97.9,318,9466,130,0,42,92.7769230769231,13761,1395.027,78,51,347,2456,58709736.4,237291539.5,25587491,0,-0.138486088238282,0.625195246512987,1.00404385770431,0.582957261451353,0.905063196426787,0.102476049383157,1.23120605256646,0.446690279533185,-0.995079180403383,-0.106273212387971,0.22992421106704,0,1.3409590599649,0.393427264540119,1.01490923682017,-0.964232852389246,1.0896061844505,-0.986069748447918,3.13061704462615,1.25924158718263,-0.231681413672565,-1.3290200913081,0.708692154522277,1.37970217410762,0.525642558554556,0.568216689190515,1.00044832999338,74,5,370
"경기도의정부시",2020,43,461710,9.31320525871218,29.1,99.3,18.35751538,4.62,27.2,56.7,97,15.2,100,9931,118216329,9,8.6,95.7,137,1056,2,53,1428,99.04,5952,157.62,3,0,1,2050,3106120.3,46261865.4,10918026.9,0,-0.138486088238282,-0.375058298909962,1.00404385770431,0.582957261451353,0.905063196426787,-0.357174702682416,0.01634344317566,0.446690279533185,-0.995079180403383,0.0850802630464781,-0.840784742677732,0,-0.44645200023936,-0.521905138542654,-0.984426097198368,-0.885805363124065,0.644877186506293,-0.986069748447918,0.21456015363285,-0.0606609450535294,-0.620700851506616,-1.3290200913081,0.708692154522277,1.88590391629668,0.792950762129579,1.49992493690731,1.00044832999338,75,1,371
"경기도의정부시",2021,116,463661,25.0182784404986,36.3,99.4,18.35751538,4.62,29.8,56.1,97.2,15.9,100,4315,139290616,9,7.3,95.7,137,1058,2,53,1034,99.1333333333333,5952,157.62,3,0,1,2310,2654994.6,46086048.8,11370329.9,0,-0.138486088238282,-0.375058298909962,1.00404385770431,0.582957261451353,0.905063196426787,-0.357174702682416,0.01634344317566,0.446690279533185,-0.995079180403383,0.0306839648349535,-0.849471665581912,0,-0.44645200023936,0.272118150878546,-0.984426097198368,-0.885805363124065,0.929679007849873,-0.986069748447918,0.421711736053139,-0.112421828670634,-0.583651381236705,-1.3290200913081,0.708692154522277,1.64761020556913,0.871568432703948,1.49992493690731,1.00044832999338,75,2,372
"경기도의정부시",2022,19,463724,4.09726475230956,37.2,99.3,20.6756495390368,4.62,27.6,56.2,96.8,16.7,100,2316,153501194,9,7.1,95.7,137,1106,2,53,1090,99.1,6034,163.09,3,0,1,2596,2475169.4,46045617,11591039.6,0,-0.138486088238282,-0.375058298909962,1.00404385770431,0.582957261451353,0.905063196426787,-0.352348046046563,0.01634344317566,0.446690279533185,-0.995079180403383,0.0384154183878606,-0.852934398138778,0,-0.44645200023936,0.371371062056197,-0.984426097198368,-0.291008040921945,1.24296101132781,-0.986069748447918,0.246429627851356,-0.10379501473445,-0.657750321776526,-1.3290200913081,0.708692154522277,1.4697530565301,0.918124681942449,1.49992493690731,1.00044832999338,75,3,373
"경기도의정부시",2023,5,464213,1.07709176606429,35,99.3,21.6798207151905,4.62,28,53.5,96.7,17.7,100,1472,153501194,9,7.7,95.7,137,1106,2,53,7100,99.78,1312,163.098,2,0,2,2769,2465886.3,46011683.5,11597371.1,0,-0.138486088238282,-0.388395012848934,1.00404385770431,0.582957261451353,0.905063196426787,-0.630292834272154,0.01634344317566,1.34007083859956,-0.995079180403383,0.868166058619491,-0.853113154467695,0,-0.44645200023936,0.128752834733052,-0.984426097198368,-0.0528651837514905,1.43246376168335,-0.986069748447918,0.278299102069862,-0.336718991011419,-0.67627505691148,-0.438480787336626,0.708692154522277,1.34024003299473,0.918124681942449,1.49992493690731,1.00044832999338,75,4,374
"경기도의정부시",2024,11,461271,2.38471527583568,42,99.5,21.6798207151905,4.62,24.1,48,96.4,18.9,100,1472,153501194,9,5.2,97.7,137,1106,2,53,7100,99.75,1312,163.102,2,0,2,2982,2367097.7,45942292.8,11788307.5,0,-0.138486088238282,-0.388395012848934,1.00404385770431,0.582957261451353,0.905063196426787,-0.630292834272154,0.01634344317566,0.446690279533185,-0.995079180403383,0.868166058619491,-0.85501543791555,0,-0.44645200023936,0.90071992167033,1.01490923682017,-0.0528651837514905,1.66578217686097,-0.986069748447918,-0.0324282715605722,-0.81119375750154,-0.731849262316344,-0.438480787336626,0.708692154522277,1.34024003299473,0.918124681942449,1.49992493690731,-0.998655411839273,75,5,375
"경기도광명시",2020,21,298599,7.03284337857796,42.6,99.9,17.89938344,2.96,39.5,64.7,97.33,14,100,-18290,45276690,3,3.7,98.3,64,275,0,27,72,95.4578947368421,1502,77,1,1,66,1096,2308905,13848338.2,7570886.3,0,-0.138486088238282,-0.401731726787907,-0.99507918040338,-1.71385315027395,0.905063196426787,-0.619109117676884,-1.19851916621514,0.446690279533185,-0.995079180403383,-0.102131362270342,-0.856136002535313,-1.22364693762416,-1.34015753034149,0.966888529122097,1.01490923682017,-1.01175715582534,-0.400126419500535,-0.986069748447918,1.19454648585191,0.629484169841193,-0.559569225561265,-1.3290200913081,0.708692154522277,-0.7455502325292,0.333011882310286,0.568216689190515,-0.998655411839273,76,1,376
"경기도광명시",2021,54,292893,18.4367670104782,41.2,99.9,17.89938344,2.96,39.7,64.5,97.2,14.7,100,-5078,45505312,3,2.9,98.3,64,272,0,27,88,94.415,1832,77,1,5,58,1186,2308083,13844556.3,7567456.3,0,-0.138486088238282,-0.401731726787907,-0.99507918040338,-1.71385315027395,0.905063196426787,-0.59968476780089,-1.19851916621514,0.446690279533185,-0.995079180403383,-0.0999223755409404,-0.856151831051905,-1.22364693762416,-1.34015753034149,0.812495111734642,1.01490923682017,-1.01175715582534,-0.301541173650834,-0.986069748447918,1.21048122296116,0.612230541968824,-0.583651381236705,-1.3290200913081,0.708692154522277,-0.7455502325292,0.335425691751447,0.568216689190515,-0.998655411839273,76,2,377
"경기도광명시",2022,7,287945,2.43101981281147,53.2,99.9,18.680198546357,2.96,39.7,66.5,96.8,15.7,100,-4312,54604501,4,5,98.3,64,267,0,27,1010,94.61,1976,77.038,0,2,55,1340,2306739,13802510.5,7538833.3,0,-0.138486088238282,-0.41506844072688,-0.99507918040338,-1.71385315027395,0.905063196426787,-0.591208687855001,-1.19851916621514,0.446690279533185,-0.995079180403383,0.0273704847408505,-0.856177711254215,-1.22364693762416,-1.34015753034149,2.13586726076998,1.01490923682017,-0.798868371517577,-0.132850864085791,-0.986069748447918,1.21048122296116,0.784766820692505,-0.657750321776526,-1.3290200913081,0.708692154522277,-0.7455502325292,0.422785182841642,0.568216689190515,-0.998655411839273,76,3,378
"경기도광명시",2023,3,280197,1.07067527489588,54.9,99.9,18.9630893962023,2.96,42,67,96.4,16.7,100,-7748,54604501,4,6.6,98.3,64,267,0,27,1010,94.62,1976,77.042,1,1,66,1395,2301677,13803306.5,7533901.2,0,-0.138486088238282,-0.401731726787907,-0.99507918040338,-1.71385315027395,0.905063196426787,-0.591208687855001,-1.19851916621514,0.446690279533185,-0.995079180403383,0.0273704847408505,-0.856275185647141,-1.22364693762416,-1.34015753034149,2.32334498188331,1.01490923682017,-0.723816869417281,-0.0726043249554181,-0.986069748447918,1.39373069971757,0.827900890373425,-0.731849262316344,-1.3290200913081,0.708692154522277,-0.7455502325292,0.422785182841642,0.568216689190515,1.00044832999338,76,4,379
"경기도광명시",2024,4,278167,1.43798509528449,51,99.9,18.9630893962023,2.96,44.5,66.3,96,17.9,100,-7748,54604501,4,3.5,97.8,64,267,0,27,0,94.865,0,77.046,1,1,66,1455,2301692,13802999.1,7537503.3,0,-0.138486088238282,-0.401731726787907,-0.99507918040338,-1.71385315027395,0.905063196426787,-0.707519340445803,-1.19851916621514,0.446690279533185,-0.995079180403383,-0.112071802552651,-0.856274896805597,-1.22364693762416,-1.34015753034149,1.89324903344683,1.01490923682017,-0.723816869417281,-0.00688082772228424,-0.986069748447918,1.59291491358324,0.767513192820137,-0.805948202856164,-0.438480787336626,0.708692154522277,-0.7455502325292,0.422785182841642,0.568216689190515,-0.998655411839273,76,5,380
"경기도평택시",2020,50,537307,9.30566696506839,29.4666666666667,100,18.77989351,2.89,45.6,63.9,106.9,12.4,90.66381045,23018,125061999,4,6.56666666666667,96.4,999,3102,29,449,314,83.0916666666667,97664,914.26,238,54,77,1980,152188777.4,76188589.4,35116677.9,0,-0.138486088238282,2.75906947674861,1.00404385770431,0.582957261451353,0.905063196426787,5.04114643618784,1.23120605256646,-0.446690279533185,1.00404385770431,-0.068720437988137,2.02996624441556,0,1.3409590599649,-0.481468767322129,-0.984426097198368,-0.772296702579927,0.568199773067637,-0.986069748447918,1.68055596768413,0.56046965835172,1.21324792685391,-1.3290200913081,0.708692154522277,2.12623487337744,0.819928840376027,0.568216689190515,1.00044832999338,77,1,381
"경기도평택시",2021,99,564288,17.5442327322218,28,100,18.77989351,2.89,44.3,61.6,108.7,12.4,92.89,28377,134940261,4,8.16666666666667,96.4,999,3044,47,449,116,87.5384615384615,51408,916.5,163,53,256,2177,149909365.5,75290171.8,36208380.9,0,-0.138486088238282,1.75881593132566,1.00404385770431,0.582957261451353,0.905063196426787,2.31844120023635,1.23120605256646,-0.446690279533185,1.00404385770431,-0.0960566487644869,1.98607365429673,0,1.3409590599649,-0.643214252204226,-0.984426097198368,-0.772296702579927,0.783991922316426,-0.986069748447918,1.57698017647398,0.362052937819488,1.5466931592831,-1.3290200913081,0.708692154522277,2.18607592922865,0.856361956480027,0.568216689190515,1.00044832999338,77,2,382
"경기도평택시",2022,37,578529,6.39553073398222,30.2666666666667,100,20.5841465409148,2.89,44.5,63.8,110.2,12.7,93.11,14703,158957436,7,7.13333333333333,96.4,999,2965,37,449,136,90.5769230769231,59654,915.764,204,52,200,2413,147981703.6,74211961.7,37747620.7,0,-0.138486088238282,2.30562120282354,1.00404385770431,0.582957261451353,0.905063196426787,2.80381450047105,1.23120605256646,0.446690279533185,1.00404385770431,-0.0932954153527344,1.9489543983762,0,1.3409590599649,-0.39324395738644,-0.984426097198368,-0.313254161528504,1.04250434476675,-0.986069748447918,1.59291491358324,0.551842844415536,1.82456418630742,-1.3290200913081,0.708692154522277,1.99808616963429,0.934863664459985,1.49992493690731,1.00044832999338,77,3,383
"경기도평택시",2023,24,591022,4.0607625435263,29.2666666666667,99.9,20.8922028668767,2.89,47.1,63.2,110.7,13.2,93.28,11846,158957436,6,7.13333333333333,96.4,999,2965,37,449,136,92.9307692307692,50536,916.896,230,53,216,2519,147176857.1,73227409.5,38814375.2,0,-0.138486088238282,2.65237576523683,1.00404385770431,0.582957261451353,0.905063196426787,2.2671138272307,1.23120605256646,0.446690279533185,1.00404385770431,-0.0932954153527344,1.9334561913461,0,1.3409590599649,-0.503524969806052,-0.984426097198368,-0.238731713501018,1.15861585654529,-0.986069748447918,1.80006649600353,0.500081960798432,1.9171878619822,-1.3290200913081,0.708692154522277,1.93631497659172,0.934863664459985,1.49992493690731,1.00044832999338,77,4,384
"경기도평택시",2024,21,598556,3.50844365439491,30.1666666666667,100,20.8922028668767,2.89,46.9,59.7,110.5,13.8,93.5,11846,158957436,2,6.2,97.7666666666667,999,2965,37,449,150,87.7,65792,917.164,230,53,216,2588,146563796.9,72776124.6,39244262.8,0,-0.138486088238282,2.65237576523683,1.00404385770431,0.582957261451353,0.905063196426787,3.16510740816454,1.23120605256646,-0.446690279533185,1.00404385770431,-0.0913625519645076,1.92165104104537,0,1.3409590599649,-0.404272058628402,1.01490923682017,-0.238731713501018,1.23419787836339,-0.986069748447918,1.78413175889427,0.198143473031992,1.88013839171229,-1.3290200913081,0.708692154522277,1.93631497659172,0.934863664459985,-0.363491558526281,-0.998655411839273,77,5,385
"경기도동두천시",2020,10,94353,10.5984971331065,30.6,97.7,22.27148528,7.55,22.1,64.6,99.41,20.6,100,-40,19215119,1,3.8,96.8,117,389,0,11,30,98.7444444444444,1400,191.36,8,12,2,733,2455509.6,63700926.9,5323456.6,0,-0.138486088238282,-0.308374729215098,-0.99507918040338,-1.71385315027395,-0.299167667553959,-0.625113007638555,0.01634344317566,0.446690279533185,-0.995079180403383,-0.107929952435023,-0.853312969270753,0,-1.34015753034149,-0.356483619913237,-0.984426097198368,0.082561575643779,-0.797753577760995,1.01320928280887,-0.191775642653102,0.620857355905008,-0.174254734754205,-0.438480787336626,0.708692154522277,-0.7455502325292,-0.0777429829450039,-0.363491558526281,-0.998655411839273,78,1,386
"경기도동두천시",2021,26,93592,27.7801521497564,30.1,97.7,22.27148528,7.55,17.5,60.5,99.6,21.3,100,541,17454124,1,6.5,96.8,117,380,2,11,220,98.9333333333333,1382,191.36,7,8,2,867,2408991.7,63631936.9,5391219.4,0,-0.138486088238282,-0.321711443154071,-0.99507918040338,0.582957261451353,-0.299167667553959,-0.626172517631791,0.01634344317566,0.446690279533185,-0.995079180403383,-0.0816982350233738,-0.854208722740272,0,-1.34015753034149,-0.411624126123042,-0.984426097198368,0.082561575643779,-0.650971100606996,1.01320928280887,-0.558274596165922,0.267157984521463,-0.139057737997791,-0.438480787336626,0.708692154522277,1.05438163846428,-0.123808310816819,-0.363491558526281,1.00044832999338,78,2,387
"경기도동두천시",2022,0,91546,0,32.8,98.1,25.3860437842064,7.55,15.8,60.5,99.6,22.4,100,-893,16439503,1,10.1,96.8,117,384,2,11,600,99.4111111111111,826,191.344,7,8,2,1007,2367031.7,63527485.2,5468605.4,0,-0.138486088238282,-0.321711443154071,-0.99507918040338,0.582957261451353,-0.299167667553959,-0.658899604089527,0.01634344317566,0.446690279533185,-0.995079180403383,-0.029234800200076,-0.855016708818342,0,-1.34015753034149,-0.113865392590093,-0.984426097198368,0.743079540327779,-0.497616273729683,1.01320928280887,-0.693719861594573,0.267157984521463,-0.139057737997791,0.452058516634848,0.708692154522277,-0.7455502325292,-0.152509465115775,-0.363491558526281,1.00044832999338,78,3,388
"경기도동두천시",2023,1,88626,1.12833705684562,32.9,98.4,26.3007673591615,7.55,15.5,56.3,99.5,24.1,100,-2387,16439503,1,10.4,96.8,117,384,2,11,906,99.5888888888889,396,191.348,7,8,2,1046,2344213.6,63325031.2,5501484,0,-0.138486088238282,-0.321711443154071,-0.99507918040338,0.582957261451353,-0.299167667553959,-0.68421012059461,0.01634344317566,0.446690279533185,-0.995079180403383,0.0130120709997374,-0.855456096500134,0,-1.34015753034149,-0.102837291348131,-0.984426097198368,0.922291536479858,-0.454896000528146,1.01320928280887,-0.717621967258453,-0.095168200798266,-0.157582473132745,0.452058516634848,0.708692154522277,-0.7455502325292,-0.152509465115775,-0.363491558526281,1.00044832999338,78,4,389
"경기도동두천시",2024,7,86838,8.06098712545199,30.9,98.8,26.3007673591615,7.55,20.5,55.7,99.3,25.9,100,-2387,16439503,1,10.8,93.4,117,384,2,11,600,99.3777777777778,826,191.356,7,8,2,1080,2335244.6,63294269.6,5553151.6,0,-0.138486088238282,-0.321711443154071,-0.99507918040338,0.582957261451353,-0.299167667553959,-0.658899604089527,0.01634344317566,0.446690279533185,-0.995079180403383,-0.029234800200076,-0.855628804487126,0,-1.34015753034149,-0.323399316187354,-0.984426097198368,0.922291536479858,-0.417652685429371,1.01320928280887,-0.319253539527127,-0.14692908441537,-0.194631943402655,0.452058516634848,0.708692154522277,-0.7455502325292,-0.152509465115775,-0.363491558526281,1.00044832999338,78,5,390
"경기도과천시",2020,3,63231,4.74450823172178,44.5,98.6,13.56459862,1.69,52.6,81.2,96.6,14.2,100,4789,2622,1,5.7,99.1,23,32,0,5,0,98.5285714285714,170,71.626,0,0,14,197,2071924,22733156.6,3076832.8,0,-0.138486088238282,-0.41506844072688,-0.99507918040338,-1.71385315027395,-0.299167667553959,-0.697512857176352,-1.19851916621514,0.446690279533185,-0.995079180403383,-0.112071802552651,-0.860699333058836,-1.22364693762416,-1.34015753034149,1.17642245271936,1.01490923682017,-2.38181732563938,-1.38488348637699,-0.986069748447918,2.23827176650799,2.05290846931156,-0.694799792046436,-1.3290200913081,0.708692154522277,1.67740328437949,-4.34257138979856,-0.363491558526281,-0.998655411839273,79,1,391
"경기도과천시",2021,11,73345,14.997614015952,47.1,99.1,13.56459862,1.69,70.7,86.8,96.9,14.1,100,10087,47602717,1,7.2,99.1,23,29,0,5,320,98.4857142857143,250,71.626,0,0,13,230,2045219,22692158.9,3084164.4,0,-0.138486088238282,-0.41506844072688,-0.99507918040338,-1.71385315027395,0.905063196426787,-0.69280392387308,-1.19851916621514,0.446690279533185,-0.995079180403383,-0.0678920679646113,-0.861213567287026,-1.22364693762416,-1.34015753034149,1.46315308501035,1.01490923682017,-2.38181732563938,-1.34873556289877,-0.986069748447918,3.68036547489538,2.53601004973786,-0.63922558664157,-1.3290200913081,0.708692154522277,1.89035987638659,0.357020653662173,-0.363491558526281,1.00044832999338,79,2,392
"경기도과천시",2022,4,78137,5.1192136887774,50.6,99,13.8420107719928,1.69,64,84.8,96.7,14.3,100,4661,47602717,1,8,99.1,23,28,0,5,0,98.5142857142857,250,71.742,0,0,12,227,2041311,22686128.9,3078703.8,0,-0.138486088238282,-0.41506844072688,-0.99507918040338,-1.71385315027395,0.905063196426787,-0.69280392387308,-1.19851916621514,0.446690279533185,-0.995079180403383,-0.112071802552651,-0.861288820137196,-1.22364693762416,-1.34015753034149,1.84913662847899,1.01490923682017,-2.28259801718254,-1.35202173776042,-0.986069748447918,3.14655178173541,2.36347377101418,-0.67627505691148,-1.3290200913081,0.708692154522277,1.66965893773678,0.357020653662173,-0.363491558526281,1.00044832999338,79,3,393
"경기도과천시",2023,1,81000,1.23456790123457,53.6,99,13.4992778863308,1.69,53.1,81.9,96.1,14.5,100,2574,47602717,1,4.6,99.1,23,28,0,5,0,98.2875,250,71.742,0,0,9,260,2034345,22685003.9,3076115.3,0,-0.138486088238282,-0.41506844072688,-0.99507918040338,-1.71385315027395,0.905063196426787,-0.69280392387308,-1.19851916621514,0.446690279533185,-0.995079180403383,-0.112071802552651,-0.861422958150061,-1.22364693762416,-1.34015753034149,2.17997966573782,1.01490923682017,-2.40545479774026,-1.3158738142822,-0.986069748447918,2.27810860928112,2.11329616686485,-0.78742346772121,-1.3290200913081,0.708692154522277,1.49993925148147,0.357020653662173,-0.363491558526281,-0.998655411839273,79,4,394
"경기도과천시",2024,3,85512,3.50827953971372,58.3,99.1,13.4992778863308,1.69,63.1,82.4,95.4,15,100,2574,47602717,1,7.5,96.8,23,28,0,5,4,98.2625,250,71.744,0,0,9,254,1890891,22512618.9,3416050.6,0,-0.138486088238282,-0.41506844072688,-0.99507918040338,-1.71385315027395,0.905063196426787,-0.69280392387308,-1.19851916621514,0.446690279533185,-0.995079180403383,-0.111519555870301,-0.864185323136796,-1.22364693762416,-1.34015753034149,2.69830042410999,-0.984426097198368,-2.40545479774026,-1.32244616400551,-0.986069748447918,3.07484546474377,2.15643023654577,-0.917096613665892,-1.3290200913081,0.708692154522277,1.49993925148147,0.357020653662173,-0.363491558526281,1.00044832999338,79,5,395
"경기도구리시",2020,16,197454,8.1031531394654,36.8,100,16.54921742,3.71,35,64.1,98.42,13.7,100,-1943,45916070,1,3.3,98,71,129,0,26,94,99.6333333333333,0,66.58,1,0,0,619,816560.7,11436925.7,4939286.3,0,-0.138486088238282,-0.401731726787907,-0.99507918040338,-1.71385315027395,0.905063196426787,-0.707519340445803,-1.19851916621514,0.446690279533185,-0.995079180403383,-0.0990940055174147,-0.884872737952058,-1.22364693762416,-1.34015753034149,0.327258657088352,1.01490923682017,-1.4015266610449,-0.922628222503949,-0.986069748447918,0.836014900893718,0.577723286224088,-0.357649612590257,-1.3290200913081,0.708692154522277,-0.7455502325292,0.339732196899299,-0.363491558526281,-0.998655411839273,80,1,396
"경기도구리시",2021,57,191948,29.695542542772,32.3,100,16.54921742,3.71,38.8,64.3,98.3,14.5,100,-5065,115437932,1,6,98,71,129,0,26,480,99.6333333333333,0,66.58,1,0,0,715,739591,11378006,4957283.7,0,-0.138486088238282,-0.401731726787907,-0.99507918040338,-1.71385315027395,0.905063196426787,-0.707519340445803,-1.19851916621514,0.446690279533185,-0.995079180403383,-0.0458022006705911,-0.886354874416148,-1.22364693762416,-1.34015753034149,-0.169005898799898,1.01490923682017,-1.4015266610449,-0.817470626930935,-0.986069748447918,1.13877490596953,0.594976914096456,-0.379879294752203,-1.3290200913081,0.708692154522277,-0.7455502325292,0.781552861345723,-0.363491558526281,-0.998655411839273,80,2,397
"경기도구리시",2022,3,188701,1.58981669413517,39.7,100,18.2017619031296,3.71,35.6,64.9,98.1,15.5,100,-2507,49164572,1,4.1,98,71,129,0,26,82,99.6333333333333,0,66.668,1,0,0,834,734254.7,11365086.9,4980672.9,0,-0.138486088238282,-0.401731726787907,-0.99507918040338,-1.71385315027395,0.905063196426787,-0.707519340445803,-1.19851916621514,0.446690279533185,-0.995079180403383,-0.100750745564466,-0.886457630758102,-1.22364693762416,-1.34015753034149,0.647073593105225,1.01490923682017,-0.928288248957026,-0.687119024085219,-0.986069748447918,0.883819112221477,0.646737797713561,-0.416928765022114,-1.3290200913081,0.708692154522277,-0.7455502325292,0.372492197611968,-0.363491558526281,-0.998655411839273,80,3,398
"경기도구리시",2023,1,187093,0.534493540645561,40.2,100,19.3879196362346,3.71,36.6,64.1,97.9,16.6,100,-1403,49164572,1,5.7,98,71,129,0,26,0,99.6333333333333,0,66.678,1,0,0,910,726586.7,11362597.5,5001046.3,0,-0.138486088238282,-0.401731726787907,-0.99507918040338,-1.71385315027395,0.905063196426787,-0.707519340445803,-1.19851916621514,0.446690279533185,-0.995079180403383,-0.112071802552651,-0.88660528655521,-1.22364693762416,-1.34015753034149,0.70221409931503,1.01490923682017,-0.613083158428648,-0.60386926092325,-0.986069748447918,0.963492797767742,0.577723286224088,-0.453978235292021,-1.3290200913081,0.708692154522277,-0.7455502325292,0.372492197611968,-0.363491558526281,-0.998655411839273,80,4,399
"경기도구리시",2024,6,186882,3.21058207853084,44.6,100,19.3879196362346,3.71,36.4,64.5,97.9,17.7,100,101,49164572,1,4.9,98.7,71,129,0,26,540,99.6222222222222,0,66.68,1,0,0,980,716585.1,11363555.5,5014637.8,0,-0.138486088238282,-0.401731726787907,-0.99507918040338,-1.71385315027395,0.905063196426787,-0.707519340445803,-1.19851916621514,0.446690279533185,-0.995079180403383,-0.0375185004353336,-0.886797878394067,-1.22364693762416,-1.34015753034149,1.18745055396132,1.01490923682017,-0.613083158428648,-0.527191847484594,-0.986069748447918,0.947558060658489,0.612230541968824,-0.453978235292021,-0.438480787336626,0.708692154522277,0.57681421834627,0.372492197611968,-0.363491558526281,-0.998655411839273,80,5,400
"경기도남양주시",2020,76,713321,10.6543898188894,33.1666666666667,97.2,14.56379243,2.91,31.7,61.1,99.18,14.1,95.36856478,11096,108129349,4,6.8,97.8,421,1983,12,158,0,92.3705882352941,0,916.052,82,6,61,2112,25598755.8,294712662.1,27653581.2,0,-0.138486088238282,0.678542102268877,1.00404385770431,0.582957261451353,-0.299167667553959,-0.707519340445803,1.23120605256646,0.446690279533185,1.00404385770431,-0.112071802552651,-0.4076642387908,0,1.3409590599649,-0.0734290213695693,1.01490923682017,-2.03288927870017,0.712791466980531,-0.986069748447918,0.573091738591043,0.318918868138568,-0.216861625564599,-1.3290200913081,0.708692154522277,1.91761595587322,0.750208204215627,0.568216689190515,1.00044832999338,81,1,401
"경기도남양주시",2021,202,733798,27.5280117961619,32.2666666666667,97.7,14.56379243,2.91,32.7,59.8,99,14.8,95.56,21184,41933794,4,5.06666666666667,97.8,421,2013,12,158,0,92.1058823529412,0,916.052,88,3,121,2384,25234506.8,293953827.1,28511678,0,-0.138486088238282,0.758562385902713,1.00404385770431,0.582957261451353,-0.299167667553959,-0.707519340445803,1.23120605256646,0.446690279533185,1.00404385770431,-0.112071802552651,-0.41467825501937,0,1.3409590599649,-0.172681932547218,1.01490923682017,-2.03288927870017,1.01073798777074,-0.986069748447918,0.652765424137308,0.206770286968175,-0.250206148807519,-1.3290200913081,0.708692154522277,2.10249605384849,0.296253972684533,0.568216689190515,-0.998655411839273,81,2,402
"경기도남양주시",2022,29,737353,3.9329873208626,32.9333333333333,98.1,16.2896713411193,2.91,31.2,59.5,98.7,15.6,95.69,4831,125249391,4,9.1,97.8,421,2036,12,158,0,92.0176470588235,0,916.242,72,1,116,2841,24721573.7,293138860.5,29149091.6,0,-0.138486088238282,0.545174962879151,1.00404385770431,0.582957261451353,-0.299167667553959,-0.707519340445803,1.23120605256646,0.446690279533185,1.00404385770431,-0.112071802552651,-0.4245553475785,0,1.3409590599649,-0.0991612576008113,1.01490923682017,-1.47988062930905,1.51133195836311,-0.986069748447918,0.53325489581791,0.180889845159623,-0.305780354212383,-1.3290200913081,0.708692154522277,1.67989936537182,0.820646393932755,0.568216689190515,1.00044832999338,81,3,403
"경기도남양주시",2023,20,732265,2.73125166435648,39.5,97.9,17.3991847848373,2.91,32.5,58,98.4,16.7,95.74,-4119,125249391,4,8.56666666666667,97.8,421,2036,12,158,0,93.8941176470588,10564,916.26,59,2,133,3182,24470564,292590282.9,29672418.8,0,-0.138486088238282,0.371797681672507,1.00404385770431,0.582957261451353,-0.299167667553959,-0.085704697748824,1.23120605256646,0.446690279533185,1.00404385770431,-0.112071802552651,-0.429388816192906,0,1.3409590599649,0.625017390621302,1.01490923682017,-1.15280913351253,1.88486050097142,-0.986069748447918,0.636830687028055,0.0514876361168627,-0.361354559617247,-1.3290200913081,0.708692154522277,-0.7455502325292,0.820646393932755,0.568216689190515,1.00044832999338,81,4,404
"경기도남양주시",2024,32,732482,4.36870803651148,16.0666666666667,98,17.3991847848373,2.91,31.7,55.3,98.4,8.85,47.925,-4119,125249391,5,7.7,96.2,421,2036,12,158,0,93.7823529411765,9438,916.238,59,2,133,3366,24176443.9,292302550.6,30121118.7,0,-0.138486088238282,0.371797681672507,1.00404385770431,0.582957261451353,-0.299167667553959,-0.151982933992368,1.23120605256646,0.446690279533185,1.00404385770431,-0.112071802552651,-0.435052423106167,0,1.3409590599649,-1.95923433374492,-0.984426097198368,-1.15280913351253,2.08641255915303,-0.986069748447918,0.573091738591043,-0.181436340160106,-0.361354559617247,-1.3290200913081,-1.40978439317836,-0.7455502325292,0.820646393932755,0.568216689190515,1.00044832999338,81,5,405
"경기도오산시",2020,18,229725,7.83545543584721,22.1,100,17.73345422,2.58,41.4,66,107.07,9.6,100,2546,42545532,2,6.1,93.2,143,85,1,8,0,98.6857142857143,660,85.6,2,0,2,560,5434989.4,10365359.2,8352521.6,0,-0.138486088238282,-0.388395012848934,-0.99507918040338,0.582957261451353,0.905063196426787,-0.668670640693815,0.01634344317566,0.446690279533185,-0.995079180403383,-0.112071802552651,-0.795939799626096,-1.22364693762416,-0.44645200023936,-1.29387222547993,-0.984426097198368,-1.05812976181701,-0.98725632811653,-0.986069748447918,1.34592648838981,0.741632751011585,1.24473997658333,-1.3290200913081,0.708692154522277,1.49681320982872,0.303194722795778,-0.363491558526281,-0.998655411839273,82,1,406
"경기도오산시",2021,41,229983,17.8274046342556,24.1,100,17.73345422,2.58,38.2,62.4,108,10.3,100,-118,92286918,2,8.2,93.2,143,79,1,8,0,98.7571428571428,634,85.6,2,0,2,650,5243385.5,10089893.1,8477791.3,0,-0.138486088238282,-0.388395012848934,-0.99507918040338,0.582957261451353,0.905063196426787,-0.670201044017378,0.01634344317566,0.446690279533185,-0.995079180403383,-0.112071802552651,-0.799629344042298,-1.22364693762416,-0.44645200023936,-1.07331020064071,-0.984426097198368,-1.05812976181701,-0.88867108226683,-0.986069748447918,1.09097069464177,0.43106744930896,1.41702001333842,-1.3290200913081,0.708692154522277,-0.7455502325292,0.674284098287198,-0.363491558526281,1.00044832999338,82,2,407
"경기도오산시",2022,17,229849,7.39616008770976,32.7,100,19.7567064231089,2.58,31.8,60.9,108.6,11,100,-278,44536042,2,7.3,93.2,143,68,1,8,530,98.7428571428572,634,85.412,2,0,2,780,5154241.2,10009030.1,8659202.8,0,-0.138486088238282,-0.388395012848934,-0.99507918040338,0.582957261451353,0.905063196426787,-0.670201044017378,0.01634344317566,0.446690279533185,-0.995079180403383,-0.0388991171412098,-0.801345915856866,-1.22364693762416,-0.44645200023936,-0.124893493832053,-0.984426097198368,-0.51881247685537,-0.74627017159504,-0.986069748447918,0.58105910714567,0.301665240266199,1.52816842414814,-1.3290200913081,0.708692154522277,-0.7455502325292,0.325107506290292,-0.363491558526281,1.00044832999338,82,3,408
"경기도오산시",2023,18,229656,7.83780959347894,34.1,100,21.2876427829699,2.58,35.7,61.9,108.9,11.7,100,-353,44536042,2,7.4,93.2,143,68,1,8,40,98.7428571428572,634,85.384,0,0,2,838,4464538.9,9211123.7,9384315.1,0,-0.138486088238282,-0.41506844072688,-0.99507918040338,0.582957261451353,0.905063196426787,-0.670201044017378,0.01634344317566,0.446690279533185,-0.995079180403383,-0.106549335729146,-0.814626894322372,-1.22364693762416,-0.44645200023936,0.0294999235554023,-0.984426097198368,-0.144592472431174,-0.68273745760301,-0.986069748447918,0.891786480776104,0.38793337962804,1.58374262955301,-1.3290200913081,0.708692154522277,-0.7455502325292,0.325107506290292,-0.363491558526281,1.00044832999338,82,4,409
"경기도오산시",2024,8,242065,3.30489744490116,38.8,100,21.2876427829699,2.58,37,60.4,108.9,12.2,100,-353,44536042,2,9.2,97.6,143,68,1,8,284,98.8666666666667,1288,85.378,0,0,2,921,4340688.2,9044646.3,9774474.7,0,-0.138486088238282,-0.41506844072688,-0.99507918040338,0.582957261451353,0.905063196426787,-0.631705514263135,0.01634344317566,0.446690279533185,-0.995079180403383,-0.0728622881057658,-0.817011776146947,-1.22364693762416,-0.44645200023936,0.547820681927574,1.01490923682017,-0.144592472431174,-0.591819953097175,-0.986069748447918,0.995362271986248,0.258531170585279,1.58374262955301,-1.3290200913081,0.708692154522277,-0.7455502325292,0.325107506290292,-0.363491558526281,1.00044832999338,82,5,410
"경기도시흥시",2020,63,500895,12.5774862995239,28.1,99.9,17.94493609,2.75,47.5,64.8,109.43,9.3,100,25378,72602147,7,8.9,97.8,576,333,3,19,68,91.7315789473684,18850,284.8,4,2,0,1279,14251841.6,37277720.3,15991209,0,-0.138486088238282,-0.361721584970989,-0.99507918040338,0.582957261451353,0.905063196426787,0.402023069137504,1.23120605256646,0.446690279533185,-0.995079180403383,-0.102683608952693,-0.626161586327765,-1.22364693762416,0.447253529862769,-0.632186150962265,1.01490923682017,-0.999097673712539,-0.199669752939477,-0.986069748447918,1.83193597022203,0.638110983777376,1.68192372576827,-1.3290200913081,0.708692154522277,2.15414110129592,0.559310436321945,1.49992493690731,1.00044832999338,83,1,411
"경기도시흥시",2021,110,512030,21.4831162236588,37.1,99.9,17.94493609,2.75,45.7,62.8,109.3,9.9,100,9538,54245355,7,7,97.8,576,329,4,19,48,91.94,18776,273.94,4,2,0,1374,13781856.1,36754378,16874597.4,0,-0.138486088238282,-0.361721584970989,-0.99507918040338,0.582957261451353,0.905063196426787,0.397667305831978,1.23120605256646,0.446690279533185,-0.995079180403383,-0.105444842364445,-0.635211675481593,-1.22364693762416,0.447253529862769,0.360342960814236,1.01490923682017,-0.999097673712539,-0.0956075489870149,-0.986069748447918,1.68852333623876,0.465574705053696,1.65784157009283,-1.3290200913081,0.708692154522277,1.87436047612022,0.419622697273378,1.49992493690731,1.00044832999338,83,2,412
"경기도시흥시",2022,39,512912,7.60364350999782,39.3,99.9,20.0471181240412,2.75,40.9,60.6,109.3,10.7,100,722,106848638,7,7.4,97.8,576,364,4,19,30,91.95,18116,279.876,2,2,11,1623,13419409.2,36313906.1,17549160,0,-0.138486088238282,-0.388395012848934,-0.99507918040338,0.582957261451353,0.905063196426787,0.35881860607999,1.23120605256646,0.446690279533185,-0.995079180403383,-0.107929952435023,-0.64219099028711,-1.22364693762416,0.447253529862769,0.60296118813738,1.01490923682017,-0.445747733298525,0.17714496453049,-0.986069748447918,1.30608964561668,0.275784798457648,1.65784157009283,-1.3290200913081,0.708692154522277,1.13676706368133,0.744498072964394,1.49992493690731,1.00044832999338,83,3,413
"경기도시흥시",2023,21,519715,4.04067613980739,38.6,99.9,21.1582559209976,2.75,41.3,58,109.2,11.5,100,5849,106848638,7,9.7,97.8,576,364,4,19,3530,93.2095238095238,18272,279.872,3,3,9,1731,13222593.7,36265633.4,17662895,0,-0.138486088238282,-0.375058298909962,-0.99507918040338,0.582957261451353,0.905063196426787,0.368001026021369,1.23120605256646,0.446690279533185,-0.995079180403383,0.375285894621667,-0.645980889809234,-1.22364693762416,1.3409590599649,0.525764479443653,1.01490923682017,-0.175209462847227,0.295447259550131,-0.986069748447918,1.33795911983519,0.0514876361168627,1.63931683495787,-1.3290200913081,0.708692154522277,1.73456157282045,0.744498072964394,1.49992493690731,1.00044832999338,83,4,414
"경기도시흥시",2024,5,518132,0.965005056626497,43.9,99.9,21.1582559209976,2.75,38.5,56.6,108.8,12.6,100,5849,106848638,6,7.8,96.1,576,364,4,19,2298,92.3190476190476,17586,279.862,3,3,9,1767,12985256.3,36192964.8,17742252.8,0,-0.138486088238282,-0.375058298909962,-0.99507918040338,0.582957261451353,0.905063196426787,0.327621922945817,1.23120605256646,0.446690279533185,-0.995079180403383,0.205193916457712,-0.650551083207834,-1.22364693762416,1.3409590599649,1.11025384526759,-0.984426097198368,-0.175209462847227,0.334881357890012,-0.986069748447918,1.11487280030565,-0.0692877589897136,1.56521789441805,-1.3290200913081,0.708692154522277,1.73456157282045,0.744498072964394,1.49992493690731,1.00044832999338,83,5,415
"경기도군포시",2020,33,273791,12.0529893239734,31.3,100,17.96737698,3.17,38.5,65.2,98.46,13.3,100,-2571,51769007,6,7,98,75,4,0,10,872,99.7333333333333,488,73.746,0,0,0,1106,1145439.2,15397006.8,5739347.4,0,-0.138486088238282,-0.41506844072688,-0.99507918040338,-1.71385315027395,0.905063196426787,-0.678794847295848,-1.19851916621514,0.446690279533185,-0.995079180403383,0.00831797419975816,-0.878539819711438,-1.22364693762416,-1.34015753034149,-0.279286911219509,1.01490923682017,-0.992872340111685,-0.389172503295013,-0.986069748447918,1.11487280030565,0.672618239522113,-0.350239718536276,-1.3290200913081,0.708692154522277,-0.7455502325292,0.397229826243572,1.49992493690731,1.00044832999338,84,1,416
"경기도군포시",2021,42,268535,15.6404193121939,34,100,17.96737698,3.17,37.2,63.5,98.5,14.3,100,-5140,7686350,6,8.6,98,75,4,0,10,24,99.4846153846154,488,73.746,0,0,0,1189,1117948,15397138.8,5729101.4,0,-0.138486088238282,-0.41506844072688,-0.99507918040338,-1.71385315027395,0.905063196426787,-0.678794847295848,-1.19851916621514,0.446690279533185,-0.995079180403383,-0.108758322458548,-0.879069193087735,-1.22364693762416,-1.34015753034149,0.018471822313441,1.01490923682017,-0.992872340111685,-0.298254998789178,-0.986069748447918,1.0112970090955,0.525962402606984,-0.342829824482293,-1.3290200913081,0.708692154522277,-0.7455502325292,-0.516848023548691,1.49992493690731,1.00044832999338,84,2,417
"경기도군포시",2022,16,266213,6.01022489510279,39.6,100,19.4125441696113,3.17,33.9,63.6,98.6,15.3,100,-1976,51830798,6,10.4,98,75,4,0,10,3308,99.4846153846154,488,72.834,0,0,0,1301,1088574,15394928.7,5743406.9,0,-0.138486088238282,-0.41506844072688,-0.99507918040338,-1.71385315027395,0.905063196426787,-0.678794847295848,-1.19851916621514,0.446690279533185,-0.995079180403383,0.344636203751215,-0.87963482185459,-1.22364693762416,-1.34015753034149,0.636045491863264,1.01490923682017,-0.6067356140514,-0.175571137287328,-0.986069748447918,0.748373846792826,0.534589216543168,-0.324305089347339,-1.3290200913081,0.708692154522277,-0.7455502325292,0.397801502477975,1.49992493690731,1.00044832999338,84,3,418
"경기도군포시",2023,8,261229,3.06244712493636,37.6,100,20.4572058114715,3.17,35.2,61.4,98.4,16.7,100,-4977,51830798,6,10.8,98,75,4,0,10,6,99.6153846153846,354,72.838,0,0,0,1373,1079137.4,15394928.7,5728148.1,0,-0.138486088238282,-0.41506844072688,-0.99507918040338,-1.71385315027395,0.905063196426787,-0.686682310578828,-1.19851916621514,0.446690279533185,-0.995079180403383,-0.111243432529126,-0.879816533995303,-1.22364693762416,-1.34015753034149,0.415483467024041,1.01490923682017,-0.344272542375867,-0.0967029406075671,-0.986069748447918,0.851949638002971,0.34479930994712,-0.361354559617247,-1.3290200913081,0.708692154522277,-0.7455502325292,0.397801502477975,1.49992493690731,1.00044832999338,84,4,419
"경기도군포시",2024,10,255931,3.90730314029953,42.1,100,20.4572058114715,3.17,35.9,58.8,98.5,18.2,100,-4977,51830798,5,8.2,98.6,75,4,0,10,0,99.6153846153846,398,72.838,0,0,0,1445,1068216.6,15394687,5729780.5,0,-0.138486088238282,-0.41506844072688,-0.99507918040338,-1.71385315027395,0.905063196426787,-0.684092397262029,-1.19851916621514,0.446690279533185,-0.995079180403383,-0.112071802552651,-0.880026826043953,-1.22364693762416,-1.34015753034149,0.911748022912292,1.01490923682017,-0.344272542375867,-0.0178347439278065,-0.986069748447918,0.907721217885357,0.120502147606335,-0.342829824482293,-0.438480787336626,0.708692154522277,-0.7455502325292,0.397801502477975,0.568216689190515,1.00044832999338,84,5,420
"경기도의왕시",2020,21,163795,12.8209041790042,29.9,100,14.12028725,2.04,41.2,68.1,98.96,13.6,100,2439,7397336,2,7.3,98.3,91,165,0,6,120,99.9428571428572,88,108.748,0,1,1,541,1868976.6,30711709.1,4415610.6,0,-0.138486088238282,-0.41506844072688,-0.99507918040338,-1.71385315027395,0.905063196426787,-0.702339513812205,0.01634344317566,1.34007083859956,-0.995079180403383,-0.0955044020821364,-0.864607309078389,-1.22364693762416,-1.34015753034149,-0.433680328606965,1.01490923682017,-2.18491554330637,-1.00806876890702,-0.986069748447918,1.32999175128056,0.922795843671449,-0.257616042861502,-1.3290200913081,0.708692154522277,1.48454212262495,-0.535215449842753,-0.363491558526281,1.00044832999338,85,1,421
"경기도의왕시",2021,24,163356,14.6918386836113,33.6,100,14.12028725,2.04,40.9,66.7,98.7,14.5,100,-390,22444194,2,8.6,98.3,91,165,0,6,80,99.9571428571429,72,108.748,0,1,1,594,1689202.3,30485656.2,4794057.7,0,-0.138486088238282,-0.41506844072688,-0.99507918040338,-1.71385315027395,0.905063196426787,-0.703281300472859,0.01634344317566,1.34007083859956,-0.995079180403383,-0.101026868905641,-0.868069061499617,-1.22364693762416,-1.34015753034149,-0.0256405826544033,1.01490923682017,-2.18491554330637,-0.950013013017755,-0.986069748447918,1.30608964561668,0.802020448564873,-0.305780354212383,-1.3290200913081,0.708692154522277,-0.7455502325292,-0.0033003301488381,-0.363491558526281,1.00044832999338,85,2,422
"경기도의왕시",2022,1,160221,0.624137909512486,35,100,15.2440490502525,2.04,39.1,67.4,98.3,15.6,100,-2920,7479985,2,5.7,98.3,91,164,0,6,100,99.9571428571429,72,108.748,0,1,1,645,1630245.3,30254316.3,4812631.1,0,-0.138486088238282,-0.41506844072688,-0.99507918040338,-1.71385315027395,0.905063196426787,-0.703281300472859,0.01634344317566,1.34007083859956,-0.995079180403383,-0.0982656354938889,-0.869204343558834,-1.22364693762416,-1.34015753034149,0.128752834733052,1.01490923682017,-1.8079280953261,-0.894148040369591,-0.986069748447918,1.16267701163341,0.862408146118162,-0.379879294752203,-1.3290200913081,0.708692154522277,-0.7455502325292,-0.529890676962566,-0.363491558526281,-0.998655411839273,85,3,423
"경기도의왕시",2023,3,158870,1.88833637565305,41.6,100,15.8061713940401,2.04,40.3,64.3,98.5,16.7,100,-1445,7479985,2,8,98.3,91,164,0,6,0,99.9428571428572,72,108.062,0,0,1,662,1555884.5,30193375.2,4903683.3,0,-0.138486088238282,-0.41506844072688,-0.99507918040338,-1.71385315027395,0.905063196426787,-0.703281300472859,0.01634344317566,1.34007083859956,-0.995079180403383,-0.112071802552651,-0.870636242776044,-1.22364693762416,-1.34015753034149,0.856607516702486,1.01490923682017,-1.62903187966746,-0.875526382820203,-0.986069748447918,1.25828543428892,0.594976914096456,-0.342829824482293,-1.3290200913081,0.708692154522277,-0.7455502325292,-0.529890676962566,-0.363491558526281,1.00044832999338,85,4,424
"경기도의왕시",2024,1,154488,0.64729946662524,46.5,100,15.8061713940401,2.04,40.7,63.6,98.1,18.1,100,-1445,7479985,2,7.2,97.9,91,164,0,6,588,99.9428571428572,72,108.054,0,0,1,667,1442920.3,30173578.4,5194392.2,0,-0.138486088238282,-0.41506844072688,-0.99507918040338,-1.71385315027395,0.905063196426787,-0.703281300472859,0.01634344317566,1.34007083859956,-0.995079180403383,-0.0308915402471276,-0.872811493036299,-1.22364693762416,-1.34015753034149,1.39698447755858,1.01490923682017,-1.62903187966746,-0.870049424717442,-0.986069748447918,1.29015490850743,0.534589216543168,-0.416928765022114,-0.438480787336626,0.708692154522277,-0.7455502325292,-0.529890676962566,-0.363491558526281,1.00044832999338,85,5,425
"경기도하남시",2020,26,293452,8.86005206984447,24.4,98.7,15.24498975,2.1,46.6,62,100.96,12.8,100,20100,20458819,2,1.6,95.3,118,1321,0,12,1016,97.98,1814,184.752,3,0,17,624,4342096.6,47786843.6,8426782.2,0,-0.138486088238282,-0.375058298909962,1.00404385770431,-1.71385315027395,-0.299167667553959,-0.600744277794126,0.01634344317566,0.446690279533185,-0.995079180403383,0.0281988547643763,-0.81698465585161,0,-0.44645200023936,-1.04022589691483,-0.984426097198368,-1.8076235745357,-0.917151264401188,-0.986069748447918,1.76022965323039,0.396560193564224,0.112878659837595,-1.3290200913081,0.708692154522277,2.08747853182546,-0.0476866195874166,-0.363491558526281,-0.998655411839273,86,1,426
"경기도하남시",2021,40,320087,12.4966024861991,32.6,99.6,15.24498975,2.1,48.6,63.1,100.1,13,100,26240,37817472,3,3.6,95.3,118,1322,0,12,930,97.92,1814,184.752,2,0,0,712,4253547.6,47679502,8445160.7,0,-0.138486088238282,-0.388395012848934,1.00404385770431,-1.71385315027395,0.905063196426787,-0.600744277794126,0.01634344317566,0.446690279533185,-0.995079180403383,0.0163255510938404,-0.818689764508116,0,-0.44645200023936,-0.135921595074014,-0.984426097198368,-1.8076235745357,-0.820756801792591,-0.986069748447918,1.91957702432292,0.491455146862248,-0.0464340623230169,-1.3290200913081,0.708692154522277,2.16369106269021,0.246738416644847,0.568216689190515,-0.998655411839273,86,2,427
"경기도하남시",2022,11,326059,3.37362256524126,47.7,99.6,16.4373122954861,2.1,48.8,63.1,99.7,13.7,100,5349,23621276,3,5.7,95.3,118,1322,0,12,752,97.6066666666666,1814,185.974,2,0,0,855,3952694.1,47301976,9163360,0,-0.138486088238282,-0.388395012848934,1.00404385770431,-1.71385315027395,0.905063196426787,-0.600744277794126,0.01634344317566,0.446690279533185,-0.995079180403383,-0.00824942627075693,-0.824483030464706,0,-0.44645200023936,1.52932169246211,-0.984426097198368,-1.43516645848471,-0.664115800053622,-0.986069748447918,1.93551176143218,0.491455146862248,-0.120533002862835,-1.3290200913081,0.708692154522277,1.70901617194703,0.0211964807403931,0.568216689190515,-0.998655411839273,86,3,428
"경기도하남시",2023,9,329861,2.72842197167898,40.3,99.6,17.464220414854,2.1,52.5,63.4,99.1,14.4,100,3080,23621276,3,5.7,95.3,118,1322,0,12,620,96.86,1814,185.97,1,0,0,929,3939011.8,47276675,9200660.8,0,-0.138486088238282,-0.401731726787907,1.00404385770431,-1.71385315027395,0.905063196426787,-0.600744277794126,0.01634344317566,0.446690279533185,-0.995079180403383,-0.0264735667883235,-0.824746498241541,0,-0.44645200023936,0.713242200556991,-0.984426097198368,-1.13425421139259,-0.583056820132757,-0.986069748447918,2.23030439795336,0.5173355886708,-0.231681413672565,-1.3290200913081,0.708692154522277,1.55123433752883,0.0211964807403931,0.568216689190515,-0.998655411839273,86,4,429
"경기도하남시",2024,4,329120,1.21536217792902,45.6,99.6,17.464220414854,2.1,48.7,59.3,98.8,15.4,100,3080,23621276,3,8.4,98.7,118,1322,0,12,72,95.7466666666667,1814,185.968,1,0,0,1000,3877997,47237035,9226390.8,0,-0.138486088238282,-0.401731726787907,1.00404385770431,-1.71385315027395,0.905063196426787,-0.600744277794126,0.01634344317566,0.446690279533185,-0.995079180403383,-0.102131362270342,-0.825921405509324,0,-0.44645200023936,1.29773156638093,1.01490923682017,-1.13425421139259,-0.505284015073549,-0.986069748447918,1.92754439287755,0.163636217287255,-0.287255619077429,-1.3290200913081,0.708692154522277,1.55123433752883,0.0211964807403931,0.568216689190515,1.00044832999338,86,5,430
"경기도파주시",2020,59,465617,12.6713586488466,22,99.1,15.57113148,3.71,41.7,63.2,102.82,13.9,90.25551043,11289,71472324,7,6,94.3,893,1643,26,451,0,77.0333333333333,30064,1345.66,250,89,263,1669,108213371.7,303156131.3,32877549.6,0,-0.138486088238282,2.91911004401628,1.00404385770431,0.582957261451353,0.905063196426787,1.06209779492356,1.23120605256646,-0.446690279533185,1.00404385770431,-0.112071802552651,1.18317130678292,0,1.3409590599649,-1.30490032672189,-0.984426097198368,-1.70309471641445,0.227532979075893,-0.986069748447918,1.36982859405369,0.500081960798432,0.457438733347754,-1.3290200913081,0.708692154522277,1.92254592439734,0.551793929017499,1.49992493690731,-0.998655411839273,87,1,431
"경기도파주시",2021,122,483245,25.2459932332461,30.1,99.1,15.57113148,3.71,40.3,64.4,102.9,14.3,90.45,18625,26744095,7,7.8,94.3,893,1658,26,451,5376,80.521052631579,32074,1363.98,264,96,266,1878,107404491.2,302688010.7,33608747.6,0,-0.138486088238282,3.1058240391619,1.00404385770431,0.582957261451353,0.905063196426787,1.18040974416826,1.23120605256646,-0.446690279533185,1.00404385770431,0.630147738526424,1.16759542063368,0,1.3409590599649,-0.411624126123042,-0.984426097198368,-1.70309471641445,0.456469827771309,-0.986069748447918,1.25828543428892,0.603603728032641,0.47225852145572,-1.3290200913081,0.708692154522277,2.06568837910902,0.0807018332366003,1.49992493690731,1.00044832999338,87,2,432
"경기도파주시",2022,16,495315,3.23026760748211,32.9,99.2,17.297363447235,3.71,38.3,62.8,103,14.8,90.86,13067,88257473,7,6.2,94.3,893,1687,25,451,60,80.2421052631579,32074,1347.868,254,97,242,2125,106248799.1,301535903.9,35354924.9,0,-0.138486088238282,2.97245689977217,1.00404385770431,0.582957261451353,0.905063196426787,1.18040974416826,1.23120605256646,-0.446690279533185,1.00404385770431,-0.103788102317394,1.14534129462474,0,1.3409590599649,-0.102837291348131,-0.984426097198368,-1.18199129662984,0.72703155804771,-0.986069748447918,1.09893806319639,0.465574705053696,0.490783256590674,-1.3290200913081,0.708692154522277,1.9643612256367,0.652888858412108,1.49992493690731,-0.998655411839273,87,3,433
"경기도파주시",2023,21,497753,4.21896000626817,43.2,99.1,18.2066779968565,3.71,42.5,59.5,102.7,15.7,91.19,3067,88257473,7,6.1,94.3,893,1687,25,451,140,83,25218,1347.91,237,73,69,2325,105275983.9,300924240.6,35929941,0,-0.138486088238282,2.74573276280964,1.00404385770431,0.582957261451353,0.905063196426787,0.776854160077902,1.23120605256646,-0.446690279533185,1.00404385770431,-0.0927431686703839,1.12660866502192,0,1.3409590599649,1.03305713657386,-0.984426097198368,-0.926942090223557,0.946109882158156,-0.986069748447918,1.43356754249071,0.180889845159623,0.43520905118581,-1.3290200913081,0.708692154522277,1.55002537877744,0.652888858412108,1.49992493690731,-0.998655411839273,87,4,434
"경기도파주시",2024,17,511308,3.32480618335719,34.1,99.2,18.2066779968565,3.71,36,58.1,102.1,16.3,91.77,3067,88257473,7,6.3,93.6,893,1687,25,451,76,83.7181818181818,23618,1347.74,237,73,69,2518,104714486.3,300190109.5,36439433.7,0,-0.138486088238282,2.74573276280964,1.00404385770431,0.582957261451353,0.905063196426787,0.682675494012476,1.23120605256646,-0.446690279533185,1.00404385770431,-0.101579115587992,1.11579640945305,0,1.3409590599649,0.0294999235554023,-0.984426097198368,-0.926942090223557,1.15752046492474,-0.986069748447918,0.915688586439983,0.0601144500530469,0.32406064037608,-1.3290200913081,0.708692154522277,1.55002537877744,0.652888858412108,1.49992493690731,-0.998655411839273,87,5,435
"경기도이천시",2020,26,218388,11.9054160485008,26.3,99.4,16.77908396,2.8,47.9,68.4,107.12,14.3,67.29536421,2466,29192852,1,9.3,99.2,366,2082,30,706,200,87.5133333333333,19288,922.62,290,198,251,842,102588537.1,162137273.1,21942370.8,0,-0.138486088238282,3.45257860157519,1.00404385770431,0.582957261451353,0.905063196426787,0.427804478972915,1.23120605256646,-0.446690279533185,1.00404385770431,-0.0844594684351263,1.07485891287814,0,1.3409590599649,-0.830691973317565,1.01490923682017,-1.33309423850091,-0.678355891120802,-0.986069748447918,1.86380544444054,0.948676285480002,1.25400234415081,-1.3290200913081,0.708692154522277,1.48768859603613,0.122688208973985,-0.363491558526281,1.00044832999338,88,1,436
"경기도이천시",2021,42,223177,18.8191435497385,43.2,95.2,16.77908396,2.8,51,69.9,107.7,14.8,67.31,5331,30110263,1,5.5,99.2,366,2072,28,706,78,87.6266666666667,18982,922.62,289,198,201,894,101906347.9,161321325.1,22498941.4,0,-0.138486088238282,3.43924188763622,1.00404385770431,0.582957261451353,-0.299167667553959,0.409792809087902,1.23120605256646,-0.446690279533185,1.00404385770431,-0.101302992246817,1.0617226074394,0,1.3409590599649,1.03305713657386,1.01490923682017,-1.33309423850091,-0.621395526852086,-0.986069748447918,2.11079386963396,1.07807849452276,1.36144580793355,-1.3290200913081,0.708692154522277,1.70805258186876,0.137516970466555,-0.363491558526281,-0.998655411839273,88,2,437
"경기도이천시",2022,8,222721,3.59193789539379,40.4,97,18.0345323741007,2.8,54.8,67.8,108.5,15.6,67.13,57,30634824,1,8,99.2,366,2090,30,706,88,87.6266666666667,18976,922.908,252,194,184,1000,101320136.1,160542868.1,22945254.7,0,-0.138486088238282,2.94578347189423,1.00404385770431,0.582957261451353,-0.299167667553959,0.409439639090157,1.23120605256646,-0.446690279533185,1.00404385770431,-0.0999223755409404,1.05043445269202,0,1.3409590599649,0.724270301798952,1.01490923682017,-0.974286648786599,-0.505284015073549,-0.986069748447918,2.41355387470977,0.896915401862897,1.50964368901319,-1.3290200913081,0.708692154522277,0.415404806283118,0.145794093882877,-0.363491558526281,1.00044832999338,88,3,438
"경기도이천시",2023,5,222098,2.25125845347549,42.4,97.8,18.780653028045,2.8,61,67.5,108.6,16.6,67.3,-344,30634824,1,6.8,99.2,366,2090,30,706,24,89.6533333333333,17722,922.93,265,190,158,1042,100832534.3,159807168.2,23462563.2,0,-0.138486088238282,3.11916075310087,1.00404385770431,0.582957261451353,-0.299167667553959,0.335627109561378,1.23120605256646,0.446690279533185,1.00404385770431,-0.108758322458548,1.04104514225251,0,1.3409590599649,0.944832326638175,1.01490923682017,-0.772094782924132,-0.459277567010355,-0.986069748447918,2.90753072509661,0.871034960054345,1.52816842414814,-1.3290200913081,0.708692154522277,-0.7455502325292,0.145794093882877,-0.363491558526281,1.00044832999338,88,4,439
"경기도이천시",2024,3,222443,1.34866010618451,50,95.6,18.780653028045,2.8,52.2,64.6,109.1,17.7,67.11,628,30634824,1,7.3,98.8,366,2090,30,706,380,91.1933333333333,16350,923.18,265,190,158,1039,100296926.2,159201464.1,23931405.9,0,-0.138486088238282,3.11916075310087,1.00404385770431,0.582957261451353,-0.299167667553959,0.254868903410275,1.23120605256646,0.446690279533185,1.00404385770431,-0.0596083677293537,1.03073141755992,0,1.3409590599649,1.78296802102722,1.01490923682017,-0.772094782924132,-0.462563741872012,-0.986069748447918,2.20640229228948,0.620857355905008,1.62079209982292,-0.438480787336626,0.708692154522277,1.09694494196349,0.145794093882877,-0.363491558526281,1.00044832999338,88,5,440
"경기도안성시",2020,18,187012,9.62505079887922,30.7,93,18.64571916,3.3,27.6,66.9,106.29,17.6,63.15797917,3989,31844892,0,9.7,96.9,833,5291,129,1424,36,58.10625,29842,1102.832,140,273,167,1075,108657515.1,260802258.1,22315556.8,0,-0.138486088238282,1.45207151072929,1.00404385770431,0.582957261451353,-0.299167667553959,1.04903050500699,1.23120605256646,-1.34007083859956,1.00404385770431,-0.107101582411497,1.19172377779976,0,1.3409590599649,-0.345455518671276,-0.984426097198368,-0.808089489030652,-0.423129643532132,-0.986069748447918,0.246429627851356,0.819274076437242,1.10024704253069,-0.438480787336626,-1.40978439317836,1.62515480512161,0.164359687259237,-1.29519980624308,1.00044832999338,89,1,441
"경기도안성시",2021,54,189534,28.4909303871601,26.3,93.1,18.64571916,3.3,28.4,64.3,106.8,18.3,63.66,3359,113200039,0,10.9,96.9,833,5335,133,1424,56,60.09375,47466,1102.832,185,251,164,1110,107872800.4,259634261,23016820.8,0,-0.138486088238282,2.05222363798306,1.00404385770431,0.582957261451353,-0.299167667553959,2.08640851171766,1.23120605256646,-1.34007083859956,1.00404385770431,-0.104340348999744,1.1766132307822,0,1.3409590599649,-0.830691973317565,-0.984426097198368,-0.808089489030652,-0.384790936812804,-0.986069748447918,0.310168576288368,0.594976914096456,1.19472319171896,-0.438480787336626,-1.40978439317836,1.57601966859045,0.772171008094424,-1.29519980624308,1.00044832999338,89,2,442
"경기도안성시",2022,15,188842,7.94314824032789,35.6,93.6,20.1328409216183,3.3,34.4,68.7,106.9,19.2,63.73,176,33505716,0,9.5,96.9,833,5321,137,1424,575,60.1875,47466,1107.002,185,245,166,1235,107352223,258940795.1,23405950.6,0,-0.138486088238282,2.05222363798306,1.00404385770431,0.582957261451353,-0.299167667553959,2.08640851171766,1.23120605256646,-1.34007083859956,1.00404385770431,-0.0326863419647667,1.1665889387956,0,1.3409590599649,0.194921442184819,-0.984426097198368,-0.424373351454403,-0.247866984243775,-0.986069748447918,0.788210689565959,0.974556727288554,1.21324792685391,-0.438480787336626,-1.40978439317836,0.734405796423892,0.188723839338657,-1.29519980624308,1.00044832999338,89,3,443
"경기도안성시",2023,9,189034,4.76104827702953,33.6,93.7,20.0308973318321,3.3,32.7,65.3,107.1,20.2,64.22,826,33505716,0,8.7,96.9,833,5321,137,1424,86,63.84375,47466,1107.016,1209,165,96,1249,106739239.7,258013754.2,23906144.2,0,-0.138486088238282,15.709018711491,1.00404385770431,0.582957261451353,-0.299167667553959,2.08640851171766,1.23120605256646,-1.34007083859956,1.00404385770431,-0.100198498882116,1.15478526928919,0,1.3409590599649,-0.0256405826544033,-0.984426097198368,-0.449802068173878,-0.232531501556044,-0.986069748447918,0.652765424137308,0.681245053458296,1.25029739712382,-0.438480787336626,0.708692154522277,1.17519319132574,0.188723839338657,-1.29519980624308,1.00044832999338,89,4,444
"경기도안성시",2024,14,193949,7.21839246399827,36.5,93.8,20.0308973318321,3.3,32.2,64.6,107,21.1,66.44,826,33505716,0,8.9,97.4,833,5321,137,1424,114,66.18125,22134,1106.95,1209,165,96,1317,106146264.1,256490702.7,24471800.1,0,-0.138486088238282,15.709018711491,1.00404385770431,0.582957261451353,-0.299167667553959,0.595324781236792,1.23120605256646,-1.34007083859956,1.00404385770431,-0.0963327721056622,1.14336687011295,0,1.3409590599649,0.294174353362469,1.01490923682017,-0.449802068173878,-0.158044871358492,-0.986069748447918,0.612928581364176,0.620857355905008,1.23177266198887,-0.438480787336626,0.708692154522277,1.17519319132574,0.188723839338657,-1.29519980624308,1.00044832999338,89,5,445
"경기도김포시",2020,51,473970,10.7601746946009,34.7,96.2,14.25744959,2.37,42,64.9,100.44,12.3,95.04420111,35171,106982906,4,8.7,96.4,987,4493,11,67,294,84.8466666666667,45824,554.316,51,18,74,1146,58879892.3,64381201,24336801.3,0,-0.138486088238282,0.265103970160725,1.00404385770431,0.582957261451353,-0.299167667553959,1.98975765566802,1.23120605256646,-0.446690279533185,-0.995079180403383,-0.0714816713998895,0.233200750588046,0,1.3409590599649,0.0956685310071692,-0.984426097198368,-2.1374273983427,-0.345356838472923,-0.986069748447918,1.39373069971757,0.646737797713561,0.0165500371358301,-1.3290200913081,0.708692154522277,2.2474443262024,0.745099917900012,0.568216689190515,1.00044832999338,90,1,446
"경기도김포시",2021,84,486508,17.2659031300616,42.6,96.5,14.25744959,2.37,42.8,63.9,100.1,12.9,95.17,11268,141139318,5,7.5,96.4,987,4459,11,67,658,86.86,44306,554.316,61,15,60,1316,58106247,63865012.1,25441807.8,0,-0.138486088238282,0.398471109550452,1.00404385770431,0.582957261451353,-0.299167667553959,1.90040564623844,1.23120605256646,-0.446690279533185,-0.995079180403383,-0.0212272233059938,0.218303357076034,0,1.3409590599649,0.966888529122097,-0.984426097198368,-2.1374273983427,-0.159140262979044,-0.986069748447918,1.45746964815459,0.56046965835172,-0.0464340623230169,-1.3290200913081,0.708692154522277,1.92201360590561,0.877887204035212,0.568216689190515,1.00044832999338,90,2,447
"경기도김포시",2022,33,484267,6.81442262223112,37.4,96.6,16.1581261778695,2.37,39.9,61.6,99.8,13.8,95.17,-2954,107889044,5,7.6,96.4,987,4473,11,67,290,87.52,42856,553.184,60,17,61,1548,56568324.2,63133238.8,26920680.7,0,-0.138486088238282,0.385134395611479,1.00404385770431,0.582957261451353,-0.299167667553959,1.81505623011665,1.23120605256646,-0.446690279533185,-0.995079180403383,-0.07203391808224,0.188688957372843,0,1.3409590599649,0.393427264540119,-0.984426097198368,-1.5200429055616,0.0949905929890732,-0.986069748447918,1.22641596007042,0.362052937819488,-0.102008267727881,-1.3290200913081,0.708692154522277,-0.7455502325292,0.749141961540391,0.568216689190515,1.00044832999338,90,3,448
"경기도김포시",2023,26,486172,5.34790156570103,46.5,97,17.1557278736995,2.37,41.4,61.3,99.8,14.7,95.33,1315,107889044,5,4.6,96.4,987,4473,11,67,1458,88.12,41680,553.192,58,16,58,1742,56042496.1,62707978.7,27621369.7,0,-0.138486088238282,0.358460967733534,1.00404385770431,0.582957261451353,-0.299167667553959,1.74583491055856,1.23120605256646,-0.446690279533185,-0.995079180403383,0.0892221131641068,0.178563557366698,0,1.3409590599649,1.39698447755858,-0.984426097198368,-1.22285549190723,0.307496567376206,-0.986069748447918,1.34592648838981,0.336172496010935,-0.102008267727881,-1.3290200913081,0.708692154522277,1.30801580771806,0.749141961540391,0.568216689190515,-0.998655411839273,90,4,449
"경기도김포시",2024,33,486853,6.77822669265672,41.5,98.2,17.1557278736995,2.37,36.7,57.5,99.6,15.7,95.43,367,107889044,5,9.1,97.4,987,4473,11,67,336,88.6666666666667,40380,553.202,58,16,58,1833,55161352.6,62378896.7,28137336.9,0,-0.138486088238282,0.358460967733534,1.00404385770431,0.582957261451353,-0.299167667553959,1.6693147443804,1.23120605256646,0.446690279533185,-0.995079180403383,-0.0656830812352092,0.161596167452933,0,1.3409590599649,0.845579415460525,1.01490923682017,-1.22285549190723,0.407177204846459,-0.986069748447918,0.971460166322369,0.00835356643594257,-0.139057737997791,-1.3290200913081,0.708692154522277,0.94367890797911,0.749141961540391,0.568216689190515,1.00044832999338,90,5,450
"경기도화성시",2020,72,855248,8.41861074214731,24.8,100,15.24284589,1.57,66.3,74.8,107.88,8.9,91.38951509,36165,128154149,5,4.9,97.5,2957,514,13,654,0,74.1379310344828,49916,1388.4,571,149,252,1569,145038132.2,222799776.4,50148162.5,0,-0.138486088238282,7.2001952184265,-0.99507918040338,0.582957261451353,0.905063196426787,2.23061959413034,1.23120605256646,-0.446690279533185,1.00404385770431,-0.112071802552651,1.89227268457725,0,1.3409590599649,-0.996113491946982,1.01490923682017,-1.80831760482745,0.11799381702067,-0.986069748447918,3.32980125849182,1.50079237739578,1.39479033117647,-1.3290200913081,0.708692154522277,2.25541262369684,0.831633924794218,0.568216689190515,-0.998655411839273,91,1,451
"경기도화성시",2021,138,887015,15.5577977824501,39.7,100,15.24284589,1.57,58.4,67.4,108.1,9.3,91.58,28479,43110723,6,7.1,97.5,2957,537,13,654,0,74.7074074074074,59884,1388.4,379,129,121,1790,143532600,220547607.1,50884269.8,0,-0.138486088238282,4.63954614214375,-0.99507918040338,0.582957261451353,0.905063196426787,2.81735268371795,1.23120605256646,-0.446690279533185,1.00404385770431,-0.112071802552651,1.86328200160095,0,1.3409590599649,0.647073593105225,1.01490923682017,-1.80831760482745,0.360075365162713,-0.986069748447918,2.70037914267632,0.862408146118162,1.43554474847337,-1.3290200913081,0.708692154522277,2.1871017725504,0.309519223673304,1.49992493690731,1.00044832999338,91,2,452
"경기도화성시",2022,59,910814,6.47772212548336,39.6,100,17.3338258669711,1.57,58.6,69.1,108.3,9.8,91.82,20938,151351233,6,7.6,97.5,2957,558,13,654,0,80.351724137931,5912,1401.266,423,123,111,2086,141349970.4,217049417.9,53529521.4,0,-0.138486088238282,5.22636155545855,-0.99507918040338,0.582957261451353,0.905063196426787,-0.359529169334052,1.23120605256646,-0.446690279533185,1.00404385770431,-0.112071802552651,1.8212530614107,0,1.3409590599649,0.636045491863264,1.01490923682017,-1.17152248479632,0.684311284846173,-0.986069748447918,2.71631387978558,1.00906398303329,1.47259421874328,-1.3290200913081,0.708692154522277,2.09915654639387,0.911364911747907,1.49992493690731,1.00044832999338,91,3,453
"경기도화성시",2023,33,944342,3.49449669717115,34.2,100,18.125597115355,1.57,61.1,69.3,108.1,10.3,92.21,30051,151351233,6,7.6,97.5,2957,558,13,654,0,83.1933333333333,4762,1401.284,336,100,92,2281,140008418,215221114.2,54591323.9,0,-0.138486088238282,4.06606744276793,-0.99507918040338,0.582957261451353,0.905063196426787,-0.427220085568577,1.23120605256646,-0.446690279533185,1.00404385770431,-0.112071802552651,1.79541999033823,0,1.3409590599649,0.0405280247973636,1.01490923682017,-0.949188364964687,0.897912650853858,-0.986069748447918,2.91549809365124,1.02631761090566,1.43554474847337,-1.3290200913081,0.708692154522277,2.202463342647,0.911364911747907,1.49992493690731,1.00044832999338,91,4,454
"경기도화성시",2024,14,968821,1.44505538174751,36.025,100,18.125597115355,1.57,57.9,66,107.9,10.9,92.44,30051,151351233,1.75,7.35,97.075,2957,558,13,654,5628,84.1366666666667,4762,1401.532,336,100,92,2377,138517387.2,213571696,55929313.3,0,-0.138486088238282,4.06606744276793,-0.99507918040338,0.582957261451353,0.905063196426787,-0.427220085568577,1.23120605256646,-0.446690279533185,1.00404385770431,0.664939279514506,1.76670854781265,0,1.3409590599649,0.241790872463153,1.01490923682017,-0.949188364964687,1.00307024642687,-0.986069748447918,2.66054229990319,0.741632751011585,1.39849527820346,-1.3290200913081,0.708692154522277,2.202463342647,0.911364911747907,-0.363491558526281,1.00044832999338,91,5,455
"경기도광주시",2020,43,382054,11.2549534882504,38.5,92.5,12.87613305,2.05,41,65.3,104.57,13.4,92.51964382,8577,44691022,8,2,97.3,330,5815,23,196,1234,94.6,230,861.976,14,1,191,821,24016179.4,283437096.5,21456702.3,0,-0.138486088238282,-0.228354445581262,1.00404385770431,0.582957261451353,-0.299167667553959,-0.693981157198898,1.23120605256646,0.446690279533185,1.00404385770431,0.0582962989524787,-0.438138492810857,0,1.3409590599649,0.514736378201691,1.01490923682017,-2.63645877390922,-0.701359115152398,-0.986069748447918,1.31405701417131,0.681245053458296,0.781621598209464,-1.3290200913081,0.708692154522277,1.84399941827054,0.32677231097789,1.49992493690731,-0.998655411839273,92,1,456
"경기도광주시",2021,68,387289,17.55794768248,36.1,93,12.87613305,2.05,40.7,62.7,104.2,14.3,92.41,5096,20886999,8,3.5,97.3,330,5851,23,196,242,95.3714285714286,312,857.976,13,1,161,924,23209483.9,282387456.3,22083087.7,0,-0.138486088238282,-0.241691159520235,1.00404385770431,0.582957261451353,-0.299167667553959,-0.689154500563045,1.23120605256646,0.446690279533185,1.00404385770431,-0.0786608782704461,-0.453672304375239,0,1.3409590599649,0.250061948394625,1.01490923682017,-2.63645877390922,-0.588533778235519,-0.986069748447918,1.29015490850743,0.456947891117512,0.713080078210133,-1.3290200913081,0.708692154522277,1.695165022099,-0.0377601662806431,1.49992493690731,-0.998655411839273,92,2,457
"경기도광주시",2022,12,391462,3.06543163831994,28.9,94,14.1333602476114,2.05,42.2,63.4,104.1,15.2,92.56,4426,45909814,8,2.9,97.3,330,5869,23,196,70,96.5823529411765,1404,861.986,20,0,138,1085,22444038.7,281630177.7,23007257.5,0,-0.138486088238282,-0.148334161947427,1.00404385770431,0.582957261451353,-0.299167667553959,-0.624877560973392,1.23120605256646,0.446690279533185,1.00404385770431,-0.102407485611518,-0.468411795917786,0,1.3409590599649,-0.543961341026576,1.01490923682017,-2.18037089531793,-0.41217572732661,-0.986069748447918,1.40966543682683,0.5173355886708,0.694555343075176,-1.3290200913081,0.708692154522277,1.65487055984484,0.339666896562287,1.49992493690731,-0.998655411839273,92,3,458
"경기도광주시",2023,13,391377,3.32160551079905,29.9,94.2,15.312656171914,2.05,39.4,60.7,104.1,16.4,92.63,-119,45909814,8,4.7,97.3,330,5869,23,196,60,96.2235294117647,1404,861.976,15,0,8,1222,22030701.6,281050561.6,23849334.7,0,-0.138486088238282,-0.21501773164229,1.00404385770431,0.582957261451353,-0.299167667553959,-0.624877560973392,1.23120605256646,0.446690279533185,1.00404385770431,-0.103788102317394,-0.476371057651572,0,1.3409590599649,-0.433680328606965,1.01490923682017,-1.78576490997705,-0.262107075310954,-0.986069748447918,1.18657911729728,0.284411612393832,0.694555343075176,-1.3290200913081,0.708692154522277,-0.7455502325292,0.339666896562287,1.49992493690731,-0.998655411839273,92,4,459
"경기도광주시",2024,6,397605,1.50903534915305,28.1,94.4,15.312656171914,2.05,39.3,55.7,103.9,17.4,92.89,-119,45909814,8,4.6,97.7,330,5869,23,196,0,96.2117647058824,1404,861.982,15,0,8,1339,21665255.3,280535940,24672972.4,0,-0.138486088238282,-0.21501773164229,1.00404385770431,0.582957261451353,-0.299167667553959,-0.624877560973392,1.23120605256646,0.446690279533185,1.00404385770431,-0.112071802552651,-0.483408129212155,0,1.3409590599649,-0.632186150962265,1.01490923682017,-1.78576490997705,-0.133946255706343,-0.986069748447918,1.17861174874266,-0.14692908441537,0.657505872805269,-0.438480787336626,0.708692154522277,-0.7455502325292,0.339666896562287,1.49992493690731,-0.998655411839273,92,5,460
"경기도양주시",2020,25,230359,10.852625684258,31.8,98.1,17.24927576,4.62,30.1,62.8,103.06,15.7,84.64874392,8188,18329211,1,6.4,97.7,699,4825,22,102,0,95.2833333333334,10192,620.62,118,76,33,886,27769761.6,173769386.8,18248808.3,0,-0.138486088238282,1.15866380407189,1.00404385770431,0.582957261451353,-0.299167667553959,-0.107601237609036,1.23120605256646,0.446690279533185,1.00404385770431,-0.112071802552651,-0.365859127689548,0,1.3409590599649,-0.224146405009703,1.01490923682017,-1.19582981130493,-0.630158659816503,-0.986069748447918,0.445613841717019,0.465574705053696,0.501898097671648,-1.3290200913081,0.708692154522277,1.83073023621627,-0.100363820120876,-0.363491558526281,-0.998655411839273,93,1,461
"경기도양주시",2021,59,236368,24.9610776416435,31.9,98.2,17.24927576,4.62,28.6,59.8,102.8,16.5,84.97,6584,20797155,1,10.2,97.7,699,4833,22,102,36,95.9666666666666,7192,620.62,119,64,37,1043,26971950.6,173336053.8,19132746.4,0,-0.138486088238282,1.17200051801087,1.00404385770431,0.582957261451353,-0.299167667553959,-0.284186236481711,1.23120605256646,0.446690279533185,1.00404385770431,-0.107101582411497,-0.381221858407633,0,1.3409590599649,-0.213118303767743,1.01490923682017,-1.19582981130493,-0.458182175389803,-0.986069748447918,0.326103313397621,0.206770286968175,0.453733786320764,-1.3290200913081,0.708692154522277,1.76840077037205,-0.0398260341852071,-0.363491558526281,1.00044832999338,93,2,462
"경기도양주시",2022,10,243432,4.10792336258175,34.6,98.2,18.4691782457146,4.62,27.5,60.6,102.4,17.2,85.4,7906,23890001,1,7.9,97.7,699,4867,22,102,112,96.0166666666667,7192,620.992,131,59,19,1187,26474686.6,172943371.8,19716682.1,0,-0.138486088238282,1.33204108527854,1.00404385770431,0.582957261451353,-0.299167667553959,-0.284186236481711,1.23120605256646,0.446690279533185,1.00404385770431,-0.0966088954468374,-0.390797225164669,0,1.3409590599649,0.0846404297652079,1.01490923682017,-0.855558360675553,-0.300445782030282,-0.986069748447918,0.238462259296729,0.275784798457648,0.379634845780946,-0.438480787336626,0.708692154522277,1.82071070130292,0.026617735173849,-0.363491558526281,1.00044832999338,93,3,463
"경기도양주시",2023,12,268026,4.477177587249,30.4,98.6,19.5646523716699,4.62,29.5,59.7,102.1,17.2,87.01,24942,23890001,1,6,97.7,699,4867,22,102,898,96.2769230769231,6784,620.974,137,49,20,1333,25985086.4,172579152.5,20381977.1,0,-0.138486088238282,1.41206136891237,1.00404385770431,0.582957261451353,-0.299167667553959,-0.308201796328394,1.23120605256646,0.446690279533185,1.00404385770431,0.0119075776350364,-0.40022501700023,0,1.3409590599649,-0.378539822397159,1.01490923682017,-0.567695132272172,-0.140518605429656,-0.986069748447918,0.39780963038926,0.198143473031991,0.32406064037608,-0.438480787336626,0.708692154522277,2.14918646887065,0.026617735173849,-0.363491558526281,-0.998655411839273,93,4,464
"경기도양주시",2024,14,289005,4.84420684763239,31.9,98.8,19.5646523716699,4.62,26.9,55,101.4,17.5,88.26,24942,23890001,1,5.9,98.5,699,4867,22,102,3010,96.2692307692308,6784,620.992,137,49,20,1469,25702645.7,172172111,20760823.1,0,-0.138486088238282,1.41206136891237,1.00404385770431,0.582957261451353,-0.299167667553959,-0.308201796328394,1.23120605256646,0.446690279533185,1.00404385770431,0.303493825916102,-0.405663724185174,0,1.3409590599649,-0.213118303767743,1.01490923682017,-0.567695132272172,0.00845465496544698,-0.986069748447918,0.19065804796897,-0.207316781968658,0.194387494431398,-0.438480787336626,0.708692154522277,2.14918646887065,0.026617735173849,-0.363491558526281,-0.998655411839273,93,5,465
"경기도포천시",2020,12,147274,8.14807773266157,18.7,90.9,19.02503923,4.91,22.1,68.8,112.31,19.9,52.37109062,-432,22360582,1,7.2,89,1058,1810,110,1018,0,78.98,12120,1653,320,314,224,916,58296531.9,555244256.5,20634451.6,0,-0.138486088238282,3.85268001974437,1.00404385770431,0.582957261451353,-1.50339853153471,0.00588405499980338,1.23120605256646,-0.446690279533185,1.00404385770431,-0.112071802552651,0.221967502692499,1.22364693762416,1.3409590599649,-1.66882766770661,-0.984426097198368,-0.70752345153433,-0.597296911199936,-0.986069748447918,-0.191775642653102,0.983183541224737,2.21543609765497,-0.438480787336626,-1.40978439317836,-0.7455502325292,-0.00508899344624819,-0.363491558526281,1.00044832999338,94,1,466
"경기도포천시",2021,43,148939,28.8708800247081,27.2,90.9,19.02503923,4.91,24.2,68.1,112.7,20.9,53.27,2915,22811847,1,7.4,89,1058,1823,109,1018,0,79.1733333333333,12180,1653,324,320,227,980,57768083.2,553937180.5,21011152.3,0,-0.138486088238282,3.90602687550026,1.00404385770431,0.582957261451353,-1.50339853153471,0.00941575497725688,1.23120605256646,-0.446690279533185,1.00404385770431,-0.112071802552651,0.211791640143071,1.22364693762416,1.3409590599649,-0.731439062139915,-0.984426097198368,-0.70752345153433,-0.527191847484594,-0.986069748447918,-0.0244609030059458,0.922795843671449,2.28768256468129,-0.438480787336626,-1.40978439317836,1.5354969914177,0.00448639596559009,-0.363491558526281,1.00044832999338,94,2,467
"경기도포천시",2022,4,146701,2.72663444693629,27.4,90.9,20.2081368103947,4.91,24.9,67,112.6,22.4,53.55,-1122,21351586,1,7.2,89,1058,1830,106,1018,0,81.68,12146,1654.258,328,319,237,1065,57254417.2,552475888.3,21732250.1,0,-0.138486088238282,3.95937373125615,1.00404385770431,0.582957261451353,-1.50339853153471,0.00741445832336656,1.23120605256646,-0.446690279533185,1.00404385770431,-0.112071802552651,0.201900434786118,1.22364693762416,1.3409590599649,-0.709382859655993,-0.984426097198368,-0.40567025029378,-0.434083559737654,-0.986069748447918,0.0313106768764397,0.827900890373425,2.26915782954634,0.452058516634848,-1.40978439317836,-0.7455502325292,-0.027217292774821,-0.363491558526281,1.00044832999338,94,3,468
"경기도포천시",2023,3,143323,2.09317415906728,30.8,90.7,20.8645268622895,4.91,26.9,62.3,112.4,24.3,53.74,-2407,21351586,1,7.3,89,1058,1830,106,1018,1796,81.3066666666667,12282,1654.332,227,184,143,1115,55258242.2,548752066.3,22149794.9,0,-0.138486088238282,2.61236562341991,1.00404385770431,0.582957261451353,-1.50339853153471,0.0154196449389278,1.23120605256646,-0.446690279533185,1.00404385770431,0.135886957822724,0.163461883561363,1.22364693762416,1.3409590599649,-0.334427417429315,-0.984426097198368,-0.245383853473358,-0.379313978710043,-0.986069748447918,0.19065804796897,0.422440635372776,2.23210835927643,0.452058516634848,-1.40978439317836,-0.7455502325292,-0.027217292774821,-0.363491558526281,1.00044832999338,94,4,469
"경기도포천시",2024,11,141463,7.77588486035218,37,93.3,20.8645268622895,4.91,25.9,61,112.2,26.3,53.65,-2407,21351586,1,9.4,97.8,1058,1830,106,1018,2788,85.94,8728,1654.462,227,184,143,1134,54928823,546958070.8,22545693.1,0,-0.138486088238282,2.61236562341991,1.00404385770431,0.582957261451353,-0.299167667553959,-0.193774717058901,1.23120605256646,-0.446690279533185,1.00404385770431,0.272844135045649,0.1571185535459,1.22364693762416,1.3409590599649,0.349314859572275,1.01490923682017,-0.245383853473358,-0.35850153791955,-0.986069748447918,0.110984362422705,0.310292054202383,2.19505888900652,0.452058516634848,-1.40978439317836,-0.7455502325292,-0.027217292774821,-0.363491558526281,1.00044832999338,94,5,470
"경기도여주시",2020,14,111897,12.5115061172328,26.5,90.7,17.67517875,5.05,28,70.2,103.23,21.9,66.14833284,1174,21877826,1,5.4,93.3,214,9045,223,1189,0,76.1692307692308,23594,1217.06,201,102,424,750,97231747.6,294837846,18916318.1,0,-0.138486088238282,2.26561106100662,1.00404385770431,0.582957261451353,-1.50339853153471,0.681262814021494,1.23120605256646,-0.446690279533185,1.00404385770431,-0.112071802552651,0.971708023003264,0,1.3409590599649,-0.808635770833643,-0.984426097198368,-1.07451365401362,-0.779131920211607,1.01320928280887,0.278299102069862,1.10395893633131,0.533390147401071,0.452058516634848,0.708692154522277,1.27561306055294,-0.0155489340966276,-0.363491558526281,-0.998655411839273,95,1,471
"경기도여주시",2021,32,112150,28.5332144449398,29.3,91.5,17.67517875,5.05,24.2,68.7,103.4,23.1,66.32,1079,2594644,1,7.8,93.3,214,9125,223,1189,0,77.1615384615385,21884,1217.06,215,156,135,825,96924807.9,294224972.2,19418599.2,0,-0.138486088238282,2.45232505615224,1.00404385770431,0.582957261451353,-0.299167667553959,0.580609364664069,1.23120605256646,-0.446690279533185,1.00404385770431,-0.112071802552651,0.965797560553148,0,1.3409590599649,-0.499848936058731,-0.984426097198368,-1.07451365401362,-0.696977548670189,1.01320928280887,-0.0244609030059458,0.974556727288554,0.564882197130495,0.452058516634848,0.708692154522277,1.25150811441819,-1.03730186739391,-0.363491558526281,1.00044832999338,95,2,472
"경기도여주시",2022,4,113150,3.53513035793195,38,92.1,18.9042502475338,5.05,24,70.3,103.6,24.1,66.9,1828,23217148,1,6.8,93.3,214,9269,230,1189,0,78.7153846153846,20074,1217.234,199,106,486,893,96516411.8,293454975.3,20030033.4,0,-0.138486088238282,2.23893763312868,1.00404385770431,0.582957261451353,-0.299167667553959,0.474069748677556,1.23120605256646,-0.446690279533185,1.00404385770431,-0.112071802552651,0.957933443223835,0,1.3409590599649,0.459595871991886,-0.984426097198368,-0.739339031827217,-0.622490918472638,1.01320928280887,-0.0403956401151988,1.1125857502675,0.601931667400402,0.452058516634848,0.708692154522277,1.4021322659228,0.0129263716948493,-0.363491558526281,1.00044832999338,95,3,473
"경기도여주시",2023,3,114412,2.6221025766528,37.8,93.7,19.8304204879737,5.05,27.8,69.8,103.5,25.3,67.86,1999,23217148,1,8.9,93.3,214,9269,230,1189,0,79.7846153846154,9184,1216.416,209,108,495,893,96079215.2,291832833.8,20511944.4,0,-0.138486088238282,2.3723047725184,1.00404385770431,0.582957261451353,-0.299167667553959,-0.166933797230255,1.23120605256646,-0.446690279533185,1.00404385770431,-0.112071802552651,0.949514740502687,0,1.3409590599649,0.437539669507963,-0.984426097198368,-0.500170383388011,-0.622490918472638,1.01320928280887,0.262364364960609,1.06945168058658,0.583406932265448,0.452058516634848,0.708692154522277,1.42768701941756,0.0129263716948493,-0.363491558526281,1.00044832999338,95,4,474
"경기도여주시",2024,1,114610,0.872524212546898,40.6,94.6,19.8304204879737,5.05,30.2,68.7,103.7,26.6,68.4,818,23217148,1,8.2,96.7,214,9269,230,1189,0,79.8307692307692,9184,1216.38,209,108,495,906,95199243.1,290132364.1,21060265.1,0,-0.138486088238282,2.3723047725184,1.00404385770431,0.582957261451353,-0.299167667553959,-0.166933797230255,1.23120605256646,-0.446690279533185,1.00404385770431,-0.112071802552651,0.93256990718787,0,1.3409590599649,0.746326504282875,-0.984426097198368,-0.500170383388011,-0.608250827405459,1.01320928280887,0.453581210271645,0.974556727288554,0.620456402535359,0.452058516634848,0.708692154522277,1.17241389052296,0.0129263716948493,-0.363491558526281,1.00044832999338,95,5,475
"경기도가평군",2020,1,62377,1.60315500905783,20.2,82.2,20.41778976,6.08,18,68.9,106.4,26.2,31.25511006,349,4288260,1,3.5,96.7,91,8875,56,1185,4,77.5285714285714,7358,1687.16,40,11,166,559,25356949.4,690840287.2,15898781.3,0,-0.138486088238282,0.118400116832026,1.00404385770431,0.582957261451353,-1.50339853153471,-0.274415199877423,0.01634344317566,-0.446690279533185,1.00404385770431,-0.111519555870301,-0.412320487713301,1.22364693762416,0.447253529862769,-1.50340614907719,-0.984426097198368,-0.353941328064772,-0.988351719737083,1.01320928280887,-0.51843775339279,0.991810355160922,1.12062425117914,0.452058516634848,-1.40978439317836,0.929340166143854,-0.796516137069418,-0.363491558526281,-0.998655411839273,96,1,476
"경기도가평군",2021,13,62264,20.8788384941539,28.8,54.1,20.41778976,6.08,18.5,66.5,106.6,27.4,31.28,582,13855724,1,5.9,96.7,91,9038,57,1185,132,78.3571428571429,5490,1687.16,39,9,164,613,25128850.2,689505288.7,16350257.5,0,-0.138486088238282,0.105063402893054,1.00404385770431,0.582957261451353,-1.50339853153471,-0.384368792508808,0.01634344317566,-0.446690279533185,1.00404385770431,-0.0938476620350849,-0.416712789382005,1.22364693762416,0.447253529862769,-0.554989442268537,-0.984426097198368,-0.353941328064772,-0.929200572227262,1.01320928280887,-0.478600910619657,0.784766820692505,1.15767372144905,0.452058516634848,-1.40978439317836,1.07523114105268,-0.234454238824694,-0.363491558526281,-0.998655411839273,96,2,477
"경기도가평군",2022,5,62150,8.0450522928399,26.2,54.8,22.4482932571044,6.08,16.8,70.4,106.8,28.7,31.44,576,4347970,1,3.8,96.7,91,9210,56,1185,56,80.7857142857143,3814,1687.162,39,6,31,680,24884088.9,689074102.3,16774117,0,-0.138486088238282,0.105063402893054,1.00404385770431,0.582957261451353,-1.50339853153471,-0.483020945212343,0.01634344317566,-0.446690279533185,1.00404385770431,-0.104340348999744,-0.421425938162992,1.22364693762416,0.447253529862769,-0.841720074559526,-0.984426097198368,0.122363671083834,-0.855809333650263,1.01320928280887,-0.614046176048308,1.12121256420368,1.19472319171896,0.452058516634848,-1.40978439317836,1.0722733389641,-0.789889190025043,-0.363491558526281,-0.998655411839273,96,3,478
"경기도가평군",2023,0,62302,0,21.7,54.7,23.0641799818308,6.08,20.7,67.4,106.5,30,33.15,717,4347970,1,7.6,96.7,91,9210,56,1185,550,83.6714285714286,3530,1685.644,42,7,29,714,24434911.3,687842808.9,17167798.5,0,-0.138486088238282,0.145073544709972,1.00404385770431,0.582957261451353,-1.50339853153471,-0.499737658438956,0.01634344317566,-0.446690279533185,1.00404385770431,-0.0361378837294573,-0.430075348253096,1.22364693762416,0.447253529862769,-1.33798463044778,-0.984426097198368,0.258702737306299,-0.818566018551487,1.01320928280887,-0.303318802417874,0.862408146118162,1.13914898631409,0.452058516634848,-1.40978439317836,1.13478288973151,-0.789889190025043,-0.363491558526281,1.00044832999338,96,4,479
"경기도가평군",2024,1,62527,1.59930909846946,23.8,56.1,23.0641799818308,6.08,24.5,65.1,106.1,31.7,34.04,682,4347970,1,4.2,98,91,9210,56,1185,1588,85.4,3420,1686.818,42,7,29,679,24481339,687410134,17559926,0,-0.138486088238282,0.145073544709972,1.00404385770431,0.582957261451353,-1.50339853153471,-0.506212441730954,0.01634344317566,-0.446690279533185,1.00404385770431,0.107170130340498,-0.429181331684059,1.22364693762416,0.447253529862769,-1.10639450436659,1.01490923682017,0.258702737306299,-0.856904725270815,1.01320928280887,-0.00055879734206621,0.663991425585928,1.06505004577427,1.34259782060632,-1.40978439317836,1.12049420481946,-0.789889190025043,-0.363491558526281,-0.998655411839273,96,5,480
"경기도양평군",2020,7,118810,5.89175995286592,27.9,80.8,18.61409484,3.82,20,69,100.53,25.7,25.78486659,2440,14460663,0,9.4,99.3,98,16251,197,3425,0,74.9461538461538,2966,1755.602,73,30,379,848,65477637.6,636083315,25978248.8,0,-0.138486088238282,0.558511676818124,1.00404385770431,0.582957261451353,-1.50339853153471,-0.532935638227019,0.01634344317566,-0.446690279533185,1.00404385770431,-0.112071802552651,0.36024761305348,1.22364693762416,1.3409590599649,-0.654242353446187,1.01490923682017,-0.816561291783709,-0.671783541397488,-0.986069748447918,-0.35909038230026,1.00043716909711,0.0332222987572901,0.452058516634848,-1.40978439317836,1.48465927825811,-0.213974538021996,-1.29519980624308,1.00044832999338,97,1,481
"경기도양평군",2021,27,121230,22.271714922049,28.3,81.3,18.61409484,3.82,22.2,68.9,100.8,26.7,25.54,3341,14460663,0,8.6,99.3,98,16698,201,3425,0,74.9461538461538,2686,1755.602,68,30,69,907,64978824.3,635372331.1,26850851.6,0,-0.138486088238282,0.49182810712326,1.00404385770431,0.582957261451353,-1.50339853153471,-0.549416904788468,0.01634344317566,-0.446690279533185,1.00404385770431,-0.112071802552651,0.350642412816207,1.22364693762416,1.3409590599649,-0.610129948478343,1.01490923682017,-0.816561291783709,-0.607155435784906,-0.986069748447918,-0.183808274098476,0.991810355160922,0.0832390836216674,0.452058516634848,-1.40978439317836,1.5744838458177,-0.213974538021996,-1.29519980624308,1.00044832999338,97,2,482
"경기도양평군",2022,7,122323,5.72255422120125,27.6,81.4,19.8760849869948,3.82,21.8,67.4,101.1,28,26.32,2108,14632031,0,10.6,99.3,98,17256,202,3425,0,74.8230769230769,2686,1755.558,65,31,72,1024,64539181.9,634497346.7,27811543.5,0,-0.138486088238282,0.451817965306342,1.00404385770431,0.582957261451353,-1.50339853153471,-0.549416904788468,0.01634344317566,-0.446690279533185,1.00404385770431,-0.112071802552651,0.342176613518563,1.22364693762416,1.3409590599649,-0.68732665717207,1.01490923682017,-0.488655014576023,-0.478994616180296,-0.986069748447918,-0.215677748316982,0.862408146118162,0.138813289026531,0.452058516634848,-1.40978439317836,1.44285976704748,-0.208328619692288,-1.29519980624308,1.00044832999338,97,3,483
"경기도양평군",2023,1,125238,0.798479694661365,29.2,81.7,20.0385618075168,3.82,21.6,67,100.6,29.4,28.44,3599,14632031,0,9.1,99.3,98,17256,202,3425,526,75.1769230769231,2686,1755.64,107,53,122,1118,63974508.8,633543244.6,28815883,0,-0.138486088238282,1.01195995074319,1.00404385770431,0.582957261451353,-1.50339853153471,-0.549416904788468,0.01634344317566,-0.446690279533185,1.00404385770431,-0.0394513638235603,0.331303210194911,1.22364693762416,1.3409590599649,-0.510877037300693,1.01490923682017,-0.447885967557773,-0.376027803848386,-0.986069748447918,-0.231612485426235,0.827900890373425,0.0461896133517572,0.452058516634848,-1.40978439317836,1.5957459944093,-0.208328619692288,-1.29519980624308,1.00044832999338,97,4,484
"경기도양평군",2024,2,126804,1.57723731112583,36.9,82,20.0385618075168,3.82,21.3,62.9,100.5,31,29.72,3599,14632031,0,5.7,97.6,98,17256,202,3425,3026,75.6692307692308,2676,1755.83,107,53,122,1129,63683360.7,632413972.7,29556105.1,0,-0.138486088238282,1.01195995074319,1.00404385770431,0.582957261451353,-1.50339853153471,-0.550005521451377,0.01634344317566,-0.446690279533185,1.00404385770431,0.305702812645504,0.325696832419496,1.22364693762416,1.3409590599649,0.338286758330313,1.01490923682017,-0.447885967557773,-0.363978496022311,-0.986069748447918,-0.255514591090115,0.47420151898988,0.0276648782168035,0.452058516634848,-1.40978439317836,1.5957459944093,-0.208328619692288,-1.29519980624308,-0.998655411839273,97,5,485
"강원도춘천시",2020,27,282765,9.54856506286139,33.7,98.1,19.89044238,5.65,22.2,64.2,97.48,17.9,81.25227663,1682,148913907,4,8.8,93.8,238,6651,80,486,666,82.15,12508,2232.8,11,10,1001,1875,32437476.2,838628665.3,21763316.3,0,-0.138486088238282,-0.26836458739818,1.00404385770431,0.582957261451353,-0.299167667553959,0.0287223815206693,1.23120605256646,-0.446690279533185,1.00404385770431,-0.0201227299412927,-0.275977135001213,1.22364693762416,1.3409590599649,-0.014612481412442,-0.984426097198368,-0.485039667291033,0.453183652909653,1.01320928280887,-0.183808274098476,0.586350100160273,-0.531782122858832,-0.438480787336626,0.708692154522277,1.37834630520649,0.903584509478266,0.568216689190515,1.00044832999338,98,1,486
"강원도춘천시",2021,37,284594,13.000976830151,29.9,98.2,19.89044238,5.65,20.1,56.9,97.6,18.6,81.5,3197,151608522,4,9.7,93.8,238,6500,83,486,552,82.1423076923077,12528,2232.8,11,12,45,2085,32214076.2,838090460.8,22290409.1,0,-0.138486088238282,-0.26836458739818,1.00404385770431,0.582957261451353,-0.299167667553959,0.0298996148464872,1.23120605256646,-0.446690279533185,1.00404385770431,-0.0358617603882821,-0.280278948391126,1.22364693762416,1.3409590599649,-0.433680328606965,-0.984426097198368,-0.485039667291033,0.683215893225621,1.01320928280887,-0.351123013745633,-0.0434073171811617,-0.509552440696888,-0.438480787336626,0.708692154522277,1.56189091206541,0.912178903846042,0.568216689190515,1.00044832999338,98,2,487
"강원도춘천시",2022,9,286664,3.13956408896827,28.9,98.5,22.0762696677538,5.65,20.1,60.1,97.5,19.5,81.91,3283,154026352,4,9.9,93.8,238,4636,75,486,860,82.4346153846154,12360,2232.818,13,11,36,2386,32007118.2,837720116.7,22688494.1,0,-0.138486088238282,-0.241691159520235,1.00404385770431,0.582957261451353,-0.299167667553959,0.0200108549096174,1.23120605256646,-0.446690279533185,1.00404385770431,0.00666123415270665,-0.284264152937007,1.22364693762416,1.3409590599649,-0.543961341026576,-0.984426097198368,0.0382628536757496,1.01292877101184,1.01320928280887,-0.351123013745633,0.232650728776727,-0.528077175831842,-0.438480787336626,0.708692154522277,1.56947820559671,0.919761461497645,0.568216689190515,1.00044832999338,98,3,488
"강원도춘천시",2023,1,286426,0.349130316381893,33,98.5,22.888195048711,5.65,22.6,61.9,97.5,20.5,82.02,668,154026352,4,9.6,93.8,238,4636,75,486,394,82.7384615384615,11436,2232.832,12,11,27,2444,31739454.5,836915046.1,23048251.8,0,-0.138486088238282,-0.255027873459208,1.00404385770431,0.582957261451353,-0.299167667553959,-0.0343773247431665,1.23120605256646,-0.446690279533185,1.00404385770431,-0.057675504341127,-0.289418312689262,1.22364693762416,1.3409590599649,-0.0918091901061701,-0.984426097198368,0.220104266544305,1.07646148500387,1.01320928280887,-0.15193879987997,0.38793337962804,-0.528077175831842,-0.438480787336626,0.708692154522277,1.11457260786361,0.919761461497645,0.568216689190515,1.00044832999338,98,4,489
"강원도춘천시",2024,4,286069,1.3982640551755,29.1,98.5,22.888195048711,5.65,22.5,61.5,97.5,21.5,81.66,488,154026352,4,6.7,93.7,238,4636,75,486,702,83.4846153846154,10296,2232.866,12,11,27,2431,31440173.7,836743399.3,23530481,0,-0.138486088238282,-0.255027873459208,1.00404385770431,0.582957261451353,-0.299167667553959,-0.101479624314783,1.23120605256646,-0.446690279533185,1.00404385770431,-0.0151525098001382,-0.295181294572807,1.22364693762416,1.3409590599649,-0.521905138542654,-0.984426097198368,0.220104266544305,1.06222139393669,1.01320928280887,-0.159906168434597,0.353426123883304,-0.528077175831842,-0.438480787336626,0.708692154522277,1.02495963933348,0.919761461497645,0.568216689190515,1.00044832999338,98,5,490
"강원도원주시",2020,25,354376,7.05465381402804,21.6,95.6,20.6799026,4.68,21.6,58,98.6,15.1,81.85176197,5161,157794975,0,4.2,99.4,366,15398,133,346,428,84.7384615384615,47902,1736.48,49,53,184,1946,55913451.7,614055272.5,28321480.9,0,-0.138486088238282,0.23843054228278,1.00404385770431,0.582957261451353,-0.299167667553959,2.11207219822049,1.23120605256646,-0.446690279533185,1.00404385770431,-0.0529814075411477,0.176078665120443,1.22364693762416,1.3409590599649,-1.34901273168974,1.01490923682017,-0.289976326096064,0.530956457968861,-0.986069748447918,-0.231612485426235,0.0514876361168627,-0.324305089347339,-1.3290200913081,0.708692154522277,1.69878817043862,0.931346082554973,-1.29519980624308,-0.998655411839273,99,1,491
"강원도원주시",2021,33,357757,9.22413817199943,23.3,95.6,20.6799026,4.68,22.9,55.5,98.4,15.9,81.63,4202,170210303,0,7.5,99.4,366,15429,130,346,3052,85.2615384615385,46930,1737.18,27,43,220,2199,55572262.7,613245005.3,28822734.3,0,-0.138486088238282,-0.0549771643746181,1.00404385770431,0.582957261451353,-0.299167667553959,2.05485865858574,1.23120605256646,-0.446690279533185,1.00404385770431,0.309292416080782,0.169508694624959,1.22364693762416,1.3409590599649,-1.1615350105764,1.01490923682017,-0.289976326096064,0.808090537968575,-0.986069748447918,-0.128036694216091,-0.164182712287738,-0.361354559617247,-1.3290200913081,0.708692154522277,1.64002465208111,0.967642913227281,-1.29519980624308,1.00044832999338,99,2,492
"강원도원주시",2022,10,360807,2.77156485323178,26.6,96.2,22.6582174306641,4.68,20.4,55.4,98.3,16.8,81.64,3967,181939102,1,6.2,99.4,366,15520,120,346,1450,84.9884615384615,38858,1736.564,28,41,721,2377,55115257.5,611712898.3,29310146.1,0,-0.138486088238282,-0.0416404504356454,1.00404385770431,0.582957261451353,-0.299167667553959,1.57972728828566,1.23120605256646,-0.446690279533185,1.00404385770431,0.0881176197994058,0.160708555463723,1.22364693762416,1.3409590599649,-0.797607669591681,1.01490923682017,0.169232831572136,1.00307024642687,-0.986069748447918,-0.327220908081753,-0.172809526223922,-0.379879294752203,-0.438480787336626,0.708692154522277,1.62357395087779,0.999578217475681,-0.363491558526281,-0.998655411839273,99,3,493
"강원도원주시",2023,12,361503,3.31947452718235,33,96.3,23.7815373641199,4.68,20.4,56.5,98.2,17.8,81.7,1354,181939102,1,11.5,99.4,366,15520,120,346,116,84.7153846153846,38858,1736.57,36,37,683,2487,54721433.8,611134342.2,29706895.5,0,-0.138486088238282,0.0650532610761357,1.00404385770431,0.582957261451353,-0.299167667553959,1.57972728828566,1.23120605256646,-0.446690279533185,1.00404385770431,-0.0960566487644869,0.153125045768445,1.22364693762416,1.3409590599649,-0.0918091901061701,1.01490923682017,0.413172361474623,1.12356332468762,-0.986069748447918,-0.327220908081753,-0.0779145729258977,-0.398404029887157,-0.438480787336626,0.708692154522277,1.31636594397561,0.999578217475681,-0.363491558526281,1.00044832999338,99,4,494
"강원도원주시",2024,4,362164,1.10447200715698,30.3,96.5,23.7815373641199,4.68,19.4,55.1,98,19,81.05,1354,181939102,1,6.7,94.5,366,15520,120,346,4252,84.7846153846154,38858,1736.584,36,37,683,2486,53949669.6,610050391.9,30213448.4,0,-0.138486088238282,0.0650532610761357,1.00404385770431,0.582957261451353,-0.299167667553959,1.57972728828566,1.23120605256646,-0.446690279533185,1.00404385770431,0.474966420785933,0.138263874911615,1.22364693762416,1.3409590599649,-0.38956792363912,-0.984426097198368,0.413172361474623,1.12246793306707,-0.986069748447918,-0.406894593628019,-0.198689968032474,-0.435453500157067,-0.438480787336626,0.708692154522277,1.31636594397561,0.999578217475681,-0.363491558526281,1.00044832999338,99,5,495
"강원도강릉시",2020,8,213321,3.75021680940929,24.7,95.1,21.88901592,5.48,19.4,63.1,98.39,21.3,86.79829928,612,91558535,3,6.8,95.7,244,6946,74,449,0,81.1818181818182,22584,2084.34,11,17,9,1734,48758829.7,834087363.8,20127939.6,0,-0.138486088238282,-0.26836458739818,1.00404385770431,0.582957261451353,-0.299167667553959,0.621812531067694,1.23120605256646,-0.446690279533185,1.00404385770431,-0.112071802552651,0.0383085276120783,1.22364693762416,1.3409590599649,-1.00714159318894,-0.984426097198368,-0.00458269826638894,0.298733434411788,1.01320928280887,-0.406894593628019,0.491455146862248,-0.363207033130743,-0.438480787336626,0.708692154522277,1.08957787885111,0.67048664023682,0.568216689190515,1.00044832999338,100,1,496
"강원도강릉시",2021,13,212965,6.10428943723147,18.1,95.5,21.88901592,5.48,18.2,56.9,98.5,22.2,86.86,1152,99407956,3,7.9,95.7,244,6977,74,449,346,81.1590909090909,22584,2084.34,11,17,10,1901,47935405.2,833434012,20552184.1,0,-0.138486088238282,-0.26836458739818,1.00404385770431,0.582957261451353,-0.299167667553959,0.621812531067694,1.23120605256646,-0.446690279533185,1.00404385770431,-0.064302464529333,0.0224525807021288,1.22364693762416,1.3409590599649,-1.73499627515838,-0.984426097198368,-0.00458269826638894,0.48166383504401,1.01320928280887,-0.502503016283537,-0.0434073171811617,-0.342829824482293,0.452058516634848,0.708692154522277,1.27020894519883,0.709905950465311,0.568216689190515,1.00044832999338,100,2,497
"강원도강릉시",2022,4,211381,1.89231766336615,18.6,96.1,23.5380736258195,5.48,17.6,60.3,98.4,23.5,86.83,-278,102648057,5,9,95.7,244,7021,69,449,430,83.5909090909091,18170,2079.596,8,20,13,2134,47403092,832970291,20923133.7,0,-0.138486088238282,-0.308374729215098,1.00404385770431,0.582957261451353,-0.299167667553959,0.361997136059698,1.23120605256646,-0.446690279533185,1.00404385770431,-0.0527052841999724,0.0122023029430078,1.22364693762416,1.3409590599649,-1.67985576894857,-0.984426097198368,0.361254002724803,0.73689008263268,1.01320928280887,-0.550307227611296,0.249904356649095,-0.361354559617247,0.452058516634848,0.708692154522277,-0.7455502325292,0.725277151527088,0.568216689190515,1.00044832999338,100,3,498
"강원도강릉시",2023,5,209439,2.38732996242343,25.3,96.6,24.4468085106383,5.48,19.3,63.6,98.2,24.7,86.66,-819,102648057,4,8.3,95.7,244,7021,69,449,0,84.6681818181818,18934,2081.654,8,20,37,2248,47038292.4,832722053.4,21314808.9,0,-0.138486088238282,-0.308374729215098,1.00404385770431,0.582957261451353,-0.299167667553959,0.406967449105939,1.23120605256646,-0.446690279533185,1.00404385770431,-0.112071802552651,0.00517768430417589,1.22364693762416,1.3409590599649,-0.940972985737176,-0.984426097198368,0.552480982477001,0.861764727375634,1.01320928280887,-0.414861962182645,0.534589216543168,-0.398404029887157,0.452058516634848,0.708692154522277,-0.7455502325292,0.725277151527088,0.568216689190515,1.00044832999338,100,4,499
"강원도강릉시",2024,4,207731,1.92556719988832,27,97.4,24.4468085106383,5.48,19.1,60.7,98.1,26.1,86.56,-511,102648057,4,7.3,98.6,244,7021,69,449,0,83.7409090909091,19320,2081.662,8,20,37,2382,46623088,832096169.4,21718551.6,0,-0.138486088238282,-0.308374729215098,1.00404385770431,0.582957261451353,-0.299167667553959,0.429688052294223,1.23120605256646,-0.446690279533185,1.00404385770431,-0.112071802552651,-0.00281753435057315,1.22364693762416,1.3409590599649,-0.753495264623837,1.01490923682017,0.552480982477001,1.00854720452963,1.01320928280887,-0.430796699291898,0.284411612393832,-0.416928765022114,0.452058516634848,0.708692154522277,-0.7455502325292,0.725277151527088,0.568216689190515,1.00044832999338,100,5,500
"강원도동해시",2020,4,90593,4.41535217952822,21.2,99.6,23.05800033,5.34,19.2,60.2,103.11,20.2,100,355,18126262,1,4,95.8,124,403,32,68,0,96.8363636363636,2002,360.6,0,0,0,704,4217777.4,134069082,7043967.4,0,-0.138486088238282,-0.41506844072688,-0.99507918040338,0.582957261451353,0.905063196426787,-0.589678284531438,0.01634344317566,0.446690279533185,-0.995079180403383,-0.112071802552651,-0.819378559160398,0,-1.34015753034149,-1.39312513665758,-0.984426097198368,0.257352153628104,-0.829519934757009,1.01320928280887,-0.422829330737272,0.241277542712912,0.511160465239125,-0.438480787336626,0.708692154522277,0.93420008460138,-0.105699778708724,-0.363491558526281,-0.998655411839273,101,1,501
"강원도동해시",2021,6,90081,6.66067206181104,20.3,99.6,23.05800033,5.34,18.5,59,103.4,21.1,100,-12,18316612,1,5.6,95.8,124,413,27,68,582,96.6,2002,360.6,0,0,1,761,4138191.4,133794710.5,7111733.4,0,-0.138486088238282,-0.41506844072688,-0.99507918040338,0.582957261451353,0.905063196426787,-0.589678284531438,0.01634344317566,0.446690279533185,-0.995079180403383,-0.0317199102706533,-0.820911075366529,0,-1.34015753034149,-1.49237804783523,-0.984426097198368,0.257352153628104,-0.767082612385532,1.01320928280887,-0.478600910619657,0.137755775478703,0.564882197130495,-0.438480787336626,0.708692154522277,-0.7455502325292,-0.100693350455264,-0.363491558526281,-0.998655411839273,101,2,502
"강원도동해시",2022,3,89426,3.35472904971708,22.3,99.6,24.9161787519391,5.34,16.6,61.2,103.2,22.3,100,-63,16991186,1,5.7,95.8,124,414,27,68,582,96.5181818181818,2002,360.61,0,0,0,848,4050860.4,133734889.4,7216938.8,0,-0.138486088238282,-0.41506844072688,-0.99507918040338,0.582957261451353,0.905063196426787,-0.589678284531438,0.01634344317566,0.446690279533185,-0.995079180403383,-0.0317199102706533,-0.822592730089692,0,-1.34015753034149,-1.27181602299601,-0.984426097198368,0.648593543592596,-0.671783541397488,1.01320928280887,-0.629980913157561,0.327545682074752,0.527832726860584,0.452058516634848,0.708692154522277,-0.7455502325292,-0.136690885479878,-0.363491558526281,-0.998655411839273,101,3,503
"강원도동해시",2023,0,88625,0,23.6,99.6,26.0725756195772,5.34,15.6,60.6,103.4,23.5,100,-366,16991186,1,5.9,95.8,124,414,27,68,582,96.4363636363636,2002,360.616,0,0,0,917,3881488.1,133485176.7,7275081.7,0,-0.138486088238282,-0.41506844072688,-0.99507918040338,0.582957261451353,0.905063196426787,-0.589678284531438,0.01634344317566,0.446690279533185,-0.995079180403383,-0.0317199102706533,-0.825854180528458,0,-1.34015753034149,-1.12845070685051,-0.984426097198368,0.878152869061351,-0.596201519579384,1.01320928280887,-0.709654598703826,0.275784798457648,0.564882197130495,0.452058516634848,0.708692154522277,-0.7455502325292,-0.136690885479878,-0.363491558526281,-0.998655411839273,101,4,504
"강원도동해시",2024,0,87675,0,23.5,99.5,26.0725756195772,5.34,17.8,55.5,103,25,100,-490,16991186,1,4.2,94.1,124,414,27,68,400,97.5727272727273,1402,360.688,0,0,0,1003,3844001,133417366.1,7359952,0,-0.138486088238282,-0.41506844072688,-0.99507918040338,0.582957261451353,0.905063196426787,-0.624995284305973,0.01634344317566,0.446690279533185,-0.995079180403383,-0.0568471343176012,-0.826576035983825,0,-1.34015753034149,-1.13947880809248,-0.984426097198368,0.878152869061351,-0.501997840211892,1.01320928280887,-0.534372490502043,-0.164182712287738,0.490783256590674,0.452058516634848,0.708692154522277,-0.7455502325292,-0.136690885479878,-0.363491558526281,-0.998655411839273,101,5,505
"강원도태백시",2020,0,42719,0,18.6,97.9,24.21933086,6.34,23.7,67.8,102.66,25.2,100,-952,4041114,0,6,97.9,78,61,0,22,0,78.7666666666667,562,606.94,0,3,95,445,32575,266073871.5,4127981.6,0,-0.138486088238282,-0.41506844072688,-0.99507918040338,-1.71385315027395,-0.299167667553959,-0.674439083990322,-1.19851916621514,-0.446690279533185,-0.995079180403383,-0.112071802552651,-0.899969247270593,0,-1.34015753034149,-1.67985576894857,1.01490923682017,0.505260912913757,-1.11322636448004,1.01320928280887,-0.0642977457790784,0.896915401862897,0.427799157131827,0.452058516634848,0.708692154522277,-0.7455502325292,-0.82496418220081,-1.29519980624308,-0.998655411839273,102,1,506
"강원도태백시",2021,0,40844,0,28.2,97.8,24.21933086,6.34,22.6,66.4,102.3,26.4,100,-1014,3092146,0,6,97.9,78,61,0,22,156,79.3,900,606.94,0,3,91,505,32575,265958720.5,4130527.3,0,-0.138486088238282,-0.41506844072688,-0.99507918040338,-1.71385315027395,-0.299167667553959,-0.654543840784001,-1.19851916621514,-0.446690279533185,-0.995079180403383,-0.0905341819409819,-0.899969247270593,0,-1.34015753034149,-0.621158049720304,1.01490923682017,0.505260912913757,-1.0475028672469,1.01320928280887,-0.15193879987997,0.776140006756321,0.36111011064599,0.452058516634848,0.708692154522277,-0.7455502325292,-0.953235373900773,-1.29519980624308,-0.998655411839273,102,2,507
"강원도태백시",2022,1,39428,2.53626864157452,30.8,97.9,28.1922655964976,6.34,14.2,67.9,101.7,27.8,100,-800,3268725,0,7.3,97.9,78,62,0,22,130,80.4,996,606.886,0,3,1,557,30925.3,265929318,4204096.2,0,-0.138486088238282,-0.41506844072688,-0.99507918040338,-1.71385315027395,-0.299167667553959,-0.648893120820075,-1.19851916621514,-0.446690279533185,-0.995079180403383,-0.0941237853762601,-0.900001014063562,0,-1.34015753034149,-0.334427417429315,1.01490923682017,1.27456197453309,-0.990542502978187,1.01320928280887,-0.821197758468597,0.905542215799082,0.249961699836262,0.452058516634848,0.708692154522277,-0.7455502325292,-0.926620909249841,-1.29519980624308,1.00044832999338,102,3,508
"강원도태백시",2023,1,38702,2.58384579608289,24.5,97.9,29.6548672566372,6.34,23.1,73.8,101.3,29.2,100,-415,3268725,0,6.9,97.9,78,62,0,22,960,78.9666666666667,996,606.876,0,1,66,590,30925.3,265926322.3,4216667.2,0,-0.138486088238282,-0.41506844072688,-0.99507918040338,-1.71385315027395,-0.299167667553959,-0.648893120820075,-1.19851916621514,-0.446690279533185,-0.995079180403383,0.0204674012114692,-0.900001014063562,0,-1.34015753034149,-1.02919779567287,1.01490923682017,1.53164415897332,-0.954394579499964,1.01320928280887,-0.112101957106837,1.41452423803394,0.175862759296442,0.452058516634848,0.708692154522277,-0.7455502325292,-0.926620909249841,-1.29519980624308,1.00044832999338,102,4,509
"강원도태백시",2024,1,37936,2.63601855757065,28.4,98.6,29.6548672566372,6.34,20.5,67,102.3,31.1,100,-445,3268725,0,4.4,90,78,62,0,22,16,79.0555555555556,988,606.876,0,1,66,614,30925.3,265876725.9,4262750.9,0,-0.138486088238282,-0.41506844072688,-0.99507918040338,-1.71385315027395,-0.299167667553959,-0.649364014150402,-1.19851916621514,-0.446690279533185,-0.995079180403383,-0.109862815823249,-0.900001014063562,0,-1.34015753034149,-0.599101847236382,-0.984426097198368,1.53164415897332,-0.92810518060671,1.01320928280887,-0.319253539527127,0.827900890373425,0.36111011064599,0.452058516634848,0.708692154522277,-0.7455502325292,-0.926620909249841,-1.29519980624308,-0.998655411839273,102,5,510
"강원도속초시",2020,3,82665,3.62910542551261,25.6,99.7,24.42358574,6.2,19.9,59.6,98.24,19.2,100,1075,17780211,3,1.6,99.2,100,176,0,41,758,99.0777777777778,450,211.16,0,0,0,625,3953420.1,77656798.7,6622233.3,0,-0.138486088238282,-0.41506844072688,-0.99507918040338,-1.71385315027395,0.905063196426787,-0.681031590614902,0.01634344317566,0.446690279533185,-0.995079180403383,-0.00742105624723118,-0.824469050533994,0,-1.34015753034149,-0.907888682011293,1.01490923682017,0.547679760967274,-0.916055872780635,1.01320928280887,-0.367057750854886,0.189516659095807,-0.390994135833177,-0.438480787336626,0.708692154522277,1.25044719179568,-0.114937494420244,0.568216689190515,-0.998655411839273,103,1,511
"강원도속초시",2021,8,82791,9.66288606249472,32.1,99.7,24.42358574,6.2,23.4,60.4,98.5,20.1,100,610,16344709,3,2.1,99.2,100,174,0,41,789,99.1444444444444,456,211.16,0,0,0,716,3914944.5,77522993.8,6789897.8,0,-0.138486088238282,-0.41506844072688,-0.99507918040338,-1.71385315027395,0.905063196426787,-0.680678420617157,0.01634344317566,0.446690279533185,-0.995079180403383,-0.00314114445901478,-0.825209940647087,0,-1.34015753034149,-0.19106210128382,1.01490923682017,0.547679760967274,-0.816375235310382,1.01320928280887,-0.088199851442958,0.258531170585279,-0.342829824482293,-0.438480787336626,0.708692154522277,1.08864350442898,-0.155280877116311,0.568216689190515,-0.998655411839273,103,2,512
"강원도속초시",2022,3,82806,3.6229258749366,30.5,99.6,26.539798302091,6.2,20.9,61,98.2,21.2,100,457,16954748,3,4.8,99.2,100,174,0,41,834,99.1777777777778,414,211.54,0,0,0,794,3885263.5,77481135.8,6852000.3,0,-0.138486088238282,-0.41506844072688,-0.99507918040338,-1.71385315027395,0.905063196426787,-0.683150610601374,0.01634344317566,0.446690279533185,-0.995079180403383,0.00307163071742838,-0.825781481037535,0,-1.34015753034149,-0.367511721155198,1.01490923682017,0.968132921722175,-0.730934688907309,1.01320928280887,-0.287384065308621,0.310292054202383,-0.398404029887157,-0.438480787336626,0.708692154522277,1.00623390357768,-0.137719732299798,0.568216689190515,-0.998655411839273,103,3,513
"강원도속초시",2023,5,82054,6.09354815121749,34,99.6,27.4545847750865,6.2,18.3,61,98,22.5,100,-358,16954748,2,4.4,99.2,100,174,0,41,300,99.5444444444444,282,211.508,0,0,0,812,3860213.2,77399875.8,6926407.2,0,-0.138486088238282,-0.41506844072688,-0.99507918040338,-1.71385315027395,0.905063196426787,-0.690920350551772,0.01634344317566,0.446690279533185,-0.995079180403383,-0.0706533013763638,-0.826263852192241,0,-1.34015753034149,0.018471822313441,1.01490923682017,1.13996992719599,-0.711217639737368,1.01320928280887,-0.49453564772891,0.310292054202383,-0.435453500157067,0.452058516634848,0.708692154522277,-0.7455502325292,-0.137719732299798,-0.363491558526281,-0.998655411839273,103,4,514
"강원도속초시",2024,3,80933,3.70676979723969,32.7,99.7,27.4545847750865,6.2,19.2,57.6,97.4,24,100,-721,16954748,2,5.8,96.4,100,174,0,41,36,99.5444444444444,282,211.506,0,0,0,812,3836911.4,77389413.6,6951909.8,0,-0.138486088238282,-0.41506844072688,-0.99507918040338,-1.71385315027395,0.905063196426787,-0.690920350551772,0.01634344317566,0.446690279533185,-0.995079180403383,-0.107101582411497,-0.82671255405101,0,-1.34015753034149,-0.124893493832053,-0.984426097198368,1.13996992719599,-0.711217639737368,1.01320928280887,-0.422829330737272,0.0169803803721267,-0.546601910966795,0.452058516634848,0.708692154522277,-0.7455502325292,-0.137719732299798,-0.363491558526281,-0.998655411839273,103,5,515
"강원도삼척시",2020,3,65243,4.59819444231565,21.7,91.1,24.42070963,5.79,13.5,68.1,102.42,25.4,83.89252487,-1717,11706470,0,5.7,95.1,95,1526,79,155,10,68.4307692307692,4822,2374.74,0,8,7,787,14906001.6,1043502411.1,8438633.2,0,-0.138486088238282,-0.41506844072688,1.00404385770431,0.582957261451353,-1.50339853153471,-0.423688385591124,0.01634344317566,-0.446690279533185,1.00404385770431,-0.110691185846775,-0.613565014048688,1.22364693762416,-0.44645200023936,-1.33798463044778,-0.984426097198368,0.547084830729125,-0.738602430251174,1.01320928280887,-0.876969338350983,0.922795843671449,0.383339792807937,0.452058516634848,0.708692154522277,-0.7455502325292,-0.315233510598918,-1.29519980624308,-0.998655411839273,104,1,516
"강원도삼척시",2021,3,63429,4.72969777231235,23.7,91.1,24.42070963,5.79,12.2,66.7,102.1,26.6,83.9,-1066,11102362,0,4.4,95.1,95,1530,78,155,2040,69.2769230769231,4706,2374.74,0,6,6,842,14772384.6,1042635443.7,8569480,0,-0.138486088238282,-0.41506844072688,1.00404385770431,0.582957261451353,-1.50339853153471,-0.430516338880867,0.01634344317566,-0.446690279533185,1.00404385770431,0.169574005446105,-0.616137956751106,1.22364693762416,-0.44645200023936,-1.11742260560855,-0.984426097198368,0.547084830729125,-0.678355891120802,1.01320928280887,-0.980545129561128,0.802020448564873,0.32406064037608,0.452058516634848,0.708692154522277,-0.7455502325292,-0.340625509707142,-1.29519980624308,-0.998655411839273,104,2,517
"강원도삼척시",2022,2,63455,3.15183988653376,23.9,90.2,26.5807560137457,5.79,13.3,67.3,102.7,27.5,84.17,574,12909596,0,5.1,95.1,95,1535,76,155,80,68.8230769230769,4538,2375.656,0,6,6,917,14721635.1,1042545823.5,8694699.4,0,-0.138486088238282,-0.41506844072688,1.00404385770431,0.582957261451353,-1.50339853153471,-0.440405098817737,0.01634344317566,-0.446690279533185,1.00404385770431,-0.101026868905641,-0.617115194345696,1.22364693762416,-0.44645200023936,-1.09536640312463,-0.984426097198368,0.975947849544962,-0.596201519579384,1.01320928280887,-0.892904075460236,0.853781332181977,0.43520905118581,0.452058516634848,0.708692154522277,1.07128056602669,-0.268349752628853,-1.29519980624308,-0.998655411839273,104,3,518
"강원도삼척시",2023,1,62651,1.59614371678026,28.2,90.8,27.7506383923615,5.79,13.5,67.2,103.2,28.8,84.21,-392,12909596,0,8.9,95.1,95,1535,76,155,60,69.7076923076923,4212,2375.674,0,5,6,1001,14680113.4,1042532197.5,8737832.6,0,-0.138486088238282,-0.41506844072688,1.00404385770431,0.582957261451353,-1.50339853153471,-0.459594002028568,0.01634344317566,-0.446690279533185,1.00404385770431,-0.103788102317394,-0.61791474047386,1.22364693762416,-0.44645200023936,-0.621158049720304,-0.984426097198368,1.19440030496544,-0.504188623452997,1.01320928280887,-0.876969338350983,0.845154518245793,0.527832726860584,0.452058516634848,0.708692154522277,-0.7455502325292,-0.268349752628853,-1.29519980624308,1.00044832999338,104,4,519
"강원도삼척시",2024,2,61735,3.23965335709079,30.9,92,27.7506383923615,5.79,13.6,65.8,103.8,30.3,84.51,-395,12909596,0,7.5,95.7,95,1535,76,155,78,69.5923076923077,4212,2375.694,0,5,6,987,14650537.9,1042521765.3,8819498,0,-0.138486088238282,-0.41506844072688,1.00404385770431,0.582957261451353,-0.299167667553959,-0.459594002028568,0.01634344317566,-0.446690279533185,1.00404385770431,-0.101302992246817,-0.618484249345451,1.22364693762416,-0.44645200023936,-0.323399316187354,-0.984426097198368,1.19440030496544,-0.519524106140728,1.01320928280887,-0.869001969796356,0.724379123139216,0.638981137670312,0.452058516634848,0.708692154522277,-0.7455502325292,-0.268349752628853,-1.29519980624308,1.00044832999338,104,5,520
"강원도홍천군",2020,6,69242,8.66526096877618,26.4,77.1,22.05371422,3.84,14,72.5,106.21,26.2,50.44914936,548,10803498,1,7.8,98.3,137,10128,29,101,104,64.2272727272727,19140,3636.7,41,26,18,745,56182906.6,1523178393,16495347.6,0,-0.138486088238282,0.131736830770999,1.00404385770431,0.582957261451353,-1.50339853153471,0.419092952361863,0.01634344317566,-1.34007083859956,1.00404385770431,-0.0977133888115384,0.181267316404229,1.22364693762416,0.447253529862769,-0.819663872075604,1.01490923682017,0.033120393133786,-0.784608878314368,-0.986069748447918,-0.83713249557785,1.30237565686355,1.08542725442272,0.452058516634848,-1.40978439317836,1.05805066815407,-0.353702988202506,-0.363491558526281,1.00044832999338,105,1,521
"강원도홍천군",2021,19,68365,27.7919988298106,25.9,79.7,22.05371422,3.84,13.9,68.2,106,27.9,50.01,-106,11436567,1,10.2,98.3,137,8636,12,101,86,63.8636363636364,19014,3636.7,65,30,27,825,55935190.7,1522868471.9,16887787.1,0,-0.138486088238282,0.451817965306342,1.00404385770431,0.582957261451353,-1.50339853153471,0.41167638240921,0.01634344317566,-1.34007083859956,1.00404385770431,-0.100198498882116,0.176497273541586,1.22364693762416,0.447253529862769,-0.87480437828541,1.01490923682017,0.033120393133786,-0.696977548670189,-0.986069748447918,-0.845099864132477,0.931422657607634,1.04652531063932,0.452058516634848,-1.40978439317836,-0.7455502325292,-0.326412198333155,-0.363491558526281,1.00044832999338,105,2,522
"강원도홍천군",2022,3,67977,4.41325742530562,25,81,23.5679214402619,3.84,13.3,68.9,105.8,29.7,50.24,228,11663994,1,6,98.3,137,10525,30,101,86,64.0272727272727,18854,3641.162,66,31,29,878,55567982.4,1522410906.2,17319270.8,0,-0.138486088238282,0.465154679245315,1.00404385770431,0.582957261451353,-1.50339853153471,0.402258515802668,0.01634344317566,-1.34007083859956,1.00404385770431,-0.100198498882116,0.169426272727677,1.22364693762416,0.447253529862769,-0.97405728946306,1.01490923682017,0.367646651694415,-0.638921792780921,-0.986069748447918,-0.892904075460236,0.991810355160922,1.00947584036941,0.452058516634848,-1.40978439317836,0.80805042709014,-0.316975560244315,-0.363491558526281,-0.998655411839273,105,3,523
"강원도홍천군",2023,1,67309,1.48568542096896,28.3,81.9,24.7803823930098,3.84,21.2,71.2,106.1,31.6,50.02,-135,11663994,1,9.7,98.3,137,10525,30,101,8,65.2272727272727,17538,3641.146,77,20,32,904,55308718.2,1521225230.7,17686948.2,0,-0.138486088238282,0.611858532574014,1.00404385770431,0.582957261451353,-1.50339853153471,0.324796562963854,0.01634344317566,-1.34007083859956,1.00404385770431,-0.11096730918795,0.164433854611808,1.22364693762416,1.3409590599649,-0.610129948478343,1.01490923682017,0.620966764620869,-0.610441610646563,-0.986069748447918,-0.263481959644741,1.19022707569315,1.06505004577427,1.34259782060632,-1.40978439317836,-0.7455502325292,-0.316975560244315,-0.363491558526281,1.00044832999338,105,4,524
"강원도홍천군",2024,1,66717,1.49886835439243,27.7,82.5,24.7803823930098,3.84,19.3,67.3,106.6,33.6,50.52,-54,11663994,1,8.9,99,137,10525,30,101,198,65.0545454545455,17486,3640.82,77,20,32,879,55067586.9,1520811436.6,17984786.9,0,-0.138486088238282,0.611858532574014,1.00404385770431,0.582957261451353,-1.50339853153471,0.321735756316728,0.01634344317566,-1.34007083859956,1.00404385770431,-0.0847355917763016,0.15979060548438,1.22364693762416,1.3409590599649,-0.676298555930109,1.01490923682017,0.620966764620869,-0.637826401160369,-0.986069748447918,-0.414861962182645,0.853781332181977,1.15767372144905,1.34259782060632,-1.40978439317836,-0.7455502325292,-0.316975560244315,-0.363491558526281,1.00044832999338,105,5,525
"강원도횡성군",2020,7,46472,15.0628335341711,26.2,84.1,20.5167506,4.11,15.1,70.6,105.17,29.5,44.66130143,251,4031311,1,7.7,99.3,83,6573,61,341,70,52.5,15390,1995.276,63,19,25,548,46714879,762361780.2,11930936.3,0,-0.138486088238282,0.425144537428397,1.00404385770431,0.582957261451353,-1.50339853153471,0.198361703771019,0.01634344317566,-1.34007083859956,1.00404385770431,-0.102407485611518,-0.00104999740843556,1.22364693762416,0.447253529862769,-0.841720074559526,1.01490923682017,-0.329699793543837,-1.00040102756316,-0.986069748447918,-0.749491441476959,1.13846619207605,0.892770009019194,0.452058516634848,-1.40978439317836,0.835414835624266,-0.826128144460908,-0.363491558526281,1.00044832999338,106,1,526
"강원도횡성군",2021,2,46481,4.30283341580431,26.4,88.6,20.5167506,4.11,15.7,68.1,105.5,31.1,45.11,541,4454826,1,8.2,99.3,83,6632,61,341,76,53.39,15536,1995.276,66,20,25,580,46402684.4,762101571.1,12259407.9,0,-0.138486088238282,0.465154679245315,1.00404385770431,0.582957261451353,-1.50339853153471,0.206955507049489,0.01634344317566,-1.34007083859956,1.00404385770431,-0.101579115587992,-0.00706164875372944,1.22364693762416,0.447253529862769,-0.819663872075604,1.01490923682017,-0.329699793543837,-0.965348495705486,-0.986069748447918,-0.7016872301492,0.922795843671449,0.953901634964545,0.452058516634848,-1.40978439317836,1.05438163846428,-0.778253736416073,-0.363491558526281,1.00044832999338,106,2,527
"강원도횡성군",2022,0,46532,0,22.5,90.9,21.2849822625148,4.11,14.8,70.5,105.4,32.7,45.05,611,4424170,0,6.5,99.3,83,6685,63,341,128,54.35,15558,1995.884,59,19,29,587,46168317.2,761762503.2,12614799.8,0,-0.138486088238282,0.371797681672507,1.00404385770431,0.582957261451353,-1.50339853153471,0.208250463707889,0.01634344317566,-1.34007083859956,1.00404385770431,-0.0943999087174354,-0.0115746476754684,1.22364693762416,0.447253529862769,-1.24975982051209,1.01490923682017,-0.145220243322484,-0.95768075436162,-0.986069748447918,-0.773393547140838,1.12983937813987,0.935376899829591,1.34259782060632,-1.40978439317836,1.08911107332911,-0.781563043464302,-1.29519980624308,1.00044832999338,106,3,528
"강원도횡성군",2023,1,46359,2.15707845294333,25.1,92.2,22.914328469884,4.11,13.9,69.7,105.7,34.6,44.84,279,4424170,0,8.9,99.3,83,6685,63,341,164,55.86,15076,1996.004,63,21,29,623,45783203.5,761248579.2,12903568.5,0,-0.138486088238282,0.425144537428397,1.00404385770431,0.582957261451353,-0.299167667553959,0.179879140555679,0.01634344317566,-1.34007083859956,1.00404385770431,-0.0894296885762809,-0.0189904367144079,1.22364693762416,0.447253529862769,-0.963029188221098,1.01490923682017,0.225854007393097,-0.91824665602174,-0.986069748447918,-0.845099864132477,1.06082486665039,0.990951105234455,1.34259782060632,-1.40978439317836,0.865539337120066,-0.781563043464302,-1.29519980624308,1.00044832999338,106,4,529
"강원도횡성군",2024,2,46111,4.33735984905988,28.5,92.5,22.914328469884,4.11,13.9,67.9,105.8,36.8,44.88,204,4424170,0,4.6,99.2,83,6685,63,341,18,56.84,19466,1995.994,63,21,29,607,45376591.1,761053721.1,13168493.1,0,-0.138486088238282,0.425144537428397,1.00404385770431,0.582957261451353,-0.299167667553959,0.438281855572693,0.01634344317566,-1.34007083859956,1.00404385770431,-0.109586692482074,-0.0268202069329612,1.22364693762416,0.447253529862769,-0.58807374599442,1.01490923682017,0.225854007393097,-0.935772921950576,-0.986069748447918,-0.845099864132477,0.905542215799082,1.00947584036941,1.34259782060632,-1.40978439317836,0.776395831207664,-0.781563043464302,-1.29519980624308,-0.998655411839273,106,5,530
"강원도영월군",2020,0,38662,0,32.4,78.8,25.16089755,4.06,16.6,70.6,107.01,29.7,61.93678547,-185,4354028,0,5,99.1,70,1302,137,118,0,63.28,7896,2255.7,0,6,706,512,13840976,955355084.2,9419492.5,0,-0.138486088238282,-0.41506844072688,1.00404385770431,0.582957261451353,-1.50339853153471,-0.242747623412923,-1.19851916621514,-1.34007083859956,1.00404385770431,-0.112071802552651,-0.634073256603212,1.22364693762416,-0.44645200023936,-0.157977797557937,1.01490923682017,0.698016271984023,-1.03983512590304,-0.986069748447918,-0.629980913157561,1.13846619207605,1.23362513550236,0.452058516634848,-1.40978439317836,-0.7455502325292,-0.789221931594655,-1.29519980624308,-0.998655411839273,107,1,531
"강원도영월군",2021,4,37904,10.5529759392149,26.1,78.7,25.16089755,4.06,19.8,71,107.4,31,61.95,-57,4112479,0,8.1,99.1,70,1323,138,118,0,62.85,7896,2255.7,0,5,10,570,13694971.8,955147141.3,9633423.4,0,-0.138486088238282,-0.41506844072688,1.00404385770431,0.582957261451353,-1.50339853153471,-0.242747623412923,-1.19851916621514,-1.34007083859956,1.00404385770431,-0.112071802552651,-0.636884728503586,1.22364693762416,-0.44645200023936,-0.852748175801487,1.01490923682017,0.698016271984023,-0.976302411911008,-0.986069748447918,-0.375025119409512,1.17297344782079,1.30587160252869,0.452058516634848,-1.40978439317836,-0.7455502325292,-0.816574779640266,-1.29519980624308,1.00044832999338,107,2,532
"강원도영월군",2022,0,37728,0,29.5,80.1,26.8364589304725,4.06,13.5,70,107.1,32.4,61.84,305,3750883,0,9.7,99.1,70,1388,144,118,0,63.56,10090,2254.662,0,6,10,646,13574578.3,955035359.6,9791967.6,0,-0.138486088238282,-0.41506844072688,1.00404385770431,0.582957261451353,-1.50339853153471,-0.113605127570707,-1.19851916621514,-1.34007083859956,1.00404385770431,-0.112071802552651,-0.639203038129183,1.22364693762416,-0.44645200023936,-0.477792733574809,1.01490923682017,1.02447634774958,-0.893052648749039,-0.986069748447918,-0.876969338350983,1.08670530845895,1.25029739712382,1.34259782060632,-1.40978439317836,0.890927596841573,-0.860681569371094,-1.29519980624308,1.00044832999338,107,3,533
"강원도영월군",2023,0,37332,0,29.1,80.6,28.0913026367572,4.06,17.6,70.5,107.2,34,57.29,-10,3750883,0,7.3,99.1,70,1388,144,118,0,64.11,9830,2254.816,0,6,5,676,13456393.4,954992229.9,10012390.9,0,-0.138486088238282,-0.41506844072688,1.00404385770431,0.582957261451353,-1.50339853153471,-0.128909160806338,-1.19851916621514,-1.34007083859956,1.00404385770431,-0.112071802552651,-0.641478818725896,1.22364693762416,-0.44645200023936,-0.521905138542654,1.01490923682017,1.25634320008764,-0.860190900132472,-0.986069748447918,-0.550307227611296,1.12983937813987,1.26882213225878,1.34259782060632,-1.40978439317836,-0.7455502325292,-0.860681569371094,-1.29519980624308,1.00044832999338,107,4,534
"강원도영월군",2024,5,36721,13.6161869230141,25.4,81.1,28.0913026367572,4.06,20,69.7,107.1,35.8,56.77,-178,3750883,0,10.7,99.1,70,1388,144,118,0,64.11,9748,2254.934,0,6,5,701,13346532.7,954915122.9,10151830.1,0,-0.138486088238282,-0.41506844072688,1.00404385770431,0.582957261451353,-1.50339853153471,-0.133735817442192,-1.19851916621514,-1.34007083859956,1.00404385770431,-0.112071802552651,-0.643594307670772,1.22364693762416,-0.44645200023936,-0.929944884495215,1.01490923682017,1.25634320008764,-0.832806109618666,-0.986069748447918,-0.35909038230026,1.06082486665039,1.25029739712382,1.34259782060632,-1.40978439317836,-0.7455502325292,-0.860681569371094,-1.29519980624308,1.00044832999338,107,5,535
"강원도평창군",2020,2,41681,4.79834936781747,27.8,81.9,23.62437664,3.39,13.1,74.3,104.72,28.4,24.55315372,-136,1556554,0,7.5,97.1,70,3603,60,326,0,78.1666666666667,5180,2928.6,31,9,628,501,15532090.4,1218630451.1,13553364.6,0,-0.138486088238282,-0.0016303086187275,1.00404385770431,0.582957261451353,-1.50339853153471,-0.402615909058985,-1.19851916621514,-0.446690279533185,1.00404385770431,-0.112071802552651,-0.601508983685596,1.22364693762416,0.447253529862769,-0.665270454688148,1.01490923682017,0.379716722307358,-1.05188443372911,-0.986069748447918,-0.908838812569489,1.45765830771486,0.809408700911897,0.452058516634848,-1.40978439317836,-0.7455502325292,-1.28218178857937,-1.29519980624308,1.00044832999338,108,1,536
"강원도평창군",2021,10,40996,24.392623670602,20.7,82.4,23.62437664,3.39,12.7,65.7,106,30,24.7,-146,1591549,0,6.4,97.1,70,3668,62,326,66,80.3,3590,2928.6,28,11,608,525,15415893.1,1218562860.4,13855539.2,0,-0.138486088238282,-0.0416404504356454,1.00404385770431,0.582957261451353,-1.50339853153471,-0.496205958461502,-1.19851916621514,-0.446690279533185,1.00404385770431,-0.102959732293868,-0.603746490852166,1.22364693762416,0.447253529862769,-1.44826564286739,1.01490923682017,0.379716722307358,-1.02559503483586,-0.986069748447918,-0.940708286787995,0.715752309203033,1.04652531063932,0.452058516634848,-1.40978439317836,-0.7455502325292,-1.27152666508472,-1.29519980624308,-0.998655411839273,108,2,537
"강원도평창군",2022,1,40990,2.43961941937058,19,84.4,24.9224565756824,3.39,12.5,70.1,106.9,31.5,24.71,497,1650919,0,7,97.1,70,3729,62,326,0,80.6666666666667,3338,2928.374,20,11,522,551,15330378.9,1216854044.6,14102479.3,0,-0.138486088238282,-0.148334161947427,1.00404385770431,0.582957261451353,-1.50339853153471,-0.511039098366807,-1.19851916621514,-0.446690279533185,1.00404385770431,-0.112071802552651,-0.605393161087563,1.22364693762416,0.447253529862769,-1.63574336398073,1.01490923682017,0.649867217769701,-0.997114852701501,-0.986069748447918,-0.956643023897248,1.09533212239513,1.21324792685391,1.34259782060632,-1.40978439317836,1.03017409970312,-1.25397479350729,-1.29519980624308,1.00044832999338,108,3,538
"강원도평창군",2023,3,40659,7.3784401977422,26.8,85.3,26.301755425524,3.39,12.8,69.7,107.4,33.2,20.57,73,1650919,0,4.3,97.1,70,3729,62,326,8,83.3777777777778,3068,2928.516,22,9,468,585,15096324,1216619418.6,14405458.6,0,-0.138486088238282,-0.121660734069481,1.00404385770431,0.582957261451353,-1.50339853153471,-0.526931748265348,-1.19851916621514,-0.446690279533185,1.00404385770431,-0.11096730918795,-0.609900146328364,1.22364693762416,0.447253529862769,-0.775551467107759,1.01490923682017,0.922481852869045,-0.959871537602725,-0.986069748447918,-0.932740918233369,1.06082486665039,1.30587160252869,1.34259782060632,-1.40978439317836,0.485060822558397,-1.25397479350729,-1.29519980624308,-0.998655411839273,108,4,539
"강원도평창군",2024,2,40396,4.95098524606397,21.7,86.5,26.301755425524,3.39,13.1,66.3,107.8,35.1,20.65,93,1650919,0,4.7,94.7,70,3729,62,326,12,83.6777777777778,3190,2928.496,22,9,468,567,15001361,1216499851,14648532.9,0,-0.138486088238282,-0.121660734069481,1.00404385770431,0.582957261451353,-1.50339853153471,-0.519750624977859,-1.19851916621514,-0.446690279533185,1.00404385770431,-0.1104150625056,-0.61172876362893,1.22364693762416,0.447253529862769,-1.33798463044778,-0.984426097198368,0.922481852869045,-0.979588586772665,-0.986069748447918,-0.908838812569489,0.767513192820137,1.37997054306851,1.34259782060632,-1.40978439317836,0.553460973042743,-1.25397479350729,-1.29519980624308,-0.998655411839273,108,5,540
"강원도정선군",2020,3,36870,8.1366965012205,24.2,83.2,23.8829117,4.49,23.2,72.5,108.35,28,64.58638459,-153,322247,1,5.9,98.8,85,596,173,53,400,86.11,4862,2439.54,0,0,354,406,7644314.2,1041539181.2,7591536.8,0,-0.138486088238282,-0.41506844072688,-0.99507918040338,0.582957261451353,-1.50339853153471,-0.421333918939488,0.01634344317566,-0.446690279533185,-0.995079180403383,-0.0568471343176012,-0.753396813917467,1.22364693762416,-1.34015753034149,-1.06228209939875,1.01490923682017,0.434640074773663,-1.15594663768157,-0.986069748447918,-0.104134588552211,1.30237565686355,1.48185658631076,0.452058516634848,0.708692154522277,-0.7455502325292,-2.03694243546287,-0.363491558526281,-0.998655411839273,109,1,541
"강원도정선군",2021,2,35675,5.60616678346181,19.6,81.1,23.8829117,4.49,22.2,68.6,108.5,29.2,64.28,-347,301754,1,5,98.8,85,622,174,53,46,87.64,4248,2439.54,0,0,677,428,7605090.7,1041487667.9,7663007.7,0,-0.138486088238282,-0.41506844072688,-0.99507918040338,0.582957261451353,-1.50339853153471,-0.457474982042096,0.01634344317566,-0.446690279533185,-0.995079180403383,-0.105720965705621,-0.754152105669925,1.22364693762416,-1.34015753034149,-1.56957475652896,1.01490923682017,0.434640074773663,-1.13184802202942,-0.986069748447918,-0.183808274098476,0.965929913352369,1.50964368901319,0.452058516634848,0.708692154522277,-0.7455502325292,-2.06843143626382,-0.363491558526281,-0.998655411839273,109,2,542
"강원도정선군",2022,1,34931,2.86278663651198,21.9,80.9,26.1847685782777,4.49,15.5,69.4,109.6,31,64.11,-290,469296,1,8.3,98.8,85,618,180,53,26,88.69,3850,2439.756,0,0,604,485,7583402.7,1041435012,7733207.8,0,-0.138486088238282,-0.41506844072688,-0.99507918040338,0.582957261451353,-1.50339853153471,-0.480901925225871,0.01634344317566,0.446690279533185,-0.995079180403383,-0.108482199117373,-0.75456973202982,1.22364693762416,-1.34015753034149,-1.31592842796385,1.01490923682017,0.899900425757125,-1.06941069965795,-0.986069748447918,-0.717621967258453,1.03494442484184,1.71341577549769,0.452058516634848,0.708692154522277,-0.7455502325292,-1.85678890803412,-0.363491558526281,1.00044832999338,109,3,543
"강원도정선군",2023,0,34202,0,18.3,81.1,28.0977777777778,4.49,16.1,69.6,109.1,32.9,63.72,-389,469296,1,6.7,98.8,85,618,180,53,24,78.84,7838,2439.562,1,0,563,526,7542501.4,1041436204.7,7802116.3,0,-0.138486088238282,-0.401731726787907,-0.99507918040338,0.582957261451353,-1.50339853153471,-0.246161600057795,0.01634344317566,-0.446690279533185,-0.995079180403383,-0.108758322458548,-0.75535733167174,1.22364693762416,-1.34015753034149,-1.71294007267445,1.01490923682017,1.25751353597545,-1.02449964321531,-0.986069748447918,-0.669817755930693,1.05219805271421,1.62079209982292,1.34259782060632,-1.40978439317836,-0.7455502325292,-1.85678890803412,-0.363491558526281,1.00044832999338,109,4,544
"강원도정선군",2024,1,33515,2.98373862449649,24.8,79.3,28.0977777777778,4.49,17.3,68.4,108.9,34.9,63.73,-331,469296,1,4.1,93.4,85,618,180,53,28,78.09,7876,2439.564,1,0,563,558,7509753.7,1041379689.3,7887282.9,0,-0.138486088238282,-0.401731726787907,-0.99507918040338,0.582957261451353,-1.50339853153471,-0.243924856738741,0.01634344317566,-0.446690279533185,-0.995079180403383,-0.108206075776198,-0.755987924752979,1.22364693762416,-1.34015753034149,-0.996113491946982,-0.984426097198368,1.25751353597545,-0.989447111357635,-0.986069748447918,-0.574209333275175,0.948676285480002,1.58374262955301,1.34259782060632,-1.40978439317836,-0.7455502325292,-1.85678890803412,-0.363491558526281,-0.998655411839273,109,5,545
"강원도철원군",2020,2,44699,4.47437302847938,30.7,92.7,20.31265362,4.48,12,62.8,108.07,22.8,90.19888588,-810,6615499,1,3,93.7,108,1757,30,234,458,58.0166666666667,13714,1778.94,144,80,88,395,122607033.3,597778227.5,8619102.7,0,-0.138486088238282,1.50541836648518,1.00404385770431,0.582957261451353,-0.299167667553959,0.0997095510674847,0.01634344317566,-1.34007083859956,1.00404385770431,-0.0488395574235189,1.4603371357926,1.22364693762416,-0.44645200023936,-0.345455518671276,-0.984426097198368,-0.379818588036292,-1.16799594550765,-0.986069748447918,-0.996479866670381,0.465574705053696,1.42998732793288,0.452058516634848,0.708692154522277,-0.7455502325292,-0.588748898478985,-0.363491558526281,-0.998655411839273,110,1,546
"강원도철원군",2021,6,43340,13.8440239963083,31.3,93.4,20.31265362,4.48,10.4,56.4,107.5,23.8,90.46,-1010,6344819,1,4.1,93.7,108,1750,30,234,138,58.0083333333333,13204,1778.94,145,77,128,439,122475164.9,597415474.5,8668203.9,0,-0.138486088238282,1.51875508042415,1.00404385770431,0.582957261451353,-0.299167667553959,0.0696901012591299,0.01634344317566,-1.34007083859956,1.00404385770431,-0.0930192920115591,1.45779786431173,1.22364693762416,-0.44645200023936,-0.279286911219509,-0.984426097198368,-0.379818588036292,-1.11979871420335,-0.986069748447918,-1.1239577635444,-0.0865413868620818,1.32439633766364,0.452058516634848,0.708692154522277,-0.7455502325292,-0.608769974288337,-0.363491558526281,-0.998655411839273,110,2,547
"강원도철원군",2022,1,42256,2.36652783036729,35.6,93.6,21.6946607863376,4.48,11.7,67.2,107.2,25.2,90.41,-796,6354202,1,6.5,93.7,108,1748,30,234,0,58.3833333333333,12432,1779.406,128,69,170,492,122416104,597324007.5,8762972.5,0,-0.138486088238282,1.29203094346162,1.00404385770431,0.582957261451353,-0.299167667553959,0.0242488948825616,0.01634344317566,-1.34007083859956,1.00404385770431,-0.112071802552651,1.45666058154342,1.22364693762416,-0.44645200023936,0.194921442184819,-0.984426097198368,-0.0494254319502318,-1.06174295831408,-0.986069748447918,-1.02038197233426,0.845154518245793,1.26882213225878,0.452058516634848,0.708692154522277,-0.7455502325292,-0.608061775311603,-0.363491558526281,1.00044832999338,110,3,548
"강원도철원군",2023,3,41448,7.23798494499131,37,95.1,23.3210132516001,4.48,12.9,68,107.6,26.8,82.24,-602,6354202,1,4.2,93.7,108,1748,30,234,10,59.0333333333333,9954,1780.26,127,70,158,528,122211234.7,597248060.5,8873601.4,0,-0.138486088238282,1.27869422952265,1.00404385770431,0.582957261451353,-0.299167667553959,-0.121610314186268,0.01634344317566,-1.34007083859956,1.00404385770431,-0.110691185846775,1.45271559721968,1.22364693762416,-0.44645200023936,0.349314859572275,-0.984426097198368,0.314529913789055,-1.0223088599742,-0.986069748447918,-0.924773549678742,0.914169029735265,1.3429210727986,0.452058516634848,0.708692154522277,-0.7455502325292,-0.608061775311603,-0.363491558526281,-0.998655411839273,110,4,549
"강원도철원군",2024,2,40497,4.93863742993308,41.2,97.1,23.3210132516001,4.48,15,66.1,106.9,28.4,82.55,-727,6354202,1,5,97.9,108,1748,30,234,240,60.55,6524,1780.256,127,70,158,530,121807394.3,597154122.5,8959791.3,0,-0.138486088238282,1.27869422952265,1.00404385770431,0.582957261451353,-0.299167667553959,-0.323505829564026,0.01634344317566,-1.34007083859956,1.00404385770431,-0.0789370016116213,1.44493920491839,1.22364693762416,-0.44645200023936,0.812495111734642,1.01490923682017,0.314529913789055,-1.0201180767331,-0.986069748447918,-0.757458810031585,0.750259564947768,1.21324792685391,0.452058516634848,0.708692154522277,-0.7455502325292,-0.608061775311603,-0.363491558526281,-0.998655411839273,110,5,550
"강원도화천군",2020,2,24857,8.0460232530072,25.9,68.6,21.92904261,4.86,12.2,73.6,118.33,22.6,33.90191898,-12,57171,0,4.1,98.5,77,2188,49,326,226,65.1333333333333,7816,1813.36,2,11,358,239,16623102,766901200.4,5187869.4,0,-0.138486088238282,-0.388395012848934,1.00404385770431,0.582957261451353,-1.50339853153471,-0.247456556716194,-1.19851916621514,-1.34007083859956,1.00404385770431,-0.0808698649998481,-0.580500352040874,1.22364693762416,-1.34015753034149,-0.87480437828541,1.01490923682017,0.00460519389091086,-1.3388770383138,-0.986069748447918,-0.980545129561128,1.39727061016157,3.33062515277925,0.452058516634848,-1.40978439317836,-0.7455502325292,-2.86567307949159,-1.29519980624308,-0.998655411839273,111,1,551
"강원도화천군",2021,2,24195,8.26617069642488,26.5,68.2,21.92904261,4.86,13.9,69.1,118.8,23.7,34.45,-492,30686,0,7.6,98.5,77,2191,49,326,82,66.8666666666667,7240,1813.36,1,11,356,272,16492959.5,766907305.3,5268232.6,0,-0.138486088238282,-0.401731726787907,1.00404385770431,0.582957261451353,-1.50339853153471,-0.281360876499748,-1.19851916621514,-0.446690279533185,1.00404385770431,-0.100750745564466,-0.583006389413734,1.22364693762416,-1.34015753034149,-0.808635770833643,1.01490923682017,0.00460519389091086,-1.30272911483557,-0.986069748447918,-0.845099864132477,1.00906398303329,3.41769140791354,0.452058516634848,-1.40978439317836,-0.7455502325292,-3.16386878103719,-1.29519980624308,1.00044832999338,111,2,552
"강원도화천군",2022,0,23388,0,24.5,68.1,24.7080724318836,4.86,15.4,71.8,116,25.3,34.8,-706,9820,0,4.7,98.5,77,2141,50,326,58,67.8,7028,1818.224,1,11,357,298,16421805.5,766924652.3,5335249.8,0,-0.138486088238282,-0.401731726787907,1.00404385770431,0.582957261451353,-1.50339853153471,-0.293839549753417,-1.19851916621514,-0.446690279533185,1.00404385770431,-0.104064225658569,-0.584376538160135,1.22364693762416,-1.34015753034149,-1.02919779567287,1.01490923682017,0.60619639585396,-1.27424893270121,-0.986069748447918,-0.725589335813079,1.24198795931026,2.8989988241348,0.452058516634848,-1.40978439317836,-0.7455502325292,-3.70987560666377,-1.29519980624308,-0.998655411839273,111,3,553
"강원도화천군",2023,0,23007,0,32.4,69.1,26.238591916558,4.86,16.8,71.3,115.3,26.7,35.47,-338,9820,0,7.7,98.5,77,2141,50,326,148,69.0166666666667,6350,1818.19,5,12,352,329,16363697.2,766858537.2,5452400.7,0,-0.138486088238282,-0.348384871032016,1.00404385770431,0.582957261451353,-1.50339853153471,-0.333747759498641,-1.19851916621514,-0.446690279533185,1.00404385770431,-0.0916386753056829,-0.585495477564813,1.22364693762416,-1.34015753034149,-0.157977797557937,1.01490923682017,0.910301739602871,-1.2402917924641,-0.986069748447918,-0.614046176048308,1.19885388962934,2.76932567819012,0.452058516634848,-1.40978439317836,-0.7455502325292,-3.70987560666377,-1.29519980624308,1.00044832999338,111,4,554
"강원도화천군",2024,2,22922,8.72524212546898,33.5,69.4,26.238591916558,4.86,17.2,73.2,115.5,27.8,36.16,-23,9820,0,5.1,96,77,2141,50,326,20,69.2,6238,1818.152,5,12,352,310,16334641.7,766842492.9,5488914.5,0,-0.138486088238282,-0.348384871032016,1.00404385770431,0.582957261451353,-1.50339853153471,-0.340340266123221,-1.19851916621514,-0.446690279533185,1.00404385770431,-0.109310569140899,-0.586054973262891,1.22364693762416,-1.34015753034149,-0.0366686838963646,-0.984426097198368,0.910301739602871,-1.26110423325459,-0.986069748447918,-0.582176701829802,1.36276335441683,2.80637514846003,0.452058516634848,-1.40978439317836,-0.7455502325292,-3.70987560666377,-1.29519980624308,-0.998655411839273,111,5,555
"강원도양구군",2020,1,22278,4.48873327946853,29,81.1,20.31050617,5.13,15.4,69.8,113.21,21.1,63.80285483,-463,1114594,1,5.7,98.9,56,1773,12,41,82,85.25,3002,1323.934,2,3,18,171,24909677.4,530225089.9,4111011.1,0,-0.138486088238282,-0.388395012848934,1.00404385770431,0.582957261451353,-1.50339853153471,-0.530816618240547,-1.19851916621514,-0.446690279533185,-0.995079180403383,-0.100750745564466,-0.420933203373701,1.22364693762416,-1.34015753034149,-0.532933239784615,1.01490923682017,-0.380348471299841,-1.41336366851135,1.01320928280887,-0.725589335813079,1.06945168058658,2.38215871386956,-0.438480787336626,0.708692154522277,-0.7455502325292,-1.44224052789032,-0.363491558526281,-0.998655411839273,112,1,556
"강원도양구군",2021,2,21748,9.19624793084422,27.2,80.7,20.31050617,5.13,18.9,69.1,111.5,22.5,63.46,-438,967190,1,4.7,98.9,56,1779,14,41,50,87,2430,1323.962,0,3,17,196,24780242.2,530063630.2,4185879.1,0,-0.138486088238282,-0.41506844072688,1.00404385770431,0.582957261451353,-1.50339853153471,-0.564485491358937,-1.19851916621514,-0.446690279533185,-0.995079180403383,-0.10516871902327,-0.423425620904972,1.22364693762416,-1.34015753034149,-0.731439062139915,1.01490923682017,-0.380348471299841,-1.38597887799754,1.01320928280887,-0.446731436401151,1.00906398303329,2.06538574306184,0.452058516634848,-1.40978439317836,-0.7455502325292,-1.51022102932028,-0.363491558526281,-0.998655411839273,112,2,557
"강원도양구군",2022,1,21383,4.67661226207735,29.4,87.9,21.8454258675079,5.13,13.8,71.3,110.3,23.7,63.64,-269,1422121,1,6.8,98.9,56,1789,15,41,54,89.2166666666667,1872,1323.964,0,1,17,224,24627831.2,529844160.7,4235973,0,-0.138486088238282,-0.41506844072688,1.00404385770431,0.582957261451353,-1.50339853153471,-0.597330301149254,-1.19851916621514,0.446690279533185,-0.995079180403383,-0.10461647234092,-0.426360462805465,1.22364693762416,-1.34015753034149,-0.48882083481677,1.01490923682017,-0.0146068336704745,-1.35530791262208,1.01320928280887,-0.853067232687103,1.19885388962934,1.84308892144238,0.452058516634848,-1.40978439317836,-0.7455502325292,-1.32546918013975,-0.363491558526281,1.00044832999338,112,3,558
"강원도양구군",2023,1,21056,4.74924012158055,22.1,82,23.4369079196665,5.13,16.6,71.9,110.7,25.1,64.04,-250,1422121,1,9.8,98.9,56,1789,15,41,104,89.45,3068,1323.984,0,2,12,252,24547082.6,529828742,4286582.7,0,-0.138486088238282,-0.41506844072688,1.00404385770431,0.582957261451353,-1.50339853153471,-0.526931748265348,-1.19851916621514,0.446690279533185,-0.995079180403383,-0.0977133888115384,-0.427915366156838,1.22364693762416,-1.34015753034149,-1.29387222547993,1.01490923682017,0.339528870040095,-1.32463694724662,1.01320928280887,-0.629980913157561,1.25061477324644,1.9171878619822,0.452058516634848,0.708692154522277,-0.7455502325292,-1.32546918013975,-0.363491558526281,1.00044832999338,112,4,559
"강원도양구군",2024,0,20621,0,27.2,82.3,23.4369079196665,5.13,13.6,69.3,109.4,26.6,63.89,-343,1422121,1,5.1,94.5,56,1789,15,41,26,88.9166666666667,2826,1323.978,0,2,12,251,24466793.3,529726173.3,4379525.7,0,-0.138486088238282,-0.41506844072688,1.00404385770431,0.582957261451353,-1.50339853153471,-0.541176271507744,-1.19851916621514,0.446690279533185,-0.995079180403383,-0.108482199117373,-0.429461425180145,1.22364693762416,-1.34015753034149,-0.731439062139915,-0.984426097198368,0.339528870040095,-1.32573233886717,1.01320928280887,-0.869001969796356,1.02631761090566,1.67636630522778,0.452058516634848,0.708692154522277,-0.7455502325292,-1.32546918013975,-0.363491558526281,-0.998655411839273,112,5,560
"강원도인제군",2020,2,31694,6.31034265160598,24.2,85.7,22.09800919,3.99,9,69.3,116.93,20.6,32.67179908,34,790828,0,3.3,98,108,2956,16,128,1668,72.5285714285714,7074,3290.54,1,6,17,260,14768179.8,1472069504.4,7125886,0,-0.138486088238282,-0.401731726787907,1.00404385770431,0.582957261451353,-1.50339853153471,-0.291131913104036,0.01634344317566,-0.446690279533185,1.00404385770431,0.118215063987508,-0.616218924812618,1.22364693762416,-1.34015753034149,-1.06228209939875,1.01490923682017,0.0432145350330445,-1.3158738142822,-0.986069748447918,-1.23550092330918,1.02631761090566,3.07127886088988,-0.438480787336626,-1.40978439317836,0.270988907657448,-1.60669902925735,-1.29519980624308,-0.998655411839273,113,1,561
"강원도인제군",2021,4,32165,12.4358775066066,24.6,85.5,22.09800919,3.99,15.7,68.6,118.8,21.4,33.66,608,507458,0,6.6,98,108,2986,19,128,1824,83.6428571428571,4262,3290.54,0,6,20,296,14695668.9,1471759253.4,7221565.2,0,-0.138486088238282,-0.41506844072688,1.00404385770431,0.582957261451353,-1.50339853153471,-0.456650918714023,0.01634344317566,-0.446690279533185,1.00404385770431,0.139752684599178,-0.617615202165056,1.22364693762416,-1.34015753034149,-1.0181696944309,1.01490923682017,0.0432145350330445,-1.27643971594232,-0.986069748447918,-0.7016872301492,0.965929913352369,3.41769140791354,-0.438480787336626,-1.40978439317836,1.08770606647866,-1.81932181702522,-1.29519980624308,1.00044832999338,113,2,562
"강원도인제군",2022,2,32206,6.21002297708502,29,84.2,23.4695281331683,3.99,11.1,72.4,119.4,22.6,33.49,169,520338,0,4.6,98,108,3027,20,128,7058,83.6857142857143,4262,3292.388,0,4,14,352,14597016.4,1471753855.2,7310759.6,0,-0.138486088238282,-0.41506844072688,1.00404385770431,0.582957261451353,-1.50339853153471,-0.456650918714023,0.01634344317566,-0.446690279533185,1.00404385770431,0.862367468454811,-0.619514864857305,1.22364693762416,-1.34015753034149,-0.532933239784615,1.01490923682017,0.346543804719956,-1.21509778519139,-0.986069748447918,-1.06818618366202,1.29374884292736,3.52883981872327,0.452058516634848,-1.40978439317836,0.722868621849834,-1.80730983593544,-1.29519980624308,-0.998655411839273,113,3,563
"강원도인제군",2023,1,32020,3.12304809494066,27.8,81.3,24.8459420479874,3.99,8.1,73.7,119.3,23.8,33.24,-98,520338,0,4.3,98,108,3027,20,128,162070,83.6142857142857,3978,3292.396,0,6,17,354,14453757.4,1471706814.2,7446649,0,-0.138486088238282,-0.41506844072688,1.00404385770431,0.582957261451353,-1.50339853153471,-0.473367631940636,0.01634344317566,-0.446690279533185,1.00404385770431,22.2635831495839,-0.622273474903973,1.22364693762416,-1.34015753034149,-0.665270454688148,1.01490923682017,0.63432252042889,-1.21290700195029,-0.986069748447918,-1.30720724030082,1.40589742409776,3.51031508358831,0.452058516634848,-1.40978439317836,-0.7455502325292,-1.80730983593544,-1.29519980624308,-0.998655411839273,113,4,564
"강원도인제군",2024,0,31535,0,27.7,82.8,24.8459420479874,3.99,10.8,72.7,119.9,25.3,33.34,-413,520338,0,2.9,99.6,108,3027,20,128,162686,84.6,3862,3292.408,0,6,17,349,14395705.2,1471666224.3,7518883.6,0,-0.138486088238282,-0.41506844072688,1.00404385770431,0.582957261451353,-1.50339853153471,-0.48019558523038,0.01634344317566,-0.446690279533185,1.00404385770431,22.3486291386658,-0.623391334041278,1.22364693762416,-1.34015753034149,-0.676298555930109,1.01490923682017,0.63432252042889,-1.21838396005305,-0.986069748447918,-1.0920882893259,1.31962928473591,3.62146349439804,0.452058516634848,-1.40978439317836,-0.7455502325292,-1.80730983593544,-1.29519980624308,-0.998655411839273,113,5,565
"강원도고성군",2020,0,26757,0,37.6,90.8,23.70044053,5.32,10.6,61,106.54,29.7,49.45247972,-267,1130,0,3.3,99.5,90,933,14,182,0,76.7142857142857,4244,1321.496,0,10,10,347,37397909.6,546797012.7,6730560.2,0,-0.138486088238282,-0.41506844072688,1.00404385770431,0.582957261451353,-1.50339853153471,-0.457710428707259,0.01634344317566,-0.446690279533185,1.00404385770431,-0.112071802552651,-0.180458518976623,1.22364693762416,-1.34015753034149,0.415483467024041,1.01490923682017,0.395935427348533,-1.22057474329416,1.01320928280887,-1.10802302643515,0.310292054202383,1.14655888036808,0.452058516634848,-1.40978439317836,-0.7455502325292,-4.74571668713597,-1.29519980624308,-0.998655411839273,114,1,566
"강원도고성군",2021,2,27249,7.33971888876656,29.5,89.9,23.70044053,5.32,10.9,57.4,106,30.2,48.07,830,1130,0,2.9,99.5,90,953,14,182,0,77.2,4180,1321.496,0,13,14,382,37117440.7,546135538.3,6944556.2,0,-0.138486088238282,-0.41506844072688,1.00404385770431,0.582957261451353,-1.50339853153471,-0.461477575349876,0.01634344317566,-0.446690279533185,1.00404385770431,-0.112071802552651,-0.18585925697785,1.22364693762416,-1.34015753034149,-0.477792733574809,1.01490923682017,0.395935427348533,-1.18223603657483,1.01320928280887,-1.08412092077127,-0.000273247500241582,1.04652531063932,0.452058516634848,-1.40978439317836,1.17657277575727,-4.74571668713597,-1.29519980624308,-0.998655411839273,114,2,567
"강원도고성군",2022,1,27274,3.66649556354037,33.3,91.2,24.3982622989315,5.32,9.4,61.6,106.4,31.2,47.58,301,1130,0,1.6,99.5,90,957,14,182,0,77.2714285714286,4180,1321.532,0,12,13,439,36981805,545845743.6,7101080,0,-0.138486088238282,-0.41506844072688,1.00404385770431,0.582957261451353,-1.50339853153471,-0.461477575349876,0.01634344317566,-0.446690279533185,1.00404385770431,-0.112071802552651,-0.188471071975211,1.22364693762416,-1.34015753034149,-0.0587248863802871,1.01490923682017,0.542439232487199,-1.11979871420335,1.01320928280887,-1.20363144909067,0.362052937819488,1.12062425117914,0.452058516634848,-1.40978439317836,0.887165459421665,-4.74571668713597,-1.29519980624308,-0.998655411839273,114,3,568
"강원도고성군",2023,0,27305,0,31.7,91.3,26.3079904251681,5.32,9.8,62.4,105.5,32.1,47.94,273,1130,0,2.5,99.5,90,957,14,182,168,77.4,4180,1321.534,1,11,343,454,36881629.6,545673599.4,7243347.9,0,-0.138486088238282,-0.401731726787907,1.00404385770431,0.582957261451353,-0.299167667553959,-0.461477575349876,0.01634344317566,-0.446690279533185,1.00404385770431,-0.0888774418939304,-0.19040005978658,1.22364693762416,-1.34015753034149,-0.235174506251665,1.01490923682017,0.923682648400489,-1.10336783989507,1.01320928280887,-1.17176197487216,0.43106744930896,0.953901634964545,1.34259782060632,-1.40978439317836,0.859345918379547,-4.74571668713597,-1.29519980624308,-0.998655411839273,114,4,569
"강원도고성군",2024,0,26999,0,29.7,92.2,26.3079904251681,5.32,11.2,60.5,105.2,33.8,48.03,-85,1130,0,4.3,98.9,90,957,14,182,94,77.3428571428571,4180,1321.524,1,11,343,460,36808523.9,545495406.7,7344874.6,0,-0.138486088238282,-0.401731726787907,1.00404385770431,0.582957261451353,-0.299167667553959,-0.461477575349876,0.01634344317566,-0.446690279533185,1.00404385770431,-0.0990940055174147,-0.191807790669029,1.22364693762416,-1.34015753034149,-0.455736531090887,1.01490923682017,0.923682648400489,-1.09679549017175,1.01320928280887,-1.06021881510739,0.267157984521463,0.898327429559681,1.34259782060632,-1.40978439317836,-0.7455502325292,-4.74571668713597,-1.29519980624308,-0.998655411839273,114,5,570
"강원도양양군",2020,1,27946,3.57832963572604,21.8,92.8,22.87707481,5.77,16.3,67.9,103.6,29.8,44.9044586,434,0,0,3,96.2,74,554,5,45,110,75.7285714285714,4560,1257.672,0,12,11,338,26537363.4,524899868,7126156.7,0,-0.138486088238282,-0.41506844072688,-0.99507918040338,0.582957261451353,-0.299167667553959,-0.439110142159337,-1.19851916621514,-0.446690279533185,-0.995079180403383,-0.0968850187880127,-0.38959031425385,1.22364693762416,-1.34015753034149,-1.32695652920582,-0.984426097198368,0.217655740850177,-1.23043326787913,1.01320928280887,-0.65388301882144,0.905542215799082,0.601931667400402,0.452058516634848,-1.40978439317836,0.991502490289748,-8.11519067523263,-1.29519980624308,-0.998655411839273,115,1,571
"강원도양양군",2021,2,27913,7.16512019489127,22,92.8,22.87707481,5.77,19.5,68.7,104.3,31.1,45.45,229,0,0,4.3,96.2,74,557,5,45,66,77.4,4446,1257.672,0,12,11,373,26330519.7,524678934,7250947.3,0,-0.138486088238282,-0.41506844072688,-0.99507918040338,0.582957261451353,-0.299167667553959,-0.445820372116499,-1.19851916621514,-0.446690279533185,-0.995079180403383,-0.102959732293868,-0.393573317827168,1.22364693762416,-1.34015753034149,-1.30490032672189,-0.984426097198368,0.217655740850177,-1.1920945611598,1.01320928280887,-0.398927225073392,0.974556727288554,0.731604813345087,0.452058516634848,-1.40978439317836,0.809296260515359,-8.11519067523263,-1.29519980624308,-0.998655411839273,115,2,572
"강원도양양군",2022,0,27866,0,24.5,93.4,24.8171137220129,5.77,14.7,69.9,104.3,32.4,45.23,304,0,0,5.4,96.2,74,572,4,45,94,83.6857142857143,3272,1259.5,0,2,2,414,26145459.3,524602828.1,7444847.7,0,-0.138486088238282,-0.41506844072688,-0.99507918040338,0.582957261451353,-0.299167667553959,-0.514923968342006,-1.19851916621514,-0.446690279533185,-0.995079180403383,-0.0990940055174147,-0.397136859933985,1.22364693762416,-1.34015753034149,-1.02919779567287,-0.984426097198368,0.628453817010308,-1.14718350471716,1.01320928280887,-0.781360915695465,1.07807849452276,0.731604813345087,1.34259782060632,-1.40978439317836,0.889991693162333,-8.11519067523263,-1.29519980624308,-0.998655411839273,115,3,573
"강원도양양군",2023,1,27710,3.60880548538434,31.4,93.6,26.3460310704405,5.77,13.2,69.6,105,33.9,45.13,128,0,0,6,96.2,74,572,4,45,52,84.4428571428572,3216,1259.554,0,11,3,445,25982529.6,524534914.4,7599821.5,0,-0.138486088238282,-0.41506844072688,-0.99507918040338,0.582957261451353,-0.299167667553959,-0.518220221654296,-1.19851916621514,-0.446690279533185,-0.995079180403383,-0.104892595682095,-0.400274251004148,1.22364693762416,-1.34015753034149,-0.268258809977548,-0.984426097198368,0.931002943780337,-1.11322636448004,1.01320928280887,-0.900871444014863,1.05219805271421,0.861277959289771,1.34259782060632,-1.40978439317836,0.64395915939477,-8.11519067523263,-1.29519980624308,-0.998655411839273,115,4,574
"강원도양양군",2024,1,27489,3.63781876386918,30,93.9,26.3460310704405,5.77,13.6,62.2,105,35.3,45.13,53,0,0,6.7,97,74,572,4,45,52,84.8571428571429,3156,1259.536,0,11,3,475,25878330.3,524446552.4,7726448.5,0,-0.138486088238282,-0.41506844072688,-0.99507918040338,0.582957261451353,-0.299167667553959,-0.521751921631749,-1.19851916621514,-0.446690279533185,-0.995079180403383,-0.104892595682095,-0.402280723448014,1.22364693762416,-1.34015753034149,-0.422652227365004,1.01490923682017,0.931002943780337,-1.08036461586347,1.01320928280887,-0.869001969796356,0.413813821436592,0.861277959289771,1.34259782060632,-1.40978439317836,0.394973379444248,-8.11519067523263,-1.29519980624308,1.00044832999338,115,5,575
"충청북도충주시",2020,11,210186,5.2334598879088,24.8,94.4,21.93921437,4.66,18.2,63.1,102.27,19.9,75.61588307,61,72980449,3,9.3,98.3,324,8792,278,520,0,86.4961538461538,18942,1967.356,35,97,149,1784,77980210.5,613857416.9,26526546.4,0,-0.138486088238282,0.0517165471371631,1.00404385770431,0.582957261451353,-0.299167667553959,0.407438342436266,1.23120605256646,-0.446690279533185,1.00404385770431,-0.112071802552651,0.600998443445548,1.22364693762416,1.3409590599649,-0.996113491946982,1.01490923682017,0.00693750595233236,0.3535030154394,-0.986069748447918,-0.502503016283537,0.491455146862248,0.355552690105503,-0.438480787336626,0.708692154522277,0.434473091952551,0.56180109352781,0.568216689190515,1.00044832999338,116,1,576
"충청북도충주시",2021,25,209358,11.9412680671386,28.7,94.9,21.93921437,4.66,19.9,60.4,102.4,20.9,75.49,480,73281522,3,8.3,98.3,324,8837,278,520,0,86.5884615384615,18792,1967.356,23,28,1447,1931,77471931.2,613099177.9,26959012.3,0,-0.138486088238282,-0.108324020130509,1.00404385770431,0.582957261451353,-0.299167667553959,0.398609092492632,1.23120605256646,-0.446690279533185,1.00404385770431,-0.112071802552651,0.591210964938136,1.22364693762416,1.3409590599649,-0.566017543510498,1.01490923682017,0.00693750595233236,0.514525583660577,-0.986069748447918,-0.367057750854886,0.258531170585279,0.379634845780946,-0.438480787336626,0.708692154522277,1.02024335394463,0.563774083169779,0.568216689190515,1.00044832999338,116,2,577
"충청북도충주시",2022,10,208277,4.80129827105249,32.7,92.7,23.250348189415,4.66,19.3,62.9,102.6,22.1,75.28,193,72773722,3,8.5,98.3,324,9180,278,520,0,86.7423076923077,18382,1967.348,21,28,1449,2094,77188262.9,612576027.7,27240129.9,0,-0.138486088238282,-0.134997448008454,1.00404385770431,0.582957261451353,-0.299167667553959,0.374475809313367,1.23120605256646,-0.446690279533185,1.00404385770431,-0.112071802552651,0.585748618961261,1.22364693762416,1.3409590599649,-0.124893493832053,1.01490923682017,0.29922864096905,0.693074417810591,-0.986069748447918,-0.414861962182645,0.47420151898988,0.416684316050854,0.452058516634848,0.708692154522277,0.760626915537741,0.560441652711581,0.568216689190515,1.00044832999338,116,3,578
"충청북도충주시",2023,2,207778,0.96256581543763,32,92.8,23.5558702261464,4.66,19.6,61.2,103,23.1,74.8,584,74601365,3,7.2,98.3,324,9180,278,520,59880,81.2192307692308,24652,1966.514,17,31,1309,2095,76817736.3,611974178.9,27515400.7,0,-0.138486088238282,-0.188344303764345,1.00404385770431,0.582957261451353,-0.299167667553959,0.743538456957258,1.23120605256646,-0.446690279533185,1.00404385770431,8.15506103223438,0.578613720621068,1.22364693762416,1.3409590599649,-0.202090202525781,1.01490923682017,0.365066520948118,0.694169809431143,-0.986069748447918,-0.390959856518765,0.327545682074752,0.490783256590674,0.452058516634848,0.708692154522277,1.07621031433404,0.572328682787984,0.568216689190515,1.00044832999338,116,4,579
"충청북도충주시",2024,4,207241,1.93012000521132,35,92.1,23.5558702261464,4.66,17.8,58.1,103,24.4,74.8,481,74601365,3,7.4,97.9,324,9180,278,520,188,82.5923076923077,23176,1966.372,17,31,1309,2036,76206150.2,610702563.6,27872689.8,0,-0.138486088238282,-0.188344303764345,1.00404385770431,0.582957261451353,-0.299167667553959,0.656658637511901,1.23120605256646,-0.446690279533185,1.00404385770431,-0.0861162084821779,0.566836955741637,1.22364693762416,1.3409590599649,0.128752834733052,1.01490923682017,0.365066520948118,0.629541703818562,-0.986069748447918,-0.534372490502043,0.0601144500530469,0.490783256590674,0.452058516634848,0.708692154522277,1.02083716167357,0.572328682787984,0.568216689190515,1.00044832999338,116,5,580
"충청북도제천시",2020,9,133018,6.76600159376926,19.9,94.6,23.17815149,6.25,17.6,66.7,100.59,22,87.92569427,-1102,43659289,0,6.8,96.6,264,4734,138,153,0,88.0833333333333,14462,1766.998,11,38,123,1213,33354285.8,643179295.9,16228398.9,0,-0.138486088238282,-0.26836458739818,1.00404385770431,0.582957261451353,-0.299167667553959,0.143738077453072,1.23120605256646,-0.446690279533185,1.00404385770431,-0.112071802552651,-0.258322954995478,1.22364693762416,0.447253529862769,-1.53649045280308,-0.984426097198368,0.283549602196091,-0.271965599895924,1.01320928280887,-0.550307227611296,0.802020448564873,0.0443371398382634,0.452058516634848,0.708692154522277,-0.7455502325292,0.31557889145133,-1.29519980624308,1.00044832999338,117,1,581
"충청북도제천시",2021,15,131591,11.3989558556436,27.9,95.3,23.17815149,6.25,17.3,62.6,101.1,23.3,87.86,-476,40554186,1,9.7,96.6,264,4761,153,153,458,88.6166666666667,13728,1766.998,6,17,1026,1332,33050820.1,641991735,16575639.8,0,-0.138486088238282,-0.335048157093044,1.00404385770431,0.582957261451353,-0.299167667553959,0.100533614395557,1.23120605256646,0.446690279533185,1.00404385770431,-0.0488395574235189,-0.264166521744088,1.22364693762416,0.447253529862769,-0.654242353446187,-0.984426097198368,0.283549602196091,-0.141613997050209,1.01320928280887,-0.574209333275175,0.448321077181328,0.138813289026531,0.452058516634848,0.708692154522277,-0.7455502325292,0.280221912539961,-0.363491558526281,1.00044832999338,117,2,582
"충청북도제천시",2022,10,130988,7.63428711026964,22,95.4,24.8405661844766,6.25,16.2,67,101,24.5,87.88,431,40517334,1,8.6,96.6,264,4768,155,153,368,88.2444444444445,14618,1763.712,5,16,1053,1524,32796808.2,641378533.8,16857249.7,0,-0.138486088238282,-0.348384871032016,1.00404385770431,0.582957261451353,-0.299167667553959,0.152920497394451,1.23120605256646,-0.446690279533185,1.00404385770431,-0.0612651077764052,-0.269057801030647,1.22364693762416,0.447253529862769,-1.30490032672189,-0.984426097198368,0.633228629993045,0.0687011940958197,1.01320928280887,-0.661850387376067,0.827900890373425,0.120288553891578,0.452058516634848,0.708692154522277,0.989523808906866,0.279786223559915,-0.363491558526281,1.00044832999338,117,3,583
"충청북도제천시",2023,1,130194,0.768084550747346,25.7,96,25.128995907716,6.25,17.3,65,101.1,25.9,87.78,-57,43198466,1,6.7,96.6,264,4768,155,153,148,87.9333333333333,14900,1765.542,5,16,933,1575,32498365.8,640894277.8,17047030.6,0,-0.138486088238282,-0.348384871032016,1.00404385770431,0.582957261451353,-0.299167667553959,0.169519487288482,1.23120605256646,-0.446690279533185,1.00404385770431,-0.0916386753056829,-0.274804638597514,1.22364693762416,0.447253529862769,-0.896860580769332,-0.984426097198368,0.691599773124258,0.124566166743983,1.01320928280887,-0.574209333275175,0.655364611649745,0.138813289026531,0.452058516634848,0.708692154522277,-0.7455502325292,0.310493628423036,-0.363491558526281,1.00044832999338,117,4,584
"충청북도제천시",2024,2,128569,1.55558493882662,36.1,96.1,25.128995907716,6.25,15.6,62.9,101.5,27.5,87.79,-806,43198466,1,7,97.1,264,4768,155,153,164,88.5833333333333,14448,1765.536,5,16,933,1622,32275975.2,640688186.7,17298693.1,0,-0.138486088238282,-0.348384871032016,1.00404385770431,0.582957261451353,-0.299167667553959,0.142914014124999,1.23120605256646,-0.446690279533185,1.00404385770431,-0.0894296885762809,-0.27908701487715,1.22364693762416,0.447253529862769,0.250061948394625,1.01490923682017,0.691599773124258,0.176049572909938,1.01320928280887,-0.709654598703826,0.47420151898988,0.212912229566352,0.452058516634848,0.708692154522277,-0.7455502325292,0.310493628423036,-0.363491558526281,1.00044832999338,117,5,585
"충청북도보은군",2020,5,32412,15.426385289399,18.1,53.5,24.81947045,5.74,13.8,64.6,101.07,34.6,46.08786869,-108,7126145,0,9.3,93.6,67,4466,212,63,12,65.7416666666667,9886,1167.16,49,31,218,585,58392401,398518119.8,9381934.2,0,-0.138486088238282,0.23843054228278,1.00404385770431,0.582957261451353,-1.50339853153471,-0.125612907494049,-1.19851916621514,-1.34007083859956,-0.995079180403383,-0.1104150625056,0.223813567947911,1.22364693762416,-0.44645200023936,-1.73499627515838,-0.984426097198368,0.62893383193168,-0.959871537602725,1.01320928280887,-0.853067232687103,0.620857355905008,0.133255868486045,1.34259782060632,-1.40978439317836,-0.7455502325292,-0.553114862615297,-1.29519980624308,1.00044832999338,118,1,586
"충청북도보은군",2021,3,31878,9.41087897609637,16.5,54.9,24.81947045,5.74,14.4,64.4,101.7,36.1,46.29,-10,6775938,0,7.5,93.6,67,4480,213,63,14,66.975,9166,1167.16,28,24,328,631,58272439.6,398379876.6,9464530,0,-0.138486088238282,-0.0416404504356454,1.00404385770431,0.582957261451353,-1.50339853153471,-0.167993307223491,-1.19851916621514,-0.446690279533185,-0.995079180403383,-0.110138939164425,0.22150357888438,1.22364693762416,-0.44645200023936,-1.91144589502975,-0.984426097198368,0.62893383193168,-0.909483523057322,1.01320928280887,-0.805263021359344,0.603603728032641,0.249961699836262,1.34259782060632,-1.40978439317836,-0.7455502325292,-0.577265054358493,-1.29519980624308,1.00044832999338,118,2,587
"충청북도보은군",2022,2,31455,6.3582896200922,17.7,57.1,26.5960152607037,5.74,11.5,66.3,101.9,37.5,46.23,165,6518474,0,9.2,93.6,67,4487,214,63,14,67.9333333333333,8584,1168.516,29,22,371,710,58090096,398429561.4,9551879.5,0,-0.138486088238282,-0.0283037364966728,1.00404385770431,0.582957261451353,-1.50339853153471,-0.202250797004789,-1.19851916621514,-0.446690279533185,-0.995079180403383,-0.110138939164425,0.217992351757948,1.22364693762416,-0.44645200023936,-1.77910868012622,-0.984426097198368,0.978856420163394,-0.822947585033696,1.01320928280887,-1.03631670944351,0.767513192820137,0.287011170106172,1.34259782060632,-1.40978439317836,0.716060721207819,-0.595829647090102,-1.29519980624308,1.00044832999338,118,3,588
"충청북도보은군",2023,2,31010,6.44953240890035,17,58.7,26.1558676192823,5.74,13.1,66,102.2,39.3,46.29,-25,6645534,0,5.7,93.6,67,4487,214,63,76,72.1416666666667,8266,1168.524,28,22,330,717,58064956,398370252.9,9644617.2,0,-0.138486088238282,-0.0416404504356454,1.00404385770431,0.582957261451353,-1.50339853153471,-0.220968806885293,-1.19851916621514,-0.446690279533185,-0.995079180403383,-0.101579115587992,0.217508253330811,1.22364693762416,-0.44645200023936,-1.85630538881995,-0.984426097198368,0.894306839241734,-0.81527984368983,1.01320928280887,-0.908838812569489,0.741632751011585,0.342585375511036,1.34259782060632,-1.40978439317836,-0.7455502325292,-0.58657802373072,-1.29519980624308,-0.998655411839273,118,4,589
"충청북도보은군",2024,0,30527,0,19.2,60.5,26.1558676192823,5.74,14.6,65.7,103.2,41.1,46.5,-21,6645534,0,9.5,97.7,67,4487,214,63,784,71.1333333333333,8150,1168.604,28,22,330,700,57927052.3,398290905.8,9694067.2,0,-0.138486088238282,-0.0416404504356454,1.00404385770431,0.582957261451353,-1.50339853153471,-0.227796760175036,-1.19851916621514,-0.446690279533185,-0.995079180403383,-0.00383145281195291,0.214852765492053,1.22364693762416,-0.44645200023936,-1.6136871614968,1.01490923682017,0.894306839241734,-0.833901501239218,1.01320928280887,-0.789328284250091,0.715752309203033,0.527832726860584,1.34259782060632,-1.40978439317836,-0.7455502325292,-0.58657802373072,-1.29519980624308,1.00044832999338,118,5,590
"충청북도옥천군",2020,7,50527,13.8539790607002,25,89.2,21.18037135,5.17,16.8,67.5,101.8,29.8,57.34953589,-75,13307327,1,7.7,88,101,9677,146,99,402,77.98,1344,1065.636,21,17,291,670,43377217.5,345410113.2,10609316.2,0,-0.138486088238282,-0.134997448008454,1.00404385770431,0.582957261451353,-1.50339853153471,-0.628409260950845,0.01634344317566,-0.446690279533185,1.00404385770431,-0.056571010976426,-0.0653203507284817,1.22364693762416,-0.44645200023936,-0.97405728946306,-0.984426097198368,-0.169963611922532,-0.866763249855785,1.01320928280887,-0.614046176048308,0.871034960054345,0.268486434971216,0.452058516634848,-1.40978439317836,-0.7455502325292,-0.253807729833199,-0.363491558526281,1.00044832999338,119,1,591
"충청북도옥천군",2021,6,50093,11.9777214381251,38.9,89.9,21.18037135,5.17,16.3,63.4,101.6,31.1,58.02,287,12173660,1,10.3,88,101,9687,144,99,1246,78.64,1270,1073.986,6,6,251,708,43182067.7,345254079.1,10786749.6,0,-0.138486088238282,-0.335048157093044,1.00404385770431,0.582957261451353,-1.50339853153471,-0.632765024256371,0.01634344317566,-0.446690279533185,1.00404385770431,0.0599530389995302,-0.0690781753599898,1.22364693762416,-0.44645200023936,0.558848783169536,-0.984426097198368,-0.169963611922532,-0.8251383682748,1.01320928280887,-0.65388301882144,0.5173355886708,0.231436964701306,0.452058516634848,-1.40978439317836,0.873593906899103,-0.296479418592234,-0.363491558526281,1.00044832999338,119,2,592
"충청북도옥천군",2022,3,49520,6.05815831987076,26.7,90,22.3363049492776,5.17,16.2,68.3,101.7,32.8,57.83,74,11302695,1,8.7,88,101,9695,140,99,2648,78.86,1734,1074.678,12,6,398,759,42924154.6,344957747.4,10927816.5,0,-0.138486088238282,-0.255027873459208,1.00404385770431,0.582957261451353,-1.50339853153471,-0.605453211097397,0.01634344317566,-0.446690279533185,1.00404385770431,0.253515501163382,-0.0740445765552184,1.22364693762416,-0.44645200023936,-0.78657956834972,-0.984426097198368,0.0971884443051887,-0.769273395626637,1.01320928280887,-0.661850387376067,0.940049471543817,0.249961699836262,1.34259782060632,-1.40978439317836,0.488898709963836,-0.332055096003898,-0.363491558526281,1.00044832999338,119,3,593
"충청북도옥천군",2023,0,48891,0,30.6,90.3,23.7503750375038,5.17,15.4,68.9,102.3,34.1,57.9,-73,11961913,1,8.4,88,101,9695,140,99,1636,79.41,1734,1074.566,12,6,324,792,42619104.4,344692022.8,11053806.7,0,-0.138486088238282,-0.255027873459208,1.00404385770431,0.582957261451353,-1.50339853153471,-0.605453211097397,0.01634344317566,-0.446690279533185,1.00404385770431,0.113797090528704,-0.0799186545988878,1.22364693762416,-0.44645200023936,-0.356483619913237,-0.984426097198368,0.406555567386328,-0.733125472148413,1.01320928280887,-0.725589335813079,0.991810355160922,0.36111011064599,1.34259782060632,-1.40978439317836,-0.7455502325292,-0.304888616400017,-0.363491558526281,1.00044832999338,119,4,594
"충청북도옥천군",2024,1,48204,2.07451663762343,42.7,91.1,23.7503750375038,5.17,15.5,66.5,102.4,35.7,58.24,-137,11961913,1,4.9,98.5,101,9695,140,99,392,79.54,1734,1074.802,12,6,324,744,42287545.4,344490192.4,11261195,0,-0.138486088238282,-0.255027873459208,1.00404385770431,0.582957261451353,-1.50339853153471,-0.605453211097397,0.01634344317566,-0.446690279533185,1.00404385770431,-0.0579516276823022,-0.0863031888233564,1.22364693762416,-0.44645200023936,0.977916630364059,1.01490923682017,0.406555567386328,-0.78570426993492,1.01320928280887,-0.717621967258453,0.784766820692505,0.379634845780946,1.34259782060632,-1.40978439317836,-0.7455502325292,-0.304888616400017,-0.363491558526281,-0.998655411839273,119,5,595
"충청북도영동군",2020,4,47475,8.42548709847288,40.2,80.4,23.21973213,4.77,16.1,68,99.05,31.8,44.04634018,-808,15294639,1,4.9,90.6,78,8396,160,215,74,56.775,21830,1691.742,36,76,95,755,52382409.7,650980590.3,10237846.5,0,-0.138486088238282,0.0650532610761357,1.00404385770431,0.582957261451353,-1.50339853153471,0.577430834684361,-1.19851916621514,-1.34007083859956,1.00404385770431,-0.101855238929167,0.108084556991766,1.22364693762416,-0.44645200023936,0.70221409931503,-0.984426097198368,0.29258542465609,-0.773654962108846,-0.986069748447918,-0.669817755930693,0.914169029735265,-0.240943781240042,1.34259782060632,-1.40978439317836,-0.7455502325292,-0.187103358502356,-0.363491558526281,-0.998655411839273,120,1,596
"충청북도영동군",2021,5,45773,10.923470168003,39.3,83.3,23.21973213,4.77,11.7,62,99.3,33.4,44.05,-957,14718387,1,6.5,90.6,78,8427,160,215,74,60.9666666666667,18828,1691.742,20,10,278,824,52133049.1,651508721.3,10346504,0,-0.138486088238282,-0.148334161947427,1.00404385770431,0.582957261451353,-1.50339853153471,0.400728112479105,-1.19851916621514,-1.34007083859956,1.00404385770431,-0.101855238929167,0.103282843616668,1.22364693762416,-0.44645200023936,0.60296118813738,-0.984426097198368,0.29258542465609,-0.698072940290742,-0.986069748447918,-1.02038197233426,0.396560193564224,-0.194631943402655,1.34259782060632,-1.40978439317836,-0.7455502325292,-0.205508527800635,-0.363491558526281,1.00044832999338,120,2,597
"충청북도영동군",2022,5,44956,11.1219859418098,32.6,84.2,25.5723980465529,4.77,14.6,68.1,100.1,35.1,43.89,-141,14223717,1,7.9,90.6,78,8512,159,215,0,63.45,16256,1693.598,17,9,302,893,51908433.7,651286467.1,10464098.1,0,-0.138486088238282,-0.188344303764345,1.00404385770431,0.582957261451353,-1.50339853153471,0.249335906778931,-1.19851916621514,-1.34007083859956,1.00404385770431,-0.112071802552651,0.0989576263592792,1.22364693762416,-0.44645200023936,-0.135921595074014,-0.984426097198368,0.780088656017484,-0.622490918472638,-0.986069748447918,-0.789328284250091,0.922795843671449,-0.0464340623230169,1.34259782060632,-1.40978439317836,-0.7455502325292,-0.221892211209541,-0.363491558526281,1.00044832999338,120,3,598
"충청북도영동군",2023,5,44195,11.3134970019233,29,87.5,25.8214219417115,4.77,15.3,72.4,100.4,36.6,44.01,-155,15356587,1,7.3,90.6,78,8512,159,215,0,77.8833333333333,12256,1693.814,19,9,281,867,51752706.6,651286806.2,10554472.8,0,-0.138486088238282,-0.161670875886399,1.00404385770431,0.582957261451353,-1.50339853153471,0.0138892416153646,-1.19851916621514,-0.446690279533185,1.00404385770431,-0.112071802552651,0.0959589292959292,1.22364693762416,-0.44645200023936,-0.532933239784615,-0.984426097198368,0.829140570390793,-0.650971100606996,-0.986069748447918,-0.733556704367706,1.29374884292736,0.00914014308184968,1.34259782060632,-1.40978439317836,-0.7455502325292,-0.185166206000881,-0.363491558526281,1.00044832999338,120,4,599
"충청북도영동군",2024,4,43551,9.18463410713876,38.8,88.3,25.8214219417115,4.77,18.1,69.9,101.5,38.2,44.19,-46,15356587,1,6.2,94.5,78,8512,159,215,700,79.1666666666667,10354,1694.026,19,9,281,825,51522273.1,651327178.9,10638972.9,0,-0.138486088238282,-0.161670875886399,1.00404385770431,0.582957261451353,-1.50339853153471,-0.0980656476699113,-1.19851916621514,-0.446690279533185,1.00404385770431,-0.0154286331413135,0.091521678106204,1.22364693762416,-0.44645200023936,0.547820681927574,-0.984426097198368,0.829140570390793,-0.696977548670189,-0.986069748447918,-0.510470384838163,1.07807849452276,0.212912229566352,1.34259782060632,-1.40978439317836,-0.7455502325292,-0.185166206000881,-0.363491558526281,-0.998655411839273,120,5,600
"충청북도진천군",2020,10,83718,11.9448625146325,20.4,92.3,21.05071937,3.25,29.4,65.8,109.91,16.4,69.63018706,2586,13439229,1,6,98.5,486,5198,125,21,0,63.3875,27864,744.44,96,91,615,588,58156227.9,227462409.5,11568922.3,0,-0.138486088238282,0.865256097414494,1.00404385770431,0.582957261451353,-0.299167667553959,0.932602129083602,1.23120605256646,-1.34007083859956,-0.995079180403383,-0.112071802552651,0.219265794429928,0,-0.44645200023936,-1.48134994659327,1.01490923682017,-0.200792334663314,-0.956585362741068,-0.986069748447918,0.389842261834633,0.724379123139216,1.77084245441605,-1.3290200913081,0.708692154522277,1.50126859127425,-0.249080890835172,-0.363491558526281,-0.998655411839273,121,1,601
"충청북도진천군",2021,24,85176,28.1769512538743,21.5,92.4,21.05071937,3.25,27.1,59.4,110.5,16.9,70.19,1668,14775570,1,4.6,98.5,486,5195,125,21,0,71.1875,18750,814.64,57,69,514,591,57810534.9,226790078.4,11770903.2,0,-0.138486088238282,0.345124253794561,1.00404385770431,0.582957261451353,-0.299167667553959,0.396136902508415,1.23120605256646,-0.446690279533185,-0.995079180403383,-0.112071802552651,0.212609094446941,0,-0.44645200023936,-1.3600408329317,1.01490923682017,-0.200792334663314,-0.953299187879411,-0.986069748447918,0.206592785078223,0.172263031223439,1.88013839171229,-0.438480787336626,0.708692154522277,1.37595795214108,-0.203650217571989,-0.363491558526281,-0.998655411839273,121,2,602
"충청북도진천군",2022,5,86147,5.80403264187958,26.6,94.2,22.1836975009813,3.25,28.7,64.8,111.9,17.7,69.75,1081,14639391,1,5.8,98.5,486,5226,122,21,2,71.675,17840,814.794,57,60,453,631,57492658.3,225769126.9,12013799.9,0,-0.138486088238282,0.345124253794561,1.00404385770431,0.582957261451353,-0.299167667553959,0.342572786183704,1.23120605256646,-0.446690279533185,-0.995079180403383,-0.111795679211476,0.206488029924917,0,0.447253529862769,-0.797607669591681,1.01490923682017,0.062686756329479,-0.909483523057322,-0.986069748447918,0.334070681952247,0.638110983777376,2.13948468360166,-0.438480787336626,0.708692154522277,1.25203710313285,-0.208087619281819,-0.363491558526281,-0.998655411839273,121,3,603
"충청북도진천군",2023,6,86254,6.95619913279384,31.9,97.3,22.5632335404506,3.25,28.1,65,112.4,18.5,69.97,394,14676991,1,8.3,98.5,486,5226,122,21,0,71.5125,18224,814.768,48,60,447,636,57330528.8,225449927,12123537.2,0,-0.138486088238282,0.225093828343807,1.00404385770431,0.582957261451353,-0.299167667553959,0.365175666039406,1.23120605256646,-0.446690279533185,-0.995079180403383,-0.112071802552651,0.203366047588302,0,0.447253529862769,-0.213118303767743,1.01490923682017,0.14807778456986,-0.904006564954561,-0.986069748447918,0.286266470624489,0.655364611649745,2.23210835927643,-0.438480787336626,0.708692154522277,0.963922733158627,-0.206858309065932,-0.363491558526281,1.00044832999338,121,4,604
"충청북도진천군",2024,1,86537,1.15557507193455,31.8,97.8,22.5632335404506,3.25,29.7,63.8,112,19.4,70.39,437,14676991,1,7.4,98.8,486,5226,122,21,80,71.625,18332,814.724,48,60,447,611,57155913.2,225281774,12322116.8,0,-0.138486088238282,0.225093828343807,1.00404385770431,0.582957261451353,-0.299167667553959,0.371532725998822,1.23120605256646,-0.446690279533185,-0.995079180403383,-0.101026868905641,0.200003631625151,0,0.447253529862769,-0.224146405009703,1.01490923682017,0.14807778456986,-0.931391355468367,-0.986069748447918,0.413744367498513,0.551842844415536,2.15800941873661,-0.438480787336626,0.708692154522277,0.993467572380434,-0.206858309065932,-0.363491558526281,1.00044832999338,121,5,605
"충청북도괴산군",2020,4,39393,10.1540882897977,21.3,71.6,21.897089,5.1,9.9,66.7,105.51,33.4,26.66971289,635,5513709,0,6.3,96.2,206,2927,190,1018,0,40.6666666666667,0,1684.998,31,114,159,611,57554769.5,622171906.3,13127845,0,-0.138486088238282,-0.0016303086187275,1.00404385770431,0.582957261451353,-1.50339853153471,-0.707519340445803,1.23120605256646,-1.34007083859956,1.00404385770431,-0.112071802552651,0.207684049583931,1.22364693762416,0.447253529862769,-1.38209703541562,-0.984426097198368,-0.00272827723085801,-0.931391355468367,1.01320928280887,-1.16379460631754,0.802020448564873,0.955754108478042,1.34259782060632,-1.40978439317836,1.1001092876706,-0.676055873154432,-1.29519980624308,-0.998655411839273,122,1,606
"충청북도괴산군",2021,10,38122,26.2315723204449,29.1,63.3,21.897089,5.1,15.2,62.4,106,35.6,25.58,-667,5301730,0,7.5,96.2,206,2987,194,1018,212,40.3083333333333,0,1684.998,12,55,719,648,57162615.7,621720154,13356053,0,-0.138486088238282,-0.255027873459208,1.00404385770431,0.582957261451353,-1.50339853153471,-0.707519340445803,1.23120605256646,-1.34007083859956,1.00404385770431,-0.0828027283880748,0.2001326956549,1.22364693762416,0.447253529862769,-0.521905138542654,-0.984426097198368,-0.00272827723085801,-0.890861865507934,1.01320928280887,-0.741524072922332,0.43106744930896,1.04652531063932,1.34259782060632,-1.40978439317836,-0.7455502325292,-0.694844196947211,-1.29519980624308,1.00044832999338,122,2,607
"충청북도괴산군",2022,4,37055,10.7947645391985,34.2,61.8,24.1987524198752,5.1,9.7,63,106.2,37.6,25.59,-523,5834096,0,7.1,96.2,206,3139,198,1018,212,41.425,0,1684.998,11,51,527,681,56833586.6,621184109.2,13557795.3,0,-0.138486088238282,-0.26836458739818,1.00404385770431,0.582957261451353,-1.50339853153471,-0.707519340445803,1.23120605256646,-1.34007083859956,1.00404385770431,-0.0828027283880748,0.193796877445182,1.22364693762416,0.447253529862769,0.0405280247973636,-0.984426097198368,0.500968228832373,-0.854713942029711,1.01320928280887,-1.17972934342679,0.482828332926064,1.08357478090923,1.34259782060632,-1.40978439317836,-0.7455502325292,-0.648987497825755,-1.29519980624308,1.00044832999338,122,3,608
"충청북도괴산군",2023,1,36590,2.73298715496037,37.2,66.3,24.6822326609561,5.1,9.4,60.9,106.5,39.6,25.56,92,6648849,0,12.2,96.2,206,3139,198,1018,0,44.2083333333333,0,1684.022,10,53,729,678,56500279.3,620474417.1,13904429.7,0,-0.138486088238282,-0.281701301337153,1.00404385770431,0.582957261451353,-1.50339853153471,-0.707519340445803,1.23120605256646,-1.34007083859956,1.00404385770431,-0.112071802552651,0.187378677775997,1.22364693762416,0.447253529862769,0.371371062056197,-0.984426097198368,0.600908166489168,-0.858000116891367,1.01320928280887,-1.20363144909067,0.301665240266199,1.13914898631409,1.34259782060632,-1.40978439317836,0.550402993960315,-0.586339023071156,-1.29519980624308,1.00044832999338,122,4,609
"충청북도괴산군",2024,2,36252,5.5169369965795,37.6,65.9,24.6822326609561,5.1,10.9,50.5,107.5,41.4,25.43,141,6648849,0,9.4,98.7,206,3139,198,1018,0,48.1916666666667,0,1684.038,10,53,729,655,56140578,620276729.6,14041930.6,0,-0.138486088238282,-0.281701301337153,1.00404385770431,0.582957261451353,-1.50339853153471,-0.707519340445803,1.23120605256646,-1.34007083859956,1.00404385770431,-0.112071802552651,0.180452232526627,1.22364693762416,0.447253529862769,0.415483467024041,1.01490923682017,0.600908166489168,-0.883194124164069,1.01320928280887,-1.08412092077127,-0.595523409096939,1.32439633766364,1.34259782060632,-1.40978439317836,0.671411507621009,-0.586339023071156,-1.29519980624308,1.00044832999338,122,5,610
"충청북도음성군",2020,11,93153,11.808530052709,17,89.9,21.28841726,5.79,28.7,63.6,112.85,21.4,39.58326624,-1375,12974786,2,9,99.5,843,8382,233,212,653,52.03,53184,1047.58,34,104,777,777,73348003.6,267531057.9,16511392.8,0,-0.138486088238282,0.0383798331981904,1.00404385770431,0.582957261451353,-1.50339853153471,2.42297951956898,1.23120605256646,-1.34007083859956,1.00404385770431,-0.0219175316589319,0.511800190682481,0,0.447253529862769,-1.85630538881995,1.01490923682017,-0.144409742518954,-0.749556346456696,1.01320928280887,0.334070681952247,0.534589216543168,2.31546966738372,-0.438480787336626,-1.40978439317836,-0.7455502325292,-0.265935804828745,-0.363491558526281,1.00044832999338,123,1,611
"충청북도음성군",2021,20,92197,21.6926798051997,19,90.8,21.28841726,5.79,23.8,58.8,112.9,22.5,39.3,-132,12114390,2,8.6,99.5,843,8406,233,212,138,53.4,51728,1040.68,30,38,706,845,72776480.9,267122006.3,16704814.5,0,-0.138486088238282,-0.0149670225577001,1.00404385770431,0.582957261451353,-1.50339853153471,2.33727693344944,1.23120605256646,-1.34007083859956,1.00404385770431,-0.0930192920115591,0.500794890756343,0,0.447253529862769,-1.63574336398073,1.01490923682017,-0.144409742518954,-0.675069716259145,1.01320928280887,-0.0563303772244518,0.120502147606335,2.3247320349512,0.452058516634848,-1.40978439317836,-0.7455502325292,-0.298818400780642,-0.363491558526281,1.00044832999338,123,2,612
"충청북도음성군",2022,5,92058,5.43135849138587,17,92,23.2437637564197,5.79,25.1,60.7,113.1,23.7,39.37,616,10370900,2,9.3,99.5,843,8422,229,212,62,52.27,53866,1040.244,37,38,676,889,71897659,265905013.9,17309022.1,0,-0.138486088238282,0.0783899750151084,1.00404385770431,0.582957261451353,-0.299167667553959,2.46312317597937,1.23120605256646,-1.34007083859956,1.00404385770431,-0.103511978976219,0.483872205811092,0,0.447253529862769,-1.85630538881995,1.01490923682017,0.297800627978885,-0.626872484954847,1.01320928280887,0.047245413985693,0.284411612393832,2.36178150522111,0.452058516634848,-1.40978439317836,1.09143751674803,-0.373287720456524,-0.363491558526281,1.00044832999338,123,3,613
"충청북도음성군",2023,3,91183,3.29008696796552,28.8,92,23.6953949962757,5.79,25.3,61.2,113.4,25,39.26,-239,10290913,2,9.1,99.5,843,8422,229,212,36,52.19,55636,1040.246,32,36,587,913,71632379.5,265503092.8,17489268.3,0,-0.138486088238282,0.0117064053202451,1.00404385770431,0.582957261451353,-0.299167667553959,2.56730832531424,1.23120605256646,-1.34007083859956,1.00404385770431,-0.107101582411497,0.478763956459393,0,0.447253529862769,-0.554989442268537,1.01490923682017,0.394861142223135,-0.600583086061593,1.01320928280887,0.063180151094946,0.327545682074752,2.41735571062598,0.452058516634848,-1.40978439317836,-0.7455502325292,-0.376998258755524,-0.363491558526281,1.00044832999338,123,4,614
"충청북도음성군",2024,2,91236,2.19211714674032,23.7,92.1,23.6953949962757,5.79,26.2,57.5,114.1,26.3,38.31,754,10290913,2,6,95,843,8422,229,212,128,54.65,54114,1040.214,32,36,587,905,71143420.5,263804164.4,17690473.9,0,-0.138486088238282,0.0117064053202451,1.00404385770431,0.582957261451353,-0.299167667553959,2.47772086921951,1.23120605256646,-1.34007083859956,1.00404385770431,-0.0943999087174354,0.469348511637017,0,1.3409590599649,-1.11742260560855,-0.984426097198368,0.394861142223135,-0.609346219026011,1.01320928280887,0.134886468086584,0.00835356643594257,2.54702885657066,0.452058516634848,-1.40978439317836,1.14914976493299,-0.376998258755524,-0.363491558526281,-0.998655411839273,123,5,615
"충청북도단양군",2020,3,29155,10.2898302178014,29.4,77.2,24.63992909,5.4,20.7,72,102.85,31,54.99571257,-340,2331602,0,4.7,93.7,90,1079,84,63,0,66.2333333333333,9872,1563.066,5,17,290,433,12692894.8,640018480.5,6680191.1,0,-0.138486088238282,-0.348384871032016,1.00404385770431,0.582957261451353,-1.50339853153471,-0.126436970822121,0.01634344317566,-1.34007083859956,-0.995079180403383,-0.112071802552651,-0.65618082633852,1.22364693762416,-1.34015753034149,-0.48882083481677,-0.984426097198368,0.592239047385924,-1.12637106392666,1.01320928280887,-0.303318802417874,1.25924158718263,0.462996153888241,0.452058516634848,-1.40978439317836,-0.7455502325292,-1.08852968924017,-1.29519980624308,-0.998655411839273,124,1,616
"충청북도단양군",2021,1,28331,3.52970244608379,24.8,77.2,24.63992909,5.4,12.8,54.5,102.8,32.8,54.89,-298,2434577,0,7.7,93.7,90,1084,84,63,0,64.3777777777778,6770,1561.872,1,5,584,463,12612643.4,640005294.2,6751161.2,0,-0.138486088238282,-0.401731726787907,1.00404385770431,0.582957261451353,-1.50339853153471,-0.309025859656467,0.01634344317566,-1.34007083859956,-0.995079180403383,-0.112071802552651,-0.657726155555526,1.22364693762416,-1.34015753034149,-0.996113491946982,-0.984426097198368,0.592239047385924,-1.0935093153101,1.01320928280887,-0.932740918233369,-0.250450851649578,0.453733786320764,1.34259782060632,-1.40978439317836,-0.7455502325292,-1.06781813609717,-1.29519980624308,1.00044832999338,124,2,617
"충청북도단양군",2022,0,27767,0,20.9,78,26.2220381110191,5.4,19.3,68.7,103.5,34.8,54.85,-129,2485104,0,4.5,93.7,90,1099,83,63,0,64.7777777777778,6370,1560.456,0,5,586,509,12557190.1,640177217.3,6823220.9,0,-0.138486088238282,-0.41506844072688,1.00404385770431,0.582957261451353,-1.50339853153471,-0.332570526172824,0.01634344317566,-1.34007083859956,-0.995079180403383,-0.112071802552651,-0.65879397000698,1.22364693762416,-1.34015753034149,-1.42620944038347,-0.984426097198368,0.907104921065485,-1.04312130076469,1.01320928280887,-0.414861962182645,0.974556727288554,0.583406932265448,1.34259782060632,-1.40978439317836,-0.7455502325292,-1.05797382174836,-1.29519980624308,-0.998655411839273,124,3,618
"충청북도단양군",2023,0,27701,0,27,80.5,26.1055351286893,5.4,16.4,67.9,103.5,36.3,54.99,238,2336173,0,6.4,93.7,90,1099,83,63,0,64.7777777777778,6370,1560.306,0,4,501,500,12510470,640127671.7,6950550.7,0,-0.138486088238282,-0.41506844072688,1.00404385770431,0.582957261451353,-1.50339853153471,-0.332570526172824,0.01634344317566,-1.34007083859956,-0.995079180403383,-0.112071802552651,-0.659693617060508,1.22364693762416,-1.34015753034149,-0.753495264623837,-0.984426097198368,0.884551097109721,-1.05297982534966,1.01320928280887,-0.645915650266814,0.905542215799082,0.583406932265448,1.34259782060632,-1.40978439317836,0.820271018741433,-1.08759107947182,-1.29519980624308,-0.998655411839273,124,4,619
"충청북도단양군",2024,2,27352,7.31207955542556,26.8,79.1,26.1055351286893,5.4,19.9,67,104.3,38.4,54.99,20,2336173,0,6.6,94.9,90,1099,83,63,0,64.4555555555556,6370,1559.94,0,4,501,537,12428814.1,640077222.6,7056336,0,-0.138486088238282,-0.41506844072688,1.00404385770431,0.582957261451353,-1.50339853153471,-0.332570526172824,0.01634344317566,-1.34007083859956,-0.995079180403383,-0.112071802552651,-0.661265991474051,1.22364693762416,-1.34015753034149,-0.775551467107759,-0.984426097198368,0.884551097109721,-1.01245033538923,1.01320928280887,-0.367057750854886,0.827900890373425,0.731604813345087,1.34259782060632,-1.40978439317836,0.124934504153884,-1.08759107947182,-1.29519980624308,1.00044832999338,124,5,620
"충청북도증평군",2020,2,36807,5.43374901513299,24,99.9,23.51932668,4.65,19.4,64.8,108.21,17.4,94.86510718,-505,421596,1,5.8,95.9,100,1674,9,54,0,85.0333333333333,1266,163.64,15,28,46,282,13177211.4,39777214.8,4417235.1,0,-0.138486088238282,-0.21501773164229,1.00404385770431,0.582957261451353,0.905063196426787,-0.633000470921535,0.01634344317566,-0.446690279533185,-0.995079180403383,-0.112071802552651,-0.64685477604829,0,-1.34015753034149,-1.08433830188267,-0.984426097198368,0.35723490284627,-1.29177519863005,-0.986069748447918,-0.406894593628019,0.638110983777376,1.45592195712182,-0.438480787336626,0.708692154522277,-0.7455502325292,-1.90815679135317,-0.363491558526281,-0.998655411839273,125,1,621
"충청북도증평군",2021,7,36426,19.2170427716466,27.8,99.9,23.51932668,4.65,17.7,60.8,108.9,18.6,95.03,-247,867304,1,7.1,95.9,100,1668,9,54,0,94,1282,163.64,5,12,106,297,13073924.1,39720523.9,4528054,0,-0.138486088238282,-0.348384871032016,1.00404385770431,0.582957261451353,0.905063196426787,-0.63205868426088,0.01634344317566,0.446690279533185,-0.995079180403383,-0.112071802552651,-0.648843686926302,0,-1.34015753034149,-0.665270454688148,-0.984426097198368,0.35723490284627,-1.27534432432177,-0.986069748447918,-0.542339859056669,0.293038426330015,1.58374262955301,-0.438480787336626,0.708692154522277,-0.7455502325292,-1.56246081586585,-0.363491558526281,1.00044832999338,125,2,622
"충청북도증평군",2022,1,37262,2.68369921099243,28,99.9,24.5594713656388,4.65,17.3,61.5,108.5,19.5,95.25,953,1251224,1,5.1,95.9,100,1675,9,54,0,94.3333333333333,1288,163.61,6,12,141,328,13030364.8,39690276.9,4554450.4,0,-0.138486088238282,-0.335048157093044,1.00404385770431,0.582957261451353,0.905063196426787,-0.631705514263135,0.01634344317566,0.446690279533185,-0.995079180403383,-0.112071802552651,-0.649682469289755,0,-1.34015753034149,-0.643214252204226,-0.984426097198368,0.57571159134984,-1.24138718408465,-0.986069748447918,-0.574209333275175,0.353426123883304,1.50964368901319,-0.438480787336626,0.708692154522277,1.21603918967837,-1.38682497057386,-0.363491558526281,-0.998655411839273,125,3,623
"충청북도증평군",2023,1,37484,2.66780493010351,28.2,99.9,24.6685729139589,4.65,26.6,67.1,108.7,20.5,95.42,284,1144993,1,11.5,95.9,100,1675,9,54,40,90.1666666666667,712,163.606,3,11,116,327,12954801.7,39661763.9,4595503.4,0,-0.138486088238282,-0.375058298909962,1.00404385770431,0.582957261451353,0.905063196426787,-0.665609834046688,0.01634344317566,0.446690279533185,-0.995079180403383,-0.106549335729146,-0.651137520119492,0,-1.34015753034149,-0.621158049720304,-0.984426097198368,0.598110485522506,-1.2424825757052,-0.986069748447918,0.166755942305091,0.836527704309609,1.5466931592831,-0.438480787336626,0.708692154522277,0.870599970446288,-1.42934497823181,-0.363491558526281,1.00044832999338,125,4,624
"충청북도증평군",2024,2,37171,5.38053859191305,31.7,99.9,24.6685729139589,4.65,24.7,63.8,108.8,21.6,95.49,-178,1144993,1,6.7,97.6,100,1675,9,54,288,90.8333333333333,716,163.602,3,11,116,332,12778242.9,39643658,4630799,0,-0.138486088238282,-0.375058298909962,1.00404385770431,0.582957261451353,0.905063196426787,-0.665374387381525,0.01634344317566,0.446690279533185,-0.995079180403383,-0.0723100414234153,-0.654537354541816,0,-1.34015753034149,-0.235174506251665,1.01490923682017,0.598110485522506,-1.23700561760244,-0.986069748447918,0.0153759397671868,0.551842844415536,1.56521789441805,-0.438480787336626,0.708692154522277,-0.7455502325292,-1.42934497823181,-0.363491558526281,1.00044832999338,125,5,625
"충청남도공주시",2020,18,104545,17.2174661628964,25.4,88,21.54438976,5.07,18.8,69.2,100.09,26.5,64.74532498,-1274,38283144,2,7.3,94.7,180,13845,201,301,80,69.2941176470588,41800,1534.904,47,64,781,1096,100649835.2,599969700,20987422.7,0,-0.138486088238282,0.211757114404835,1.00404385770431,0.582957261451353,-1.50339853153471,1.75289831051347,0.01634344317566,-0.446690279533185,1.00404385770431,-0.101026868905641,1.0375270695815,1.22364693762416,1.3409590599649,-0.929944884495215,-0.984426097198368,-0.084360866676852,-0.400126419500535,1.01320928280887,-0.454698804955778,1.01769079696947,-0.0482865358365107,0.452058516634848,0.708692154522277,-0.7455502325292,0.252603594305909,-0.363491558526281,1.00044832999338,126,1,626
"충청남도공주시",2021,24,103145,23.2682146492801,27.4,89.5,21.54438976,5.07,18.4,67.2,99.6,27.6,64.98,-234,32043643,2,7.3,94.7,180,13923,207,301,830,72.8176470588235,35696,1534.904,54,116,99,1209,100132610.9,598857364.6,21211949.1,0,-0.138486088238282,0.305114111977643,1.00404385770431,0.582957261451353,-1.50339853153471,1.39360669947386,0.01634344317566,-0.446690279533185,1.00404385770431,0.00251938403507788,1.02756734523356,1.22364693762416,1.3409590599649,-0.709382859655993,-0.984426097198368,-0.084360866676852,-0.276347166378133,1.01320928280887,-0.486568279174284,0.845154518245793,-0.139057737997791,0.452058516634848,0.708692154522277,-0.7455502325292,0.167341439742098,-0.363491558526281,1.00044832999338,126,2,627
"충청남도공주시",2022,13,102571,12.6741476635696,26,89.6,22.5485535787043,5.07,17.5,66.3,99.8,28.7,65.3,512,31765338,2,6.8,94.7,180,14019,202,301,830,73.0117647058824,34968,1728.294,36,61,672,1338,99805932.8,598607889.7,21414879.9,0,-0.138486088238282,0.0650532610761357,1.00404385770431,0.582957261451353,-1.50339853153471,1.3507554064141,0.01634344317566,-0.446690279533185,1.00404385770431,0.00251938403507788,1.02127679812178,1.22364693762416,1.3409590599649,-0.863776277043448,-0.984426097198368,0.144800620817846,-0.135041647326895,1.01320928280887,-0.558274596165922,0.767513192820137,-0.102008267727881,0.452058516634848,0.708692154522277,1.03865894543803,0.163160963599675,-0.363491558526281,1.00044832999338,126,3,628
"충청남도공주시",2023,4,102104,3.91757423803181,34.2,87.8,22.9114754098361,5.07,18.1,66.6,99.5,29.9,65.68,460,36217277,2,10.8,94.7,180,14019,202,301,258,76.4470588235294,27476,1728.328,44,70,609,1327,99606575.5,597761157.5,21630883.5,0,-0.138486088238282,0.171746972587917,1.00404385770431,0.582957261451353,-1.50339853153471,0.909763802562735,0.01634344317566,-0.446690279533185,1.00404385770431,-0.076451891541044,1.01743795343728,1.22364693762416,1.3409590599649,0.0405280247973636,-0.984426097198368,0.225226597420091,-0.14709095515297,1.01320928280887,-0.510470384838163,0.793393634628689,-0.157582473132745,0.452058516634848,0.708692154522277,1.00810062393248,0.22601846479889,-0.363491558526281,1.00044832999338,126,4,629
"충청남도공주시",2024,1,101285,0.987313027595399,34.7,90.6,22.9114754098361,5.07,15.4,61.1,99.6,31.3,66.16,179,36217277,2,6.2,97.6,180,14019,202,301,60,78.3352941176471,25764,1728.322,44,70,609,1320,99344656.9,597538566.3,21883132.2,0,-0.138486088238282,0.171746972587917,1.00404385770431,0.582957261451353,-1.50339853153471,0.808992629872729,0.01634344317566,-0.446690279533185,1.00404385770431,-0.103788102317394,1.01239442192185,1.22364693762416,1.3409590599649,0.0956685310071692,1.01490923682017,0.225226597420091,-0.154758696496835,1.01320928280887,-0.725589335813079,0.318918868138568,-0.139057737997791,1.34259782060632,0.708692154522277,0.739211259435351,0.22601846479889,-0.363491558526281,-0.998655411839273,126,5,630
"충청남도보령시",2020,15,100229,14.9657284817767,17.6,89.3,13.4812891,5.28,14.2,65.9,102.8,26.2,69.14565645,-321,18451084,1,4.2,95.6,147,5216,143,71,10,63.5823529411765,42430,1147.65,66,118,84,1031,102303024.2,324523154.4,17639923.1,0,-0.138486088238282,0.465154679245315,1.00404385770431,0.582957261451353,-1.50339853153471,1.78998116027673,0.01634344317566,-1.34007083859956,-0.995079180403383,-0.110691185846775,1.06936104709384,0,1.3409590599649,-1.79013678136818,-0.984426097198368,-2.41198306348318,-0.47132687483643,1.01320928280887,-0.821197758468597,0.733005937075401,0.453733786320764,0.452058516634848,0.708692154522277,-0.7455502325292,-0.0971878407803049,-0.363491558526281,-0.998655411839273,127,1,631
"충청남도보령시",2021,22,98408,22.3559060239005,21.4,89.5,13.4812891,5.28,16.8,63.6,103,27.3,69.36,-756,18580280,0,5.8,95.6,147,5250,144,71,36,64.4941176470588,38132,1151.05,65,118,84,1138,101951143.4,323615611.7,17848832.5,0,-0.138486088238282,0.451817965306342,1.00404385770431,0.582957261451353,-1.50339853153471,1.53699371855848,0.01634344317566,-1.34007083859956,-0.995079180403383,-0.107101582411497,1.06258519419727,0,1.3409590599649,-1.37106893417366,-0.984426097198368,-2.41198306348318,-0.354119971437341,1.01320928280887,-0.614046176048308,0.534589216543168,0.490783256590674,0.452058516634848,0.708692154522277,-0.7455502325292,-0.0938438512675388,-1.29519980624308,-0.998655411839273,127,2,632
"충청남도보령시",2022,4,97157,4.11704766511934,26.4,89.5,23.5643992646264,5.28,14.3,65.6,102.7,28.6,69.76,-257,19759497,0,3.4,95.6,147,5344,144,71,36,65.8882352941176,37074,1173.748,84,134,92,1231,101628297.4,323021043.7,18040960.1,0,-0.138486088238282,0.705215530146823,1.00404385770431,0.582957261451353,-1.50339853153471,1.47471807562271,0.01634344317566,-1.34007083859956,-0.995079180403383,-0.107101582411497,1.05636843839745,0,1.3409590599649,-0.819663872075604,-0.984426097198368,0.36689269480355,-0.252248550725984,1.01320928280887,-0.813230389913971,0.707125495266848,0.43520905118581,0.452058516634848,0.708692154522277,-0.7455502325292,-0.0643545190272355,-1.29519980624308,-0.998655411839273,127,3,633
"충청남도보령시",2023,5,95772,5.22073257319467,25.6,89.9,24.6871165644172,5.28,16.4,64.9,102.6,29.8,67.41,-521,20613053,1,3.7,95.6,147,5344,144,71,36,67.0058823529412,34244,1173.722,90,137,104,1285,101439317.3,322330721,18221166.1,0,-0.138486088238282,0.785235813780659,1.00404385770431,0.582957261451353,-1.50339853153471,1.30813956001949,0.01634344317566,-0.446690279533185,-0.995079180403383,-0.107101582411497,1.05272941814406,0,1.3409590599649,-0.907888682011293,-0.984426097198368,0.601908087724836,-0.193097403216163,1.01320928280887,-0.645915650266814,0.646737797713561,0.416684316050854,0.452058516634848,0.708692154522277,-0.7455502325292,-0.044087291348179,-0.363491558526281,-0.998655411839273,127,4,634
"충청남도보령시",2024,4,93780,4.26530177010023,26,91.2,24.6871165644172,5.28,15.4,59.8,102.6,31.4,67.69,-521,20613053,1,1.9,99.5,147,5344,144,71,36,66.5235294117647,33638,1173.81,90,137,104,1296,101307343.9,322044540,18380920.1,0,-0.138486088238282,0.785235813780659,1.00404385770431,0.582957261451353,-1.50339853153471,1.27246939024721,0.01634344317566,-1.34007083859956,-0.995079180403383,-0.107101582411497,1.05018812477238,0,1.3409590599649,-0.863776277043448,1.01490923682017,0.601908087724836,-0.181048095390089,1.01320928280887,-0.725589335813079,0.206770286968175,0.416684316050854,1.34259782060632,0.708692154522277,-0.7455502325292,-0.044087291348179,-0.363491558526281,-0.998655411839273,127,5,635
"충청남도아산시",2020,51,316129,16.1326547074137,31.5,97.6,26.27019361,3.39,38.8,59.9,107.96,13.4,66.08852715,1210,63430642,6,5.2,97.4,487,3847,182,219,0,73.1222222222222,65868,1084.376,193,86,112,1498,124227564,206905520.2,28440781.9,0,-0.138486088238282,2.15891734949484,1.00404385770431,0.582957261451353,-0.299167667553959,3.16958089480265,1.23120605256646,-0.446690279533185,1.00404385770431,-0.112071802552651,1.4915422417193,0,1.3409590599649,-0.257230708735587,1.01490923682017,0.916399167621702,0.0402210119614617,-0.986069748447918,1.13877490596953,0.215397100904359,1.40961011928443,-1.3290200913081,0.708692154522277,1.28424159420402,0.494590190983364,1.49992493690731,-0.998655411839273,128,1,636
"충청남도아산시",2021,81,324580,24.9553268839731,27.3,97.7,26.27019361,3.39,38.5,58.9,108.5,13.7,65.8,8884,63797851,6,10.2,97.4,487,3850,153,219,188,73.0944444444444,63976,1084.376,172,117,113,1604,123626375.3,206367400.4,28933144.2,0,-0.138486088238282,1.87884635677642,1.00404385770431,0.582957261451353,-0.299167667553959,3.05821462218028,1.23120605256646,-0.446690279533185,1.00404385770431,-0.0861162084821779,1.47996569024426,0,1.3409590599649,-0.720410960897954,1.01490923682017,0.916399167621702,0.156332523739998,-0.986069748447918,1.11487280030565,0.129128961542519,1.50964368901319,-1.3290200913081,0.708692154522277,1.85405335725274,0.497356584398908,1.49992493690731,1.00044832999338,128,2,637
"충청남도아산시",2022,24,334539,7.17405145588407,34.7,97.7,22.4304432910746,3.39,42.5,66,108.8,14.1,64.68,10415,67167703,6,9.8,97.4,487,3856,149,219,214,73.4777777777778,64268,1085.554,123,76,93,1778,121407419.7,205199601.1,30516225.8,0,-0.138486088238282,1.22534737376676,1.00404385770431,0.582957261451353,-0.299167667553959,3.07540222873722,1.23120605256646,-0.446690279533185,1.00404385770431,-0.0825266050468996,1.43723725285973,0,1.3409590599649,0.0956685310071692,1.01490923682017,0.118359023529652,0.346930665716086,-0.986069748447918,1.43356754249071,0.741632751011585,1.56521789441805,-1.3290200913081,0.708692154522277,1.89950825809825,0.522024554798728,1.49992493690731,1.00044832999338,128,3,638
"충청남도아산시",2023,5,345796,1.44593922428252,35.9,97.7,23.1978581637377,3.39,42,61.6,108.8,14.4,62.22,11154,72086496,6,9.5,97.4,487,3856,149,219,3764,77.0666666666667,64598,1085.596,129,80,76,1863,120487235.2,204560853.1,31307490.6,0,-0.138486088238282,1.30536765740059,1.00404385770431,0.582957261451353,-0.299167667553959,3.09482657861322,1.23120605256646,-0.446690279533185,1.00404385770431,0.407592325539172,1.41951808543229,0,1.3409590599649,0.228005745910702,1.01490923682017,0.287833963536175,0.440038953463026,-0.986069748447918,1.39373069971757,0.362052937819488,1.56521789441805,-1.3290200913081,-1.40978439317836,1.91910645560722,0.555894521263447,1.49992493690731,1.00044832999338,128,4,639
"충청남도아산시",2024,6,355014,1.69007419425713,44.3,97.7,23.1978581637377,3.39,37.8,59.8,108.9,14.9,61.31,11154,72086496,6,6.3,97.6,487,3856,149,219,1540,78.2833333333333,60598,1085.618,129,80,76,1936,120187336.4,204189205.5,31659400,0,-0.138486088238282,1.30536765740059,1.00404385770431,0.582957261451353,-0.299167667553959,2.85937991344965,1.23120605256646,-0.446690279533185,1.00404385770431,0.100543170152292,1.41374320327715,0,1.3409590599649,1.15436625023544,1.01490923682017,0.287833963536175,0.520002541763339,-0.986069748447918,1.05910122042326,0.206770286968175,1.58374262955301,-1.3290200913081,-1.40978439317836,1.91910645560722,0.555894521263447,1.49992493690731,-0.998655411839273,128,5,640
"충청남도서산시",2020,21,175591,11.9596106861969,30.3,98.2,20.39556199,2.53,30.5,66.7,108.56,18.5,61.18081223,936,29222852,3,6,95.6,296,7302,44,341,956,67.3,58698,1481.89,48,47,36,1228,192288432.1,287135144.7,22254190.8,0,-0.138486088238282,0.225093828343807,1.00404385770431,0.582957261451353,-0.299167667553959,2.74754274749695,1.23120605256646,-0.446690279533185,1.00404385770431,0.0199151545291187,2.8021293219418,0,1.3409590599649,-0.38956792363912,-0.984426097198368,-0.359401665575868,-0.255534725587641,-0.986069748447918,0.477483315935525,0.802020448564873,1.52075853009416,-0.438480787336626,-1.40978439317836,1.21089826702565,0.123180447353527,0.568216689190515,-0.998655411839273,129,1,641
"충청남도서산시",2021,38,176645,21.5120722352741,34,98.6,20.39556199,2.53,30.8,63,109,19.2,61.99,1475,33181428,3,7.8,95.6,296,6940,36,341,1578,67.6625,58474,1481.89,48,41,36,1292,191664197.8,286441573.2,22670151.4,0,-0.138486088238282,0.225093828343807,1.00404385770431,0.582957261451353,-0.299167667553959,2.73435773424779,1.23120605256646,-0.446690279533185,1.00404385770431,0.105789513634622,2.79010900202156,0,1.3409590599649,0.018471822313441,-0.984426097198368,-0.359401665575868,-0.185429661872298,-0.986069748447918,0.501385421599404,0.482828332926064,1.60226736468796,-0.438480787336626,-1.40978439317836,1.34082175917448,0.184062872860018,0.568216689190515,1.00044832999338,129,2,642
"충청남도서산시",2022,6,176413,3.40110989552924,39.5,98.6,21.4506129150978,2.53,30.6,65.1,109,20,61.78,231,32873710,3,6.6,95.6,296,6843,31,341,9186.8,68.75,56316,1484.568,67,43,36,1464,190780567.1,285924577.3,23661110.2,0,-0.138486088238282,0.478491393184288,1.00404385770431,0.582957261451353,-0.299167667553959,2.60733425839205,1.23120605256646,-0.446690279533185,1.00404385770431,1.15627315280175,2.77309371832864,0,1.3409590599649,0.625017390621302,-0.984426097198368,-0.106280573811282,0.00297769686268583,-0.986069748447918,0.485450684490151,0.663991425585928,1.60226736468796,-0.438480787336626,-1.40978439317836,0.811771759258196,0.179597751835017,0.568216689190515,1.00044832999338,129,3,643
"충청남도서산시",2023,4,176011,2.27258523615001,34.5,98.6,21.9651295421216,2.53,28.4,63.3,109.8,20.9,61.95,120,34796043,3,9.5,95.6,296,6843,31,341,9186,68.6,56316,1484.558,43,25,55,1476,190535740.9,285418792.9,24058032.9,0,-0.138486088238282,0.158410258648944,1.00404385770431,0.582957261451353,-0.299167667553959,2.60733425839205,1.23120605256646,-0.446690279533185,1.00404385770431,1.15616270346528,2.76837931982657,0,1.3409590599649,0.0736123285232466,-0.984426097198368,0.0128749993911044,0.0161223963093126,-0.986069748447918,0.310168576288368,0.508708774734616,1.7504652457676,-0.438480787336626,-1.40978439317836,0.62565413717571,0.206833210356104,0.568216689190515,1.00044832999338,129,4,644
"충청남도서산시",2024,2,174445,1.14649316403451,33.8,98.6,21.9651295421216,2.53,23.8,61.3,109.9,22.1,61.85,120,34796043,3,11.4,94.3,296,6843,31,341,0,69.69375,49844,1484.55,43,25,55,1513,190148846.1,284990794.1,24453398.6,0,-0.138486088238282,0.158410258648944,1.00404385770431,0.582957261451353,-0.299167667553959,2.2263815541574,1.23120605256646,-0.446690279533185,1.00404385770431,-0.112071802552651,2.76092923374274,0,1.3409590599649,-0.00358438017048152,-0.984426097198368,0.0128749993911044,0.0566518862697451,-0.986069748447918,-0.0563303772244518,0.336172496010935,1.76898998090256,0.452058516634848,-1.40978439317836,0.62565413717571,0.206833210356104,0.568216689190515,1.00044832999338,129,5,645
"충청남도논산시",2020,8,116675,6.85665309620741,33.5,87,22.83,6.73,12.6,60.6,99.93,26.7,63.01178487,-1386,51046475,1,6.2,90.9,207,7603,152,319,0,55.075,56036,1110.762,67,121,472,1398,147123343,233212119.2,23619105.5,0,-0.138486088238282,0.478491393184288,1.00404385770431,0.582957261451353,-1.50339853153471,2.5908529918306,1.23120605256646,-1.34007083859956,1.00404385770431,-0.112071802552651,1.9324257183294,0,1.3409590599649,-0.0366686838963646,-0.984426097198368,0.207277859240205,-0.0693181500937614,1.01320928280887,-0.948675655342622,0.275784798457648,-0.0779261120524378,0.452058516634848,-1.40978439317836,-0.7455502325292,0.390494021015768,-0.363491558526281,-0.998655411839273,130,1,646
"충청남도논산시",2021,25,114483,21.8373033550833,33.2,93.3,22.83,6.73,16.2,62.4,99.7,27.8,63.1,-741,54643308,2,6.8,90.9,207,7742,146,319,0,60.3625,48804,1110.762,62,139,505,1462,146624379.1,233028280.2,23728522.7,0,-0.138486088238282,0.411807823489425,1.00404385770431,0.582957261451353,-0.299167667553959,2.16516542121487,1.23120605256646,-1.34007083859956,1.00404385770431,-0.112071802552651,1.92281761812303,0,1.3409590599649,-0.0697529876222476,-0.984426097198368,0.207277859240205,0.000786913621581371,1.01320928280887,-0.661850387376067,0.43106744930896,-0.120533002862835,0.452058516634848,-1.40978439317836,-0.7455502325292,0.423125654647679,-0.363491558526281,1.00044832999338,130,2,647
"충청남도논산시",2022,8,112617,7.10372323894261,38,87.9,24.3622761834682,6.73,14.9,64.4,99.7,29,63.34,-583,58505712,2,6.5,90.9,207,8084,131,319,0,61.31875,46742,1112.434,63,128,512,1552,146237606.6,232892352,23938001.2,0,-0.138486088238282,0.425144537428397,1.00404385770431,0.582957261451353,-1.50339853153471,2.04379266532305,1.23120605256646,-1.34007083859956,1.00404385770431,-0.112071802552651,1.91536988706059,0,1.3409590599649,0.459595871991886,-0.984426097198368,0.534983134534683,0.0993721594712821,1.01320928280887,-0.765426178586212,0.603603728032641,-0.120533002862835,0.452058516634848,-1.40978439317836,-0.7455502325292,0.45585666966754,-0.363491558526281,1.00044832999338,130,3,648
"충청남도논산시",2023,2,110423,1.81121686605146,35.2,89.8,24.798254528065,6.73,14.7,63.5,99.9,30.3,63.33,-1111,61309138,2,7.7,90.9,207,8084,131,319,0,61.40625,46054,1112.51,59,143,511,1585,146060965.1,232785142.9,24081640.8,0,-0.138486088238282,0.371797681672507,1.00404385770431,0.582957261451353,-1.50339853153471,2.00329583891492,1.23120605256646,-1.34007083859956,1.00404385770431,-0.112071802552651,1.91196846015855,0,1.3409590599649,0.150809037216975,-0.984426097198368,0.624611024819051,0.135520082949506,1.01320928280887,-0.781360915695465,0.525962402606984,-0.0834835325929245,0.452058516634848,-1.40978439317836,-0.7455502325292,0.47828730232754,-0.363491558526281,1.00044832999338,130,4,649
"충청남도논산시",2024,4,108529,3.68565083986769,37.6,91.3,24.798254528065,6.73,19,60.6,100.3,31.9,63.45,-866,61309138,2,8.6,96.9,207,8084,131,319,0,61.09375,46054,1112.35,59,143,511,1558,145729626.6,232686933.4,24225320.8,0,-0.138486088238282,0.371797681672507,1.00404385770431,0.582957261451353,-0.299167667553959,2.00329583891492,1.23120605256646,-1.34007083859956,1.00404385770431,-0.112071802552651,1.90558817190478,0,1.3409590599649,0.415483467024041,-0.984426097198368,0.624611024819051,0.105944509194595,1.01320928280887,-0.438764067846525,0.275784798457648,-0.00938459205310674,1.34259782060632,-1.40978439317836,-0.7455502325292,0.47828730232754,-0.363491558526281,1.00044832999338,130,5,650
"충청남도계룡시",2020,7,42822,16.3467376582131,23.5,96.9,2.981073059,1.95,19.4,73.5,99.37,12,20.12516931,-155,818927,1,3.1,99.5,30,359,8,8,54,97.58,1712,120.8,0,0,0,177,3557010.9,39419807.4,2842955.2,0,-0.138486088238282,-0.41506844072688,-0.99507918040338,0.582957261451353,-0.299167667553959,-0.606748167755797,-1.19851916621514,0.446690279533185,-0.995079180403383,-0.10461647234092,-0.832102346883344,0,-1.34015753034149,-1.13947880809248,1.01490923682017,-9.20248631289994,-1.40679131878803,-0.986069748447918,-0.406894593628019,1.38864379622539,-0.181664628808185,-1.3290200913081,-1.40978439317836,-0.7455502325292,-1.58996662048415,-0.363491558526281,-0.998655411839273,131,1,651
"충청남도계룡시",2021,9,43331,20.7703491726478,27.8,97.9,2.981073059,1.95,18.1,71,99.1,12.7,19.78,556,1115354,1,4.4,99.5,30,364,8,8,126,97.66,1716,120.8,0,0,0,178,3537528.1,39404905.7,2865648,0,-0.138486088238282,-0.41506844072688,-0.99507918040338,0.582957261451353,-0.299167667553959,-0.606512721090633,-1.19851916621514,0.446690279533185,-0.995079180403383,-0.0946760320586107,-0.832477509685104,0,-1.34015753034149,-0.665270454688148,1.01490923682017,-9.20248631289994,-1.40569592716748,-0.986069748447918,-0.510470384838163,1.17297344782079,-0.231681413672565,-1.3290200913081,-1.40978439317836,1.06218699083486,-1.44191386312511,-0.363491558526281,-0.998655411839273,131,2,652
"충청남도계룡시",2022,2,44475,4.49690837549185,29,99.1,19.8861734181453,1.95,17,71.1,99.4,13.4,18.75,1182,1161881,1,3.7,99.5,30,365,5,8,248,97.58,1930,121.384,0,0,0,196,3497112.9,39319274.9,2898201.2,0,-0.138486088238282,-0.41506844072688,-0.99507918040338,0.582957261451353,0.905063196426787,-0.593916324504382,-1.19851916621514,0.446690279533185,-0.995079180403383,-0.0778325082469203,-0.833255748935399,0,-1.34015753034149,-0.532933239784615,1.01490923682017,-0.486114378560919,-1.38597887799754,-0.986069748447918,-0.598111438939055,1.18160026175697,-0.176107208267699,-1.3290200913081,-1.40978439317836,1.27755314140612,-1.42232807419126,-0.363491558526281,-0.998655411839273,131,3,653
"충청남도계룡시",2023,0,46667,0,32.1,99.3,22.008547008547,1.95,21.2,72.8,99.7,14,17.44,2258,1049113,1,2.4,99.5,30,365,5,8,66,97.78,1894,121.388,0,0,0,237,3465328.2,39252250.2,2957377,0,-0.138486088238282,-0.41506844072688,-0.99507918040338,0.582957261451353,0.905063196426787,-0.596035344490855,-1.19851916621514,0.446690279533185,-0.995079180403383,-0.102959732293868,-0.833867798389537,-1.22364693762416,-1.34015753034149,-0.19106210128382,1.01490923682017,0.0228074897865458,-1.3410678215549,-0.986069748447918,-0.263481959644741,1.3282560986721,-0.120533002862835,-1.3290200913081,-1.40978439317836,1.4625047389552,-1.47125621765211,-0.363491558526281,-0.998655411839273,131,4,654
"충청남도계룡시",2024,1,46540,2.14868929952729,37.8,99.3,22.008547008547,1.95,20.7,71.6,99.6,15.1,17.35,-140,1049113,1,2.2,99.3,30,365,5,8,168,97.92,1764,121.394,0,0,0,227,3421249.9,39122533.8,2974660.8,0,-0.138486088238282,-0.41506844072688,-0.99507918040338,0.582957261451353,0.905063196426787,-0.60368736110867,-1.19851916621514,0.446690279533185,-0.995079180403383,-0.0888774418939304,-0.834716574670399,-1.22364693762416,-1.34015753034149,0.437539669507963,1.01490923682017,0.0228074897865458,-1.35202173776042,-0.986069748447918,-0.303318802417874,1.22473433143789,-0.139057737997791,-1.3290200913081,-1.40978439317836,-0.7455502325292,-1.47125621765211,-0.363491558526281,-0.998655411839273,131,5,655
"충청남도당진시",2020,18,166249,10.8271327947837,23.1,86.9,8.392122077,2.45,28.9,65.6,113.02,18.8,62.15135129,-649,33146360,1,7.8,98.7,315,11161,78,99,30,50.4066666666667,102460,1410.958,132,150,496,1203,210309826.8,227453806.8,23748540.9,0,-0.138486088238282,1.34537779921751,1.00404385770431,0.582957261451353,-1.50339853153471,5.32344698771896,1.23120605256646,-1.34007083859956,1.00404385770431,-0.107929952435023,3.14915115285216,0,1.3409590599649,-1.18359121306032,1.01490923682017,-4.68889792026241,-0.282919516101446,-0.986069748447918,0.3500054190615,0.707125495266848,2.34696171711315,-0.438480787336626,-1.40978439317836,-0.7455502325292,0.183556116368648,-0.363491558526281,1.00044832999338,132,1,656
"충청남도당진시",2021,46,167092,27.5297440930745,24.5,90.6,8.392122077,2.45,26.8,61.9,113.8,19.5,62.94,1378,33859552,1,9.4,98.7,315,11164,74,99,90,50.8333333333333,94680,1410.958,127,147,489,1264,209853728,226565825.4,24229714.1,0,-0.138486088238282,1.27869422952265,1.00404385770431,0.582957261451353,-1.50339853153471,4.86550322397582,1.23120605256646,-1.34007083859956,1.00404385770431,-0.0996462521997652,3.1403684674226,0,1.3409590599649,-1.02919779567287,1.01490923682017,-4.68889792026241,-0.21610062724776,-0.986069748447918,0.182690679414344,0.38793337962804,2.4914546511658,-0.438480787336626,-1.40978439317836,1.32138585320662,0.193758309431883,-0.363491558526281,1.00044832999338,132,2,657
"충청남도당진시",2022,9,168253,5.3490873862576,25.8,93,21.6364440513047,2.45,31.3,66.3,113.9,20.2,63.56,1845,34365388,1,9,98.7,315,11171,73,99,94,52.9,87220,1411.064,128,141,483,1367,209386363.7,225841288.5,24658165.4,0,-0.138486088238282,1.29203094346162,1.00404385770431,0.582957261451353,-0.299167667553959,4.42639519344577,1.23120605256646,-1.34007083859956,1.00404385770431,-0.0990940055174147,3.13136885236572,0,1.3409590599649,-0.88583247952737,1.01490923682017,-0.062932297085246,-0.103275290330881,-0.986069748447918,0.541222264372537,0.767513192820137,2.50997938630075,-0.438480787336626,-1.40978439317836,1.40477751549478,0.200864851427121,-0.363491558526281,1.00044832999338,132,3,658
"충청남도당진시",2023,2,170302,1.17438432901551,27.8,93.4,22.4178503586516,2.45,26.6,64.4,114.7,20.7,64.72,2615,37000675,1,7.3,98.7,315,11171,73,99,26,56.0066666666667,82150,1411.248,123,139,697,1363,208881211.1,225304533.7,25002885.7,0,-0.138486088238282,1.22534737376676,1.00404385770431,0.582957261451353,-0.299167667553959,4.12796654535095,1.23120605256646,-1.34007083859956,1.00404385770431,-0.108482199117373,3.12164158191527,0,1.3409590599649,-0.665270454688148,1.01490923682017,0.115531957906952,-0.107656856813089,-0.986069748447918,0.166755942305091,0.603603728032641,2.65817726738039,-0.438480787336626,0.708692154522277,1.50445587442148,0.236274163479563,-0.363491558526281,1.00044832999338,132,4,659
"충청남도당진시",2024,5,171931,2.90814338310136,36.5,94,22.4178503586516,2.45,24.1,64.3,115.5,21.5,65.88,2615,37000675,1,7.3,97.8,315,11171,73,99,16,60,71412,1411.268,123,139,697,1309,208314939.8,224276961,25647868.4,0,-0.138486088238282,1.22534737376676,1.00404385770431,0.582957261451353,-0.299167667553959,3.49590997271935,1.23120605256646,-1.34007083859956,1.00404385770431,-0.109862815823249,3.11073740348795,0,1.3409590599649,0.294174353362469,1.01490923682017,0.115531957906952,-0.16680800432291,-0.986069748447918,-0.0324282715605722,0.594976914096456,2.80637514846003,-0.438480787336626,0.708692154522277,1.50445587442148,0.236274163479563,-0.363491558526281,1.00044832999338,132,5,660
"충청남도금산군",2020,2,51413,3.89006671464416,35.6,80.4,22.89269051,5.12,21.5,67.3,101.74,31.3,44.45957248,-363,9666250,0,8.5,96.8,295,5630,67,153,56,65.1727272727273,13844,1153.48,29,15,505,794,54595018.5,403897863.5,11052126.5,0,-0.138486088238282,-0.0283037364966728,1.00404385770431,0.582957261451353,-1.50339853153471,0.107361567685301,1.23120605256646,-1.34007083859956,1.00404385770431,-0.104340348999744,0.150690779742349,1.22364693762416,-0.44645200023936,0.194921442184819,-0.984426097198368,0.221093782616199,-0.730934688907309,1.01320928280887,-0.239579853980862,0.853781332181977,0.257371593890242,1.34259782060632,-1.40978439317836,-0.7455502325292,-0.40700871725164,-1.29519980624308,1.00044832999338,133,1,661
"충청남도금산군",2021,10,50477,19.8110030310835,33.8,83.8,22.89269051,5.12,18.7,61.9,101.8,32.7,44.34,-161,8931720,0,7.6,96.8,295,5643,67,153,4,66.9090909090909,13510,1153.48,15,14,756,815,54329557.7,403362787.2,11248702.9,0,-0.138486088238282,-0.21501773164229,1.00404385770431,0.582957261451353,-1.50339853153471,0.0877017711441428,1.23120605256646,-0.446690279533185,1.00404385770431,-0.111519555870301,0.145579039259192,1.22364693762416,-0.44645200023936,-0.00358438017048152,-0.984426097198368,0.221093782616199,-0.707931464875712,1.01320928280887,-0.462666173510404,0.38793337962804,0.268486434971216,1.34259782060632,-1.40978439317836,-0.7455502325292,-0.444883811723224,-1.29519980624308,1.00044832999338,133,2,662
"충청남도금산군",2022,2,50092,3.99265351752775,34.5,85,24.7760145224571,5.12,16.4,64.8,102.2,34.1,44.76,271,8784641,0,10.2,96.8,295,5676,65,153,8,66.8545454545455,13478,1154.47,16,12,419,926,54064650.7,403065731.2,11436560.2,0,-0.138486088238282,-0.201681017703317,1.00404385770431,0.582957261451353,-1.50339853153471,0.0858181978228342,1.23120605256646,-0.446690279533185,1.00404385770431,-0.11096730918795,0.140477962805827,1.22364693762416,-0.44645200023936,0.0736123285232466,-0.984426097198368,0.620075739424656,-0.586342994994414,1.01320928280887,-0.645915650266814,0.638110983777376,0.342585375511036,1.34259782060632,-1.40978439317836,0.857251269313585,-0.452841187823472,-1.29519980624308,1.00044832999338,133,3,663
"충청남도금산군",2023,1,50093,1.99628690635418,34.9,86.3,24.0116047556744,5.12,15.2,65.5,102.5,35.1,45.57,657,8080862,0,9.3,96.8,295,5676,65,153,20,67.6909090909091,13330,1154.426,14,12,260,965,53846899.7,402773459.5,11698007.1,0,-0.138486088238282,-0.228354445581262,1.00404385770431,0.582957261451353,-1.50339853153471,0.0771066712117823,1.23120605256646,-0.446690279533185,1.00404385770431,-0.109310569140899,0.136284927141248,1.22364693762416,-0.44645200023936,0.117724733491091,-0.984426097198368,0.461767341738667,-0.543622721792877,1.01320928280887,-0.741524072922332,0.698498681330665,0.3981595809159,1.34259782060632,-1.40978439317836,1.10983233123052,-0.492860814503143,-1.29519980624308,1.00044832999338,133,4,664
"충청남도금산군",2024,3,49615,6.04655850045349,35.4,94,24.0116047556744,5.12,15.4,63.5,102.8,36.3,45.55,150,8080862,0,8.5,97.4,295,5676,65,153,24,68.3363636363636,12604,1154.496,14,12,260,871,53610841.4,402642331.9,11837569.5,0,-0.138486088238282,-0.228354445581262,1.00404385770431,0.582957261451353,-0.299167667553959,0.0343731014845949,1.23120605256646,-0.446690279533185,1.00404385770431,-0.108758322458548,0.131739364223879,1.22364693762416,0.447253529862769,0.172865239700897,1.01490923682017,0.461767341738667,-0.646589534124787,1.01320928280887,-0.725589335813079,0.525962402606984,0.453733786320764,1.34259782060632,-1.40978439317836,0.688981982934125,-0.492860814503143,-1.29519980624308,1.00044832999338,133,5,665
"충청남도부여군",2020,8,65354,12.2410257979619,17,87,23.07014063,6.03,14.2,61.3,98.16,34.7,31.10750681,-673,12414183,0,6.6,99.8,83,16344,217,43,834,52.3411764705882,7704,1278.94,47,35,775,1152,146484243.3,315550452.7,17743919,0,-0.138486088238282,0.211757114404835,1.00404385770431,0.582957261451353,-1.50339853153471,-0.254049063340774,0.01634344317566,-1.34007083859956,-0.995079180403383,0.00307163071742838,1.92011914873697,0,1.3409590599649,-1.85630538881995,1.01490923682017,0.260005128429433,-0.33878448874961,1.01320928280887,-0.821197758468597,0.336172496010935,-0.40581392394114,1.34259782060632,-1.40978439317836,-0.7455502325292,-0.287103068641467,-1.29519980624308,1.00044832999338,134,1,666
"충청남도부여군",2021,16,63774,25.0885940979082,20.7,88.4,23.07014063,6.03,13.3,55.9,98.4,36.4,30.69,-458,12396219,0,6.5,99.8,83,16359,221,43,786,53.1882352941176,7316,1278.94,68,35,702,1171,146113092.2,314789913.8,17955878.2,0,-0.138486088238282,0.49182810712326,1.00404385770431,0.582957261451353,-1.50339853153471,-0.27688738986164,0.01634344317566,-1.34007083859956,-0.995079180403383,-0.00355532947077766,1.91297222496051,0,1.3409590599649,-1.44826564286739,1.01490923682017,0.260005128429433,-0.317972047959118,1.01320928280887,-0.892904075460236,-0.129675456543002,-0.361354559617247,1.34259782060632,-1.40978439317836,-0.7455502325292,-0.287797058454331,-1.29519980624308,1.00044832999338,134,2,667
"충청남도부여군",2022,10,62343,16.04029321656,32.3,88.9,24.3226106437841,6.03,10.9,58.5,98.7,37.9,30.44,-302,12296432,0,10.1,99.8,83,16381,220,43,786,56.8941176470588,6910,1246.186,44,32,595,1277,145917242.5,314587880.7,18076953.7,0,-0.138486088238282,0.171746972587917,1.00404385770431,0.582957261451353,-1.50339853153471,-0.300785226375742,0.01634344317566,-1.34007083859956,-0.995079180403383,-0.00355532947077766,1.90920092298258,0,1.3409590599649,-0.169005898799898,1.01490923682017,0.526752415842532,-0.201860536180581,1.01320928280887,-1.08412092077127,0.0946217057977828,-0.305780354212383,1.34259782060632,-1.40978439317836,-0.7455502325292,-0.29167045879365,-1.29519980624308,1.00044832999338,134,3,668
"충청남도부여군",2023,2,61046,3.27621793401697,36,91.4,24.7336884154461,6.03,13,57.9,99.3,39.4,30.35,-352,12554213,0,6.9,99.8,83,16381,220,43,0,57.2117647058824,6374,1249.308,45,33,465,1288,145823174.9,314468969.1,18182130.6,0,-0.138486088238282,0.18508368652689,1.00404385770431,0.582957261451353,-0.299167667553959,-0.33233507950766,0.01634344317566,-1.34007083859956,-0.995079180403383,-0.112071802552651,1.90738954759656,0,1.3409590599649,0.239033847152663,1.01490923682017,0.61143358222831,-0.189811228354507,1.01320928280887,-0.916806181124116,0.0428608221806785,-0.194631943402655,1.34259782060632,-1.40978439317836,-0.7455502325292,-0.281727569794398,-1.29519980624308,1.00044832999338,134,4,669
"충청남도부여군",2024,1,59550,1.67926112510495,34.1,92.9,24.7336884154461,6.03,15.7,58.2,99.2,41.2,30.26,-568,12554213,1,2.4,95.9,83,16381,220,43,48,65.2117647058823,6834,1249.286,45,33,465,1226,145705751.6,314297460.1,18256625.3,0,-0.138486088238282,0.18508368652689,1.00404385770431,0.582957261451353,-0.299167667553959,-0.30525871301385,0.01634344317566,-1.34007083859956,-0.995079180403383,-0.105444842364445,1.90512843244782,0,1.3409590599649,0.0294999235554023,-0.984426097198368,0.61143358222831,-0.257725508828745,1.01320928280887,-0.7016872301492,0.068741263989231,-0.213156678537609,1.34259782060632,-1.40978439317836,-0.7455502325292,-0.281727569794398,-0.363491558526281,-0.998655411839273,134,5,670
"충청남도서천군",2020,8,51866,15.4243627810126,27.1,86.9,24.32589004,4.95,13.9,58.9,97.57,36.6,47.9504878,-388,14721171,0,8.7,97.7,61,7156,178,154,0,34.4285714285714,43450,718.42,35,11,562,1036,107422698.8,145146724.7,14521307.3,0,-0.138486088238282,0.0517165471371631,1.00404385770431,0.582957261451353,-1.50339853153471,1.85002005989344,-1.19851916621514,-1.34007083859956,1.00404385770431,-0.112071802552651,1.16794602805301,0,0.447253529862769,-0.742467163381876,1.01490923682017,0.527433389138521,-0.465849916733669,-0.986069748447918,-0.845099864132477,0.129128961542519,-0.515109861237374,1.34259782060632,-1.40978439317836,-0.7455502325292,-0.20541788741872,-1.29519980624308,1.00044832999338,135,1,671
"충청남도서천군",2021,9,50745,17.7357375110848,29.2,87.8,24.32589004,4.95,12,55.4,97.7,38.1,48.12,-306,14438200,0,4,97.7,61,7159,178,154,0,36.35,37788,719.51,29,12,558,1042,106850769.3,145031136.6,14659343.1,0,-0.138486088238282,-0.0283037364966728,1.00404385770431,0.582957261451353,-1.50339853153471,1.51674530535441,-1.19851916621514,-1.34007083859956,1.00404385770431,-0.112071802552651,1.15693289474421,0,0.447253529862769,-0.510877037300693,1.01490923682017,0.527433389138521,-0.459277567010355,-0.986069748447918,-0.996479866670381,-0.172809526223922,-0.491027705561931,1.34259782060632,-1.40978439317836,-0.7455502325292,-0.214719563058953,-1.29519980624308,-0.998655411839273,135,2,672
"충청남도서천군",2022,5,49964,10.0072051877352,23.9,89.6,25.7196815026542,4.95,11.1,57.3,97.8,39.2,48.48,98,13813965,0,6.6,97.7,61,7166,172,154,14,37.7857142857143,35418,732.24,25,10,515,1122,106675554.1,144909823.7,14829459.3,0,-0.138486088238282,-0.0816505922525634,1.00404385770431,0.582957261451353,-1.50339853153471,1.377243156245,-1.19851916621514,-1.34007083859956,1.00404385770431,-0.110138939164425,1.15355893282175,0,0.447253529862769,-1.09536640312463,1.01490923682017,0.809155319885011,-0.371646237366177,-0.986069748447918,-1.06818618366202,-0.00890006143642573,-0.472502970426978,1.34259782060632,-1.40978439317836,0.568278709313861,-0.235900777068067,-1.29519980624308,1.00044832999338,135,3,673
"충청남도서천군",2023,1,49116,2.03599641664631,22.6,90.2,26.3464045732625,4.95,11.5,57.3,97.6,40.6,48.61,-80,13745621,0,4.1,97.7,61,7166,172,154,10,38.9785714285714,35734,732.248,24,10,477,1136,106419831.2,144832725.2,15019522.2,0,-0.138486088238282,-0.094987306191536,1.00404385770431,0.582957261451353,-1.50339853153471,1.39584344279292,-1.19851916621514,-1.34007083859956,1.00404385770431,-0.110691185846775,1.14863470634312,0,0.447253529862769,-1.23873171927013,1.01490923682017,0.931074767750314,-0.356310754678446,-0.986069748447918,-1.03631670944351,-0.00890006143642573,-0.509552440696888,1.34259782060632,-1.40978439317836,-0.7455502325292,-0.238277685066749,-1.29519980624308,-0.998655411839273,135,4,674
"충청남도서천군",2024,0,48204,0,27.9,90.6,26.3464045732625,4.95,12.1,54.4,98.2,42.1,48.71,-167,13745621,0,5.1,96.1,61,7166,172,154,14,41.35,32918,732.236,24,10,477,1070,106199648.2,144524975.5,15134565.2,0,-0.138486088238282,-0.094987306191536,1.00404385770431,0.582957261451353,-1.50339853153471,1.23008899051777,-1.19851916621514,-1.34007083859956,1.00404385770431,-0.110138939164425,1.14439483983626,0,0.447253529862769,-0.654242353446187,-0.984426097198368,0.931074767750314,-0.428606601634893,-0.986069748447918,-0.988512498115754,-0.259077665585762,-0.398404029887157,1.34259782060632,-1.40978439317836,-0.7455502325292,-0.238277685066749,-1.29519980624308,-0.998655411839273,135,5,675
"충청남도청양군",2020,3,30948,9.69367972082202,24.7,48.7,22.56985261,3.46,15.8,67.4,102.84,35.7,32.38658395,-385,3016668,0,5.7,99.7,49,3939,186,127,12,41.4363636363636,20380,958.226,20,35,500,584,69667000.4,315221269.1,10054391.8,0,-0.138486088238282,-0.148334161947427,1.00404385770431,0.582957261451353,-1.50339853153471,0.492081418562568,-1.19851916621514,-1.34007083859956,1.00404385770431,-0.1104150625056,0.440918414254219,0,-0.44645200023936,-1.00714159318894,1.01490923682017,0.149554761982373,-0.960966929223277,-0.986069748447918,-0.693719861594573,0.862408146118162,0.461143680374747,1.34259782060632,-1.40978439317836,-0.7455502325292,-0.965078578996095,-1.29519980624308,-0.998655411839273,136,1,676
"충청남도청양군",2021,4,30440,13.1406044678055,25.1,48.7,22.56985261,3.46,19.2,65.1,103.4,37.1,32.57,0,2957462,0,7.3,99.7,49,3784,191,127,2,42.2727272727273,19662,958.226,23,35,527,594,69541327.9,315141364.1,10160615.4,0,-0.138486088238282,-0.108324020130509,1.00404385770431,0.582957261451353,-1.50339853153471,0.449818742165708,-1.19851916621514,-1.34007083859956,1.00404385770431,-0.111795679211476,0.438498451661363,0,-0.44645200023936,-0.963029188221098,1.01490923682017,0.149554761982373,-0.950013013017755,-0.986069748447918,-0.422829330737272,0.663991425585928,0.564882197130495,1.34259782060632,-1.40978439317836,-0.7455502325292,-0.974577820623551,-1.29519980624308,1.00044832999338,136,2,677
"충청남도청양군",2022,3,30266,9.91211260159915,30.6,57.5,24.0917782026769,3.46,17.6,65,103.9,38,32.98,256,2668855,0,5.4,99.7,49,3699,189,127,108,42.5363636363636,19532,958.294,20,33,589,620,69299518.4,315029538.6,10285960.4,0,-0.138486088238282,-0.148334161947427,1.00404385770431,0.582957261451353,-1.50339853153471,0.442166725547892,-1.19851916621514,-1.34007083859956,1.00404385770431,-0.0971611421291879,0.433842143044943,0,-0.44645200023936,-0.356483619913237,1.01490923682017,0.478596665296405,-0.921532830883397,-0.986069748447918,-0.550307227611296,0.655364611649745,0.657505872805269,1.34259782060632,-1.40978439317836,0.841032272084033,-1.02378717506547,-1.29519980624308,-0.998655411839273,136,3,678
"충청남도청양군",2023,2,30168,6.62954123574649,33.7,58.6,24.5273420941077,3.46,17.9,65.9,104.7,39.1,33.71,334,3283551,0,3.5,99.7,49,3699,189,127,16,42.9181818181818,19374,958.502,15,36,608,599,69174661.1,314965950.2,10380614.4,0,-0.138486088238282,-0.21501773164229,1.00404385770431,0.582957261451353,-1.50339853153471,0.432866582273931,-1.19851916621514,-1.34007083859956,1.00404385770431,-0.109862815823249,0.431437878027179,0,-0.44645200023936,-0.014612481412442,1.01490923682017,0.569097123570027,-0.944536054914993,-0.986069748447918,-0.526405121947416,0.733005937075401,0.805703753884907,1.34259782060632,-1.40978439317836,0.916816193918071,-0.924452125597913,-1.29519980624308,-0.998655411839273,136,4,679
"충청남도청양군",2024,0,29658,0,28.9,62.3,24.5273420941077,3.46,18.6,60.6,104.6,40.7,34.05,-35,3283551,0,4.8,99,49,3699,189,127,1362,43.3272727272727,18712,958.498,15,36,608,588,69080120.8,314889896.6,10461398.1,0,-0.138486088238282,-0.21501773164229,1.00404385770431,0.582957261451353,-1.50339853153471,0.393900159189361,-1.19851916621514,-1.34007083859956,1.00404385770431,0.0759681927876948,0.429617400281314,0,-0.44645200023936,-0.543961341026576,1.01490923682017,0.569097123570027,-0.956585362741068,-0.986069748447918,-0.470633542065031,0.275784798457648,0.78717901874995,1.34259782060632,-1.40978439317836,-0.7455502325292,-0.924452125597913,-1.29519980624308,-0.998655411839273,136,5,680
"충청남도홍성군",2020,18,100102,17.9816587081177,35.4,92,21.31222662,3.93,19.8,62,98.99,24,75.50898084,17,23106373,0,6.5,97,7,9239,121,75,160,39.5833333333333,45516,891.18,80,442,105,1067,97208210.7,193273870.8,18241916,0,-0.138486088238282,0.651868674390932,1.00404385770431,0.582957261451353,-0.299167667553959,1.97162826245042,-1.19851916621514,-1.34007083859956,-0.995079180403383,-0.0899819352586314,0.971254794034701,0,1.3409590599649,0.172865239700897,1.01490923682017,-0.13879526408521,-0.43189277649655,-0.986069748447918,-0.375025119409512,0.396560193564224,-0.252058622321015,0.452058516634848,0.708692154522277,0.080860000948945,0.010634317854996,-1.29519980624308,1.00044832999338,137,1,681
"충청남도홍성군",2021,25,99324,25.1701502154565,32.2,92.7,21.31222662,3.93,20.3,59.2,99.1,24.8,75.57,-60,19716625,0,11.6,97,7,9256,121,75,50,38.7166666666667,43624,891.18,80,445,105,1072,96804850.5,192469926.8,18554319.9,0,-0.138486088238282,0.651868674390932,1.00404385770431,0.582957261451353,-0.299167667553959,1.86026198982805,-1.19851916621514,-1.34007083859956,-0.995079180403383,-0.10516871902327,0.963487648514029,0,1.3409590599649,-0.180034000041859,1.01490923682017,-0.13879526408521,-0.426415818393789,-0.986069748447918,-0.33518827663638,0.155009403351071,-0.231681413672565,0.452058516634848,0.708692154522277,-0.7455502325292,-0.0653954530883768,-1.29519980624308,1.00044832999338,137,2,682
"충청남도홍성군",2022,7,98068,7.1379043112942,32.4,93.6,22.8421970357454,3.93,20.7,61.7,99.2,25.7,75.52,-437,24060403,0,7.9,97,7,9284,102,75,28,39,42032,893.412,66,355,1060,1153,96584223,192017420.7,18837563.1,0,-0.138486088238282,0.465154679245315,1.00404385770431,0.582957261451353,-0.299167667553959,1.76655421709295,-1.19851916621514,-1.34007083859956,-0.995079180403383,-0.108206075776198,0.959239222669431,0,1.3409590599649,-0.157977797557937,1.01490923682017,0.209968724316556,-0.337689097129058,-0.986069748447918,-0.303318802417874,0.370679751755672,-0.213156678537609,0.452058516634848,0.708692154522277,-0.7455502325292,0.0300239186405049,-1.29519980624308,1.00044832999338,137,3,683
"충청남도홍성군",2023,2,97524,2.05077724457569,37.9,94,23.6439178271909,3.93,18.5,61.5,99.7,26.7,75.89,140,26268287,0,11.9,97,7,9284,102,75,24,39.2916666666667,40788,893.388,66,264,984,1186,96502295.4,191668480.3,19017442.7,0,-0.138486088238282,0.465154679245315,1.00404385770431,0.582957261451353,-0.299167667553959,1.69333030422709,-1.19851916621514,-1.34007083859956,-0.995079180403383,-0.108758322458548,0.957661616372728,0,1.3409590599649,0.448567770749924,1.01490923682017,0.383888164435591,-0.301541173650834,-0.986069748447918,-0.478600910619657,0.353426123883304,-0.120533002862835,0.452058516634848,0.708692154522277,0.669390875050506,0.0720988341592831,-1.29519980624308,1.00044832999338,137,4,684
"충청남도홍성군",2024,1,99198,1.00808484042017,35.7,94.4,23.6439178271909,3.93,20.6,61.1,99.8,27.3,76.97,140,26268287,0,7.3,97.3,7,9284,102,75,28,50.55,37510,893.76,66,264,984,1179,96376301.9,191461733.1,19197777.8,0,-0.138486088238282,0.465154679245315,1.00404385770431,0.582957261451353,-0.299167667553959,1.50038176212554,-1.19851916621514,-1.34007083859956,-0.995079180403383,-0.108206075776198,0.955235472570839,0,1.3409590599649,0.20594954342678,1.01490923682017,0.383888164435591,-0.3092089149947,-0.986069748447918,-0.3112861709725,0.318918868138568,-0.102008267727881,0.452058516634848,0.708692154522277,0.669390875050506,0.0720988341592831,-1.29519980624308,1.00044832999338,137,5,685
"충청남도예산군",2020,12,78084,15.3680651605963,19.8,79.2,20.83485605,4.42,14.9,57.4,100.59,31.5,55.52481943,-448,8612533,2,3.3,91.7,204,7237,133,1104,104,33.4461538461538,45810,1102.124,138,175,67,1098,118308933,242225996.9,18281835,0,-0.138486088238282,1.42539808285135,1.00404385770431,0.582957261451353,-1.50339853153471,1.98893359233994,1.23120605256646,-1.34007083859956,1.00404385770431,-0.0977133888115384,1.37757247410177,0,1.3409590599649,-1.54751855404504,-0.984426097198368,-0.252524819749178,-0.39793563625943,-0.986069748447918,-0.765426178586212,-0.000273247500241582,0.0443371398382634,1.34259782060632,-1.40978439317836,-0.7455502325292,-0.46232363165119,-0.363491558526281,-0.998655411839273,138,1,686
"충청남도예산군",2021,34,76801,44.2702568976966,24.2,79.4,20.83485605,4.42,14.4,55.6,100.9,32.9,55.78,-255,8551324,2,8.2,91.7,204,7278,141,1104,118,34.8769230769231,43796,1102.124,144,128,70,1130,118051736.2,242061335.9,18528575.3,0,-0.138486088238282,1.50541836648518,1.00404385770431,0.582957261451353,-1.50339853153471,1.87038619643009,1.23120605256646,-1.34007083859956,1.00404385770431,-0.0957805254233117,1.37261986605306,0,1.3409590599649,-1.06228209939875,-0.984426097198368,-0.252524819749178,-0.362883104401759,-0.986069748447918,-0.805263021359344,-0.155555898351554,0.101763818756624,1.34259782060632,-1.40978439317836,-0.7455502325292,-0.465741741349165,-0.363491558526281,1.00044832999338,138,2,687
"충청남도예산군",2022,4,77385,5.16896039284099,29.7,80.1,22.9057139567904,4.42,13.2,60.3,100.8,33.7,56.95,1558,10176077,2,6.3,91.7,204,8010,142,1104,118,37.9846153846154,1026,1085.434,138,124,66,1270,117763409.2,241988575.9,18683856.6,0,-0.138486088238282,1.42539808285135,1.00404385770431,0.582957261451353,-1.50339853153471,-0.647127270831349,1.23120605256646,-1.34007083859956,1.00404385770431,-0.0957805254233117,1.36706781166956,0,1.3409590599649,-0.455736531090887,-0.984426097198368,0.22395938107136,-0.209528277524447,-0.986069748447918,-0.900871444014863,0.249904356649095,0.0832390836216674,1.34259782060632,-1.40978439317836,1.35646402555881,-0.382376154806786,-0.363491558526281,-0.998655411839273,138,3,688
"충청남도예산군",2023,1,78354,1.27625902953263,26.8,82.3,23.6144308335823,4.42,12.1,57.7,100.6,34.2,58.46,1819,11316495,2,7.8,91.7,204,8010,142,1104,114,40.5153846153846,1292,1085.442,176,120,74,1223,117474945,241524172.1,19105515.6,0,-0.138486088238282,1.93219321253231,1.00404385770431,0.582957261451353,-1.50339853153471,-0.631470067597971,1.23120605256646,-1.34007083859956,1.00404385770431,-0.0963327721056622,1.36151311534874,0,1.3409590599649,-0.775551467107759,-0.984426097198368,0.377592327333025,-0.261011683690402,-0.986069748447918,-0.988512498115754,0.0256071943083109,0.0461896133517572,1.34259782060632,-1.40978439317836,1.4007218685063,-0.33147032495591,-0.363491558526281,1.00044832999338,138,4,689
"충청남도예산군",2024,2,78772,2.53897323922206,34.4,82.9,23.6144308335823,4.42,12.4,55.3,100.7,35,59.9,1819,11316495,2,7.5,97.9,204,8010,142,1104,38,43.3384615384615,1194,1085.434,176,120,74,1215,117284433.2,241414477.7,19191400.1,0,-0.138486088238282,1.93219321253231,1.00404385770431,0.582957261451353,-1.50339853153471,-0.637238510894479,1.23120605256646,-1.34007083859956,1.00404385770431,-0.106825459070322,1.35784460052252,0,1.3409590599649,0.0625842272812853,1.01490923682017,0.377592327333025,-0.26977481665482,-0.986069748447918,-0.964610392451875,-0.181436340160106,0.0647143484867136,1.34259782060632,-1.40978439317836,1.4007218685063,-0.33147032495591,-0.363491558526281,1.00044832999338,138,5,690
"충청남도태안군",2020,3,62214,4.82206577297714,20.3,96.5,21.04257078,3.99,18.6,64.3,101.71,31.1,61.28202655,-77,6275317,0,5.7,97.1,59,8051,7,705,650,43.1444444444444,19446,1011.008,35,18,11,749,110011781.1,232674772.5,13959049.5,0,-0.138486088238282,0.0517165471371631,1.00404385770431,0.582957261451353,-0.299167667553959,0.437104622246876,-1.19851916621514,-1.34007083859956,1.00404385770431,-0.0223317166706948,1.21780166326218,0,0.447253529862769,-1.49237804783523,1.01490923682017,-0.202735960882226,-0.780227311832159,-0.986069748447918,-0.470633542065031,0.594976914096456,0.251814173349756,0.452058516634848,-1.40978439317836,-0.7455502325292,-0.614048606434595,-1.29519980624308,-0.998655411839273,139,1,691
"충청남도태안군",2021,13,61526,21.1292786789325,20.8,96.5,21.04257078,3.99,17.4,61.9,101.8,32.7,61.45,-132,5796504,0,6.3,97.1,59,8110,7,705,630,42.8555555555556,16014,1011.008,35,18,11,804,109701141.9,231866937.1,14393083.9,0,-0.138486088238282,0.0517165471371631,1.00404385770431,0.582957261451353,-0.299167667553959,0.235091383536535,-1.19851916621514,-1.34007083859956,1.00404385770431,-0.0250929500824473,1.21181996285935,0,0.447253529862769,-1.43723754162543,1.01490923682017,-0.202735960882226,-0.719980772701786,-0.986069748447918,-0.566241964720549,0.38793337962804,0.268486434971216,1.34259782060632,-1.40978439317836,-0.7455502325292,-0.652085477466188,-1.29519980624308,-0.998655411839273,139,2,692
"충청남도태안군",2022,5,61335,8.15195239259803,30.3,96.4,22.8172237852272,3.99,14.4,61.5,102.2,34.2,61.23,481,5500165,0,4.8,97.1,59,8207,7,705,24,43.0333333333333,16026,1031.958,35,18,11,908,108773239.7,231360656.3,15189673.8,0,-0.138486088238282,0.0517165471371631,1.00404385770431,0.582957261451353,-0.299167667553959,0.235797723532026,-1.19851916621514,-1.34007083859956,1.00404385770431,-0.108758322458548,1.19395218260648,0,0.447253529862769,-0.38956792363912,1.01490923682017,0.204457740485967,-0.606060044164354,-0.986069748447918,-0.805263021359344,0.353426123883304,0.342585375511036,1.34259782060632,-1.40978439317836,1.02083716167357,-0.677234539248635,-1.29519980624308,-0.998655411839273,139,3,693
"충청남도태안군",2023,4,60784,6.58067912608581,32.2,97.4,23.3575634891424,3.99,16.3,64.3,102.5,35.8,61.2,33,5471322,0,6.8,97.1,59,8207,7,705,460,47,15638,1032.098,41,18,11,939,108590168.2,231007726.3,15539291.9,0,-0.138486088238282,0.131736830770999,1.00404385770431,0.582957261451353,-0.299167667553959,0.21295939701116,-1.19851916621514,-1.34007083859956,1.00404385770431,-0.0485634340823436,1.19042693896274,0,0.447253529862769,-0.180034000041859,1.01490923682017,0.322426787579563,-0.572102903927235,-0.986069748447918,-0.65388301882144,0.594976914096456,0.3981595809159,1.34259782060632,-1.40978439317836,0.262700839850967,-0.679754302093512,-1.29519980624308,1.00044832999338,139,4,694
"충청남도태안군",2024,2,60133,3.32596078692232,40.5,98.9,23.3575634891424,3.99,15.9,60.7,102.5,37.3,61.21,-16,5471322,0,4.9,98.1,59,8207,7,705,78,47.0666666666667,14992,1032.088,41,18,11,994,107469935.6,230435519.4,15842846.3,0,-0.138486088238282,0.131736830770999,1.00404385770431,0.582957261451353,0.905063196426787,0.174934760587244,-1.19851916621514,-1.34007083859956,1.00404385770431,-0.101302992246817,1.16885562473491,0,0.447253529862769,0.735298403040914,1.01490923682017,0.322426787579563,-0.511856364796862,-0.986069748447918,-0.685752493039947,0.284411612393832,0.3981595809159,1.34259782060632,-1.40978439317836,-0.7455502325292,-0.679754302093512,-1.29519980624308,-0.998655411839273,139,5,695
"전라북도군산시",2020,60,267859,22.3998446944101,26.2,99.1,21.57790927,6.25,19,56.4,102.12,18.9,87.65619225,-1768,122879169,14,3,92.4,374,1134,28,70,328,77.1321428571429,37430,791.918,27,37,153,1741,130810102.3,78928379.3,25126940,0,-0.138486088238282,-0.0549771643746181,1.00404385770431,0.582957261451353,0.905063196426787,1.49567282882227,1.23120605256646,-0.446690279533185,-0.995079180403383,-0.0667875745999102,1.6182962766278,0,1.3409590599649,-0.841720074559526,-0.984426097198368,-0.0765480199304162,0.306401175755654,1.01320928280887,-0.438764067846525,-0.0865413868620818,0.327765587403073,-0.438480787336626,0.708692154522277,-0.7455502325292,0.811490320110253,1.49992493690731,-0.998655411839273,140,1,696
"전라북도군산시",2021,36,265304,13.5693393239454,28.8,99.2,21.57790927,6.25,17.7,51,102.5,19.9,87.86,-847,118231449,14,5.9,92.4,374,1135,29,70,1140,77.1857142857143,33960,792.062,12,22,19,1905,130399035.2,78899657,25332304.5,0,-0.138486088238282,-0.255027873459208,1.00404385770431,0.582957261451353,0.905063196426787,1.29142284679288,1.23120605256646,-0.446690279533185,-0.995079180403383,0.0453185019172419,1.61038072624761,0,1.3409590599649,-0.554989442268537,-0.984426097198368,-0.0765480199304162,0.486045401526219,1.01320928280887,-0.542339859056669,-0.552389339416019,0.3981595809159,-0.438480787336626,0.708692154522277,-0.7455502325292,0.793012053645135,1.49992493690731,-0.998655411839273,140,2,697
"전라북도군산시",2022,19,262467,7.23900528447386,36.9,99,23.6740185828318,6.25,17.5,55.6,102.6,21,88.04,-1329,137145960,14,7.9,92.4,374,1135,29,70,1430,77.4928571428571,33276,795.892,17,21,14,2235,129771634.3,78790208.1,25768442.1,0,-0.138486088238282,-0.188344303764345,1.00404385770431,0.582957261451353,0.905063196426787,1.25116146704991,1.23120605256646,-0.446690279533185,-0.995079180403383,0.0853563863876533,1.59829942995189,0,1.3409590599649,0.338286758330313,-0.984426097198368,0.390307282141374,0.847524636308456,1.01320928280887,-0.558274596165922,-0.155555898351554,0.416684316050854,-0.438480787336626,0.708692154522277,-0.7455502325292,0.864132171152175,1.49992493690731,1.00044832999338,140,3,698
"전라북도군산시",2023,6,259980,2.30786983614124,35.1,99,24.7940114301743,6.25,17.4,56.6,102.7,21.9,88.26,-1228,145859957,14,5.5,92.4,374,1135,29,70,0,78.1107142857143,33276,796.038,12,20,14,2268,129449934.3,78663177.2,25862911.6,0,-0.138486088238282,-0.255027873459208,1.00404385770431,0.582957261451353,0.905063196426787,1.25116146704991,1.23120605256646,-0.446690279533185,-0.995079180403383,-0.112071802552651,1.59210474164601,0,1.3409590599649,0.139780935975013,-0.984426097198368,0.623746054444329,0.883672559786679,1.01320928280887,-0.566241964720549,-0.0692877589897136,0.43520905118581,0.452058516634848,0.708692154522277,-0.7455502325292,0.893653982544431,1.49992493690731,-0.998655411839273,140,4,699
"전라북도군산시",2024,9,258047,3.48773673013056,37.9,99.1,24.7940114301743,6.25,19.5,56.1,103,23,88.58,-568,145859957,14,6,95,374,1135,29,70,0,77.5964285714286,32722,798.768,12,20,14,2339,129216601.8,78707683.9,26329391.5,0,-0.138486088238282,-0.255027873459208,1.00404385770431,0.582957261451353,0.905063196426787,1.21855210392475,1.23120605256646,-0.446690279533185,-0.995079180403383,-0.112071802552651,1.58761166701395,0,1.3409590599649,0.448567770749924,-0.984426097198368,0.623746054444329,0.961445364845887,1.01320928280887,-0.398927225073392,-0.112421828670634,0.490783256590674,0.452058516634848,0.708692154522277,-0.7455502325292,0.893653982544431,1.49992493690731,-0.998655411839273,140,5,700
"전라북도익산시",2020,35,282276,12.3992121186357,28.7,99.4,21.6693076,7.19,18.5,56.6,99.2,19.9,81.73666908,-4597,179147102,3,2.5,85.9,582,10236,3,101,0,75.1466666666667,40364,1013.106,52,437,171,2242,196595177.5,111239677.5,27866136.7,0,-0.138486088238282,0.278440684099698,1.00404385770431,0.582957261451353,0.905063196426787,1.66837295771975,1.23120605256646,-0.446690279533185,1.00404385770431,-0.112071802552651,2.88506045456789,0,1.3409590599649,-0.566017543510498,-0.984426097198368,-0.0553033609788848,0.855192377652321,1.01320928280887,-0.478600910619657,-0.0692877589897136,-0.213156678537609,-0.438480787336626,0.708692154522277,-0.7455502325292,0.992166873324416,0.568216689190515,-0.998655411839273,141,1,701
"전라북도익산시",2021,33,278113,11.8656804967765,26,99.4,21.6693076,7.19,16.9,51.3,99.1,20.9,81.96,-2642,182789884,3,5.5,85.9,582,10237,3,101,0,77.0366666666667,40364,1013.106,39,210,141,2383,195882162.5,111033718.1,28094424.7,0,-0.138486088238282,0.105063402893054,1.00404385770431,0.582957261451353,0.905063196426787,1.66837295771975,1.23120605256646,-0.446690279533185,1.00404385770431,-0.112071802552651,2.87133056435209,0,1.3409590599649,-0.863776277043448,-0.984426097198368,-0.0553033609788848,1.00964259615019,1.01320928280887,-0.606078807493682,-0.526508897607467,-0.231681413672565,-0.438480787336626,0.708692154522277,-0.7455502325292,1.00181401570753,0.568216689190515,-0.998655411839273,141,2,702
"전라북도익산시",2022,19,273697,6.94198328808865,36.5,99.6,23.617287034724,7.19,18.1,55.1,99.2,21.9,82.12,-2350,196585952,3,7.4,85.9,582,10226,3,101,0,85.25,20778,1013.17,36,196,140,2745,194791468.1,110788505.9,28346753.8,0,-0.138486088238282,0.0650532610761357,1.00404385770431,0.582957261451353,0.905063196426787,0.515508361746343,1.23120605256646,-0.446690279533185,1.00404385770431,-0.112071802552651,2.85032804074321,0,1.3409590599649,0.294174353362469,-0.984426097198368,0.378202491335665,1.40617436279009,1.01320928280887,-0.510470384838163,-0.198689968032474,-0.213156678537609,0.452058516634848,0.708692154522277,-0.7455502325292,1.03668474404221,0.568216689190515,1.00044832999338,141,3,703
"전라북도익산시",2023,14,270036,5.18449391932927,29.7,99.7,24.3819101956613,7.19,16.6,54.8,99.1,23,82.04,-1953,208337341,3,7.5,85.9,582,10226,3,101,0,87.3533333333333,20340,1013.184,38,200,141,2765,193866468.5,110582048.6,28527788.7,0,-0.138486088238282,0.091726688954081,1.00404385770431,0.582957261451353,0.905063196426787,0.489726951910933,1.23120605256646,-0.446690279533185,1.00404385770431,-0.112071802552651,2.83251615325465,0,1.3409590599649,-0.455736531090887,-0.984426097198368,0.539052489439358,1.42808219520114,1.01320928280887,-0.629980913157561,-0.224570409841026,-0.231681413672565,0.452058516634848,0.708692154522277,-0.7455502325292,1.06450891418045,0.568216689190515,1.00044832999338,141,4,704
"전라북도익산시",2024,9,268001,3.35819642464021,29.7,99.7,24.3819101956613,7.19,15,50.1,99.2,24.2,82.13,-558,208337341,3,7.3,89.6,582,10226,3,101,0,86.8333333333333,20970,1013.182,38,200,141,2715,193305945.1,110401445.4,28801253.3,0,-0.138486088238282,0.091726688954081,1.00404385770431,0.582957261451353,0.905063196426787,0.526809801674194,1.23120605256646,-0.446690279533185,1.00404385770431,-0.112071802552651,2.82172265698124,0,1.3409590599649,-0.455736531090887,-0.984426097198368,0.539052489439358,1.37331261417353,1.01320928280887,-0.757458810031585,-0.630030664841675,-0.213156678537609,0.452058516634848,0.708692154522277,-0.7455502325292,1.06450891418045,0.568216689190515,1.00044832999338,141,5,705
"전라북도정읍시",2020,14,108508,12.9022744866738,28.5,98.8,24.75047921,7.56,16.6,65.1,98.31,27.9,68.6981605,-1132,51670886,5,4.6,97.3,163,12792,23,76,0,70.025,26550,1417.86,111,165,249,1591,172509865.6,318317406,20078251.5,0,-0.138486088238282,1.06530680649908,1.00404385770431,0.582957261451353,-0.299167667553959,0.85525789957737,0.01634344317566,-0.446690279533185,-0.995079180403383,-0.112071802552651,2.42127121002152,0,1.3409590599649,-0.58807374599442,1.01490923682017,0.614863631440632,0.142092432672819,1.01320928280887,-0.629980913157561,0.663991425585928,-0.378026821238707,0.452058516634848,0.708692154522277,-0.7455502325292,0.396320629578154,0.568216689190515,-0.998655411839273,142,1,706
"전라북도정읍시",2021,15,106487,14.0862264877403,31.2,98.9,24.75047921,7.56,12.5,60.5,98.7,28.7,68.81,-655,48186821,5,7.2,97.3,163,12790,23,76,700,73.3166666666667,23166,1417.86,86,134,205,1674,171782195.7,317461396.3,20226276.5,0,-0.138486088238282,0.731888958024768,1.00404385770431,0.582957261451353,0.905063196426787,0.656070020848992,0.01634344317566,-0.446690279533185,-0.995079180403383,-0.0154286331413135,2.4072591235432,0,1.3409590599649,-0.29031501246147,1.01490923682017,0.614863631440632,0.233009937178654,1.01320928280887,-0.956643023897248,0.267157984521463,-0.305780354212383,0.452058516634848,0.708692154522277,-0.7455502325292,0.362865341018278,0.568216689190515,1.00044832999338,142,2,707
"전라북도정읍시",2022,7,105081,6.66152777381258,32.2,98.9,26.8050771782115,7.56,11.7,62.9,99,29.8,69.07,-288,52363495,5,5.7,97.3,163,12807,25,76,90,77.9666666666667,19688,1386.458,83,137,204,1855,170993517.1,317250992.2,20376276.4,0,-0.138486088238282,0.69187881620785,1.00404385770431,0.582957261451353,0.905063196426787,0.451349145489271,0.01634344317566,-0.446690279533185,-0.995079180403383,-0.0996462521997652,2.39207224725932,0,1.3409590599649,-0.180034000041859,1.01490923682017,1.01854462412232,0.431275820498608,1.01320928280887,-1.02038197233426,0.47420151898988,-0.250206148807519,0.452058516634848,0.708692154522277,-0.7455502325292,0.402701816413534,0.568216689190515,-0.998655411839273,142,3,708
"전라북도정읍시",2023,9,103620,8.68558193398958,37,98.9,27.500391788121,7.56,14.7,64,99.3,30.8,69.37,-380,63029938,5,7.7,97.3,163,12807,25,76,298,78.5666666666667,18444,1386.592,78,136,200,1895,170558472.8,317128331.9,20660320.7,0,-0.138486088238282,0.625195246512987,1.00404385770431,0.582957261451353,0.905063196426787,0.378125232623402,0.01634344317566,-0.446690279533185,-0.995079180403383,-0.070929424717539,2.38369498944846,0,1.3409590599649,0.349314859572275,1.01490923682017,1.1484286184459,0.475091485320697,1.01320928280887,-0.781360915695465,0.569096472287904,-0.194631943402655,0.452058516634848,0.708692154522277,-0.7455502325292,0.491553128238915,0.568216689190515,1.00044832999338,142,4,709
"전라북도정읍시",2024,2,102127,1.95834598098446,28.1,98.9,27.500391788121,7.56,13.6,59.9,99.7,32,69.71,-421,63029938,5,4.1,90.8,163,12807,25,76,494,78.0541666666667,18444,1386.604,78,136,200,1829,170057315.1,317051379.6,20837291.4,0,-0.138486088238282,0.625195246512987,1.00404385770431,0.582957261451353,0.905063196426787,0.378125232623402,0.01634344317566,-0.446690279533185,-0.995079180403383,-0.0438693372823644,2.37404464520353,0,1.3409590599649,-0.632186150962265,-0.984426097198368,1.1484286184459,0.40279563836425,1.01320928280887,-0.869001969796356,0.215397100904359,-0.120533002862835,1.34259782060632,0.708692154522277,-0.7455502325292,0.491553128238915,0.568216689190515,-0.998655411839273,142,5,710
"전라북도남원시",2020,5,80662,6.1987057102477,37.8,93.5,24.53071296,8.14,11.3,63.7,96.25,28.1,65.05665617,-187,28816525,4,7.7,97,106,9772,318,127,68,69.6125,21592,1474.308,118,69,205,1231,124485606.1,470159443.8,15080709.1,0,-0.138486088238282,1.15866380407189,1.00404385770431,0.582957261451353,-0.299167667553959,0.563421758107129,0.01634344317566,-0.446690279533185,1.00404385770431,-0.102683608952693,1.4965111269518,1.22364693762416,0.447253529862769,0.437539669507963,1.01490923682017,0.569791476051058,-0.252248550725984,1.01320928280887,-1.05225144655277,0.543216030479353,-0.759636365018777,0.452058516634848,0.708692154522277,-0.7455502325292,0.116470118109734,0.568216689190515,1.00044832999338,143,1,711
"전라북도남원시",2021,6,79431,7.55372587528799,32.7,94.7,24.53071296,8.14,12.3,57.4,96.3,29.2,65.23,-540,21150097,4,12,97,106,9801,313,127,88,78.7875,10466,1474.308,115,63,200,1326,123794096.7,469018490.5,15222852.4,0,-0.138486088238282,1.11865366225497,1.00404385770431,0.582957261451353,-0.299167667553959,-0.0914731410453314,0.01634344317566,-0.446690279533185,1.00404385770431,-0.0999223755409404,1.48319535078273,1.22364693762416,0.447253529862769,-0.124893493832053,1.01490923682017,0.569791476051058,-0.148186346773522,1.01320928280887,-0.972577761006501,-0.000273247500241582,-0.7503739974513,0.452058516634848,0.708692154522277,-0.7455502325292,-0.031761229300941,0.568216689190515,1.00044832999338,143,2,712
"전라북도남원시",2022,1,77948,1.28290655308667,24.1,95.2,25.8579207293909,8.14,12.2,64.6,96.3,30.4,65.15,-638,23816133,4,8.1,97,106,9748,310,127,80,79.0375,10244,1504.354,92,61,196,1456,123497623.2,468635173.1,15390682.4,0,-0.138486088238282,0.811909241658604,1.00404385770431,0.582957261451353,-0.299167667553959,-0.104540430961909,0.01634344317566,-0.446690279533185,1.00404385770431,-0.101026868905641,1.47748642655688,1.22364693762416,0.447253529862769,-1.07331020064071,1.01490923682017,0.836291690967859,-0.00578543610173201,1.01320928280887,-0.980545129561128,0.620857355905008,-0.7503739974513,0.452058516634848,0.708692154522277,-0.7455502325292,0.0251336246147368,0.568216689190515,1.00044832999338,143,3,713
"전라북도남원시",2023,1,76781,1.30240554303799,29.9,94.7,26.4610793334991,8.14,12.7,66.2,96.3,31.4,65.42,-435,25306188,4,12.1,97,106,9748,310,127,80,77.9625,10450,1504.186,84,59,194,1440,123166280.5,468144461.8,15566549.8,0,-0.138486088238282,0.705215530146823,1.00404385770431,0.582957261451353,-0.299167667553959,-0.0924149277059857,0.01634344317566,-0.446690279533185,1.00404385770431,-0.101026868905641,1.47110605742747,1.22364693762416,0.447253529862769,-0.433680328606965,1.01490923682017,0.953080275461829,-0.0233117020305677,1.01320928280887,-0.940708286787995,0.758886378883953,-0.7503739974513,1.34259782060632,0.708692154522277,-0.7455502325292,0.0542167092313993,0.568216689190515,1.00044832999338,143,4,714
"전라북도남원시",2024,3,75647,3.96578846484329,32.1,95.3,26.4610793334991,8.14,11.3,64.9,96.3,32.8,65.73,-405,25306188,4,8.7,94.4,106,9748,310,127,80,77.7875,10300,1504.41,84,59,194,1372,122894621.6,467851707,15685907.4,0,-0.138486088238282,0.705215530146823,1.00404385770431,0.582957261451353,-0.299167667553959,-0.101244177649619,0.01634344317566,-0.446690279533185,1.00404385770431,-0.101026868905641,1.46587496569288,1.22364693762416,0.447253529862769,-0.19106210128382,-0.984426097198368,0.953080275461829,-0.0977983322281194,1.01320928280887,-1.05225144655277,0.646737797713561,-0.7503739974513,1.34259782060632,0.708692154522277,-0.7455502325292,0.0542167092313993,0.568216689190515,1.00044832999338,143,5,715
"전라북도김제시",2020,3,82450,3.63856882959369,27.4,100,24.24587797,9.23,12.9,59.6,98.17,31.9,54.22801698,-644,39140557,3,5.6,96.3,174,7143,169,2310,174,46.18,30286,1088.98,50,149,134,1392,216330642,114723319.3,19847774.3,0,-0.138486088238282,0.251767256221753,1.00404385770431,0.582957261451353,0.905063196426787,1.07516508484014,0.01634344317566,-1.34007083859956,1.00404385770431,-0.0880490718704046,3.26508858994058,0,1.3409590599649,-0.709382859655993,-0.984426097198368,0.510793496681516,-0.0758904998170748,1.01320928280887,-0.924773549678742,0.189516659095807,-0.403961450427644,1.34259782060632,-1.40978439317836,-0.7455502325292,0.263218537866813,0.568216689190515,-0.998655411839273,144,1,716
"전라북도김제시",2021,14,80913,17.3025348213513,33.2,100,24.24587797,9.23,17.1,59.1,98.7,33.1,54.75,-312,37162749,3,7.4,96.3,174,7146,170,2310,252,45.31,29506,1088.98,40,146,175,1408,215615486.2,114443155.1,19987165.8,0,-0.138486088238282,0.118400116832026,1.00404385770431,0.582957261451353,0.905063196426787,1.02925298513325,0.01634344317566,-1.34007083859956,1.00404385770431,-0.0772802615645698,3.25131747625968,0,1.3409590599649,-0.0697529876222476,-0.984426097198368,0.510793496681516,-0.0583642338882391,1.01320928280887,-0.590144070384428,0.146382589414887,-0.305780354212383,1.34259782060632,-1.40978439317836,-0.7455502325292,0.238368797087556,0.568216689190515,1.00044832999338,144,2,717
"전라북도김제시",2022,7,81455,8.59370204407342,40.2,100,25.8847063102382,9.23,14.2,61.3,98.8,33.8,55.06,1464,41277449,3,7,96.3,174,7145,170,2310,72,47.075,27666,1091.902,31,140,158,1594,215214557.1,114326721.7,20117320.5,0,-0.138486088238282,-0.0016303086187275,1.00404385770431,0.582957261451353,0.905063196426787,0.920947519158005,0.01634344317566,-1.34007083859956,1.00404385770431,-0.102131362270342,3.24359714425079,0,1.3409590599649,0.70221409931503,-0.984426097198368,0.841533545882723,0.145378607534476,1.01320928280887,-0.821197758468597,0.336172496010935,-0.287255619077429,1.34259782060632,-1.40978439317836,1.33868295184916,0.288693603949883,0.568216689190515,1.00044832999338,144,3,718
"전라북도김제시",2023,9,81430,11.052437676532,38.4,100,26.6118067978533,9.23,13.9,57.9,99.6,34.3,54.69,801,41677759,3,6.9,96.3,174,7145,170,2310,498,49.465,26078,1091.968,31,145,153,1599,214717056.8,114202226.8,20243839.1,0,-0.138486088238282,-0.0016303086187275,1.00404385770431,0.582957261451353,0.905063196426787,0.827475193088069,0.01634344317566,-1.34007083859956,1.00404385770431,-0.0433170906000139,3.23401722727664,0,1.3409590599649,0.50370827695973,-0.984426097198368,0.98186475786931,0.150855565637237,1.01320928280887,-0.845099864132477,0.0428608221806785,-0.139057737997791,1.34259782060632,-1.40978439317836,1.16641661769464,0.29331890443926,0.568216689190515,1.00044832999338,144,4,719
"전라북도김제시",2024,8,80635,9.92125007750977,42,100,26.6118067978533,9.23,12.5,56.4,100.2,35.4,54.72,63,41677759,4,5.8,99.3,174,7145,170,2310,498,51.505,24860,1092.138,31,145,153,1533,214098979,114082839.8,20380665.1,0,-0.138486088238282,-0.0016303086187275,1.00404385770431,0.582957261451353,0.905063196426787,0.755781683545763,0.01634344317566,-1.34007083859956,1.00404385770431,-0.0433170906000139,3.22211545755395,0,1.3409590599649,0.90071992167033,1.01490923682017,0.98186475786931,0.0785597186807897,1.01320928280887,-0.956643023897248,-0.0865413868620818,-0.0279093271880605,1.34259782060632,-1.40978439317836,0.443550626396036,0.29331890443926,0.568216689190515,-0.998655411839273,144,5,720
"전라북도완주군",2020,10,91609,10.9159580390573,20,85.9,18.61746847,6.14,22.8,60.8,105.71,23.4,51.85080069,-247,12804177,9,2.8,98,156,4960,237,558,110,63.6,14798,1642.18,75,51,64,791,79327475.1,587248934.2,18049805.9,0,-0.138486088238282,0.585185104696069,1.00404385770431,0.582957261451353,-1.50339853153471,0.163515597326811,0.01634344317566,-1.34007083859956,1.00404385770431,-0.0968850187880127,0.626941509229059,1.22364693762416,1.3409590599649,-1.52546235156112,1.01490923682017,-0.815656883315209,-0.734220863768965,1.01320928280887,-0.136004062770717,0.293038426330015,0.992803578747949,0.452058516634848,-1.40978439317836,-0.7455502325292,-0.272279270744443,1.49992493690731,-0.998655411839273,145,1,721
"전라북도완주군",2021,9,91142,9.87470101599702,20.1,87.6,18.61746847,6.14,18.4,49.8,105.8,24.4,52.41,209,13053468,9,5.8,98,156,4969,238,558,140,67.2,14198,1563.892,70,37,43,845,77475904.9,586789011.1,18760275.6,0,-0.138486088238282,0.518501535001206,1.00404385770431,0.582957261451353,-1.50339853153471,0.128198597552276,0.01634344317566,-0.446690279533185,1.00404385770431,-0.0927431686703839,0.591287482914267,1.22364693762416,1.3409590599649,-1.51443425031915,1.01490923682017,-0.815656883315209,-0.675069716259145,1.01320928280887,-0.486568279174284,-0.655911106650228,1.00947584036941,0.452058516634848,-1.40978439317836,0.78328576264029,-0.263038358144529,1.49992493690731,-0.998655411839273,145,2,722
"전라북도완주군",2022,11,92422,11.9019281123542,20.1,88,20.3747276688453,6.14,22,59.5,105.9,24.8,53.81,2067,12069636,9,4.4,98,156,4849,233,558,0,67.7428571428571,13834,1642.554,62,35,42,958,77036160,586459967.6,18942212.7,0,-0.138486088238282,0.411807823489425,1.00404385770431,0.582957261451353,-1.50339853153471,0.106772951022392,0.01634344317566,-0.446690279533185,1.00404385770431,-0.112071802552651,0.582819709866074,1.22364693762416,1.3409590599649,-1.51443425031915,1.01490923682017,-0.364524849892927,-0.551290463136743,1.01320928280887,-0.199743011207729,0.180889845159623,1.02800057550437,0.452058516634848,-1.40978439317836,1.43724663438274,-0.300592130838242,1.49992493690731,-0.998655411839273,145,3,723
"전라북도완주군",2023,6,97827,6.13327608942317,18.9,89.3,22.2428902116402,6.14,20.4,59.2,105.4,24.7,56.31,5941,12416274,9,5.8,98,156,4849,233,558,0,67.9357142857143,13834,1642.76,55,35,39,984,76625496.2,586248232.9,19376461.2,0,-0.138486088238282,0.318450825916616,1.00404385770431,0.582957261451353,-1.50339853153471,0.106772951022392,0.01634344317566,-0.446690279533185,1.00404385770431,-0.112071802552651,0.574911925472195,1.22364693762416,1.3409590599649,-1.64677146522269,1.01490923682017,0.0760960061657269,-0.522810281002385,1.01320928280887,-0.327220908081753,0.155009403351071,0.935376899829591,0.452058516634848,-1.40978439317836,1.73902307537406,-0.287022353856248,1.49992493690731,-0.998655411839273,145,4,724
"전라북도완주군",2024,4,99279,4.02904944650933,32.7,93.2,22.2428902116402,6.14,20,56.8,105.5,25.4,57.13,5941,12416274,9,4,95.5,156,4849,233,558,10,67.1571428571429,11774,1642.766,55,35,39,980,76195980.9,585992100.2,19856557.3,0,-0.138486088238282,0.318450825916616,1.00404385770431,0.582957261451353,-0.299167667553959,-0.0144820815368451,0.01634344317566,-0.446690279533185,1.00404385770431,-0.110691185846775,0.566641134654323,1.22364693762416,1.3409590599649,-0.124893493832053,-0.984426097198368,0.0760960061657269,-0.527191847484594,1.01320928280887,-0.35909038230026,-0.0520341311173459,0.953901634964545,0.452058516634848,-1.40978439317836,1.73902307537406,-0.287022353856248,1.49992493690731,-0.998655411839273,145,5,725
"전라북도진안군",2020,1,25394,3.93793809561314,20.6,84,23.47718588,6.15,13,69.3,102.15,35,39.92675435,-133,1921951,3,5.8,98.5,57,2200,121,162,0,75.0833333333333,5616,1578.084,35,39,108,497,46083827.7,606465702.9,7703635.5,0,-0.138486088238282,0.0517165471371631,1.00404385770431,0.582957261451353,-1.50339853153471,-0.376952222556156,-1.19851916621514,-0.446690279533185,1.00404385770431,-0.112071802552651,-0.0132015861822145,1.22364693762416,-1.34015753034149,-1.45929374410935,1.01490923682017,0.348189237898476,-1.05626600021132,1.01320928280887,-0.916806181124116,1.02631761090566,0.333323007943559,1.34259782060632,-1.40978439317836,-0.7455502325292,-1.18112605213463,0.568216689190515,-0.998655411839273,146,1,726
"전라북도진안군",2021,2,24987,8.00416216432545,32.6,87.5,23.47718588,6.15,13.3,64.9,102.8,36.2,39.92,-74,2008864,3,7,98.5,57,2205,122,162,3060,81.2333333333333,4582,1578.084,28,28,82,483,45918734.8,606301481.3,7818672,0,-0.138486088238282,-0.0416404504356454,1.00404385770431,0.582957261451353,-1.50339853153471,-0.437815185500938,-1.19851916621514,-0.446690279533185,1.00404385770431,0.310396909445483,-0.0163806320541915,1.22364693762416,-1.34015753034149,-0.135921595074014,1.01490923682017,0.348189237898476,-1.07160148289905,1.01320928280887,-0.892904075460236,0.646737797713561,0.453733786320764,1.34259782060632,-1.40978439317836,-0.7455502325292,-1.15992992516197,0.568216689190515,1.00044832999338,146,2,727
"전라북도진안군",2022,2,24550,8.14663951120163,44.9,90.8,24.3952483801296,6.15,9.9,68.4,103.7,37.7,39.81,-94,1969858,3,7.6,98.5,57,2211,116,162,0,82.375,4296,1578.338,25,20,83,504,45751917.6,606157701.6,7924328.6,0,-0.138486088238282,-0.0816505922525634,1.00404385770431,0.582957261451353,-1.50339853153471,-0.454649622060133,-1.19851916621514,-0.446690279533185,1.00404385770431,-0.112071802552651,-0.0195928812244146,1.22364693762416,-1.34015753034149,1.2205348576872,1.01490923682017,0.541815172840353,-1.04859825886746,1.01320928280887,-1.16379460631754,0.948676285480002,0.620456402535359,1.34259782060632,-1.40978439317836,-0.7455502325292,-1.16932684076374,0.568216689190515,1.00044832999338,146,3,728
"전라북도진안군",2023,1,24465,4.0874718986307,49.2,92.4,24.9761475670518,6.15,10.2,69,104.4,38.6,39.67,212,2326310,3,7.2,98.5,57,2211,116,162,0,82.325,4296,1578.274,26,29,83,508,45702113.6,605957856.2,8006600.6,0,-0.138486088238282,-0.0683138783135907,1.00404385770431,0.582957261451353,-0.299167667553959,-0.454649622060133,-1.19851916621514,-0.446690279533185,1.00404385770431,-0.112071802552651,-0.0205519121737039,1.22364693762416,-0.44645200023936,1.69474321109153,1.01490923682017,0.660747713533457,-1.04421669238525,1.01320928280887,-1.13989250065366,1.00043716909711,0.750129548480043,1.34259782060632,-1.40978439317836,0.787341409628772,-1.08961865033964,0.568216689190515,1.00044832999338,146,4,729
"전라북도진안군",2024,1,24161,4.13890153553247,35.7,90.1,24.9761475670518,6.15,16,65.8,104.6,40.3,39.75,-18,2326310,3,7,94.3,57,2211,116,162,48,82.5916666666667,4176,1578.26,26,29,83,470,45525935.3,605802626.6,8065750,0,-0.138486088238282,-0.0683138783135907,1.00404385770431,0.582957261451353,-1.50339853153471,-0.46171302201504,-1.19851916621514,-0.446690279533185,1.00404385770431,-0.105444842364445,-0.0239444196488704,1.22364693762416,-0.44645200023936,0.20594954342678,-0.984426097198368,0.660747713533457,-1.08584157396623,1.01320928280887,-0.67778512448532,0.724379123139216,0.78717901874995,1.34259782060632,-1.40978439317836,-0.7455502325292,-1.08961865033964,0.568216689190515,1.00044832999338,146,5,730
"전라북도무주군",2020,1,24036,4.16042602762523,12.7,84.3,25.06501548,5.41,19.9,68.1,99.02,33.6,39.28274255,8,348367,0,4.4,97.4,28,273,98,159,110,73.9142857142857,9526,1265.082,15,11,17,485,30541558,511842766.9,6686166.6,0,-0.138486088238282,-0.21501773164229,-0.99507918040338,0.582957261451353,-1.50339853153471,-0.14680310735877,-1.19851916621514,-0.446690279533185,1.00404385770431,-0.0968850187880127,-0.312485130967822,1.22364693762416,-1.34015753034149,-2.33051374222428,1.01490923682017,0.67870750099036,-1.06941069965795,1.01320928280887,-0.367057750854886,0.922795843671449,-0.246501201780529,1.34259782060632,-1.40978439317836,-0.117323475538594,-1.99959138415002,-1.29519980624308,-0.998655411839273,147,1,731
"전라북도무주군",2021,2,23748,8.42176183257538,16.9,86.7,25.06501548,5.41,17.7,61,99.2,34.3,39.69,6,375005,0,4.4,97.4,28,289,99,159,110,73.3142857142857,9526,1265.082,18,8,7,520,30427019.1,511689151.6,6746826.7,0,-0.138486088238282,-0.175007589825372,-0.99507918040338,0.582957261451353,-1.50339853153471,-0.14680310735877,-1.19851916621514,-0.446690279533185,1.00404385770431,-0.0968850187880127,-0.314690703813328,1.22364693762416,-1.34015753034149,-1.86733349006191,1.01490923682017,0.67870750099036,-1.03107199293862,1.01320928280887,-0.542339859056669,0.310292054202383,-0.213156678537609,1.34259782060632,-1.40978439317836,-0.189178874341419,-1.96427965753553,-1.29519980624308,-0.998655411839273,147,2,732
"전라북도무주군",2022,0,23489,0,21.1,87,26.4029548433218,5.41,13.4,67.5,99.8,35.7,39.78,104,304311,0,7.1,97.4,28,309,99,159,0,72.9142857142857,9526,1264.136,16,8,7,559,30322480,511654023.1,6791056.2,0,-0.138486088238282,-0.201681017703317,-0.99507918040338,0.582957261451353,-1.50339853153471,-0.14680310735877,-1.19851916621514,-0.446690279533185,1.00404385770431,-0.112071802552651,-0.316703719480962,1.22364693762416,-1.34015753034149,-1.40415323789954,1.01490923682017,0.941937987855504,-0.988351719737083,1.01320928280887,-0.88493670690561,0.871034960054345,-0.102008267727881,1.34259782060632,-1.40978439317836,0.58510228615275,-2.06438757286623,-1.29519980624308,1.00044832999338,147,3,733
"전라북도무주군",2023,1,23251,4.30089028428885,18.8,87.1,26.9113864858546,5.41,10.3,67,100.1,36.8,40.2,92,316660,0,5.7,97.4,28,309,99,159,0,73.5714285714286,9064,1264.126,13,6,7,553,30204666.7,511545627.4,6861228.9,0,-0.138486088238282,-0.241691159520235,-0.99507918040338,0.582957261451353,-1.50339853153471,-0.173997197185161,-1.19851916621514,-0.446690279533185,1.00404385770431,-0.112071802552651,-0.318972344509833,1.22364693762416,-1.34015753034149,-1.65779956646465,1.01490923682017,1.03861202176512,-0.994924069460396,1.01320928280887,-1.13192513209903,0.827900890373425,-0.0464340623230169,1.34259782060632,-1.40978439317836,0.550402993960315,-2.04532418241231,-1.29519980624308,-0.998655411839273,147,4,734
"전라북도무주군",2024,0,23032,0,22.2,88.4,26.9113864858546,5.41,10.7,65,101,38,40.49,55,316660,0,4.9,98.2,28,309,99,159,0,73.6,9064,1264.104,13,6,7,516,29988924.9,511488175.9,6934966,0,-0.138486088238282,-0.241691159520235,-0.99507918040338,0.582957261451353,-1.50339853153471,-0.173997197185161,-1.19851916621514,-0.446690279533185,1.00404385770431,-0.112071802552651,-0.323126690812447,1.22364693762416,-1.34015753034149,-1.28284412423797,1.01490923682017,1.03861202176512,-1.03545355942083,1.01320928280887,-1.10005565788053,0.655364611649745,0.120288553891578,1.34259782060632,-1.40978439317836,0.405371555121199,-2.04532418241231,-1.29519980624308,-0.998655411839273,147,5,735
"전라북도장수군",2020,1,22085,4.52796015395065,21.4,90,24.24242424,6.33,16.2,67.8,99.23,34.2,33.5340729,-182,119708,2,4.9,97.2,20,1894,8,126,66,79.025,4674,1072.4,7,28,55,428,46760911.5,398252573.2,6010564.3,0,-0.138486088238282,-0.321711443154071,1.00404385770431,0.582957261451353,-1.50339853153471,-0.432399912202176,-1.19851916621514,-0.446690279533185,1.00404385770431,-0.102959732293868,-0.000163590851268207,1.22364693762416,-1.34015753034149,-1.37106893417366,1.01490923682017,0.510074047040092,-1.13184802202942,1.01320928280887,-0.661850387376067,0.896915401862897,-0.207599257997122,1.34259782060632,-1.40978439317836,-0.7455502325292,-2.51151432988453,-0.363491558526281,-0.998655411839273,148,1,736
"전라북도장수군",2021,1,21695,4.60935699469924,19.6,90.2,24.24242424,6.33,16.1,61.1,99.3,35.6,33.46,-141,41151,2,6.1,97.2,20,1357,17,126,76,80.1375,4334,1072.4,7,21,34,431,46547991.5,397996506.3,6058575.9,0,-0.138486088238282,-0.321711443154071,1.00404385770431,0.582957261451353,-1.50339853153471,-0.452412878741079,-1.19851916621514,-0.446690279533185,1.00404385770431,-0.101579115587992,-0.00426360028269324,1.22364693762416,-1.34015753034149,-1.56957475652896,1.01490923682017,0.510074047040092,-1.12856184716777,1.01320928280887,-0.669817755930693,0.318918868138568,-0.194631943402655,1.34259782060632,-1.40978439317836,-0.7455502325292,-3.02324350632496,-0.363491558526281,-0.998655411839273,148,2,737
"전라북도장수군",2022,0,21336,0,26.5,92,26.1079979623026,6.33,13.3,66.3,100.9,36.8,33.41,-78,30530,2,7.3,97.2,20,660,15,126,68,79.8375,4334,1066.38,6,22,35,474,46438869.3,397899791,6110642.3,0,-0.138486088238282,-0.335048157093044,-0.99507918040338,0.582957261451353,-0.299167667553959,-0.452412878741079,-1.19851916621514,-0.446690279533185,1.00404385770431,-0.102683608952693,-0.00636486859557066,1.22364693762416,-1.34015753034149,-0.808635770833643,1.01490923682017,0.885028879506815,-1.08146000748402,1.01320928280887,-0.892904075460236,0.767513192820137,0.101763818756624,1.34259782060632,-1.40978439317836,-0.7455502325292,-3.16631125650693,-0.363491558526281,1.00044832999338,148,3,738
"전라북도장수군",2023,1,20983,4.76576276032979,31.6,92.8,26.0024906600249,6.33,12.6,66.7,100.8,38.3,33.56,-97,49284,2,12.6,97.2,20,660,15,126,68,81.175,3774,1066.368,4,22,390,498,46385996.1,397698426.5,6195434,0,-0.138486088238282,-0.361721584970989,-0.99507918040338,0.582957261451353,-0.299167667553959,-0.485375411863978,-1.19851916621514,-0.446690279533185,1.00404385770431,-0.102683608952693,-0.00738300037590884,1.22364693762416,-1.34015753034149,-0.246202607493626,1.01490923682017,0.864521772530701,-1.05517060859077,1.01320928280887,-0.948675655342622,0.802020448564873,0.0832390836216674,1.34259782060632,-1.40978439317836,-0.7455502325292,-2.93681374182206,-0.363491558526281,1.00044832999338,148,4,739
"전라북도장수군",2024,1,20663,4.8395683105067,28.8,93.6,26.0024906600249,6.33,10.8,63.3,100.8,39.9,33.57,-79,49284,2,8.4,97.6,20,660,15,126,32,83.675,2834,1066.362,4,22,390,450,46339943.4,397544052.4,6230216.2,0,-0.138486088238282,-0.361721584970989,-0.99507918040338,0.582957261451353,-0.299167667553959,-0.540705378177416,-1.19851916621514,-0.446690279533185,1.00404385770431,-0.107653829093847,-0.00826979590635501,1.22364693762416,-1.34015753034149,-0.554989442268537,1.01490923682017,0.864521772530701,-1.10774940637728,1.01320928280887,-1.0920882893259,0.508708774734616,0.0832390836216674,1.34259782060632,-1.40978439317836,-0.7455502325292,-2.93681374182206,-0.363491558526281,1.00044832999338,148,5,740
"전라북도임실군",2020,0,27314,0,20.1,92.2,24.66840836,7.03,14.3,64.4,104.63,36.4,27.26440653,-1344,2676745,4,4.9,99,49,2354,92,126,168,56.3307692307692,13362,1195.22,106,74,70,602,59040891.7,406888309.5,8465785.9,0,-0.138486088238282,0.998623236804221,1.00404385770431,0.582957261451353,-0.299167667553959,0.0789902445330908,-1.19851916621514,-1.34007083859956,1.00404385770431,-0.0888774418939304,0.236300971602765,1.22364693762416,-0.44645200023936,-1.51443425031915,1.01490923682017,0.598076773811821,-0.941249880053337,1.01320928280887,-0.813230389913971,0.603603728032641,0.792736439290437,1.34259782060632,-1.40978439317836,-0.7455502325292,-1.02237247456511,0.568216689190515,-0.998655411839273,149,1,741
"전라북도임실군",2021,3,26730,11.2233445566779,28.5,93.3,24.66840836,7.03,15,61.2,105,37.8,27.44,-250,2269923,4,4.2,99,49,2358,88,126,168,56.3769230769231,13250,1195.22,81,50,57,615,58823989.3,406532441.5,8530597.9,0,-0.138486088238282,0.665205388329905,1.00404385770431,0.582957261451353,-0.299167667553959,0.0723977379085109,-1.19851916621514,-1.34007083859956,1.00404385770431,-0.0888774418939304,0.232124276667114,1.22364693762416,-0.44645200023936,-0.58807374599442,1.01490923682017,0.598076773811821,-0.927009788986158,1.01320928280887,-0.757458810031585,0.327545682074752,0.861277959289771,1.34259782060632,-1.40978439317836,-0.7455502325292,-1.10137797449675,0.568216689190515,-0.998655411839273,149,2,742
"전라북도임실군",2022,4,26508,15.0897842160857,35.3,94.9,26.5141187925998,7.03,10.7,60.8,105.1,38.7,27.43,131,2325966,4,9.6,99,49,2368,84,126,168,56.9769230769231,12568,1194.34,76,50,53,640,58471869.4,405664850.7,8586371.9,0,-0.138486088238282,0.598521818635042,1.00404385770431,0.582957261451353,-0.299167667553959,0.0322540814981228,-1.19851916621514,-1.34007083859956,1.00404385770431,-0.0888774418939304,0.22534381963634,1.22364693762416,-0.44645200023936,0.161837138458935,1.01490923682017,0.963227218013352,-0.899624998472352,1.01320928280887,-1.10005565788053,0.293038426330015,0.879802694424725,1.34259782060632,-1.40978439317836,0.650532283793637,-1.08968952265062,0.568216689190515,1.00044832999338,149,3,743
"전라북도임실군",2023,0,25956,0,40.2,96.1,25.5286279810756,7.03,11,64.7,106,39.9,27.66,-187,1725857,4,6,99,49,2368,84,126,168,58.1,11592,1194.334,68,48,52,676,58344518.9,405182034.4,8611493.8,0,-0.138486088238282,0.49182810712326,1.00404385770431,0.582957261451353,-0.299167667553959,-0.0251949048017874,-1.19851916621514,-1.34007083859956,1.00404385770431,-0.0888774418939304,0.222891545302803,1.22364693762416,-0.44645200023936,0.70221409931503,1.01490923682017,0.771419493082133,-0.860190900132472,1.01320928280887,-1.07615355221665,0.629484169841193,1.04652531063932,1.34259782060632,-1.40978439317836,-0.7455502325292,-1.23270052146041,0.568216689190515,-0.998655411839273,149,4,744
"전라북도임실군",2024,2,25577,7.81952535481096,29.3,96.5,25.5286279810756,7.03,8.6,61.2,106.7,41.5,28.12,-42,1725857,4,5,96.6,49,2368,84,126,168,60.3846153846154,11388,1194.308,68,48,52,601,58233423,404885944.8,8663078.1,0,-0.138486088238282,0.49182810712326,1.00404385770431,0.582957261451353,-0.299167667553959,-0.0372026847251293,-1.19851916621514,-1.34007083859956,1.00404385770431,-0.0888774418939304,0.220752271219614,1.22364693762416,-0.44645200023936,-0.499848936058731,-0.984426097198368,0.771419493082133,-0.942345271673889,1.01320928280887,-1.26737039752768,0.327545682074752,1.176198456584,1.34259782060632,-1.40978439317836,-0.7455502325292,-1.23270052146041,0.568216689190515,-0.998655411839273,149,5,745
"전라북도순창군",2020,2,27810,7.19165767709457,23.5,83.2,25.10840825,6.18,13.3,63.6,94.61,34,37.06580367,-352,8015680,0,3.7,98.8,90,5966,59,57,0,48.7916666666667,20474,991.92,31,23,73,595,71607397.8,324809950.1,8040792.1,0,-0.138486088238282,-0.0016303086187275,1.00404385770431,0.582957261451353,-1.50339853153471,0.497614415193912,0.01634344317566,-1.34007083859956,-0.995079180403383,-0.112071802552651,0.478282906273346,1.22364693762416,-0.44645200023936,-1.13947880809248,1.01490923682017,0.687454738545381,-0.948917621397202,1.01320928280887,-0.892904075460236,0.534589216543168,-1.06344202123204,1.34259782060632,-1.40978439317836,-0.7455502325292,-0.496742150356798,-1.29519980624308,-0.998655411839273,150,1,746
"전라북도순창군",2021,3,26855,11.171104077453,25.8,85.1,25.10840825,6.18,16.3,59.7,96.5,35.3,37.56,-541,4520651,0,4.8,98.8,90,5968,58,57,0,52.5166666666667,18046,991.92,19,19,62,607,71473800.4,324624677.9,8097620.9,0,-0.138486088238282,-0.161670875886399,1.00404385770431,0.582957261451353,-1.50339853153471,0.354698289439627,0.01634344317566,-1.34007083859956,-0.995079180403383,-0.112071802552651,0.475710340990546,1.22364693762416,-0.44645200023936,-0.88583247952737,1.01490923682017,0.687454738545381,-0.935772921950576,1.01320928280887,-0.65388301882144,0.198143473031991,-0.71332452718139,1.34259782060632,-1.40978439317836,-0.7455502325292,-0.771224230052359,-1.29519980624308,-0.998655411839273,150,2,747
"전라북도순창군",2022,1,26727,3.74153477756576,23.7,85.5,26.516015341557,6.18,13.2,63,96.7,36.1,37.4,277,6556822,0,6.5,98.8,90,6054,67,57,0,53.8333333333333,17318,991.848,19,19,61,687,71407472.6,324534298.4,8207495,0,-0.138486088238282,-0.161670875886399,1.00404385770431,0.582957261451353,-1.50339853153471,0.311846996379858,0.01634344317566,-1.34007083859956,-0.995079180403383,-0.112071802552651,0.474433126048005,0,-0.44645200023936,-1.11742260560855,1.01490923682017,0.963589683174682,-0.848141592306397,1.01320928280887,-0.900871444014863,0.482828332926064,-0.67627505691148,1.34259782060632,-1.40978439317836,0.863489734660617,-0.593018547851228,-1.29519980624308,1.00044832999338,150,3,748
"전라북도순창군",2023,4,26764,14.9454491107458,23.1,88.1,26.516003681358,6.18,13.3,66.7,96.8,36.5,38.67,388,7173560,0,4.4,98.8,90,6054,67,57,0,56.025,16498,991.862,22,20,62,687,71104085.1,324597256.8,8418712,0,-0.138486088238282,-0.121660734069481,1.00404385770431,0.582957261451353,-1.50339853153471,0.263580430021327,0.01634344317566,-1.34007083859956,-0.995079180403383,-0.112071802552651,0.468591065126643,0,-0.44645200023936,-1.18359121306032,1.01490923682017,0.963587454773923,-0.848141592306397,1.01320928280887,-0.892904075460236,0.802020448564873,-0.657750321776526,1.34259782060632,-1.40978439317836,0.959546346919945,-0.54993671535151,-1.29519980624308,-0.998655411839273,150,4,749
"전라북도순창군",2024,1,26822,3.72828275296398,28.3,88.9,26.516003681358,6.18,15.5,64.9,97.1,37.8,38.87,357,7173560,0,5,97.8,90,6054,67,57,28,57.8833333333333,17196,991.894,22,20,62,623,70941775.1,324352484.2,8512621.2,0,-0.138486088238282,-0.121660734069481,1.00404385770431,0.582957261451353,-1.50339853153471,0.304665873092369,0.01634344317566,-1.34007083859956,-0.995079180403383,-0.108206075776198,0.465465607063452,0,-0.44645200023936,-0.610129948478343,1.01490923682017,0.963587454773923,-0.91824665602174,1.01320928280887,-0.717621967258453,0.646737797713561,-0.602176116371662,1.34259782060632,-1.40978439317836,0.935801872088866,-0.54993671535151,-1.29519980624308,-0.998655411839273,150,5,750
"전라북도고창군",2020,6,54529,11.003319334666,12.7,99.6,25.85986583,6.02,12.8,60.4,97.82,34.4,39.23416897,-446,31185366,3,2.4,83.3,78,5862,2,803,702,63.0933333333333,27574,1234.756,126,32,151,1114,140449570.6,260859648.6,16965337.8,0,-0.138486088238282,1.26535751558367,1.00404385770431,0.582957261451353,0.905063196426787,0.915532245859243,-1.19851916621514,-1.34007083859956,1.00404385770431,-0.0151525098001382,1.80391487020248,0,0.447253529862769,-2.33051374222428,-0.984426097198368,0.836672517102158,-0.380409370330595,1.01320928280887,-0.932740918233369,0.258531170585279,-0.468798023399987,1.34259782060632,-1.40978439317836,-0.7455502325292,0.154330113362402,0.568216689190515,-0.998655411839273,151,1,751
"전라북도고창군",2021,7,53386,13.1120518487993,32.7,99.7,25.85986583,6.02,11.9,51.7,98.6,35.7,39.54,-380,32070240,3,8.1,83.3,78,5860,2,803,182,64.6533333333333,25620,1234.756,116,32,137,1166,140004494.7,260509256.2,17074838.7,0,-0.138486088238282,1.13199037619395,1.00404385770431,0.582957261451353,0.905063196426787,0.800516549926841,-1.19851916621514,-1.34007083859956,1.00404385770431,-0.0869445785057036,1.79534444286968,0,0.447253529862769,-0.124893493832053,-0.984426097198368,0.836672517102158,-0.323449006061879,1.01320928280887,-1.00444723522501,-0.492001641862731,-0.324305089347339,1.34259782060632,-1.40978439317836,-0.7455502325292,0.167739056237989,0.568216689190515,1.00044832999338,151,2,752
"전라북도고창군",2022,1,52338,1.91065764836257,28.4,99.9,27.4065275769469,6.02,12.6,58,98.8,37,39.85,-206,32078499,3,12.1,83.3,78,5862,2,803,226,66.6466666666667,23642,1214.972,115,32,134,1290,139671562.7,260209402.7,17180925,0,-0.138486088238282,1.11865366225497,1.00404385770431,0.582957261451353,0.905063196426787,0.684088174003457,-1.19851916621514,-1.34007083859956,1.00404385770431,-0.0808698649998481,1.78893347001592,0,0.447253529862769,-0.599101847236382,-0.984426097198368,1.13108106891145,-0.187620445113402,1.01320928280887,-0.948675655342622,0.0514876361168627,-0.287255619077429,1.34259782060632,-1.40978439317836,-0.7455502325292,0.167862458505704,0.568216689190515,1.00044832999338,151,3,753
"전라북도고창군",2023,2,51750,3.86473429951691,30.7,99.9,27.7231715308231,6.02,11.7,60.9,99.6,38.3,39.94,148,35446381,3,7.3,83.3,78,5862,2,803,226,69.58,21662,1214.964,107,33,133,1298,139094242,260000443.1,17351760.5,0,-0.138486088238282,1.01195995074319,1.00404385770431,0.582957261451353,0.905063196426787,0.567542074747492,-1.19851916621514,-0.446690279533185,1.00404385770431,-0.0808698649998481,1.77781652320511,0,0.447253529862769,-0.345455518671276,-0.984426097198368,1.18937408064248,-0.178857312148984,1.01320928280887,-1.02038197233426,0.301665240266199,-0.139057737997791,1.34259782060632,-1.40978439317836,0.685169682205397,0.215707545936527,0.568216689190515,1.00044832999338,151,4,754
"전라북도고창군",2024,0,50982,0,28,99.8,27.7231715308231,6.02,15.1,59.2,99.6,39.7,40.05,-71,35446381,3,7.6,94.7,78,5862,2,803,150,70.6933333333333,20670,1214.878,107,33,133,1252,138942883,259846654.2,17445645,0,-0.138486088238282,1.01195995074319,1.00404385770431,0.582957261451353,0.905063196426787,0.509151301786927,-1.19851916621514,-0.446690279533185,1.00404385770431,-0.0913625519645076,1.77490193872488,0,0.447253529862769,-0.643214252204226,-0.984426097198368,1.18937408064248,-0.229245326694387,1.01320928280887,-0.749491441476959,0.155009403351071,-0.139057737997791,1.34259782060632,-1.40978439317836,-0.7455502325292,0.215707545936527,0.568216689190515,1.00044832999338,151,5,755
"전라북도부안군",2020,15,52140,28.7686996547756,23.3,99.9,25.1453572,6.36,17.4,60.5,98.81,33.3,40.28193326,-616,28933236,1,3.6,98.6,61,3293,370,153,52,71.9285714285714,10466,993.862,28,40,149,978,140856501.4,197791023.5,13938009.7,0,-0.138486088238282,-0.0416404504356454,1.00404385770431,0.582957261451353,0.905063196426787,-0.0914731410453314,-1.19851916621514,-0.446690279533185,1.00404385770431,-0.104892595682095,1.8117507715642,0,0.447253529862769,-1.1615350105764,1.01490923682017,0.694891560184137,-0.529382630725698,1.01320928280887,-0.566241964720549,0.267157984521463,-0.285403145563933,1.34259782060632,-1.40978439317836,-0.7455502325292,0.11840719109545,-0.363491558526281,-0.998655411839273,152,1,756
"전라북도부안군",2021,7,50795,13.7808839452702,26.2,99.8,25.1453572,6.36,13.2,53.3,98.9,34.5,41.02,-518,27618633,1,7,98.6,61,3294,370,153,0,75.6,8956,993.862,14,25,150,1002,140527465.3,197664291.5,14035208.3,0,-0.138486088238282,-0.228354445581262,1.00404385770431,0.582957261451353,0.905063196426787,-0.180354257144578,-1.19851916621514,-0.446690279533185,1.00404385770431,-0.112071802552651,1.80541481856176,0,0.447253529862769,-0.841720074559526,1.01490923682017,0.694891560184137,-0.503093231832445,1.01320928280887,-0.900871444014863,-0.353972618883787,-0.268730883942473,1.34259782060632,-1.40978439317836,-0.7455502325292,0.0961223420799585,-0.363491558526281,1.00044832999338,152,2,757
"전라북도부안군",2022,4,50094,7.98498822214237,28,99.8,26.541076803032,6.36,12.7,57.6,98.9,35.8,41.51,-19,26488096,1,5.5,98.6,61,3321,370,153,0,75.25,8944,989.962,9,25,148,1075,140303460.9,197566453.8,14146608.6,0,-0.138486088238282,-0.295038015276126,1.00404385770431,0.582957261451353,0.905063196426787,-0.181060597140069,-1.19851916621514,-0.446690279533185,1.00404385770431,-0.112071802552651,1.80110136678325,0,0.447253529862769,-0.643214252204226,1.01490923682017,0.968377041521377,-0.423129643532132,1.01320928280887,-0.940708286787995,0.0169803803721267,-0.268730883942473,1.34259782060632,-1.40978439317836,-0.7455502325292,0.0760923624368527,-0.363491558526281,-0.998655411839273,152,3,758
"전라북도부안군",2023,3,49187,6.09917254559131,23,99.9,27.0785409135721,6.36,13.6,62.2,99.2,37.1,41.82,-209,26334481,1,4.3,98.6,61,3321,370,153,0,77.8214285714286,7738,990.004,9,23,148,1065,140215283,197461930.6,14290276.6,0,-0.138486088238282,-0.295038015276126,1.00404385770431,0.582957261451353,0.905063196426787,-0.252047766686884,-1.19851916621514,-0.446690279533185,1.00404385770431,-0.112071802552651,1.79940340406654,0,0.447253529862769,-1.19461931430228,1.01490923682017,1.07001074975275,-0.434083559737654,1.01320928280887,-0.869001969796356,0.413813821436592,-0.213156678537609,1.34259782060632,-1.40978439317836,-0.7455502325292,0.0733049639654767,-0.363491558526281,-0.998655411839273,152,4,759
"전라북도부안군",2024,3,48066,6.241418050181,27.1,99.9,27.0785409135721,6.36,16.5,58.5,99.8,38.6,41.9,-454,26334481,1,4.1,97.2,61,3321,370,153,496,81.5071428571429,5502,990.344,9,23,148,1018,139979204.8,197406516.9,14361145.4,0,-0.138486088238282,-0.295038015276126,1.00404385770431,0.582957261451353,0.905063196426787,-0.383662452513318,-1.19851916621514,-0.446690279533185,1.00404385770431,-0.0435932139411891,1.79485745795272,0,0.447253529862769,-0.742467163381876,1.01490923682017,1.07001074975275,-0.485566965903609,1.01320928280887,-0.637948281712188,0.0946217057977828,-0.102008267727881,1.34259782060632,-1.40978439317836,-0.7455502325292,0.0733049639654767,-0.363491558526281,-0.998655411839273,152,5,760
"전라남도목포시",2020,9,224044,4.01706807591366,32.1,99.7,24.03309805,7.07,20.2,55.8,99.21,16.9,100,-5255,162064684,9,2.7,93.5,182,322,5,18,0,96.2416666666667,4546,103.396,0,2,0,1476,1830366.8,11000139.2,11997214.9,0,-0.138486088238282,-0.41506844072688,-0.99507918040338,0.582957261451353,0.905063196426787,-0.43993420548741,0.01634344317566,0.446690279533185,-0.995079180403383,-0.112071802552651,-0.865350783360493,-1.22364693762416,0.447253529862769,-0.19106210128382,-0.984426097198368,0.466284316683983,0.0161223963093126,1.01320928280887,-0.343155645191006,-0.138302270479186,-0.211304205024115,-0.438480787336626,0.708692154522277,-0.7455502325292,0.944141321805148,1.49992493690731,-0.998655411839273,153,1,761
"전라남도목포시",2021,22,218589,10.0645503662124,26.3,99.8,24.03309805,7.07,21.9,55.1,99.1,17.9,100,-4140,160348295,9,3.9,93.5,182,314,5,18,8,98.2916666666667,1888,103.396,0,2,0,1681,1818060.8,10993075.7,12062134.2,0,-0.138486088238282,-0.41506844072688,-0.99507918040338,0.582957261451353,0.905063196426787,-0.5963885144886,0.01634344317566,0.446690279533185,-0.995079180403383,-0.11096730918795,-0.865587748962893,-1.22364693762416,0.447253529862769,-0.830691973317565,-0.984426097198368,0.466284316683983,0.24067767852252,1.01320928280887,-0.207710379762356,-0.198689968032474,-0.231681413672565,-0.438480787336626,0.708692154522277,-0.7455502325292,0.939038726612101,1.49992493690731,-0.998655411839273,153,2,762
"전라남도목포시",2022,4,216939,1.84383628577619,27.6,99.8,26.9378752603848,7.07,19.2,55.5,98.8,18.8,100,-385,164426748,9,5.9,93.5,182,311,5,18,88,98.2875,1888,103.396,0,1,0,1900,1813815.3,10996886.7,12090166.5,0,-0.138486088238282,-0.41506844072688,-0.99507918040338,0.582957261451353,0.905063196426787,-0.5963885144886,0.01634344317566,0.446690279533185,-0.995079180403383,-0.0999223755409404,-0.865669500747794,-1.22364693762416,0.447253529862769,-0.68732665717207,-0.984426097198368,1.04360026067977,0.480568443423458,1.01320928280887,-0.422829330737272,-0.164182712287738,-0.287255619077429,-0.438480787336626,0.708692154522277,-0.7455502325292,0.951075759586457,1.49992493690731,-0.998655411839273,153,3,763
"전라남도목포시",2023,5,214156,2.33474663329535,24.9,100,28.2759270602648,7.07,21.9,59.3,98.8,19.8,100,-1850,180322305,9,3.5,93.5,182,311,5,18,100,98.5125,1888,103.46,0,2,0,1970,1793360.3,10878504.7,12143569,0,-0.138486088238282,-0.41506844072688,-0.99507918040338,0.582957261451353,0.905063196426787,-0.5963885144886,0.01634344317566,0.446690279533185,-0.995079180403383,-0.0982656354938889,-0.866063384332802,-1.22364693762416,0.447253529862769,-0.985085390705021,-0.984426097198368,1.2896110170606,0.557245856862114,1.01320928280887,-0.207710379762356,0.163636217287255,-0.287255619077429,-0.438480787336626,0.708692154522277,-0.7455502325292,0.995300421026674,1.49992493690731,-0.998655411839273,153,4,764
"전라남도목포시",2024,4,209890,1.90576016008385,28.8,100,28.2759270602648,7.07,20.4,50.9,98.8,21.2,100,-1850,180322305,9,7.6,97.9,182,311,5,18,100,98.5083333333333,1888,103.458,0,2,0,2015,1776506.9,10839548.7,12196698.4,0,-0.138486088238282,-0.41506844072688,-0.99507918040338,0.582957261451353,0.905063196426787,-0.5963885144886,0.01634344317566,0.446690279533185,-0.995079180403383,-0.0982656354938889,-0.866387915137571,-1.22364693762416,0.447253529862769,-0.554989442268537,1.01490923682017,1.2896110170606,0.606538479786965,1.01320928280887,-0.327220908081753,-0.561016153352203,-0.287255619077429,-0.438480787336626,0.708692154522277,-0.7455502325292,0.995300421026674,1.49992493690731,1.00044832999338,153,5,765
"전라남도여수시",2020,4,280242,1.42733780090065,37.4,95.5,20.40595746,4.38,37.8,65.5,104.19,19.5,85.9111054,-2004,153917375,3,6.3,98.2,374,3646,158,58,0,75.3785714285714,63778,1024.172,0,84,33,1835,38677793,300324392,24288220.9,0,-0.138486088238282,-0.41506844072688,1.00404385770431,0.582957261451353,-0.299167667553959,3.04656001225468,1.23120605256646,-0.446690279533185,-0.995079180403383,-0.112071802552651,-0.155812952514457,0,1.3409590599649,0.393427264540119,1.01490923682017,-0.35684727246168,0.409367988087563,-0.986069748447918,1.05910122042326,0.698498681330665,0.711227604696636,-0.438480787336626,0.708692154522277,-0.7455502325292,0.919422268161753,0.568216689190515,-0.998655411839273,154,1,766
"전라남도여수시",2021,7,276762,2.52924895758811,30.9,96,20.40595746,4.38,34,64.6,104,20.4,85.49,-2176,158655911,2,5.1,98.2,374,3632,149,58,110,75.375,63304,1024.882,0,85,32,1996,38376899.6,299757577.4,24580225.9,0,-0.138486088238282,-0.41506844072688,1.00404385770431,0.582957261451353,-0.299167667553959,3.0186595824328,1.23120605256646,-0.446690279533185,-0.995079180403383,-0.0968850187880127,-0.161606986789554,0,1.3409590599649,-0.323399316187354,1.01490923682017,-0.35684727246168,0.585726038996472,-0.986069748447918,0.756341215347453,0.620857355905008,0.676030607940223,-0.438480787336626,0.708692154522277,-0.7455502325292,0.933953733339,-0.363491558526281,-0.998655411839273,154,2,767
"전라남도여수시",2022,3,274765,1.0918421196295,34.3,96.1,21.9837409435695,4.38,33.7,64.9,103.6,21.4,85.26,-744,180703169,2,5.2,98.2,374,3623,145,58,110,75.6178571428571,59994,1024.634,0,85,35,2344,38196440.3,299216192.5,24931783.9,108500,7.2144657396515,-0.41506844072688,1.00404385770431,0.582957261451353,-0.299167667553959,2.82382746700995,1.23120605256646,-0.446690279533185,-0.995079180403383,-0.0968850187880127,-0.165081929641274,0,1.3409590599649,0.0515561260393241,1.01490923682017,0.017134974330268,0.966922322948649,-0.986069748447918,0.732439109683574,0.646737797713561,0.601931667400402,-0.438480787336626,0.708692154522277,-0.7455502325292,0.996311572095891,-0.363491558526281,-0.998655411839273,154,3,768
"전라남도여수시",2023,13,271696,4.78475943701784,32.2,98.7,22.8494315858346,4.38,31.7,63.9,103.8,22.5,85.05,-1864,193485567,2,5.3,98.2,374,3623,145,58,110,75.7571428571429,59354,1024.668,0,87,34,2492,38047511.5,298877616.5,25241320.2,13500,7.2144657396515,-0.41506844072688,1.00404385770431,0.582957261451353,-0.299167667553959,2.78615600058378,1.23120605256646,-0.446690279533185,-0.995079180403383,-0.0968850187880127,-0.167949717940217,0,1.3409590599649,-0.180034000041859,1.01490923682017,0.211564133770902,1.12904028279038,-0.986069748447918,0.573091738591043,0.56046965835172,0.638981137670312,0.452058516634848,0.708692154522277,-0.7455502325292,1.02906633409556,-0.363491558526281,-0.998655411839273,154,4,769
"전라남도여수시",2024,2,267816,0.74678137228545,39.5,98.7,22.8494315858346,4.38,30.8,62.6,103.6,23.8,84.98,-1864,193485567,2,5.9,92.5,374,3623,145,58,110,76.8214285714286,56334,1024.672,0,87,34,2560,37845474.4,298626184.8,25524830.5,13500,7.2144657396515,-0.41506844072688,1.00404385770431,0.582957261451353,-0.299167667553959,2.60839376838529,1.23120605256646,-0.446690279533185,-0.995079180403383,-0.0968850187880127,-0.171840165129291,0,1.3409590599649,0.625017390621302,-0.984426097198368,0.211564133770902,1.20352691298793,-0.986069748447918,0.501385421599404,0.448321077181328,0.601931667400402,0.452058516634848,0.708692154522277,-0.7455502325292,1.02906633409556,-0.363491558526281,-0.998655411839273,154,5,770
"전라남도순천시",2020,4,282189,1.41748969662177,24.3,97.6,21.40173248,3.35,25,64.2,99.54,15.8,86.28224346,2713,153502992,3,2.8,94.9,281,9380,217,408,0,94.28,6490,1856,57,31,542,1736,103084581.2,615759999.9,23474436.3,0,-0.138486088238282,0.345124253794561,1.00404385770431,0.582957261451353,-0.299167667553959,-0.325507126217917,1.23120605256646,0.446690279533185,1.00404385770431,-0.112071802552651,1.08441078911524,1.22364693762416,1.3409590599649,-1.05125399815679,-0.984426097198368,-0.117742374723446,0.300924217652893,-0.986069748447918,0.0392780454310664,0.586350100160273,-0.150172579078762,-1.3290200913081,0.708692154522277,1.51497112897428,0.918130295383895,0.568216689190515,-0.998655411839273,155,1,771
"전라남도순천시",2021,15,281436,5.32980855327677,35.6,97.5,21.40173248,3.35,19.8,59,99.6,16.4,86.15,-138,158955187,3,3.6,94.9,281,9377,217,408,350,90.456,22988,1856,51,33,500,1916,102568529.7,615276700.9,23903255,0,-0.138486088238282,0.265103970160725,1.00404385770431,0.582957261451353,-0.299167667553959,0.645592644249214,1.23120605256646,0.446690279533185,1.00404385770431,-0.0637502178469825,1.0744736483248,1.22364693762416,1.3409590599649,0.194921442184819,-0.984426097198368,-0.117742374723446,0.498094709352294,-0.986069748447918,-0.375025119409512,0.137755775478703,-0.139057737997791,-1.3290200913081,0.708692154522277,-0.7455502325292,0.934856883901133,0.568216689190515,-0.998655411839273,155,2,772
"전라남도순천시",2022,6,278737,2.15256675647654,36.3,97.8,23.2059258026258,3.35,19.5,59.6,99.5,17.2,85.76,-1947,171456280,2,6.2,94.9,281,9375,215,408,0,91.608,19732,1821.91,56,29,465,2186,101950784.3,614747020.3,24222686,0,-0.138486088238282,0.331787539855589,1.00404385770431,0.582957261451353,-0.299167667553959,0.453939058806071,1.23120605256646,0.446690279533185,1.00404385770431,-0.112071802552651,1.06257827933072,1.22364693762416,1.3409590599649,0.272118150878546,-0.984426097198368,0.289586915132931,0.793850446901396,-0.986069748447918,-0.398927225073392,0.189516659095807,-0.157582473132745,-0.438480787336626,0.708692154522277,-0.7455502325292,0.971138284022495,-0.363491558526281,-0.998655411839273,155,3,773
"전라남도순천시",2023,6,278137,2.15721029564567,38.7,98,23.8553358275432,3.35,20.8,60.7,99.6,18.2,66.84,-46,175510508,2,6.6,94.9,281,9375,215,408,2972,92.652,16988,1822.076,51,29,393,2326,101570009.7,614690636.5,24582321.3,0,-0.138486088238282,0.265103970160725,1.00404385770431,0.582957261451353,-0.299167667553959,0.292422646503864,1.23120605256646,0.446690279533185,1.00404385770431,0.298247482433772,1.05524604444791,1.22364693762416,1.3409590599649,0.536792580685614,-0.984426097198368,0.428809093986463,0.947205273778708,-0.986069748447918,-0.295351433863247,0.284411612393832,-0.139057737997791,-0.438480787336626,0.708692154522277,-0.7455502325292,0.982338433951803,-0.363491558526281,1.00044832999338,155,4,774
"전라남도순천시",2024,4,276329,1.44754984095046,34,98.2,23.8553358275432,3.35,21.8,60.4,99.7,19.3,67.25,-46,175510508,2,4.1,98.7,281,9375,215,408,462,93.856,13934,1822.126,51,29,393,2211,101360902.8,614494440.4,24835334.8,0,-0.138486088238282,0.265103970160725,1.00404385770431,0.582957261451353,-0.299167667553959,0.112659117651481,1.23120605256646,0.446690279533185,1.00404385770431,-0.0482873107411684,1.05121946046249,1.22364693762416,1.3409590599649,0.018471822313441,1.01490923682017,0.428809093986463,0.821235237415202,-0.986069748447918,-0.215677748316982,0.258531170585279,-0.120533002862835,-0.438480787336626,0.708692154522277,-0.7455502325292,0.982338433951803,-0.363491558526281,-0.998655411839273,155,5,775
"전라남도나주시",2020,6,115613,5.18972779877695,16.8,85,24.69791426,4.91,18.7,62.4,101.35,22.5,68.77773261,1232,37992302,2,7.3,97,231,5846,163,1737,0,64.8761904761905,36780,1215.662,124,94,344,1374,147344962.8,232221237.5,23636657.8,0,-0.138486088238282,1.23868408770573,1.00404385770431,0.582957261451353,-1.50339853153471,1.45741274573319,1.23120605256646,-1.34007083859956,1.00404385770431,-0.112071802552651,1.93669325200492,0,1.3409590599649,-1.87836159130387,1.01490923682017,0.604118113037259,-0.0956075489870149,-0.986069748447918,-0.462666173510404,0.43106744930896,0.185125126863918,0.452058516634848,0.708692154522277,1.28938919888261,0.24894883930151,-0.363491558526281,1.00044832999338,156,1,776
"전라남도나주시",2021,10,116726,8.56707160358446,21.3,86,24.69791426,4.91,18.2,59.9,101.9,22.9,70.08,1840,41960676,2,5.7,97,231,5847,163,1737,0,64.9047619047619,35384,1215.662,95,93,362,1471,146989529.5,232048641,23763130.6,0,-0.138486088238282,0.851919383475522,1.00404385770431,0.582957261451353,-1.50339853153471,1.37524185959111,1.23120605256646,-1.34007083859956,1.00404385770431,-0.112071802552651,1.92984899180277,0,1.3409590599649,-1.38209703541562,1.01490923682017,0.604118113037259,0.0106454382065514,-0.986069748447918,-0.502503016283537,0.215397100904359,0.287011170106172,0.452058516634848,0.708692154522277,1.40400203815823,0.296561095482629,-0.363491558526281,-0.998655411839273,156,2,777
"전라남도나주시",2022,5,116456,4.29346706052071,22.3,87.5,25.8876600698487,4.91,16.9,57.9,101.8,23.6,69.68,398,47738521,2,5,97,231,5875,124,1737,0,68.8428571428571,38638,1215.662,87,88,259,1556,146367102.1,231682850.8,24097894.2,0,-0.138486088238282,0.745225671963741,1.00404385770431,0.582957261451353,-1.50339853153471,1.56677772170167,1.23120605256646,-0.446690279533185,1.00404385770431,-0.112071802552651,1.91786346573486,0,1.3409590599649,-1.27181602299601,1.01490923682017,0.842111267718506,0.103753725953491,-0.986069748447918,-0.606078807493682,0.0428608221806785,0.268486434971216,0.452058516634848,0.708692154522277,0.966803546635202,0.358385915242473,-0.363491558526281,-0.998655411839273,156,3,778
"전라남도나주시",2023,1,117377,0.851955664227234,21.2,86.2,26.1909818078856,4.91,18.1,61.4,102,24.1,69.32,1361,48240731,2,4.9,97,231,5875,124,1737,0,67.6190476190476,32230,1216.988,83,86,225,1576,145849622.3,231426545.5,24260731.2,0,-0.138486088238282,0.69187881620785,1.00404385770431,0.582957261451353,-1.50339853153471,1.18959216410963,1.23120605256646,-0.446690279533185,1.00404385770431,-0.112071802552651,1.90789882145264,0,1.3409590599649,-1.39312513665758,1.01490923682017,0.901102177955564,0.125661558364536,-0.986069748447918,-0.510470384838163,0.34479930994712,0.305535905241126,0.452058516634848,0.708692154522277,1.31783921056325,0.363401201877238,-0.363491558526281,-0.998655411839273,156,4,779
"전라남도나주시",2024,3,116654,2.5717077854167,23.8,86.5,26.1909818078856,4.91,16.8,59.3,102.1,25,69.63,-308,48240731,2,5.4,96,231,5875,124,1737,0,66.1904761904762,32230,1216.916,83,86,225,1527,145598361.9,230734100.9,23969734.2,0,-0.138486088238282,0.69187881620785,1.00404385770431,0.582957261451353,-1.50339853153471,1.18959216410963,1.23120605256646,-1.34007083859956,1.00404385770431,-0.112071802552651,1.90306052533323,0,1.3409590599649,-1.10639450436659,-0.984426097198368,0.901102177955564,0.0719873689574763,-0.986069748447918,-0.614046176048308,0.163636217287255,0.32406064037608,0.452058516634848,0.708692154522277,-0.7455502325292,0.363401201877238,-0.363491558526281,-0.998655411839273,156,5,780
"전라남도광양시",2020,12,151769,7.90675302598027,27.2,88.7,20.21002576,3.14,33.3,67.5,108.98,13.3,89.62040997,-5230,26806220,1,2.9,98,258,3380,76,100,800,90,4458,926.2,6,6,11,772,45472040.4,297661987.3,13810862.5,0,-0.138486088238282,-0.335048157093044,1.00404385770431,0.582957261451353,-1.50339853153471,-0.445114032121008,1.23120605256646,0.446690279533185,1.00404385770431,-0.0016224660825509,-0.024982225389551,0,0.447253529862769,-0.731439062139915,1.01490923682017,-0.405201899454009,-0.755033304559458,-0.986069748447918,0.700569635465067,0.871034960054345,1.59856241766097,-1.3290200913081,0.708692154522277,-0.7455502325292,0.0818137911754791,-0.363491558526281,-0.998655411839273,157,1,781
"전라남도광양시",2021,7,150531,4.65020494117491,24.3,89.5,20.21002576,3.14,33.1,67.1,109.3,13.9,88.44,-1161,25746651,1,5.5,98,258,3384,74,100,88,95.4538461538462,3890,926.2,5,4,289,844,45293185.3,297070719.7,14189525.7,0,-0.138486088238282,-0.348384871032016,1.00404385770431,0.582957261451353,-1.50339853153471,-0.478547458574235,1.23120605256646,0.446690279533185,1.00404385770431,-0.0999223755409404,-0.0284262776009847,0,0.447253529862769,-1.05125399815679,1.01490923682017,-0.405201899454009,-0.676165107879697,-0.986069748447918,0.684634898355814,0.836527704309609,1.65784157009283,-1.3290200913081,0.708692154522277,-0.7455502325292,0.0624863016084889,-0.363491558526281,-0.998655411839273,157,2,782
"전라남도광양시",2022,5,152168,3.28584196414489,39.1,90.1,21.8888540593793,3.14,36,67.7,109.5,14.7,88.71,1860,29411658,0,8.2,98,258,3399,71,100,68,96.4615384615385,3890,928.666,5,4,262,887,44890667.2,296783848.8,14549610.2,0,-0.138486088238282,-0.348384871032016,1.00404385770431,0.582957261451353,-1.50339853153471,-0.478547458574235,1.23120605256646,0.446690279533185,1.00404385770431,-0.102683608952693,-0.0361772075573968,0,0.447253529862769,0.580904985653458,1.01490923682017,-0.00461988503175858,-0.629063268195951,-0.986069748447918,0.915688586439983,0.888288587926714,1.69489104036274,-1.3290200913081,0.708692154522277,1.4070914071528,0.126266815917604,-1.29519980624308,1.00044832999338,157,3,783
"전라남도광양시",2023,4,152666,2.62009877772392,39.5,90.5,22.816067653277,3.14,31.6,67.7,109.8,15.5,89.01,530,32070751,0,7.1,98,258,3399,71,100,60,96.6538461538462,3890,929.728,4,3,224,921,44546159.3,296417950.5,14780512.7,0,-0.138486088238282,-0.361721584970989,1.00404385770431,0.582957261451353,-1.50339853153471,-0.478547458574235,1.23120605256646,0.446690279533185,1.00404385770431,-0.103788102317394,-0.0428110871328263,0,0.447253529862769,0.625017390621302,1.01490923682017,0.204202470593857,-0.591819953097175,-0.986069748447918,0.565124370036417,0.888288587926714,1.7504652457676,-1.3290200913081,0.708692154522277,1.0485191749192,0.167746692292682,-1.29519980624308,1.00044832999338,157,4,784
"전라남도광양시",2024,4,154692,2.58578336306984,36,90.9,22.816067653277,3.14,30.3,64.6,110.2,16.2,89.54,530,32070751,0,4.4,97.7,258,3399,71,100,60,96.6461538461538,5016,929.626,4,3,224,897,44418116.8,296333778.2,14746586.6,0,-0.138486088238282,-0.361721584970989,1.00404385770431,0.582957261451353,-1.50339853153471,-0.412269222330691,1.23120605256646,0.446690279533185,1.00404385770431,-0.103788102317394,-0.0452766866895765,0,0.447253529862769,0.239033847152663,1.01490923682017,0.204202470593857,-0.618109351990429,-0.986069748447918,0.461548578826272,0.620857355905008,1.82456418630742,-1.3290200913081,0.708692154522277,1.0485191749192,0.167746692292682,-1.29519980624308,-0.998655411839273,157,5,785
"전라남도담양군",2020,1,46280,2.16076058772688,26.9,83.1,20.73981712,5.07,13.4,65.1,103.18,31.2,31.69187554,53,7721938,0,1.7,94.7,109,10807,78,189,288,71.3153846153846,16968,910.182,16,19,643,720,78743560.6,273270005.9,13045331.9,0,-0.138486088238282,-0.201681017703317,1.00404385770431,0.582957261451353,-1.50339853153471,0.291245413178046,0.01634344317566,-0.446690279533185,1.00404385770431,-0.0723100414234153,0.61569759152689,0,0.447253529862769,-0.764523365865798,-0.984426097198368,-0.275463629102519,-0.811993668828174,1.01320928280887,-0.88493670690561,0.663991425585928,0.524127779833594,0.452058516634848,-1.40978439317836,0.394973379444248,-0.514634247319843,-1.29519980624308,-0.998655411839273,158,1,786
"전라남도담양군",2021,3,46180,6.4963187527068,21.5,85.1,20.73981712,5.07,16.8,60.7,103,31.7,32.84,450,8307915,0,4.9,94.7,109,10795,81,189,282,69.9846153846154,16968,910.182,17,19,529,731,78546190,272797864.6,13216275,0,-0.138486088238282,-0.188344303764345,1.00404385770431,0.582957261451353,-1.50339853153471,0.291245413178046,0.01634344317566,-0.446690279533185,1.00404385770431,-0.073138411446941,0.611897002942041,0,0.447253529862769,-1.3600408329317,-0.984426097198368,-0.275463629102519,-0.799944361002099,1.01320928280887,-0.614046176048308,0.284411612393832,0.490783256590674,1.34259782060632,-1.40978439317836,1.00183023406125,-0.479580992830834,-1.29519980624308,-0.998655411839273,158,2,787
"전라남도담양군",2022,1,45792,2.18378756114605,38.3,85.2,21.4636737946607,5.07,14.2,61.5,102.4,32.9,33.29,158,9166920,0,5.4,94.7,109,10768,85,189,300,69.8076923076923,16968,910.148,16,18,453,813,78425665.4,272661479.6,13385044.7,0,-0.138486088238282,-0.201681017703317,1.00404385770431,0.582957261451353,-1.50339853153471,0.291245413178046,0.01634344317566,-0.446690279533185,1.00404385770431,-0.0706533013763638,0.609576168841352,0,0.447253529862769,0.492680175717769,-0.984426097198368,-0.103222198962159,-0.710122248116816,1.01320928280887,-0.821197758468597,0.353426123883304,0.379634845780946,1.34259782060632,-1.40978439317836,0.703742334695524,-0.432427209765201,-1.29519980624308,-0.998655411839273,158,3,788
"전라남도담양군",2023,1,45373,2.20395389328455,38.5,85.3,23.0729200546413,5.07,14.2,63.9,102.4,33.9,33.66,33,9612233,0,3.3,94.7,109,10768,85,189,260,70.1538461538462,15848,910.148,13,17,372,821,78241331.4,272543981.9,13567931.9,0,-0.138486088238282,-0.241691159520235,1.00404385770431,0.582957261451353,-1.50339853153471,0.225320346932247,0.01634344317566,-0.446690279533185,1.00404385770431,-0.0761757681998688,0.606026614367689,0,0.447253529862769,0.514736378201691,-0.984426097198368,0.260612317562734,-0.701359115152398,1.01320928280887,-0.821197758468597,0.56046965835172,0.379634845780946,1.34259782060632,-1.40978439317836,0.262700839850967,-0.409694324526243,-1.29519980624308,-0.998655411839273,158,4,789
"전라남도담양군",2024,3,44623,6.72299038612375,39.1,85.8,23.0729200546413,5.07,13.6,57.1,101.9,35.6,33.53,-314,9612233,0,3.4,99.6,109,10768,85,189,326,70.8,15062,910.148,13,17,372,763,78132108.5,272552897.2,13673516.1,0,-0.138486088238282,-0.241691159520235,1.00404385770431,0.582957261451353,-1.50339853153471,0.179055077227607,0.01634344317566,-0.446690279533185,1.00404385770431,-0.0670636979410855,0.603923406965248,0,0.447253529862769,0.580904985653458,1.01490923682017,0.260612317562734,-0.764891829144428,1.01320928280887,-0.869001969796356,-0.0261536893087934,0.287011170106172,1.34259782060632,-1.40978439317836,-0.7455502325292,-0.409694324526243,-1.29519980624308,-0.998655411839273,158,5,790
"전라남도곡성군",2020,0,28039,0,28.4,86.3,27.47177221,6.22,18,70.2,95.64,36.3,27.96462071,-478,4779184,0,3.1,95.5,42,13123,98,264,2146,73.6333333333333,7522,1101.224,20,18,178,710,62951263.5,393438779.1,8334587.2,0,-0.138486088238282,-0.148334161947427,1.00404385770431,0.582957261451353,-1.50339853153471,-0.264761886605716,-1.19851916621514,-0.446690279533185,1.00404385770431,0.184208542528393,0.311599493396765,1.22364693762416,-0.44645200023936,-0.599101847236382,-0.984426097198368,1.14314534204541,-0.822947585033696,1.01320928280887,-0.51843775339279,1.10395893633131,-0.872637249342001,1.34259782060632,-1.40978439317836,-0.7455502325292,-0.744571826906568,-1.29519980624308,-0.998655411839273,159,1,791
"전라남도곡성군",2021,1,27535,3.6317414200109,25.6,87.8,27.47177221,6.22,15.4,63.1,96.7,37.2,28.28,-108,4654166,0,6.9,95.5,42,13125,94,264,2146,78.1666666666667,6914,1101.224,20,18,624,721,62877650.3,393395489.7,8421523.1,0,-0.138486088238282,-0.148334161947427,1.00404385770431,0.582957261451353,-1.50339853153471,-0.300549779710579,-1.19851916621514,-0.446690279533185,1.00404385770431,0.184208542528393,0.31018199004209,1.22364693762416,-0.44645200023936,-0.907888682011293,-0.984426097198368,1.14314534204541,-0.810898277207621,1.01320928280887,-0.725589335813079,0.491455146862248,-0.67627505691148,1.34259782060632,-1.40978439317836,-0.7455502325292,-0.757275103196406,-1.29519980624308,1.00044832999338,159,2,792
"전라남도곡성군",2022,2,27060,7.3909830007391,22.9,90.2,28.7519290123457,6.22,14.3,66.5,97.9,38.3,28.13,57,5375143,0,9.3,95.5,42,13136,90,264,214,77.9333333333333,6914,1094.652,20,17,503,752,62684700.4,393164014.3,8500511.3,0,-0.138486088238282,-0.148334161947427,1.00404385770431,0.582957261451353,-1.50339853153471,-0.300549779710579,-1.19851916621514,-0.446690279533185,1.00404385770431,-0.0825266050468996,0.306466526911372,1.22364693762416,-0.44645200023936,-1.20564741554424,-0.984426097198368,1.37442430929534,-0.776941136970502,1.01320928280887,-0.813230389913971,0.784766820692505,-0.453978235292021,1.34259782060632,-1.40978439317836,0.415404806283118,-0.688253680212171,-1.29519980624308,1.00044832999338,159,3,793
"전라남도곡성군",2023,2,26905,7.43356253484482,29.3,90.6,28.8956127080181,6.22,14,69.1,98.9,39.3,28.07,247,5449503,0,4.8,95.5,42,13136,90,264,1000,70.2333333333333,8472,1094.586,18,17,102,737,62607625.7,393094344.8,8576926.9,0,-0.138486088238282,-0.175007589825372,1.00404385770431,0.582957261451353,-1.50339853153471,-0.208843303629369,-1.19851916621514,-0.446690279533185,1.00404385770431,0.0259898680349743,0.304982368556477,1.22364693762416,-0.44645200023936,-0.499848936058731,-0.984426097198368,1.39975917251191,-0.793372011278786,1.01320928280887,-0.83713249557785,1.00906398303329,-0.268730883942473,1.34259782060632,-1.40978439317836,0.83084004492763,-0.681669279710404,-1.29519980624308,-0.998655411839273,159,4,794
"전라남도곡성군",2024,0,26566,0,24.1,92.4,28.8956127080181,6.22,13.4,66.1,98.6,40.5,28.59,43,5449503,0,1,98.4,42,13136,90,264,212,74.275,7372,1094.672,18,17,102,674,62535787,392539197.8,8626278.1,0,-0.138486088238282,-0.175007589825372,1.00404385770431,0.582957261451353,-0.299167667553959,-0.27359113654935,-1.19851916621514,-0.446690279533185,1.00404385770431,-0.0828027283880748,0.303599035156414,1.22364693762416,-0.44645200023936,-1.07331020064071,1.01490923682017,1.39975917251191,-0.862381683373576,1.01320928280887,-0.88493670690561,0.750259564947768,-0.324305089347339,1.34259782060632,-1.40978439317836,0.336418905298334,-0.681669279710404,-1.29519980624308,-0.998655411839273,159,5,795
"전라남도구례군",2020,1,25719,3.88817605661184,19.8,78.6,25.55730691,5.82,8.5,63,94.84,34.5,42.16726933,-588,10431902,1,1.1,89.6,44,1038,75,149,506,90.5444444444444,1802,886.46,4,15,310,555,41156154.5,340190454.1,7234531.8,0,-0.138486088238282,-0.361721584970989,1.00404385770431,0.582957261451353,-1.50339853153471,-0.601450617789617,-1.19851916621514,0.446690279533185,1.00404385770431,-0.0422125972353129,-0.108089368424279,1.22364693762416,-1.34015753034149,-1.54751855404504,-0.984426097198368,0.777101297542374,-0.992733286219292,1.01320928280887,-1.27533776608231,0.482828332926064,-1.02083513042164,1.34259782060632,-1.40978439317836,-0.7455502325292,-0.370477067330795,-0.363491558526281,-0.998655411839273,160,1,796
"전라남도구례군",2021,1,25235,3.96275014860313,22.5,82.6,25.55730691,5.82,9.6,58.8,94.9,35.5,42.52,-107,10020125,1,0.4,89.6,44,982,79,149,424,93.7444444444444,1286,886.46,4,17,19,579,41047128.9,339884664.4,7308599.3,0,-0.138486088238282,-0.361721584970989,1.00404385770431,0.582957261451353,-1.50339853153471,-0.631823237595717,-1.19851916621514,0.446690279533185,1.00404385770431,-0.0535336542234982,-0.110188776597615,1.22364693762416,-1.34015753034149,-1.24975982051209,-0.984426097198368,0.777101297542374,-0.966443887326038,1.01320928280887,-1.18769671198142,0.120502147606335,-1.00972028934067,1.34259782060632,-1.40978439317836,-0.7455502325292,-0.389777550811395,-0.363491558526281,-0.998655411839273,160,2,797
"전라남도구례군",2022,0,24655,0,37.8,89.7,26.7394420553534,5.82,7.1,62.3,95.6,36.8,42.63,-203,8880596,1,6.5,89.6,44,375,64,149,0,93.5666666666667,1266,885.974,3,14,189,619,40942491.5,339852177.8,7421606.4,0,-0.138486088238282,-0.375058298909962,-0.99507918040338,0.582957261451353,-1.50339853153471,-0.633000470921535,-1.19851916621514,0.446690279533185,1.00404385770431,-0.112071802552651,-0.112203685140166,1.22364693762416,-1.34015753034149,0.437539669507963,-0.984426097198368,1.0061167147926,-0.922628222503949,1.01320928280887,-1.38688092584708,0.422440635372776,-0.880047143395984,1.34259782060632,-1.40978439317836,-0.7455502325292,-0.44763480410769,-0.363491558526281,1.00044832999338,160,3,798
"전라남도구례군",2023,1,24314,4.11285679032656,34.7,90,27.2658446895955,5.82,7.7,60.4,95.7,38,42.47,7,8444501,1,9.3,89.6,44,375,64,149,300,93.6111111111111,1238,885.93,3,15,175,621,40849526.2,339781327.3,7529907.2,0,-0.138486088238282,-0.375058298909962,-0.99507918040338,0.582957261451353,-1.50339853153471,-0.63464859757768,-1.19851916621514,0.446690279533185,1.00404385770431,-0.0706533013763638,-0.113993834523949,1.22364693762416,-1.34015753034149,0.0956685310071692,-0.984426097198368,1.10497307177108,-0.920437439262844,1.01320928280887,-1.33907671451932,0.258531170585279,-0.861522408261028,1.34259782060632,-1.40978439317836,-0.150999803066582,-0.471766116340084,-0.363491558526281,1.00044832999338,160,4,799
"전라남도구례군",2024,0,24025,0,45.9,89.5,27.2658446895955,5.82,9.5,60.3,95.5,39.4,42.71,54,8444501,1,5.2,97.7,44,375,64,149,402,93.5888888888889,1224,885.914,3,15,175,581,40777458.9,339742333.1,7664673.6,0,-0.138486088238282,-0.375058298909962,-0.99507918040338,0.582957261451353,-1.50339853153471,-0.635472660905752,-1.19851916621514,0.446690279533185,1.00404385770431,-0.056571010976426,-0.115381569869137,1.22364693762416,-1.34015753034149,1.33081587010681,1.01490923682017,1.10497307177108,-0.964253104084934,1.01320928280887,-1.19566408053604,0.249904356649095,-0.898571878530938,1.34259782060632,-1.40978439317836,0.400219734322122,-0.471766116340084,-0.363491558526281,-0.998655411839273,160,5,800
"전라남도고흥군",2020,2,63922,3.12881324113764,36.6,78,28.73602555,7,11.8,61.8,94.46,41.1,36.2707675,-200,21645385,1,2.5,85.4,129,4283,197,51,238,46.3529411764706,39026,1610.924,37,51,26,1785,156651971.8,451247202.7,16489111.1,0,-0.138486088238282,0.0783899750151084,1.00404385770431,0.582957261451353,-1.50339853153471,1.58961604822253,0.01634344317566,-1.34007083859956,-0.995079180403383,-0.0792131249527966,2.11590997508569,1.22364693762416,0.447253529862769,0.30520245460443,-0.984426097198368,1.37161263220368,0.354598407059952,1.01320928280887,-1.01241460377963,0.379306565691855,-1.09122912393447,1.34259782060632,-1.40978439317836,-0.7455502325292,-0.020667870393043,-0.363491558526281,-0.998655411839273,161,1,801
"전라남도고흥군",2021,3,62762,4.77996239762914,44.3,79.8,28.73602555,7,12.2,56.3,95,42.2,36.48,-144,21099350,1,3.9,85.4,129,4285,197,51,0,45.2058823529412,39026,1610.924,42,54,26,1872,156304763.5,450961536.9,16683616.3,0,-0.138486088238282,0.145073544709972,1.00404385770431,0.582957261451353,-1.50339853153471,1.58961604822253,0.01634344317566,-1.34007083859956,-0.995079180403383,-0.112071802552651,2.10922409632996,1.22364693762416,0.447253529862769,1.15436625023544,-0.984426097198368,1.37161263220368,0.449897478047996,1.01320928280887,-0.980545129561128,-0.095168200798266,-0.991195554205712,1.34259782060632,-1.40978439317836,-0.7455502325292,-0.0329124891059339,-0.363491558526281,-0.998655411839273,161,2,802
"전라남도고흥군",2022,1,61880,1.61603102779573,37.3,78.4,30.1830295317588,7,10.6,62.3,95.1,43.2,36.87,289,22795905,1,1.8,85.4,129,4301,194,51,0,54.9823529411765,29842,1614.774,42,54,26,1908,156084793.4,450531523.4,16915342.9,0,-0.138486088238282,0.145073544709972,1.00404385770431,0.582957261451353,-1.50339853153471,1.04903050500699,0.01634344317566,-1.34007083859956,-0.995079180403383,-0.112071802552651,2.10498832944742,1.22364693762416,0.447253529862769,0.382399163298158,-0.984426097198368,1.62147511303069,0.489331576387876,1.01320928280887,-1.10802302643515,0.422440635372776,-0.972670819070759,1.34259782060632,-1.40978439317836,0.875572588281984,0.00415136268776398,-0.363491558526281,-0.998655411839273,161,3,803
"전라남도고흥군",2023,5,61113,8.18156529707264,35.8,78.4,30.1097520416836,7,10.8,62.5,95.7,44.3,36.97,193,20771611,1,5.5,85.4,129,4301,194,51,0,63.0411764705882,31320,1614.348,24,17,412,1903,155793969.4,450099318.6,17127705.5,0,-0.138486088238282,-0.094987306191536,1.00404385770431,0.582957261451353,-1.50339853153471,1.13602804778492,0.01634344317566,-1.34007083859956,-0.995079180403383,-0.112071802552651,2.09938819257496,1.22364693762416,0.447253529862769,0.216977644668741,-0.984426097198368,1.60910322886362,0.483854618285115,1.01320928280887,-1.0920882893259,0.439694263245144,-0.861522408261028,1.34259782060632,-1.40978439317836,0.760626915537741,-0.0404150210591594,-0.363491558526281,-0.998655411839273,161,4,804
"전라남도고흥군",2024,0,60190,0,40.7,79.2,30.1097520416836,7,11,58.6,96.7,45.7,37.39,63,20771611,1,1.3,97.4,129,4301,194,51,0,62.6294117647059,31320,1614.42,24,17,412,1790,155542462,449985792.1,17311518.3,0,-0.138486088238282,-0.094987306191536,1.00404385770431,0.582957261451353,-1.50339853153471,1.13602804778492,0.01634344317566,-1.34007083859956,-0.995079180403383,-0.112071802552651,2.09454514019813,1.22364693762416,0.447253529862769,0.757354605524836,1.01490923682017,1.60910322886362,0.360075365162713,1.01320928280887,-1.07615355221665,0.103248519733967,-0.67627505691148,1.34259782060632,-1.40978439317836,0.443550626396036,-0.0404150210591594,-0.363491558526281,-0.998655411839273,161,5,805
"전라남도보성군",2020,2,40482,4.94046736821303,44.2,61.4,27.46907646,6.59,9.4,62.1,94.97,38.5,55.21466331,-441,14456427,0,2.3,92.3,67,3393,232,96,30,53.0538461538462,24366,1322.86,25,13,404,998,110018021,411207101,14269168.5,0,-0.138486088238282,-0.0816505922525634,1.00404385770431,0.582957261451353,-1.50339853153471,0.726704020398062,-1.19851916621514,-1.34007083859956,1.00404385770431,-0.107929952435023,1.21792181941872,1.22364693762416,0.447253529862769,1.14333814899348,-0.984426097198368,1.14264742331687,-0.507474798314654,1.01320928280887,-1.20363144909067,0.405187007500408,-0.996752974746199,1.34259782060632,-1.40978439317836,-0.7455502325292,-0.214114943853939,-1.29519980624308,-0.998655411839273,162,1,806
"전라남도보성군",2021,2,39375,5.07936507936508,40.6,62.8,27.46907646,6.59,12.1,60.7,95.4,39.9,54.77,-313,15484533,0,5.7,92.3,67,3384,232,96,2,56.0615384615385,21550,1322.86,25,13,404,1087,109898269.6,410921787.7,14360760.9,0,-0.138486088238282,-0.0816505922525634,1.00404385770431,0.582957261451353,-1.50339853153471,0.560949568122912,-1.19851916621514,-1.34007083859956,1.00404385770431,-0.111795679211476,1.2156158741368,1.22364693762416,0.447253529862769,0.746326504282875,-0.984426097198368,1.14264742331687,-0.409984944085505,1.01320928280887,-0.988512498115754,0.284411612393832,-0.917096613665892,1.34259782060632,-1.40978439317836,-0.7455502325292,-0.181189872112117,-1.29519980624308,-0.998655411839273,162,2,807
"전라남도보성군",2022,2,38471,5.19872111460581,48.4,65.4,29.4366552987243,6.59,9.4,61.2,95.8,41.2,54.62,-226,15474893,0,5.4,92.3,67,3400,234,96,2,57.2384615384615,19874,1329.188,23,12,417,1148,109638599.9,410479670.3,14446821.9,0,-0.138486088238282,-0.108324020130509,1.00404385770431,0.582957261451353,-1.50339853153471,0.462297415419377,-1.19851916621514,-1.34007083859956,1.00404385770431,-0.111795679211476,1.2106156476712,1.22364693762416,0.447253529862769,1.60651840115584,-0.984426097198368,1.49407752982667,-0.343166055231819,1.01320928280887,-1.20363144909067,0.327545682074752,-0.842997673126074,1.34259782060632,-1.40978439317836,-0.7455502325292,-0.181488319601001,-1.29519980624308,-0.998655411839273,162,3,808
"전라남도보성군",2023,1,37686,2.65350528047551,38.8,65.3,29.4696589769308,6.59,10.4,62.4,96.1,42.3,51.81,-127,15065856,0,5,92.3,67,3400,234,96,8762,62.6153846153846,22064,1329.19,27,12,70,1136,109530646.6,410018990.7,14519057.3,0,-0.138486088238282,-0.0549771643746181,1.00404385770431,0.582957261451353,-1.50339853153471,0.59120446459643,-1.19851916621514,-1.34007083859956,1.00404385770431,1.09762455513613,1.20853688781702,1.22364693762416,0.447253529862769,0.547820681927574,-0.984426097198368,1.49977658486179,-0.356310754678446,1.01320928280887,-1.1239577635444,0.43106744930896,-0.78742346772121,1.34259782060632,-1.40978439317836,-0.7455502325292,-0.194326180362877,-1.29519980624308,-0.998655411839273,162,4,809
"전라남도보성군",2024,2,37045,5.39883924956134,41.1,67.6,29.4696589769308,6.59,9.8,61.8,96.6,43.9,51.97,-88,15065856,0,4.4,99.3,67,3400,234,96,494,61.1538461538462,23416,1329.386,27,12,70,1059,109360966.5,409866047.9,14614763.1,0,-0.138486088238282,-0.0549771643746181,1.00404385770431,0.582957261451353,-1.50339853153471,0.670785437421715,-1.19851916621514,-1.34007083859956,1.00404385770431,-0.0438693372823644,1.20526951034977,1.22364693762416,0.447253529862769,0.80146701049268,1.01490923682017,1.49977658486179,-0.440655909460967,1.01320928280887,-1.17176197487216,0.379306565691855,-0.694799792046436,1.34259782060632,-1.40978439317836,-0.7455502325292,-0.194326180362877,-1.29519980624308,-0.998655411839273,162,5,810
"전라남도화순군",2020,4,62522,6.39774799270657,29.8,90.8,26.44869275,5.41,21.6,67.5,97.75,26.9,63.17136368,174,38789822,0,8.9,98.3,85,990,62,100,0,64.8285714285714,16760,1574.092,29,42,450,1013,71125772.5,575466394.9,13006027.6,0,-0.138486088238282,-0.0283037364966728,1.00404385770431,0.582957261451353,-1.50339853153471,0.279002186589541,0.01634344317566,-1.34007083859956,1.00404385770431,-0.112071802552651,0.469008679932876,1.22364693762416,0.447253529862769,-0.444708429848926,1.01490923682017,0.950707783856287,-0.49104392400637,1.01320928280887,-0.231612485426235,0.871034960054345,-0.481765337994454,0.452058516634848,-1.40978439317836,0.731156689656315,0.258904747377321,-1.29519980624308,1.00044832999338,163,1,811
"전라남도화순군",2021,6,62624,9.58099131323454,31.2,91.8,26.44869275,5.41,20.4,63.8,97.5,27.5,64.08,690,40271195,0,6.5,98.3,85,991,62,100,0,64.4,17148,1574.092,32,39,402,1069,70498247.1,574912250.9,13187902.5,0,-0.138486088238282,0.0117064053202451,1.00404385770431,0.582957261451353,-0.299167667553959,0.301840513110407,0.01634344317566,-1.34007083859956,1.00404385770431,-0.112071802552651,0.456924986252344,1.22364693762416,0.447253529862769,-0.29031501246147,1.01490923682017,0.950707783856287,-0.429701993255445,1.01320928280887,-0.327220908081753,0.551842844415536,-0.528077175831842,0.452058516634848,0.708692154522277,1.12382371340413,0.276866001525203,-1.29519980624308,1.00044832999338,163,2,812
"전라남도화순군",2022,2,62024,3.22455823552173,34.3,91.8,27.7246762060969,5.41,18.7,67.1,97.6,28.5,64.32,158,41639020,0,8.9,98.3,85,1203,73,100,0,67.3428571428571,15446,1574.25,32,38,321,1217,70225194.4,574595865.3,13281417.5,0,-0.138486088238282,0.0117064053202451,1.00404385770431,0.582957261451353,-0.299167667553959,0.201657957083309,0.01634344317566,-0.446690279533185,1.00404385770431,-0.112071802552651,0.451667055361512,1.22364693762416,0.447253529862769,0.0515561260393241,1.01490923682017,1.1896495490544,-0.267584033413715,1.01320928280887,-0.462666173510404,0.836527704309609,-0.509552440696888,0.452058516634848,0.708692154522277,0.703742334695524,0.292873248433001,-1.29519980624308,1.00044832999338,163,3,813
"전라남도화순군",2023,1,61254,1.63254644594639,31,93.5,28.6939785537531,5.41,19.4,66.8,98,29.7,63.94,-270,42227813,0,9.4,98.3,85,1203,73,100,396,67.7142857142857,15446,1574.34,31,37,281,1236,70105748.9,574533600.4,13374976.5,0,-0.138486088238282,-0.0016303086187275,1.00404385770431,0.582957261451353,-0.299167667553959,0.201657957083309,0.01634344317566,-0.446690279533185,1.00404385770431,-0.0573993809999517,0.449367000521472,1.22364693762416,0.447253529862769,-0.312371214945392,1.01490923682017,1.36417161905645,-0.246771592623223,1.01320928280887,-0.406894593628019,0.810647262501057,-0.435453500157067,0.452058516634848,0.708692154522277,-0.7455502325292,0.299602446772902,-1.29519980624308,1.00044832999338,163,4,814
"전라남도화순군",2024,4,60735,6.58598830987075,47.6,93.5,28.6939785537531,5.41,16.5,59.5,98.1,30.9,64.43,-28,42227813,0,3.3,97.7,85,1203,73,100,0,70.5285714285714,13224,1574.364,31,37,281,1177,69978474.1,574493226.6,13453555.4,0,-0.138486088238282,-0.0016303086187275,1.00404385770431,0.582957261451353,-0.299167667553959,0.0708673345849478,0.01634344317566,-0.446690279533185,1.00404385770431,-0.112071802552651,0.446916183874925,1.22364693762416,0.447253529862769,1.51829359122015,1.01490923682017,1.36417161905645,-0.311399698235804,1.01320928280887,-0.637948281712188,0.180889845159623,-0.416928765022114,0.452058516634848,0.708692154522277,-0.7455502325292,0.299602446772902,-1.29519980624308,-0.998655411839273,163,5,815
"전라남도장흥군",2020,0,37800,0,21.9,93.5,28.31837871,7.05,12.7,60.3,94.65,34.2,63.15343915,-484,12431914,2,3.5,96.6,47,61,55,91,0,63.3181818181818,17660,1245.182,9,13,211,894,96050526.9,401639002,11516762.3,0,-0.138486088238282,-0.295038015276126,-0.99507918040338,0.582957261451353,-0.299167667553959,0.331977686251343,-1.19851916621514,-1.34007083859956,-0.995079180403383,-0.112071802552651,0.948962315645597,1.22364693762416,-0.44645200023936,-1.31592842796385,-0.984426097198368,1.29723078980101,-0.621395526852086,1.01320928280887,-0.940708286787995,0.249904356649095,-1.05603212717805,1.34259782060632,-1.40978439317836,-0.7455502325292,-0.28641906423187,-0.363491558526281,-0.998655411839273,164,1,816
"전라남도장흥군",2021,3,36547,8.20860809368758,15.1,93.9,28.31837871,7.05,10.9,58.3,94.8,35.6,63.04,-734,13893202,2,3.9,96.6,47,62,53,91,0,63.4454545454545,17226,1245.182,9,13,211,885,95793377.2,401313389,11649610.6,0,-0.138486088238282,-0.295038015276126,-0.99507918040338,0.582957261451353,-0.299167667553959,0.306431723081096,-1.19851916621514,-1.34007083859956,-0.995079180403383,-0.112071802552651,0.94401061455933,1.22364693762416,-0.44645200023936,-2.06583931241721,-0.984426097198368,1.29723078980101,-0.631254051437056,1.01320928280887,-1.08412092077127,0.0773680779254145,-1.02824502447562,1.34259782060632,-1.40978439317836,-0.7455502325292,-0.233159702413685,-0.363491558526281,-0.998655411839273,164,2,817
"전라남도장흥군",2022,0,35650,0,37.5,94.3,30.1125488094327,7.05,10.1,56.3,95.4,36.6,63.17,-294,16186122,2,5.2,96.6,47,64,53,91,0,64.1090909090909,16002,1244.756,6,11,82,979,95639516.6,401186342.7,11703719.7,0,-0.138486088238282,-0.335048157093044,-0.99507918040338,0.582957261451353,-0.299167667553959,0.234385043541045,-1.19851916621514,-1.34007083859956,-0.995079180403383,-0.112071802552651,0.94104785901206,1.22364693762416,-0.44645200023936,0.40445536578208,-0.984426097198368,1.60957595881612,-0.528287239105146,1.01320928280887,-1.14785986920828,-0.095168200798266,-0.917096613665892,1.34259782060632,-1.40978439317836,-0.7455502325292,-0.159953488354734,-0.363491558526281,-0.998655411839273,164,3,818
"전라남도장흥군",2023,0,35046,0,30.9,94.4,30.7222557297949,7.05,10.5,56.6,95.5,37.8,63.17,-148,15124341,1,7.1,96.6,47,64,53,91,32,66.4454545454545,14478,1244.752,7,12,55,980,95536486.8,401098649.6,11792956.7,0,-0.138486088238282,-0.321711443154071,-0.99507918040338,0.582957261451353,-0.299167667553959,0.144679864113726,-1.19851916621514,-1.34007083859956,-0.995079180403383,-0.107653829093847,0.939063906580546,1.22364693762416,0.447253529862769,-0.323399316187354,-0.984426097198368,1.71163165986648,-0.527191847484594,1.01320928280887,-1.11599039498978,-0.0692877589897136,-0.898571878530938,1.34259782060632,-1.40978439317836,-0.7455502325292,-0.192469390009528,-0.363491558526281,1.00044832999338,164,4,819
"전라남도장흥군",2024,1,34451,2.90267336216656,27,95.6,30.7222557297949,7.05,9.7,55.6,96,39.1,63.53,-135,15124341,1,4.8,80.9,47,64,53,91,80,67.3090909090909,13690,1244.756,7,12,55,866,95452785.8,400903807.6,11914615.7,0,-0.138486088238282,-0.321711443154071,-0.99507918040338,0.582957261451353,-0.299167667553959,0.0982968710765033,-1.19851916621514,-0.446690279533185,-0.995079180403383,-0.101026868905641,0.937452151510944,1.22364693762416,0.447253529862769,-0.753495264623837,-0.984426097198368,1.71163165986648,-0.652066492227548,1.01320928280887,-1.17972934342679,-0.155555898351554,-0.805948202856164,1.34259782060632,-1.40978439317836,-0.7455502325292,-0.192469390009528,-0.363491558526281,-0.998655411839273,164,5,820
"전라남도강진군",2020,1,34597,2.8904240252045,28.9,70.7,28.1179892,6.51,7.8,63.5,93.47,34.8,39.66239847,-365,7198011,0,3.6,98.1,59,1707,147,164,6,59.05,20894,1002.058,0,13,159,864,107987881.9,287389754.3,10947787.1,0,-0.138486088238282,-0.41506844072688,1.00404385770431,0.582957261451353,-1.50339853153471,0.522336315036087,-1.19851916621514,-1.34007083859956,1.00404385770431,-0.111243432529126,1.17882925198915,0,-0.44645200023936,-0.543961341026576,1.01490923682017,1.2611649329564,-0.654257275468652,1.01320928280887,-1.33110934596469,0.525962402606984,-1.27462400177052,1.34259782060632,-1.40978439317836,-0.7455502325292,-0.548306006048523,-1.29519980624308,-0.998655411839273,165,1,821
"전라남도강진군",2021,3,33753,8.88809883565905,27.5,73.4,28.1179892,6.51,12.3,64,94,35.9,39.27,-305,8254796,0,3.8,98.1,59,1709,151,164,6,60.3583333333333,19656,1002.058,5,12,247,869,107752249.4,287166393.3,11019529.8,0,-0.138486088238282,-0.348384871032016,1.00404385770431,0.582957261451353,-1.50339853153471,0.449465572167963,-1.19851916621514,-1.34007083859956,1.00404385770431,-0.111243432529126,1.1742918883204,0,-0.44645200023936,-0.698354758414031,1.01490923682017,1.2611649329564,-0.648780317365891,1.01320928280887,-0.972577761006501,0.569096472287904,-1.17644290555526,1.34259782060632,-1.40978439317836,-0.7455502325292,-0.482654991764259,-1.29519980624308,-0.998655411839273,165,2,822
"전라남도강진군",2022,0,33177,0,22.4,77.4,29.3370255741977,6.51,7.8,60.8,94.6,37,39.42,-50,9229609,0,4.6,98.1,59,2811,148,164,0,63.3083333333333,17274,1001.808,4,12,242,899,107557594,286884505.6,11152094.9,0,-0.138486088238282,-0.361721584970989,1.00404385770431,0.582957261451353,-1.50339853153471,0.309257083063059,-1.19851916621514,-1.34007083859956,1.00404385770431,-0.112071802552651,1.17054358390617,0,-0.44645200023936,-1.26078792175405,1.01490923682017,1.47683596969664,-0.615918568749324,1.01320928280887,-1.33110934596469,0.293038426330015,-1.06529449474553,1.34259782060632,-1.40978439317836,-0.7455502325292,-0.429161023893528,-1.29519980624308,-0.998655411839273,165,3,823
"전라남도강진군",2023,0,32722,0,26.5,78,29.5961615353858,6.51,10.8,64.6,95.1,38.2,39.65,-53,9154139,0,6.4,98.1,59,2811,148,164,62,63.05,17194,1001.796,5,12,223,847,107489883.6,286711521.1,11218202.1,0,-0.138486088238282,-0.348384871032016,1.00404385770431,0.582957261451353,-1.50339853153471,0.304548149759788,-1.19851916621514,-1.34007083859956,1.00404385770431,-0.103511978976219,1.16923974547575,0,-0.44645200023936,-0.808635770833643,1.01490923682017,1.52156394021895,-0.67287893301804,1.01320928280887,-1.0920882893259,0.620857355905008,-0.972670819070759,1.34259782060632,-1.40978439317836,-0.7455502325292,-0.433095858602764,-1.29519980624308,-0.998655411839273,165,4,824
"전라남도강진군",2024,0,32189,0,33.2,84.8,29.5961615353858,6.51,8.9,60.9,96,39.4,39.84,-93,9154139,0,5,94.9,59,2811,148,164,0,63.4666666666667,16858,1001.768,5,12,223,804,107443617.4,286628416.8,11335061.6,0,-0.138486088238282,-0.348384871032016,1.00404385770431,0.582957261451353,-1.50339853153471,0.284770629886048,-1.19851916621514,-1.34007083859956,1.00404385770431,-0.112071802552651,1.16834883876733,0,-0.44645200023936,-0.0697529876222476,-0.984426097198368,1.52156394021895,-0.719980772701786,1.01320928280887,-1.2434682918638,0.301665240266199,-0.805948202856164,1.34259782060632,-1.40978439317836,-0.7455502325292,-0.433095858602764,-1.29519980624308,-0.998655411839273,165,5,825
"전라남도해남군",2020,1,68806,1.45336162543964,29.8,80.7,26.64513524,6.38,13.5,64.5,97.54,32.4,36.20614481,-991,34493260,0,4.3,91.8,116,11513,303,2002,0,37.38,61922,2065.924,20,55,51,1347,226498956.7,444785559,19627407.5,0,-0.138486088238282,-0.148334161947427,1.00404385770431,0.582957261451353,-1.50339853153471,2.93731275961879,0.01634344317566,-1.34007083859956,1.00404385770431,-0.112071802552651,3.46089070421683,1.22364693762416,1.3409590599649,-0.444708429848926,-0.984426097198368,0.988208287945492,-0.125183122741925,1.01320928280887,-0.876969338350983,0.612230541968824,-0.520667281777858,1.34259782060632,-1.40978439317836,-0.7455502325292,0.20264477462172,-1.29519980624308,-0.998655411839273,166,1,826
"전라남도해남군",2021,1,67166,1.48884852455111,18.1,81.9,26.64513524,6.38,16,61.2,98.2,33.6,36.51,-675,32628209,0,11,91.8,116,11517,303,2002,0,40.9066666666667,56060,2065.924,20,56,51,1396,234259364.9,444011868.4,19749614,0,-0.138486088238282,-0.148334161947427,1.00404385770431,0.582957261451353,-1.50339853153471,2.59226567182158,0.01634344317566,-1.34007083859956,1.00404385770431,-0.112071802552651,3.61032592313336,1.22364693762416,1.3409590599649,-1.73499627515838,-0.984426097198368,0.988208287945492,-0.0715089333348658,1.01320928280887,-0.67778512448532,0.327545682074752,-0.398404029887157,1.34259782060632,-1.40978439317836,-0.7455502325292,0.176005348660432,-1.29519980624308,1.00044832999338,166,2,827
"전라남도해남군",2022,0,65831,0,27.4,83.2,27.6579958100559,6.38,9.6,61.9,99.1,34.8,36.79,-382,34060863,0,5,91.8,116,11516,303,2002,2000,43.5066666666667,51376,2088.318,36,28,36,1503,234018018.7,443543624.2,19900268.7,0,-0.138486088238282,0.0650532610761357,1.00404385770431,0.582957261451353,-1.50339853153471,2.31655762691505,0.01634344317566,-1.34007083859956,1.00404385770431,0.1640515386226,3.60567853586942,1.22364693762416,1.3409590599649,-0.709382859655993,-0.984426097198368,1.17742816526838,0.0456979700642228,1.01320928280887,-1.18769671198142,0.38793337962804,-0.231681413672565,1.34259782060632,-1.40978439317836,-0.7455502325292,0.196599185208236,-1.29519980624308,-0.998655411839273,166,3,828
"전라남도해남군",2023,0,64575,0,19.6,85,27.8323959987979,6.38,9.6,60.8,99.8,36.1,37.09,-442,35470654,0,5,91.8,116,11516,303,2002,0,44.88,50796,2090.266,21,36,47,1518,233683043.2,442928743.9,20487717.5,0,-0.138486088238282,-0.134997448008454,1.00404385770431,0.582957261451353,-1.50339853153471,2.28241786046633,0.01634344317566,-1.34007083859956,1.00404385770431,-0.112071802552651,3.59922821316936,1.22364693762416,1.3409590599649,-1.56957475652896,-0.984426097198368,1.2093329484714,0.0621288443725063,1.01320928280887,-1.18769671198142,0.293038426330015,-0.102008267727881,1.34259782060632,-1.40978439317836,-0.7455502325292,0.216035608519705,-1.29519980624308,-0.998655411839273,166,4,829
"전라남도해남군",2024,0,63120,0,38.4,85.3,27.8323959987979,6.38,13.3,60,100.4,37.7,37.24,-634,35470654,0,4.5,96.8,116,11516,303,2002,0,48.6133333333333,45596,2090.312,21,36,47,1429,233487868.8,442696627.8,20636913.1,0,-0.138486088238282,-0.134997448008454,1.00404385770431,0.582957261451353,-1.50339853153471,1.97633719575369,0.01634344317566,-1.34007083859956,1.00404385770431,-0.112071802552651,3.59546991483772,1.22364693762416,1.3409590599649,0.50370827695973,-0.984426097198368,1.2093329484714,-0.0353610098566422,1.01320928280887,-0.892904075460236,0.224023914840543,0.00914014308184968,1.34259782060632,-1.40978439317836,-0.7455502325292,0.216035608519705,-1.29519980624308,-0.998655411839273,166,5,830
"전라남도영암군",2020,3,53699,5.5866962140822,35.6,92.1,24.90277778,4.09,13,66.5,105.71,26.8,55.31201698,-598,6659567,0,2.2,90.2,154,5473,142,37,0,67.525,9446,1180.506,48,32,193,793,159137893.1,225572075.1,14640281.9,0,-0.138486088238282,0.225093828343807,1.00404385770431,0.582957261451353,-0.299167667553959,-0.151512040662041,0.01634344317566,-0.446690279533185,-0.995079180403383,-0.112071802552651,2.16377913146264,0,0.447253529862769,0.194921442184819,-0.984426097198368,0.645873659308654,-0.732030080527861,-0.986069748447918,-0.916806181124116,0.784766820692505,0.992803578747949,0.452058516634848,-1.40978439317836,-0.7455502325292,-0.585567104973863,-1.29519980624308,-0.998655411839273,167,1,831
"전라남도영암군",2021,8,52937,15.1123033039273,29.5,93.8,24.90277778,4.09,11.9,62.9,108,27.7,55.75,-187,7823417,0,7.3,90.2,154,5473,142,37,800,68.8166666666667,9448,1180.506,46,34,80,861,158912749.6,225491333,14728134.1,0,-0.138486088238282,0.198420400465862,1.00404385770431,0.582957261451353,-0.299167667553959,-0.151394317329459,0.01634344317566,-0.446690279533185,-0.995079180403383,-0.0016224660825509,2.1594437450573,0,0.447253529862769,-0.477792733574809,-0.984426097198368,0.645873659308654,-0.657543450330309,-0.986069748447918,-1.00444723522501,0.47420151898988,1.41702001333842,0.452058516634848,-1.40978439317836,-0.7455502325292,-0.508377257371968,-1.29519980624308,1.00044832999338,167,2,832
"전라남도영암군",2022,3,52395,5.72573718866304,36.2,93.7,27.2355817536339,4.09,10.8,66.6,109.3,28.5,56.15,151,8359826,0,7.8,90.2,154,5472,142,37,0,68.4166666666667,9448,1224.942,46,34,145,919,158726976.4,225391748.8,14808353.2,0,-0.138486088238282,0.198420400465862,1.00404385770431,0.582957261451353,-0.299167667553959,-0.151394317329459,0.01634344317566,-0.446690279533185,-0.995079180403383,-0.112071802552651,2.15586647720034,0,0.447253529862769,0.261090049636586,-0.984426097198368,1.09933988083653,-0.59401073633828,-0.986069748447918,-1.0920882893259,0.793393634628689,1.65784157009283,0.452058516634848,-1.40978439317836,0.690869239414737,-0.476595831459045,-1.29519980624308,1.00044832999338,167,3,833
"전라남도영암군",2023,4,52350,7.64087870105062,47.6,95.2,27.2192443456661,4.09,11.1,63.6,109.6,29.2,56.91,390,8480467,0,5,90.2,154,5472,142,37,600,68.65,9036,1224.86,43,35,126,882,158468217,225238689.1,14925927.7,0,-0.138486088238282,0.158410258648944,1.00404385770431,0.582957261451353,-0.299167667553959,-0.175645323841306,0.01634344317566,-0.446690279533185,-0.995079180403383,-0.029234800200076,2.15088377956521,0,0.447253529862769,1.51829359122015,-0.984426097198368,1.0962962997557,-0.634540226298712,-0.986069748447918,-1.06818618366202,0.534589216543168,1.71341577549769,0.452058516634848,-1.40978439317836,0.96101259792158,-0.4697293148903,-1.29519980624308,-0.998655411839273,167,4,834
"전라남도영암군",2024,1,51391,1.94586600766671,37.8,94.7,27.2192443456661,4.09,12.1,62.3,110.2,30.4,57.09,-463,8480467,0,4.5,94,154,5472,142,37,32,71.025,6908,1224.85,43,35,126,875,157975609,224633610.3,15013860.6,0,-0.138486088238282,0.158410258648944,1.00404385770431,0.582957261451353,-0.299167667553959,-0.300902949708324,0.01634344317566,-0.446690279533185,-0.995079180403383,-0.107653829093847,2.14139806922332,0,0.447253529862769,0.437539669507963,-0.984426097198368,1.0962962997557,-0.642207967642578,-0.986069748447918,-0.988512498115754,0.422440635372776,1.82456418630742,0.452058516634848,-1.40978439317836,-0.7455502325292,-0.4697293148903,-1.29519980624308,-0.998655411839273,167,5,835
"전라남도무안군",2020,3,86132,3.48302605303488,25.9,99.7,21.9819717,3.54,24.8,65.5,100.88,20.4,71.88849673,5337,18920841,0,2.5,98,107,3349,120,71,0,55.9,29102,880.91,16,93,177,813,87620451.3,148511286.6,15058978.8,0,-0.138486088238282,-0.201681017703317,1.00404385770431,0.582957261451353,0.905063196426787,1.00547287195173,0.01634344317566,-1.34007083859956,-0.995079180403383,-0.112071802552651,0.786631912359734,0,0.447253529862769,-0.87480437828541,1.01490923682017,0.0167301595023657,-0.710122248116816,-0.986069748447918,0.0233433083218134,0.698498681330665,0.098058871729631,-0.438480787336626,0.708692154522277,1.70837413952445,-0.0851392999930317,-1.29519980624308,-0.998655411839273,168,1,836
"전라남도무안군",2021,6,91107,6.5856630116237,27.5,100,21.9819717,3.54,20.3,65.5,100.9,19.7,74.2,5493,18371644,0,3.5,98,107,3347,120,71,746,57.14,28938,897.778,16,90,187,877,87012889.1,148180194.7,15220339.2,0,-0.138486088238282,-0.201681017703317,1.00404385770431,0.582957261451353,0.905063196426787,0.995819558680019,0.01634344317566,-1.34007083859956,-0.995079180403383,-0.00907779629428269,0.774932632112799,0,0.447253529862769,-0.698354758414031,1.01490923682017,0.0167301595023657,-0.640017184401473,-0.986069748447918,-0.33518827663638,0.698498681330665,0.101763818756624,-0.438480787336626,0.708692154522277,1.71661017014474,-0.0992556369907088,-1.29519980624308,-0.998655411839273,168,2,837
"전라남도무안군",2022,1,90608,1.10365530637471,27.2,99.9,23.5303696466374,3.54,11.7,63.6,101.3,20.3,74.5,-53,18499167,0,4.6,98,107,3350,120,71,222,56.72,28938,889.224,15,86,36,972,86523903.7,147839966.7,15394180.9,0,-0.138486088238282,-0.21501773164229,1.00404385770431,0.582957261451353,0.905063196426787,0.995819558680019,0.01634344317566,-1.34007083859956,-0.995079180403383,-0.0814221116821986,0.765516678929307,0,0.447253529862769,-0.731439062139915,1.01490923682017,0.359602742165777,-0.535954980449012,-0.986069748447918,-1.02038197233426,0.534589216543168,0.175862759296442,-0.438480787336626,0.708692154522277,-0.7455502325292,-0.0959405773343604,-1.29519980624308,-0.998655411839273,168,3,838
"전라남도무안군",2023,1,90296,1.1074687693807,21.6,100,23.4526315789474,3.54,15.8,66.9,101.3,21,74.6,48,15782332,0,7.1,98,107,3350,120,71,122,55.23,28938,901.88,11,89,95,946,86387412.2,147763382.5,15518825,0,-0.138486088238282,-0.26836458739818,1.00404385770431,0.582957261451353,0.905063196426787,0.995819558680019,0.01634344317566,-1.34007083859956,-0.995079180403383,-0.0952282787409612,0.762888384559077,0,0.447253529862769,-1.34901273168974,1.01490923682017,0.342911390844124,-0.56443516258337,-0.986069748447918,-0.693719861594573,0.819274076437242,0.175862759296442,-0.438480787336626,0.708692154522277,0.367192483846362,-0.172060607171431,-1.29519980624308,1.00044832999338,168,4,839
"전라남도무안군",2024,2,92687,2.1577999072146,31.8,100,23.4526315789474,3.54,14.1,60.7,100.8,21.1,75.79,48,15782332,0,2.3,99.6,107,3350,120,71,234,55.53,28938,902.636,11,89,95,920,86180215.8,147599069,15964096.9,0,-0.138486088238282,-0.26836458739818,1.00404385770431,0.582957261451353,0.905063196426787,0.995819558680019,0.01634344317566,-1.34007083859956,-0.995079180403383,-0.0797653716351471,0.758898589358263,0,0.447253529862769,-0.224146405009703,1.01490923682017,0.342911390844124,-0.592915344717728,-0.986069748447918,-0.829165127023224,0.284411612393832,0.0832390836216674,-0.438480787336626,0.708692154522277,0.367192483846362,-0.172060607171431,-1.29519980624308,-0.998655411839273,168,5,840
"전라남도함평군",2020,2,32050,6.2402496099844,15.3,96,26.02389078,5.91,8.8,60.7,100.46,36.6,26.21216849,-453,4953229,1,2.3,99.3,60,7095,135,62,28,73.96,10224,788.444,41,59,144,742,89067764.9,182479931.2,12175079.1,0,-0.138486088238282,0.131736830770999,1.00404385770431,0.582957261451353,-0.299167667553959,-0.105717664287727,-1.19851916621514,-0.446690279533185,-0.995079180403383,-0.108206075776198,0.814501531983206,0,0.447253529862769,-2.04378310993329,1.01490923682017,0.868687713712246,-0.787895053176024,1.01320928280887,-1.25143566041843,0.284411612393832,0.0202549841628204,1.34259782060632,-1.40978439317836,-0.7455502325292,-0.727429449835704,-0.363491558526281,-0.998655411839273,169,1,841
"전라남도함평군",2021,6,31274,19.1852657159302,27,96.4,26.02389078,5.91,14.5,59,101.2,37.9,26.46,-193,4901370,1,10,99.3,60,7096,134,62,26,73.35,10224,788.444,45,52,327,753,88627462.5,182032366.7,12297235.1,0,-0.138486088238282,0.18508368652689,1.00404385770431,0.582957261451353,-0.299167667553959,-0.105717664287727,-1.19851916621514,-0.446690279533185,-0.995079180403383,-0.108482199117373,0.806023023657642,0,0.447253529862769,-0.753495264623837,1.01490923682017,0.868687713712246,-0.77584574534995,1.01320928280887,-0.797295652804718,0.137755775478703,0.157338024161488,1.34259782060632,-1.40978439317836,-0.7455502325292,-0.732473424673397,-0.363491558526281,1.00044832999338,169,2,842
"전라남도함평군",2022,1,30784,3.24844074844075,26.5,95.7,27.3421292838769,5.91,9.8,58.7,101.9,39.1,26.86,39,4925881,1,7.3,99.3,60,7096,134,62,24,81.76,6280,784.212,50,46,294,812,88526543.1,181857787.9,12359499.2,0,-0.138486088238282,0.251767256221753,1.00404385770431,0.582957261451353,-0.299167667553959,-0.337868076139004,-1.19851916621514,-0.446690279533185,-0.995079180403383,-0.108758322458548,0.804079709305708,0,0.447253529862769,-0.808635770833643,1.01490923682017,1.11914608771446,-0.711217639737368,1.01320928280887,-1.17176197487216,0.111875333670151,0.287011170106172,1.34259782060632,-1.40978439317836,0.309167978932285,-0.730082787860188,-0.363491558526281,1.00044832999338,169,3,843
"전라남도함평군",2023,1,30601,3.26786706316787,26.8,95.8,27.300016225864,5.91,20.3,62.8,102.7,40.3,27.14,181,5278059,1,3.6,99.3,60,7096,134,62,24,82.48,6144,784.196,42,46,105,766,88020399,180967524.3,12427324.2,0,-0.138486088238282,0.145073544709972,1.00404385770431,0.582957261451353,-0.299167667553959,-0.345873262754565,-1.19851916621514,-0.446690279533185,-0.995079180403383,-0.108758322458548,0.794333346429228,0,0.447253529862769,-0.775551467107759,1.01490923682017,1.11132657037873,-0.761605654282771,1.01320928280887,-0.33518827663638,0.465574705053696,0.43520905118581,1.34259782060632,-1.40978439317836,0.742370610019892,-0.69698868707346,-0.363491558526281,-0.998655411839273,169,4,844
"전라남도함평군",2024,0,30010,0,32.7,95.9,27.300016225864,5.91,10.4,58,103.4,41.4,27.31,-105,5278059,1,6.1,97.7,60,7096,134,62,24,83.99,5276,784.128,42,46,105,744,87942414.8,180918927.6,12480777.7,0,-0.138486088238282,0.145073544709972,1.00404385770431,0.582957261451353,-0.299167667553959,-0.396965189095059,-1.19851916621514,-0.446690279533185,-0.995079180403383,-0.108758322458548,0.792831674648737,0,0.447253529862769,-0.124893493832053,1.01490923682017,1.11132657037873,-0.78570426993492,1.01320928280887,-1.1239577635444,0.0514876361168627,0.564882197130495,1.34259782060632,-1.40978439317836,-0.7455502325292,-0.69698868707346,-0.363491558526281,-0.998655411839273,169,5,845
"전라남도영광군",2020,3,53099,5.64982391382135,27.2,96,24.82567149,5.87,13.8,61.3,99.39,29.2,63.4588222,-667,25259285,1,8.6,95.3,140,3440,29,46,1310,52.0083333333333,34680,952.032,29,91,195,815,113123248.4,206656091.7,13995228,0,-0.138486088238282,-0.0283037364966728,1.00404385770431,0.582957261451353,-0.299167667553959,1.33380324652232,0.01634344317566,-1.34007083859956,-0.995079180403383,0.0687889859171382,1.27771639778956,0,0.447253529862769,-0.731439062139915,-0.984426097198368,0.630196641439422,-0.707931464875712,1.01320928280887,-0.853067232687103,0.336172496010935,-0.177959681781195,0.452058516634848,-1.40978439317836,-0.7455502325292,0.0533276504734119,-0.363491558526281,1.00044832999338,170,1,846
"전라남도영광군",2021,4,51985,7.694527267481,17.4,96.2,24.82567149,5.87,11.4,56,99.7,30.1,63.61,-658,24410818,1,8.6,95.3,140,3487,28,46,0,53.2,35684,958.032,26,54,187,899,113022370.4,206800216.4,14152731.2,0,-0.138486088238282,-0.0683138783135907,1.00404385770431,0.582957261451353,-0.299167667553959,1.39290035947837,0.01634344317566,-1.34007083859956,-0.995079180403383,-0.112071802552651,1.27577388064029,0,0.447253529862769,-1.8121929838521,-0.984426097198368,0.630196641439422,-0.615918568749324,1.01320928280887,-1.04428407799814,-0.121048642606818,-0.120533002862835,0.452058516634848,-1.40978439317836,-0.7455502325292,0.0369532301579747,-0.363491558526281,1.00044832999338,170,2,847
"전라남도영광군",2022,2,52197,3.83163783359197,42.6,96.4,26.1266329145572,5.87,13.4,60.1,99.9,30.7,64.32,650,25070755,1,2.5,95.3,140,3488,28,46,0,53.3166666666667,35852,949.334,16,28,57,981,112837734.8,206574274,14247501.4,0,-0.138486088238282,-0.201681017703317,1.00404385770431,0.582957261451353,-0.299167667553959,1.40278911941524,0.01634344317566,-1.34007083859956,-0.995079180403383,-0.112071802552651,1.27221851852599,0,0.447253529862769,0.966888529122097,-0.984426097198368,0.88864259864985,-0.526096455864041,1.01320928280887,-0.88493670690561,0.232650728776727,-0.0834835325929245,0.452058516634848,0.708692154522277,1.1067743521481,0.0497372820531843,-0.363491558526281,-0.998655411839273,170,3,848
"전라남도영광군",2023,1,51750,1.93236714975845,48.7,96.5,26.7981082243105,5.87,12.1,61.7,100,31.5,64.31,-23,27096049,1,4.6,95.3,140,3488,28,46,0,52.825,34452,949.092,29,27,57,968,112704897.9,206395988.2,14363480.2,0,-0.138486088238282,-0.0283037364966728,1.00404385770431,0.582957261451353,-0.299167667553959,1.320382786608,0.01634344317566,-1.34007083859956,-0.995079180403383,-0.112071802552651,1.26966059750945,0,0.447253529862769,1.63960270488173,-0.984426097198368,1.01722645630181,-0.54033654693122,1.01320928280887,-0.988512498115754,0.370679751755672,-0.0649587974579707,1.34259782060632,0.708692154522277,-0.7455502325292,0.0869675343179337,-0.363491558526281,-0.998655411839273,170,4,849
"전라남도영광군",2024,3,52098,5.75837844063112,34.3,96.6,26.7981082243105,5.87,12.1,60.2,100.1,32,64.77,702,27096049,1,4.3,95.3,140,3488,28,46,0,52.75,34158,949.034,29,27,57,932,112591813.6,206496789.5,14546863.7,0,-0.138486088238282,-0.0283037364966728,1.00404385770431,0.582957261451353,-0.299167667553959,1.30307745671847,0.01634344317566,-1.34007083859956,-0.995079180403383,-0.112071802552651,1.26748303459124,0,0.447253529862769,0.0515561260393241,-0.984426097198368,1.01722645630181,-0.579770645271101,1.01320928280887,-0.988512498115754,0.241277542712912,-0.0464340623230169,1.34259782060632,0.708692154522277,1.12874638855218,0.0869675343179337,-0.363491558526281,-0.998655411839273,170,5,850
"전라남도장성군",2020,1,44464,2.24901043540842,40.7,93.4,21.64179104,5.16,14.6,65.5,105.06,30.1,30.39987406,-1017,10179717,1,9,98.1,131,6233,32,78,42,56.2833333333333,7568,1039.74,14,21,480,683,78427595.1,316762126.8,11764215.9,0,-0.138486088238282,-0.228354445581262,1.00404385770431,0.582957261451353,-0.299167667553959,-0.262054249956335,0.01634344317566,-1.34007083859956,-0.995079180403383,-0.106273212387971,0.609613327343135,0,-0.44645200023936,0.757354605524836,1.01490923682017,-0.061690294323916,-0.852523158788606,1.01320928280887,-0.789328284250091,0.698498681330665,0.872392800370744,0.452058516634848,-1.40978439317836,-0.7455502325292,-0.382204760217462,-0.363491558526281,1.00044832999338,171,1,851
"전라남도장성군",2021,11,43365,25.3660786348438,28,93.7,21.64179104,5.16,16.4,60.6,104.9,31.2,30.75,-494,10558190,1,6.3,98.1,131,6240,31,78,66,55.65,8550,1039.74,13,22,443,720,78007131.2,316003696.8,11914284.2,0,-0.138486088238282,-0.241691159520235,1.00404385770431,0.582957261451353,-0.299167667553959,-0.20425209365868,0.01634344317566,-1.34007083859956,-0.995079180403383,-0.102959732293868,0.601516831215136,0,0.447253529862769,-0.643214252204226,1.01490923682017,-0.061690294323916,-0.811993668828174,1.01320928280887,-0.645915650266814,0.275784798457648,0.842753224154817,0.452058516634848,-1.40978439317836,-0.7455502325292,-0.364710242607024,-0.363491558526281,-0.998655411839273,171,2,852
"전라남도장성군",2022,4,43146,9.27084781903305,34.5,93.8,22.5376468045248,5.16,14.8,65.9,105.6,32.2,31.04,403,11664180,1,5.8,98.1,131,6237,31,78,30,59.0166666666667,6502,1036.624,13,23,445,779,77811450.1,315928022.2,12025932.3,0,-0.138486088238282,-0.241691159520235,1.00404385770431,0.582957261451353,-0.299167667553959,-0.324800786222426,0.01634344317566,-1.34007083859956,-0.995079180403383,-0.107929952435023,0.597748775816152,0,0.447253529862769,0.0736123285232466,1.01490923682017,0.142364462736128,-0.747365563215592,1.01320928280887,-0.773393547140838,0.733005937075401,0.972426370099499,1.34259782060632,-1.40978439317836,0.970364219286884,-0.316967918087055,-0.363491558526281,-0.998655411839273,171,3,853
"전라남도장성군",2023,1,42543,2.35056295982888,27,94,23.2623912889769,5.16,14.3,67.9,106,33.2,31.74,-199,12151243,1,4,98.1,131,6237,31,78,40,61.2166666666667,5506,1036.694,14,22,319,781,77635728.6,315905315.2,12144379.3,0,-0.138486088238282,-0.228354445581262,1.00404385770431,0.582957261451353,-0.299167667553959,-0.383427005848154,0.01634344317566,-1.34007083859956,-0.995079180403383,-0.106549335729146,0.594365064528794,0,0.447253529862769,-0.753495264623837,1.01490923682017,0.301839511098616,-0.745174779974488,1.01320928280887,-0.813230389913971,0.905542215799082,1.04652531063932,1.34259782060632,-1.40978439317836,-0.7455502325292,-0.297362722743043,-0.363491558526281,-0.998655411839273,171,4,854
"전라남도장성군",2024,0,42026,0,22,94.1,23.2623912889769,5.16,14,61.7,105.2,34.4,32.1,-120,12151243,1,4.3,99.1,131,6237,31,78,90,61.4083333333333,5252,1036.534,14,22,319,732,77458480.4,315740418.4,12226188.3,0,-0.138486088238282,-0.228354445581262,1.00404385770431,0.582957261451353,-0.299167667553959,-0.39837786908604,0.01634344317566,-1.34007083859956,-0.995079180403383,-0.0996462521997652,0.590951954949125,0,0.447253529862769,-1.30490032672189,1.01490923682017,0.301839511098616,-0.798848969381547,1.01320928280887,-0.83713249557785,0.370679751755672,0.898327429559681,1.34259782060632,-1.40978439317836,-0.7455502325292,-0.297362722743043,-0.363491558526281,-0.998655411839273,171,5,855
"전라남도신안군",2020,4,38938,10.2727412810108,33.3,89.9,24.60289693,5.31,6.6,62.6,114.31,36.7,33.59186399,-902,3793220,0,2.3,94.7,26,9,15,20,20,38.2266666666667,31550,1314.134,0,22,3,853,103127311,325183468.7,11047019.4,0,-0.138486088238282,-0.41506844072688,-0.99507918040338,0.582957261451353,-1.50339853153471,1.14956623103183,-1.19851916621514,-1.34007083859956,-0.995079180403383,-0.109310569140899,1.08523359854133,1.22364693762416,-0.44645200023936,-0.0587248863802871,-0.984426097198368,0.584638430705587,-0.666306583294727,1.01320928280887,-1.42671776862021,0.448321077181328,2.58593080035407,1.34259782060632,-1.40978439317836,-0.7455502325292,-0.855302579519613,-1.29519980624308,-0.998655411839273,172,1,856
"전라남도신안군",2021,1,38217,2.61663657534605,30.4,89.9,24.60289693,5.31,7.4,57.4,115.2,37.7,33.31,-46,4294637,0,4.8,94.7,26,9,21,20,0,36.6933333333333,0,1311.14,0,22,3,897,102686007.7,325109047,11169395.3,0,-0.138486088238282,-0.41506844072688,-0.99507918040338,0.582957261451353,-1.50339853153471,-0.707519340445803,-1.19851916621514,-1.34007083859956,-0.995079180403383,-0.112071802552651,1.07673581678236,1.22364693762416,-0.44645200023936,-0.378539822397159,-0.984426097198368,0.584638430705587,-0.618109351990429,1.01320928280887,-1.3629788201832,-0.000273247500241582,2.75080094305516,1.34259782060632,-1.40978439317836,-0.7455502325292,-0.795803995554192,-1.29519980624308,-0.998655411839273,172,2,857
"전라남도신안군",2022,0,37858,0,41,90.3,25.295121119072,5.31,7.5,59.9,116.2,38.7,33.22,238,3758593,0,7.6,94.7,26,10,21,20,120,36.5133333333333,0,1311.576,0,21,3,916,102569288.3,325094813.2,11282210.3,0,-0.138486088238282,-0.41506844072688,-0.99507918040338,0.582957261451353,-1.50339853153471,-0.707519340445803,-1.19851916621514,-1.34007083859956,-0.995079180403383,-0.0955044020821364,1.07448825600446,1.22364693762416,-0.44645200023936,0.790438909250719,-0.984426097198368,0.724927727594043,-0.597296911199936,1.01320928280887,-1.35501145162857,0.215397100904359,2.93604829440471,1.34259782060632,-1.40978439317836,0.820271018741433,-0.859697493483331,-1.29519980624308,1.00044832999338,172,3,858
"전라남도신안군",2023,1,38037,2.62901911296895,38.8,90.9,25.1642751776854,5.31,7.8,63.1,117.1,39.2,27.73,749,4829754,0,6.9,94.7,26,10,21,20,0,37.36,0,1311.714,0,21,3,898,102438426.8,324982612,11438007.3,0,-0.138486088238282,-0.41506844072688,-0.99507918040338,0.582957261451353,-1.50339853153471,-0.707519340445803,-1.19851916621514,-1.34007083859956,-0.995079180403383,-0.112071802552651,1.07196837349361,1.22364693762416,-0.44645200023936,0.547820681927574,-0.984426097198368,0.698695168983565,-0.617013960369877,1.01320928280887,-1.33110934596469,0.491455146862248,3.1027709106193,1.34259782060632,-1.40978439317836,1.14724996845024,-0.739527475992125,-1.29519980624308,1.00044832999338,172,4,859
"전라남도신안군",2024,0,38173,0,48.2,92.1,25.1642751776854,5.31,8.4,65.4,117.5,40.1,27.92,672,4829754,0,5.7,85,26,10,21,20,0,39.2466666666667,0,1312.558,0,21,3,828,102345357.3,325300234.8,11565098.6,0,-0.138486088238282,-0.41506844072688,-0.99507918040338,0.582957261451353,-0.299167667553959,-0.707519340445803,-1.19851916621514,-1.34007083859956,-0.995079180403383,-0.112071802552651,1.0701762176239,1.22364693762416,-0.44645200023936,1.58446219867192,-0.984426097198368,0.698695168983565,-0.693691373808533,1.01320928280887,-1.28330513463694,0.689871867394481,3.17686985115912,1.34259782060632,-1.40978439317836,1.11627704402117,-0.739527475992125,-1.29519980624308,-0.998655411839273,172,5,860
"경상북도경주시",2020,9,253502,3.55026784798542,26,93.9,22.73480711,4.5,23.9,61.5,100.25,22.6,77.96940458,-862,103980920,1,6.5,92.2,425,398,325,113,70,89.3291666666667,22660,2649.72,238,75,45,2424,158088709.7,884766950.6,33767855.8,0,-0.138486088238282,2.75906947674861,-0.99507918040338,0.582957261451353,-0.299167667553959,0.626286017705801,1.23120605256646,0.446690279533185,1.00404385770431,-0.102407485611518,2.14357594794162,1.22364693762416,1.3409590599649,-0.863776277043448,-0.984426097198368,0.186229311563574,1.05455365259283,-0.986069748447918,-0.0483630086698254,0.353426123883304,-0.0186469596205836,0.452058516634848,0.708692154522277,-0.7455502325292,0.731459936111512,-0.363491558526281,1.00044832999338,173,1,861
"경상북도경주시",2021,15,251889,5.95500398985267,26.3,94,22.73480711,4.5,23.9,59,100.1,23.7,78.17,210,104835384,2,9.5,92.2,425,400,283,113,110,89.8791666666667,21396,2649.72,172,88,110,2601,157259555.3,883704637.8,34199906.6,0,-0.138486088238282,1.87884635677642,-0.99507918040338,0.582957261451353,-0.299167667553959,0.551884871514114,1.23120605256646,0.446690279533185,1.00404385770431,-0.0968850187880127,2.12760966548762,1.22364693762416,1.3409590599649,-0.830691973317565,-0.984426097198368,0.186229311563574,1.24843796943057,-0.986069748447918,-0.0483630086698254,0.137755775478703,-0.0464340623230169,0.452058516634848,0.708692154522277,0.78464404699391,0.735382008404159,-0.363491558526281,1.00044832999338,173,2,862
"경상북도경주시",2022,6,249607,2.40377874017956,28.4,95.5,24.687606084609,4.5,21.8,64.3,100.2,24.8,78.1,-344,106736851,2,9.5,92.2,425,430,320,113,110,90.1375,20454,2649.904,155,87,104,2878,156877228.1,882838307.7,34728014.5,0,-0.138486088238282,1.65212221981388,-0.99507918040338,0.582957261451353,-0.299167667553959,0.496437181868094,1.23120605256646,0.446690279533185,1.00404385770431,-0.0968850187880127,2.12024753357943,1.22364693762416,1.3409590599649,-0.599101847236382,-0.984426097198368,0.602008300687956,1.55186144832354,-0.986069748447918,-0.215677748316982,0.594976914096456,-0.0279093271880605,0.452058516634848,0.708692154522277,-0.7455502325292,0.743996419977081,-0.363491558526281,1.00044832999338,173,3,863
"경상북도경주시",2023,6,247489,2.42435017313901,26.6,95.5,25.0326614408361,4.5,21.2,63.6,100.3,26,78.03,-674,110521098,2,7.9,92.2,425,430,320,113,110,89.4666666666667,20990,2649.896,203,84,92,2940,156394546.3,882307222.9,35392842.5,0,-0.138486088238282,2.29228448888457,-0.99507918040338,0.582957261451353,-0.299167667553959,0.527987035000012,1.23120605256646,0.446690279533185,1.00404385770431,-0.0968850187880127,2.11095296316624,1.22364693762416,1.3409590599649,-0.797607669591681,-0.984426097198368,0.672176000134973,1.61977572879778,-0.986069748447918,-0.263481959644741,0.534589216543168,-0.00938459205310674,0.452058516634848,0.708692154522277,-0.7455502325292,0.760693154114863,-0.363491558526281,1.00044832999338,173,4,864
"경상북도경주시",2024,2,244769,0.817096936295037,34.5,95.9,25.0326614408361,4.5,22.8,61.6,100.4,27.5,77.79,-674,110521098,2,9.8,99.5,425,430,320,113,110,90.6666666666667,20860,2649.866,203,84,92,2926,155763665.8,882089528.7,35929917.7,0,-0.138486088238282,2.29228448888457,-0.99507918040338,0.582957261451353,-0.299167667553959,0.520335018382196,1.23120605256646,0.446690279533185,1.00404385770431,-0.0968850187880127,2.09880466333484,1.22364693762416,1.3409590599649,0.0736123285232466,1.01490923682017,0.672176000134973,1.60444024611005,-0.986069748447918,-0.136004062770717,0.362052937819488,0.00914014308184968,0.452058516634848,0.708692154522277,-0.7455502325292,0.760693154114863,-0.363491558526281,1.00044832999338,173,5,865
"경상북도김천시",2020,2,140548,1.42300139454137,20.2,88.5,23.00738007,5.11,25.5,69.5,100.72,23.1,74.4848735,-199,50195562,2,5.8,93.8,28,389,133,35,0,63.3130434782609,43224,2019.888,92,36,82,1596,112982036.3,694004613.7,19769869.9,0,-0.138486088238282,0.811909241658604,-0.99507918040338,0.582957261451353,-1.50339853153471,1.8367173233117,-1.19851916621514,-1.34007083859956,-0.995079180403383,-0.112071802552651,1.27499720305994,1.22364693762416,1.3409590599649,-1.50340614907719,-0.984426097198368,0.246275847971431,0.14756939077558,1.01320928280887,0.079114888204199,1.04357123877803,0.0684192955137039,0.452058516634848,0.708692154522277,-0.7455502325292,0.382438042277972,-0.363491558526281,-0.998655411839273,174,1,866
"경상북도김천시",2021,9,140239,6.41761564186852,31.1,89.3,23.00738007,5.11,26,66.1,100.5,24,74.87,462,48165510,2,2.1,93.8,28,393,136,35,0,65.1434782608696,42664,2019.888,81,34,711,1710,112492670.5,693488756.3,19931741.9,0,-0.138486088238282,0.665205388329905,-0.99507918040338,0.582957261451353,-1.50339853153471,1.8037547901888,-1.19851916621514,-1.34007083859956,-0.995079180403383,-0.112071802552651,1.2655739248549,1.22364693762416,1.3409590599649,-0.301343113703431,-0.984426097198368,0.246275847971431,0.272444035518535,1.01320928280887,0.118951730977332,0.750259564947768,0.0276648782168035,0.452058516634848,0.708692154522277,1.00933836750491,0.362653346119472,-0.363491558526281,-0.998655411839273,174,2,867
"경상북도김천시",2022,5,139324,3.58875714162671,24.8,89.4,24.3691441053055,5.11,24.9,68.3,100.7,25,74.88,38,54771900,2,7.1,93.8,28,425,138,35,0,64.4391304347826,42744,2019.846,49,36,690,1810,111751634.2,693185400.1,20059521,0,-0.138486088238282,0.23843054228278,-0.99507918040338,0.582957261451353,-1.50339853153471,1.80846372349207,-1.19851916621514,-1.34007083859956,-0.995079180403383,-0.112071802552651,1.25130445360265,1.22364693762416,1.3409590599649,-0.996113491946982,-0.984426097198368,0.536406941486191,0.381983197573758,1.01320928280887,0.0313106768764397,0.940049471543817,0.0647143484867136,0.452058516634848,0.708692154522277,0.301929153839875,0.424252126286698,-0.363491558526281,1.00044832999338,174,3,868
"경상북도김천시",2023,3,137515,2.18158019125186,35.9,89.4,24.7222997488138,5.11,20.5,68.4,100.9,26.1,75.06,-1006,61100910,2,6.9,93.8,28,425,138,35,0,68.4086956521739,36454,2020.108,63,32,566,1787,111373097.5,692977866.1,20166097.8,0,-0.138486088238282,0.425144537428397,-0.99507918040338,0.582957261451353,-1.50339853153471,1.43822384252236,-1.19851916621514,-0.446690279533185,-0.995079180403383,-0.112071802552651,1.24401531195255,1.22364693762416,1.3409590599649,0.228005745910702,-0.984426097198368,0.60910581393512,0.356789190301056,1.01320928280887,-0.319253539527127,0.948676285480002,0.101763818756624,0.452058516634848,0.708692154522277,-0.7455502325292,0.476656856849155,-0.363491558526281,1.00044832999338,174,4,869
"경상북도김천시",2024,3,135446,2.21490483292235,34.2,89.4,24.7222997488138,5.11,24.7,67.3,101.1,27.6,75.25,-1006,61100910,2,8,91.2,28,425,138,35,50,69.9478260869565,33310,2020.148,63,32,566,1760,111094096.5,692809073.4,20305772.8,0,-0.138486088238282,0.425144537428397,-0.99507918040338,0.582957261451353,-1.50339853153471,1.2531627637038,-1.19851916621514,-0.446690279533185,-0.995079180403383,-0.10516871902327,1.23864283998478,1.22364693762416,1.3409590599649,0.0405280247973636,-0.984426097198368,0.60910581393512,0.327213616546146,1.01320928280887,0.0153759397671868,0.853781332181977,0.138813289026531,0.452058516634848,0.708692154522277,-0.7455502325292,0.476656856849155,-0.363491558526281,1.00044832999338,174,5,870
"경상북도안동시",2020,4,158907,2.51719559239052,21.8,93.1,23.52971194,6.27,12.7,63,98.02,24.7,76.88144638,-329,101058038,5,5.9,94.5,267,2648,227,209,408,57.944,16162,3102.132,8,55,84,1900,89768400.8,1063717422.7,22563627.4,0,-0.138486088238282,-0.308374729215098,1.00404385770431,0.582957261451353,-0.299167667553959,0.243802910147587,1.23120605256646,-1.34007083859956,1.00404385770431,-0.0557426409529002,0.82799304897548,1.22364693762416,1.3409590599649,-1.32695652920582,-0.984426097198368,0.359461746181997,0.480568443423458,1.01320928280887,-0.940708286787995,0.482828332926064,-0.431748553130077,0.452058516634848,0.708692154522277,-0.7455502325292,0.717795613020123,0.568216689190515,-0.998655411839273,175,1,871
"경상북도안동시",2021,4,156972,2.54822516117524,24.5,93.2,23.52971194,6.27,13.6,62.3,97.7,25.7,76.94,-698,105831109,5,7.4,94.5,267,2656,225,209,104,58.496,15610,3104.802,10,54,740,2005,89142064.2,1062423593.2,22787288.4,0,-0.138486088238282,-0.281701301337153,1.00404385770431,0.582957261451353,-0.299167667553959,0.211311270355015,1.23120605256646,-1.34007083859956,1.00404385770431,-0.0977133888115384,0.815932246950087,1.22364693762416,1.3409590599649,-1.02919779567287,-0.984426097198368,0.359461746181997,0.595584563581443,1.01320928280887,-0.869001969796356,0.422440635372776,-0.491027705561931,0.452058516634848,0.708692154522277,-0.7455502325292,0.7399123503671,0.568216689190515,1.00044832999338,175,2,872
"경상북도안동시",2022,1,154610,0.646788694133627,30.1,96.2,25.9372349448685,6.27,14.4,63.2,97.8,26.7,76.95,-900,105970213,4,7.5,94.5,267,2674,225,209,48,57.728,15610,3045.3,9,53,659,2261,88681647.9,1060559487.7,23122493.8,0,-0.138486088238282,-0.295038015276126,1.00404385770431,0.582957261451353,-0.299167667553959,0.211311270355015,1.23120605256646,-1.34007083859956,1.00404385770431,-0.105444842364445,0.807066423296218,1.22364693762416,1.3409590599649,-0.411624126123042,-0.984426097198368,0.851798090242861,0.876004818442814,1.01320928280887,-0.805263021359344,0.500081960798432,-0.472502970426978,0.452058516634848,0.708692154522277,-0.7455502325292,0.740541849041155,0.568216689190515,1.00044832999338,175,3,873
"경상북도안동시",2023,4,152935,2.61549024095204,25.3,96.5,26.4997170345218,6.27,13.9,64.9,97.6,27.7,77.06,-444,115335653,4,8.2,94.5,267,2674,225,209,114,58.136,15664,3044.544,10,53,585,2327,88228369.8,1060257869.6,23374333.8,0,-0.138486088238282,-0.281701301337153,1.00404385770431,0.582957261451353,-0.299167667553959,0.214489800334723,1.23120605256646,-1.34007083859956,1.00404385770431,-0.0963327721056622,0.798338053556135,1.22364693762416,1.3409590599649,-0.940972985737176,-0.984426097198368,0.960473963386651,0.948300665399261,1.01320928280887,-0.845099864132477,0.646737797713561,-0.509552440696888,0.452058516634848,0.708692154522277,-0.7455502325292,0.781128061636834,0.568216689190515,1.00044832999338,175,4,874
"경상북도안동시",2024,3,153159,1.95874875129767,32,97.6,26.4997170345218,6.27,14.7,63.9,98.2,28.6,77.29,-444,115335653,4,6.6,96.8,267,2674,225,209,146,58.884,15088,3044.578,10,53,585,2274,87919270.4,1060058911.6,23682909.9,0,-0.138486088238282,-0.281701301337153,1.00404385770431,0.582957261451353,-0.299167667553959,0.18058548055117,1.23120605256646,-1.34007083859956,1.00404385770431,-0.0919147986468581,0.792386003700566,1.22364693762416,1.3409590599649,-0.202090202525781,-0.984426097198368,0.960473963386651,0.890244909509992,1.01320928280887,-0.781360915695465,0.56046965835172,-0.398404029887157,0.452058516634848,0.708692154522277,-0.7455502325292,0.781128061636834,0.568216689190515,1.00044832999338,175,5,875
"경상북도구미시",2020,18,416328,4.32351415230299,23.0333333333333,99.9,20.17100855,2.62,41.3,57.1,105.48,9.6,90.44935724,-4424,109414732,9,5.93333333333333,96.8,676,809,143,83,0,92.5142857142857,12280,1269.198,45,19,782,1343,90158188,340374281.3,24006634.6,0,-0.138486088238282,0.18508368652689,1.00404385770431,0.582957261451353,0.905063196426787,0.015301921606346,1.23120605256646,0.446690279533185,-0.995079180403383,-0.112071802552651,0.835498831411365,1.22364693762416,1.3409590599649,-1.19094328055496,-0.984426097198368,-0.41488440079674,-0.129564689224134,-0.986069748447918,1.33795911983519,-0.0261536893087934,0.950196687937555,-1.3290200913081,0.708692154522277,-0.7455502325292,0.755871563833801,1.49992493690731,-0.998655411839273,176,1,876
"경상북도구미시",2021,12,412581,2.90851978157016,30.2666666666667,99.8,20.17100855,2.62,34,52.2,105.7,10.3,96.92,-4055,113374827,8,8.4,96.8,676,799,135,83,430,94.9307692307692,12280,1230.7,49,19,818,1481,90062273.8,340115724.8,24091708.2,0,-0.138486088238282,0.23843054228278,1.00404385770431,0.582957261451353,0.905063196426787,0.015301921606346,1.23120605256646,0.446690279533185,-0.995079180403383,-0.0527052841999724,0.833651897705713,1.22364693762416,1.3409590599649,-0.39324395738644,-0.984426097198368,-0.41488440079674,0.0215993544120737,-0.986069748447918,0.756341215347453,-0.448867572181811,0.990951105234455,-1.3290200913081,0.708692154522277,-0.7455502325292,0.77291041546064,1.49992493690731,1.00044832999338,176,2,877
"경상북도구미시",2022,9,408110,2.2052877900566,31.1,99.8,22.142399257278,2.62,32.7,58.8,105.9,11.1,96.96,-4337,118340964,8,6.83333333333333,96.8,676,800,140,83,398,94.9576923076923,12156,1230.7,47,19,796,1609,89646989.1,339192764.8,24216007.4,0,-0.138486088238282,0.211757114404835,1.00404385770431,0.582957261451353,0.905063196426787,0.00800307498627548,1.23120605256646,0.446690279533185,-0.995079180403383,-0.0571232576587764,0.8256551327859,1.22364693762416,1.3409590599649,-0.301343113703431,-0.984426097198368,0.0533109468996627,0.161809481842759,-0.986069748447918,0.652765424137308,0.120502147606335,1.02800057550437,-1.3290200913081,0.708692154522277,-0.7455502325292,0.793455757645789,1.49992493690731,1.00044832999338,176,3,878
"경상북도구미시",2023,4,405506,0.986421902511923,29.2666666666667,99.8,22.6303366599031,2.62,30.6,63.3,106.5,11.9,97.01,-2506,125683198,8,8.53333333333333,96.8,676,800,140,83,398,95.65,9512,1230.96,46,17,823,1732,88751317.2,338757033.3,24275261,0,-0.138486088238282,0.198420400465862,1.00404385770431,0.582957261451353,0.905063196426787,-0.147627170686842,1.23120605256646,0.446690279533185,-0.995079180403383,-0.0571232576587764,0.808407982506629,1.22364693762416,1.3409590599649,-0.503524969806052,-0.984426097198368,0.163031976594852,0.296542651170684,-0.986069748447918,0.485450684490151,0.508708774734616,1.13914898631409,-1.3290200913081,0.708692154522277,-0.7455502325292,0.822303398580811,1.49992493690731,1.00044832999338,176,4,879
"경상북도구미시",2024,2,404820,0.494046736821303,31.7,99.8,22.6303366599031,2.62,31.9,61.3,106.8,13,97.07,-736,125683198,2.66666666666667,7.46666666666667,95.1666666666667,676,800,140,83,328,95.8,9166,1231.24,46,17,823,1737,88038797.1,337361073.2,24778564.8,0,-0.138486088238282,0.198420400465862,1.00404385770431,0.582957261451353,0.905063196426787,-0.167993307223491,1.23120605256646,0.446690279533185,-0.995079180403383,-0.0667875745999102,0.794687622136162,1.22364693762416,1.3409590599649,-0.235174506251665,-0.984426097198368,0.163031976594852,0.302019609273445,-0.986069748447918,0.589026475700296,0.336172496010935,1.19472319171896,-1.3290200913081,0.708692154522277,-0.7455502325292,0.822303398580811,0.568216689190515,1.00044832999338,176,5,880
"경상북도영주시",2020,4,103119,3.87901356684995,34.6,89.6,22.40460456,6.48,18.7,65,98.12,27.3,79.79518808,-1267,36215710,0,5.1,98.3,132,340,77,223,300,72.24,10306,1338.86,20,39,144,1291,70912802.1,432059245.2,14746081.8,0,-0.138486088238282,-0.148334161947427,-0.99507918040338,0.582957261451353,-1.50339853153471,-0.100891007651874,0.01634344317566,-0.446690279533185,1.00404385770431,-0.0706533013763638,0.464907699993864,1.22364693762416,0.447253529862769,0.0846404297652079,1.01490923682017,0.11255668529819,-0.18652505349285,1.01320928280887,-0.462666173510404,0.655364611649745,-0.413223817995121,0.452058516634848,0.708692154522277,-0.7455502325292,0.225997729208808,-1.29519980624308,-0.998655411839273,177,1,881
"경상북도영주시",2021,4,101942,3.92379980773381,29.1,90.3,22.40460456,6.48,17.4,62.8,98.5,28.3,80.12,-181,34280154,0,5.4,98.3,132,342,73,223,300,72.49,10512,1338.86,20,39,611,1368,70576161.6,431836895.8,14918291.6,0,-0.138486088238282,-0.148334161947427,-0.99507918040338,0.582957261451353,-1.50339853153471,-0.0887655043959504,0.01634344317566,-0.446690279533185,1.00404385770431,-0.0706533013763638,0.458425315882463,1.22364693762416,0.447253529862769,-0.521905138542654,1.01490923682017,0.11255668529819,-0.102179898710328,1.01320928280887,-0.566241964720549,0.465574705053696,-0.342829824482293,0.452058516634848,0.708692154522277,-0.7455502325292,0.199674748422464,-1.29519980624308,-0.998655411839273,177,2,882
"경상북도영주시",2022,4,100749,3.9702627321363,32,90.7,24.601734220609,6.48,18.2,63.8,98.2,29.5,80.3,-44,36019779,0,9.8,98.3,132,352,74,223,300,72.615,10512,1340.48,20,37,554,1554,70106227.2,431651983.3,15027606,0,-0.138486088238282,-0.148334161947427,-0.99507918040338,0.582957261451353,-1.50339853153471,-0.0887655043959504,0.01634344317566,-0.446690279533185,1.00404385770431,-0.0706533013763638,0.449376210715494,1.22364693762416,0.447253529862769,-0.202090202525781,1.01490923682017,0.58439961398973,0.101562942712387,1.01320928280887,-0.502503016283537,0.551842844415536,-0.398404029887157,0.452058516634848,0.708692154522277,-0.7455502325292,0.223397944408531,-1.29519980624308,1.00044832999338,177,3,883
"경상북도영주시",2023,4,100199,3.99205580894021,32.2,91.6,24.9786563341433,6.48,17,66.8,98.5,30.4,80.55,404,36593128,0,11,98.3,132,352,74,223,300,72.505,10506,1340.334,20,38,475,1631,69626939.4,430180531,15161868.2,0,-0.138486088238282,-0.148334161947427,-0.99507918040338,0.582957261451353,-0.299167667553959,-0.0891186743936957,0.01634344317566,-0.446690279533185,1.00404385770431,-0.0706533013763638,0.440146995515574,1.22364693762416,0.447253529862769,-0.180034000041859,1.01490923682017,0.661255565827013,0.185908097494908,1.01320928280887,-0.598111438939055,0.810647262501057,-0.342829824482293,0.452058516634848,0.708692154522277,0.971071063450878,0.230966239529974,-1.29519980624308,1.00044832999338,177,4,884
"경상북도영주시",2024,3,98870,3.03428744816426,33.4,92,24.9786563341433,6.48,20.2,64.8,98.8,31.9,80.63,-473,36593128,0,6.6,94.5,132,352,74,223,110,72.655,10386,1340.346,20,38,475,1617,69277714.1,430013617.2,15254491.6,0,-0.138486088238282,-0.148334161947427,-0.99507918040338,0.582957261451353,-0.299167667553959,-0.0961820743486027,0.01634344317566,-0.446690279533185,1.00404385770431,-0.0968850187880127,0.43342227720028,1.22364693762416,0.447253529862769,-0.0476967851383258,-0.984426097198368,0.661255565827013,0.170572614807177,1.01320928280887,-0.343155645191006,0.638110983777376,-0.287255619077429,1.34259782060632,0.708692154522277,-0.7455502325292,0.230966239529974,-1.29519980624308,1.00044832999338,177,5,885
"경상북도영천시",2020,5,102015,4.90124001372347,16.5,95.8,23.67081154,6.58,18.5,67.5,103.2,28.3,65.08650689,155,25841199,1,6.7,96.5,316,766,235,329,1344,59.2470588235294,26122,1838.6,54,92,456,1397,91349177.9,623219361.8,16540867,0,-0.138486088238282,0.305114111977643,1.00404385770431,0.582957261451353,-0.299167667553959,0.830065106404868,1.23120605256646,-1.34007083859956,1.00404385770431,0.0734830827171175,0.858432655489573,1.22364693762416,0.447253529862769,-1.91144589502975,-0.984426097198368,0.389623739068945,-0.0704135417143136,1.01320928280887,-0.478600910619657,0.871034960054345,0.527832726860584,0.452058516634848,0.708692154522277,0.698296106814954,0.0642429676134475,-0.363491558526281,1.00044832999338,178,1,886
"경상북도영천시",2021,6,101888,5.88881909547739,20.8,97.1,23.67081154,6.58,17,65.5,103.2,29.4,65.68,844,25834778,1,6.7,96.5,316,770,236,329,20392,59.1647058823529,26590,1838.6,54,85,469,1441,91053374.6,623028347.8,16655292.7,0,-0.138486088238282,0.305114111977643,1.00404385770431,0.582957261451353,-0.299167667553959,0.857612366229005,1.23120605256646,-1.34007083859956,1.00404385770431,2.70328178407021,0.852736636703895,1.22364693762416,0.447253529862769,-1.43723754162543,-0.984426097198368,0.389623739068945,-0.0222163104100155,1.01320928280887,-0.598111438939055,0.698498681330665,0.527832726860584,0.452058516634848,0.708692154522277,1.18134956521721,0.0641238714508164,-0.363491558526281,1.00044832999338,178,2,887
"경상북도영천시",2022,0,101088,0,21.1,97.3,25.645511387566,6.58,15.9,67,103.5,30.5,65.73,129,26341638,1,7.5,96.5,316,771,235,329,2478,61.1176470588235,23338,1838.46,46,86,77,1542,90603440.3,622857720.6,16762045,0,-0.138486088238282,0.198420400465862,1.00404385770431,0.582957261451353,-0.299167667553959,0.666194227451026,1.23120605256646,-1.34007083859956,1.00404385770431,0.230045017163485,0.84407265552072,1.22364693762416,0.447253529862769,-1.40415323789954,-0.984426097198368,0.794537791947495,0.0884182432657598,1.01320928280887,-0.685752493039947,0.827900890373425,0.583406932265448,0.452058516634848,0.708692154522277,0.646167033830978,0.0734351909674737,-0.363491558526281,1.00044832999338,178,3,888
"경상북도영천시",2023,4,100212,3.99153793956812,22.6,98,26.2632936882512,6.58,15.1,64.6,104.2,31.7,65.43,-46,30088040,1,7.6,96.5,316,771,235,329,780,61.7470588235294,22588,1838.452,43,82,474,1588,90427651.8,622717637.2,16872213.7,0,-0.138486088238282,0.158410258648944,1.00404385770431,0.582957261451353,-0.299167667553959,0.622047977732857,1.23120605256646,-1.34007083859956,1.00404385770431,-0.00438369949430341,0.840687654074467,1.22364693762416,0.447253529862769,-1.23873171927013,-0.984426097198368,0.915068456824872,0.138806257811162,1.01320928280887,-0.749491441476959,0.620857355905008,0.713080078210133,1.34259782060632,0.708692154522277,-0.7455502325292,0.137163134274712,-0.363491558526281,1.00044832999338,178,4,889
"경상북도영천시",2024,3,98143,3.05676410951367,29.5,98.5,26.2632936882512,6.58,14.9,64.2,104.8,33.6,65.13,-46,30088040,1,9,96.1,316,771,235,329,3466,64.9705882352941,18498,1838.41,43,82,474,1546,90246638.6,622469464.6,16968714.4,0,-0.138486088238282,0.158410258648944,1.00404385770431,0.582957261451353,-0.299167667553959,0.38130376260311,1.23120605256646,-1.34007083859956,1.00404385770431,0.366449947704059,0.837202045267345,1.22364693762416,0.447253529862769,-0.477792733574809,-0.984426097198368,0.915068456824872,0.0927998097479687,1.01320928280887,-0.765426178586212,0.586350100160273,0.824228489019861,1.34259782060632,0.708692154522277,-0.7455502325292,0.137163134274712,-0.363491558526281,1.00044832999338,178,5,890
"경상북도상주시",2020,4,97228,4.11404122269305,20.3,75.5,25.05907062,5,15.1,68.8,96.05,31.3,61.08631258,-2604,37965989,0,2.3,99.7,110,4698,185,154,896,56.288,1374,2511.754,63,58,803,1779,178224728.8,828191310.1,22319021.1,0,-0.138486088238282,0.425144537428397,1.00404385770431,0.582957261451353,-1.50339853153471,-0.626643410962118,0.01634344317566,-1.34007083859956,1.00404385770431,0.0116314542938612,2.53131720391267,1.22364693762416,1.3409590599649,-1.49237804783523,1.01490923682017,0.67750798521627,0.348026057336638,-0.986069748447918,-0.749491441476959,0.983183541224737,-0.796685835288687,1.34259782060632,-1.40978439317836,-0.7455502325292,0.248616808024222,-1.29519980624308,-0.998655411839273,179,1,891
"경상북도상주시",2021,2,95566,2.09279450850721,18.9,79.2,25.05907062,5,15,66,96.2,32.6,61.28,-403,35429806,0,2.9,99.7,110,4708,189,154,114,56.832,1302,2517.404,59,55,800,1844,177905221.6,827777125.8,22480722.2,0,-0.138486088238282,0.371797681672507,1.00404385770431,0.582957261451353,-1.50339853153471,-0.630881450935062,0.01634344317566,-1.34007083859956,1.00404385770431,-0.0963327721056622,2.52516474038924,1.22364693762416,1.3409590599649,-1.64677146522269,1.01490923682017,0.67750798521627,0.419226512672533,-0.986069748447918,-0.757458810031585,0.741632751011585,-0.768898732586254,1.34259782060632,-1.40978439317836,-0.7455502325292,0.215483396837909,-1.29519980624308,-0.998655411839273,179,2,892
"경상북도상주시",2022,2,94823,2.10919291733018,16.1,79.1,26.2381355135796,5,15.1,67.3,96.9,33.7,61.32,510,35979186,0,2,99.7,110,4810,191,154,14,62.312,1302,2509.368,56,47,754,1968,177272548.2,827130682.7,22637832.4,0,-0.138486088238282,0.331787539855589,1.00404385770431,0.582957261451353,-1.50339853153471,-0.630881450935062,0.01634344317566,-1.34007083859956,1.00404385770431,-0.110138939164425,2.51298191629093,1.22364693762416,1.3409590599649,-1.9555582999976,1.01490923682017,0.910213626551115,0.55505507362101,-0.986069748447918,-0.749491441476959,0.853781332181977,-0.63922558664157,1.34259782060632,-1.40978439317836,1.03754207558537,0.222857552623085,-1.29519980624308,-0.998655411839273,179,3,893
"경상북도상주시",2023,2,93858,2.1308785612308,22,79.6,26.3580567345568,5,14.8,65.9,96.8,34.9,58.83,10,37451524,0,1.7,99.7,110,4810,191,154,2,63.652,1302,2509.412,51,55,699,1960,176920808.2,826940363.5,22753056.8,0,-0.138486088238282,0.265103970160725,1.00404385770431,0.582957261451353,-1.50339853153471,-0.630881450935062,0.01634344317566,-1.34007083859956,1.00404385770431,-0.111795679211476,2.50620877465365,1.22364693762416,1.3409590599649,-1.30490032672189,1.01490923682017,0.933314966404796,0.546291940656592,-0.986069748447918,-0.773393547140838,0.733005937075401,-0.657750321776526,1.34259782060632,-1.40978439317836,-0.0599480476767449,0.242078367737803,-1.29519980624308,-0.998655411839273,179,4,894
"경상북도상주시",2024,4,91850,4.35492651061513,21.7,81.3,26.3580567345568,5,16.9,65.9,97.4,36.6,58.95,-885,37451524,0,2.3,99,110,4810,191,154,28,65.684,572,2509.394,51,55,699,1843,176582362.1,826571410.9,22906927.1,0,-0.138486088238282,0.265103970160725,1.00404385770431,0.582957261451353,-1.50339853153471,-0.673850467327413,0.01634344317566,-1.34007083859956,1.00404385770431,-0.108206075776198,2.49969162172284,1.22364693762416,1.3409590599649,-1.33798463044778,1.01490923682017,0.933314966404796,0.418131121051981,-0.986069748447918,-0.606078807493682,0.733005937075401,-0.546601910966795,1.34259782060632,-1.40978439317836,-0.7455502325292,0.242078367737803,-1.29519980624308,-0.998655411839273,179,5,895
"경상북도문경시",2020,4,71406,5.60177015937036,25.9,94.3,25.34722222,4.37,16.2,70.8,96.14,30.2,73.67728202,-302,17353174,2,7.5,97.3,97,1828,110,71,0,69.56,8074,1763.264,24,21,30,1145,65351867.6,701531763.9,14512498.3,0,-0.138486088238282,-0.094987306191536,1.00404385770431,0.582957261451353,-0.299167667553959,-0.232270246813144,0.01634344317566,-0.446690279533185,-0.995079180403383,-0.112071802552651,0.357825772990591,1.22364693762416,0.447253529862769,-0.87480437828541,1.01490923682017,0.735336861903319,-0.346452230093476,-0.986069748447918,-0.661850387376067,1.15571981994842,-0.780013573667227,0.452058516634848,0.708692154522277,-0.7455502325292,-0.126588158587879,-0.363491558526281,1.00044832999338,180,1,896
"경상북도문경시",2021,4,71154,5.62160946679034,34.6,90.8,25.34722222,4.37,17,68.2,96.4,31.4,73.41,337,17628992,2,9.3,97.3,97,1831,119,71,234,70.3666666666667,8230,1763.264,21,22,392,1192,65093769.5,701002280.5,14584561.5,0,-0.138486088238282,-0.134997448008454,1.00404385770431,0.582957261451353,-1.50339853153471,-0.223087826871765,0.01634344317566,-0.446690279533185,-0.995079180403383,-0.0797653716351471,0.352855809416325,1.22364693762416,0.447253529862769,0.0846404297652079,1.01490923682017,0.735336861903319,-0.294968823927521,-0.986069748447918,-0.598111438939055,0.931422657607634,-0.731849262316344,1.34259782060632,0.708692154522277,0.919365259705883,-0.119030823258732,-0.363491558526281,1.00044832999338,180,2,897
"경상북도문경시",2022,1,70373,1.42099953107015,37.9,94.1,26.1687147417676,4.37,14.9,71,96.6,32.5,73.48,305,18645511,2,6.4,97.3,97,1839,117,71,38,71.6466666666667,8092,1824.042,25,21,453,1293,64836928.9,700639852.2,14691905.2,0,-0.138486088238282,-0.0816505922525634,1.00404385770431,0.582957261451353,-0.299167667553959,-0.231210736819908,0.01634344317566,-0.446690279533185,-0.995079180403383,-0.106825459070322,0.347910060391466,1.22364693762416,0.447253529862769,0.448567770749924,1.01490923682017,0.896794048125017,-0.184334270251746,-0.986069748447918,-0.765426178586212,1.17297344782079,-0.694799792046436,1.34259782060632,0.708692154522277,0.890927596841573,-0.0921642958730511,-0.363491558526281,-0.998655411839273,180,3,898
"경상북도문경시",2023,2,68755,2.90887935422878,35.9,92,26.3533738133926,4.37,13,71.7,96.6,34,73.57,-858,18805463,2,4.5,97.3,97,1839,117,71,38,75.2533333333333,6634,1824.108,18,21,327,1340,64762525.7,700560504.2,14757496.7,0,-0.138486088238282,-0.175007589825372,1.00404385770431,0.582957261451353,-0.299167667553959,-0.317031046272028,0.01634344317566,-0.446690279533185,-0.995079180403383,-0.106825459070322,0.346477344715493,1.22364693762416,0.447253529862769,0.228005745910702,1.01490923682017,0.93241476111479,-0.132850864085791,-0.986069748447918,-0.916806181124116,1.23336114537407,-0.694799792046436,1.34259782060632,0.708692154522277,-0.7455502325292,-0.0880706244185717,-0.363491558526281,-0.998655411839273,180,4,899
"경상북도문경시",2024,2,67257,2.97366816836909,33.7,91.6,26.3533738133926,4.37,19.1,71,96.6,35.8,73.63,-746,18805463,1,5.7,99,97,1839,117,71,38,76.0266666666667,6634,1824.14,18,21,327,1304,64667873.7,700339969,14858367.9,0,-0.138486088238282,-0.175007589825372,1.00404385770431,0.582957261451353,-0.299167667553959,-0.317031046272028,0.01634344317566,-0.446690279533185,-0.995079180403383,-0.106825459070322,0.344654716062932,1.22364693762416,0.447253529862769,-0.014612481412442,1.01490923682017,0.93241476111479,-0.172284962425671,-0.986069748447918,-0.430796699291898,1.17297344782079,-0.694799792046436,1.34259782060632,0.708692154522277,-0.7455502325292,-0.0880706244185717,-0.363491558526281,-0.998655411839273,180,5,900
"경상북도경산시",2020,10,263728,3.79178547594491,22.9,99.3,19.66621055,4.28,29.4,62.7,101.44,16.9,91.77827155,841,45414195,1,10,90,529,951,4,150,562,81.3125,18928,823.52,66,30,344,1624,54561418.1,226479539.4,17600619.6,0,-0.138486088238282,0.465154679245315,1.00404385770431,0.582957261451353,0.905063196426787,0.406614279108194,1.23120605256646,-0.446690279533185,1.00404385770431,-0.0344811436824058,0.150043766982159,0,0.447253529862769,-1.20564741554424,-0.984426097198368,-0.541789384077529,0.178240356151043,-0.986069748447918,0.389842261834633,0.456947891117512,0.201797388485378,-0.438480787336626,0.708692154522277,1.18033266437509,0.334465127797484,-0.363491558526281,1.00044832999338,181,1,901
"경상북도경산시",2021,7,268369,2.60834895237527,20.8,99.3,19.66621055,4.28,28.3,60.3,101.1,17.7,92.14,5148,47055275,1,5.1,90,529,855,4,150,9272,81.81875,15570,823.52,63,30,409,1755,53861672.1,226233840.6,18159823.8,0,-0.138486088238282,0.425144537428397,1.00404385770431,0.582957261451353,0.905063196426787,0.20895680370338,1.23120605256646,-0.446690279533185,1.00404385770431,1.16803600713581,0.136569385995864,0,1.3409590599649,-1.43723754162543,-0.984426097198368,-0.541789384077529,0.321736658443385,-0.986069748447918,0.302201207733741,0.249904356649095,0.138813289026531,-0.438480787336626,0.708692154522277,1.69806720445806,0.351477339807961,-0.363491558526281,-0.998655411839273,181,2,902
"경상북도경산시",2022,4,267725,1.49407040806798,23.6,99.2,21.5041435352804,4.28,25.8,60.5,101.3,18.6,92.24,326,49037707,1,7,90,529,336,4,150,534,82.50625,15736,823.744,54,28,364,1944,53315854.1,224106705.6,18702398.6,0,-0.138486088238282,0.305114111977643,-0.99507918040338,0.582957261451353,0.905063196426787,0.218727840307668,1.23120605256646,-0.446690279533185,1.00404385770431,-0.0383468704588593,0.126059058418174,0,1.3409590599649,-1.12845070685051,-0.984426097198368,-0.0937569615069472,0.528765674727756,-0.986069748447918,0.103016993868079,0.267157984521463,0.175862759296442,-0.438480787336626,0.708692154522277,0.909905444958863,0.371253959123327,-0.363491558526281,1.00044832999338,181,3,903
"경상북도경산시",2023,5,266205,1.87825172329596,25.6,99.3,23.0986782615388,4.28,24.9,60.6,101.1,19.5,92.35,-759,56128220,1,12.8,90,529,336,4,150,180,86.49375,15194,823.756,60,28,322,2070,53185112.2,224003836.3,18814204,0,-0.138486088238282,0.385134395611479,-0.99507918040338,0.582957261451353,0.905063196426787,0.186824817178004,1.23120605256646,-0.446690279533185,1.00404385770431,-0.0872207018468789,0.123541478937231,0,1.3409590599649,-0.907888682011293,-0.984426097198368,0.266236085558642,0.666785018917337,-0.986069748447918,0.0313106768764397,0.275784798457648,0.138813289026531,-0.438480787336626,0.708692154522277,-0.7455502325292,0.435975041013106,-0.363491558526281,1.00044832999338,181,4,904
"경상북도경산시",2024,4,266398,1.50151277411993,31.1,99.4,23.0986782615388,4.28,27.4,58.2,101,20.7,92.54,862,56128220,1,9.5,93.5,529,336,4,150,260,86.5375,15712,823.752,60,28,322,2151,52994108.6,223613224.3,19121765.7,0,-0.138486088238282,0.385134395611479,-0.99507918040338,0.582957261451353,0.905063196426787,0.217315160316686,1.23120605256646,-0.446690279533185,1.00404385770431,-0.0761757681998688,0.119863493959605,0,1.3409590599649,-0.301343113703431,-0.984426097198368,0.266236085558642,0.755511740182068,-0.986069748447918,0.230494890742103,0.068741263989231,0.120288553891578,-0.438480787336626,0.708692154522277,1.18737616975958,0.435975041013106,-0.363491558526281,1.00044832999338,181,5,905
"대구시군위군",2020,0,23256,0,39.5,87.7,24.53229046,4.82,13.6,71.3,104.65,40.7,35.22961816,-297,10179,0,6.5,91.8,59,1014,355,46,0,37.0333333333333,12276,1227.8,13,43,17,507,41460229.3,460848190.3,7061259,0,-0.138486088238282,-0.241691159520235,1.00404385770431,0.582957261451353,-1.50339853153471,0.0150664749411825,-1.19851916621514,-1.34007083859956,-0.995079180403383,-0.112071802552651,-0.102234072783387,1.22364693762416,-1.34015753034149,0.625017390621302,-0.984426097198368,0.570116388084428,-1.0453120840058,-0.986069748447918,-0.869001969796356,1.19885388962934,0.79644138631743,1.34259782060632,-1.40978439317836,-0.7455502325292,-3.69266987309713,-1.29519980624308,1.00044832999338,182,1,906
"대구시군위군",2021,1,22945,4.35824798431031,37.1,92,24.53229046,4.82,12.4,66.4,105.2,42.4,35.57,87,10179,0,3,91.8,59,920,328,46,56,42.2777777777778,10708,1229.12,14,43,21,535,41390195.3,460552398.3,7117901.1,0,-0.138486088238282,-0.228354445581262,1.00404385770431,0.582957261451353,-0.299167667553959,-0.0772286178029356,-1.19851916621514,-1.34007083859956,-0.995079180403383,-0.104340348999744,-0.10358265469453,1.22364693762416,-1.34015753034149,0.360342960814236,-0.984426097198368,0.570116388084428,-1.01464111863034,-0.986069748447918,-0.964610392451875,0.776140006756321,0.898327429559681,1.34259782060632,-1.40978439317836,0.534602381785873,-3.69266987309713,-1.29519980624308,-0.998655411839273,182,2,907
"대구시군위군",2022,0,23340,0,32.8,92.7,25.7228017883756,4.82,9.7,70,105.3,43.1,35.45,771,10179,0,4.5,91.8,59,1018,353,46,54,42.4222222222222,10868,1228.628,10,44,22,556,41329908.2,460457401.4,7180306.6,0,-0.138486088238282,-0.281701301337153,1.00404385770431,0.582957261451353,-0.299167667553959,-0.067810751196393,-1.19851916621514,-1.34007083859956,-0.995079180403383,-0.10461647234092,-0.104743549296226,1.22364693762416,-1.34015753034149,-0.113865392590093,-0.984426097198368,0.809769379474107,-0.991637894598739,-0.986069748447918,-1.17972934342679,1.08670530845895,0.916852164694635,1.34259782060632,-1.40978439317836,1.15551625117395,-3.69266987309713,-1.29519980624308,-0.998655411839273,182,3,908
"대구시군위군",2023,0,22988,0,32.8,92.7,25.7228017883756,4.82,10.4,70.3,105.3,43.1,35.1,0,10179,0,4.5,91.8,59,1018,353,46,30,50,5423,614.335,14,44,26,544,40655564.2,459098745.4,7214039.5,0,-0.138486088238282,-0.228354445581262,1.00404385770431,0.582957261451353,-0.299167667553959,-0.388312524150298,-1.19851916621514,-1.34007083859956,-0.995079180403383,-0.107929952435023,-0.117728786756422,1.22364693762416,-1.34015753034149,-0.113865392590093,-0.984426097198368,0.809769379474107,-1.00478259404537,-0.986069748447918,-1.1239577635444,1.1125857502675,0.916852164694635,1.34259782060632,-1.40978439317836,-0.7455502325292,-3.69266987309713,-1.29519980624308,-0.998655411839273,182,4,909
"대구시군위군",2024,1,22463,4.45176512487201,33.1,92.7,25.7228017883756,4.82,10,63.7,107,47.3,35.1,0,10179,0,4.5,95.7,59,1018,353,46,10,50,5403,614.34,14,44,26,518,40608852.9,459007263.5,7273018.2,0,-0.138486088238282,-0.228354445581262,1.00404385770431,0.582957261451353,-0.299167667553959,-0.389489757476116,-1.19851916621514,-1.34007083859956,-0.995079180403383,-0.110691185846775,-0.118628264356244,1.22364693762416,-1.34015753034149,-0.0807810888642089,-0.984426097198368,0.809769379474107,-1.03326277617972,-0.986069748447918,-1.15582723776291,0.543216030479353,1.23177266198887,1.34259782060632,-1.40978439317836,-0.7455502325292,-3.69266987309713,-1.29519980624308,-0.998655411839273,182,5,910
"경상북도의성군",2020,0,51724,0,23.2,93.6,26.36185865,5.94,11.5,61.8,95.49,41.5,25.99760266,-185,14745682,0,11.7,85.8,61,1279,464,182,0,29.2473684210526,11590,2349.36,9,42,60,1357,133007301.7,826089343.9,14624890.3,0,-0.138486088238282,-0.295038015276126,1.00404385770431,0.582957261451353,-0.299167667553959,-0.0253126281343692,-1.19851916621514,-1.34007083859956,1.00404385770431,-0.112071802552651,1.66060577438621,1.22364693762416,0.447253529862769,-1.17256311181836,-0.984426097198368,0.934045701255948,-0.114229206536403,1.01320928280887,-1.03631670944351,0.379306565691855,-0.900424352044435,1.34259782060632,-1.40978439317836,-0.7455502325292,-0.204620606898091,-1.29519980624308,1.00044832999338,183,1,911
"경상북도의성군",2021,1,50632,1.97503555063991,18.2,95.2,26.36185865,5.94,15.9,59.8,96,43.2,25.62,-62,15369759,0,7.2,85.8,61,1284,464,182,20264,33.5526315789474,11590,2351.32,10,41,61,1368,132753850,825555013,14737388.2,0,-0.138486088238282,-0.281701301337153,1.00404385770431,0.582957261451353,-0.299167667553959,-0.0253126281343692,-1.19851916621514,-1.34007083859956,1.00404385770431,2.685609890235,1.6557252823685,1.22364693762416,0.447253529862769,-1.72396817391642,-0.984426097198368,0.934045701255948,-0.102179898710328,1.01320928280887,-0.685752493039947,0.206770286968175,-0.805948202856164,1.34259782060632,-1.40978439317836,-0.7455502325292,-0.184755316907992,-1.29519980624308,1.00044832999338,183,2,912
"경상북도의성군",2022,0,50186,0,23.8,96.6,28.0106244091298,5.94,14,62.6,97,44.3,25.53,561,13961636,0,7.7,85.8,61,1296,462,182,5368,34.1263157894737,11590,2349.252,14,41,446,1441,132426987,825130926.8,14811894.1,0,-0.138486088238282,-0.228354445581262,1.00404385770431,0.582957261451353,-0.299167667553959,-0.0253126281343692,-1.19851916621514,-1.34007083859956,1.00404385770431,0.629043245161723,1.64943117480329,1.22364693762416,0.447253529862769,-1.10639450436659,-0.984426097198368,1.24173929926817,-0.0222163104100155,1.01320928280887,-0.83713249557785,0.448321077181328,-0.620700851506616,1.34259782060632,-1.40978439317836,1.06474213133146,-0.23080489203977,-1.29519980624308,1.00044832999338,183,3,913
"경상북도의성군",2023,3,50086,5.98969771992174,45.7,98.6,28.0816793557189,5.94,9.3,63.6,98.1,45.4,25.31,774,14165907,0,8.8,85.8,61,1296,462,182,2688,39.0947368421053,11516,2349.188,7,46,402,1439,132165743.3,824777918.9,14838492.2,0,-0.138486088238282,-0.321711443154071,1.00404385770431,0.582957261451353,-0.299167667553959,-0.0296683914398952,-1.19851916621514,-1.34007083859956,1.00404385770431,0.259037967986887,1.64440063923171,1.22364693762416,0.447253529862769,1.30875966762289,-0.984426097198368,1.25460337884161,-0.0244070936511199,1.01320928280887,-1.2115988176453,0.534589216543168,-0.416928765022114,1.34259782060632,-1.40978439317836,1.15662517946274,-0.223843977027391,-1.29519980624308,1.00044832999338,183,4,914
"경상북도의성군",2024,2,48690,4.10761963442185,51.5,99,28.0816793557189,5.94,14.1,61.2,99.2,47.5,25.25,-508,14165907,0,8.1,96.6,61,1296,462,182,612,40.0789473684211,9300,2349.154,7,46,402,1331,131988894.7,824598249.5,14982373.3,0,-0.138486088238282,-0.321711443154071,1.00404385770431,0.582957261451353,0.905063196426787,-0.160105843940511,-1.19851916621514,-1.34007083859956,1.00404385770431,-0.0275780601530245,1.64099522439077,1.22364693762416,0.447253529862769,1.94838953965664,-0.984426097198368,1.25460337884161,-0.142709388670761,1.01320928280887,-0.829165127023224,0.327545682074752,-0.213156678537609,1.34259782060632,-1.40978439317836,-0.7455502325292,-0.223843977027391,-1.29519980624308,1.00044832999338,183,5,915
"경상북도청송군",2020,1,25044,3.99297236863121,15,75.4,25.07994031,5.39,10.9,73.5,99.36,37.5,20.74748443,-48,903576,0,2.4,99.2,19,245,51,52,700,41.2888888888889,14434,1693.436,7,8,153,509,27602923.9,687381523.4,7206708.2,0,-0.138486088238282,-0.321711443154071,-0.99507918040338,0.582957261451353,-1.50339853153471,0.142089950796927,-1.19851916621514,-1.34007083859956,-0.995079180403383,-0.0154286331413135,-0.369071771609881,1.22364693762416,-1.34015753034149,-2.07686741365917,1.01490923682017,0.681717732412894,-1.04312130076469,1.01320928280887,-1.08412092077127,1.38864379622539,-0.183517102321682,1.34259782060632,-1.40978439317836,-0.7455502325292,-1.54282601808423,-1.29519980624308,-0.998655411839273,184,1,916
"경상북도청송군",2021,0,24539,0,20.3,77.3,25.07994031,5.39,13.2,69.1,99.9,38.8,20.82,-139,937736,0,4,99.2,19,245,52,52,800,42.6111111111111,14254,1693.436,7,8,124,573,27478324,687343879.8,7264976.4,0,-0.138486088238282,-0.321711443154071,-0.99507918040338,0.582957261451353,-1.50339853153471,0.131494850864566,-1.19851916621514,-1.34007083859956,-0.995079180403383,-0.0016224660825509,-0.371471080106756,1.22364693762416,-1.34015753034149,-1.49237804783523,1.01490923682017,0.681717732412894,-0.973016237049351,1.01320928280887,-0.900871444014863,1.00906398303329,-0.0834835325929245,1.34259782060632,-1.40978439317836,-0.7455502325292,-1.52504225565438,-1.29519980624308,-0.998655411839273,184,2,917
"경상북도청송군",2022,1,24295,4.11607326610414,22.2,77.5,27.0006108735492,5.39,10.7,71,100.3,40.4,20.93,145,1203565,0,2.7,99.2,19,246,51,52,800,42.8555555555556,13816,1692.14,7,7,115,620,27371057.5,687359805.5,7320840.3,0,-0.138486088238282,-0.321711443154071,-0.99507918040338,0.582957261451353,-1.50339853153471,0.105713441029156,-1.19851916621514,-1.34007083859956,-0.995079180403383,-0.0016224660825509,-0.373536614869465,1.22364693762416,-1.34015753034149,-1.28284412423797,1.01490923682017,1.05539549040891,-0.921532830883397,1.01320928280887,-1.10005565788053,1.17297344782079,-0.00938459205310674,1.34259782060632,-1.40978439317836,0.679354193885131,-1.40543593108655,-1.29519980624308,-0.998655411839273,184,3,918
"경상북도청송군",2023,0,24019,0,25.7,79.7,27.2030269839689,5.39,13.9,70.8,100.9,41.8,20.88,28,1010194,0,6,99.2,19,246,51,52,800,44.7111111111111,13140,1692.268,6,5,115,623,27273079,687378068.4,7359262.3,0,-0.138486088238282,-0.335048157093044,-0.99507918040338,0.582957261451353,-1.50339853153471,0.0659229546165129,-1.19851916621514,-1.34007083859956,-0.995079180403383,-0.0016224660825509,-0.375423298948353,1.22364693762416,-1.34015753034149,-0.896860580769332,1.01490923682017,1.09327333952785,-0.91824665602174,1.01320928280887,-0.845099864132477,1.15571981994842,0.101763818756624,1.34259782060632,-1.40978439317836,0.217221329795578,-1.48937277524188,-1.29519980624308,-0.998655411839273,184,4,919
"경상북도청송군",2024,1,23716,4.2165626581211,28.8,82.9,27.2030269839689,5.39,10.8,68.3,100.8,43.7,20.45,6,1010194,0,3.6,98.9,19,246,51,52,800,45.7777777777778,12940,1692.294,6,5,115,613,26954958.7,686876795.9,7389054.4,0,-0.138486088238282,-0.335048157093044,-0.99507918040338,0.582957261451353,-1.50339853153471,0.0541506213583345,-1.19851916621514,-1.34007083859956,-0.995079180403383,-0.0016224660825509,-0.381549056182656,1.22364693762416,-1.34015753034149,-0.554989442268537,1.01490923682017,1.09327333952785,-0.929200572227262,1.01320928280887,-1.0920882893259,0.940049471543817,0.0832390836216674,1.34259782060632,-1.40978439317836,-0.189178874341419,-1.48937277524188,-1.29519980624308,-0.998655411839273,184,5,920
"경상북도영양군",2020,2,16692,11.9817876827223,16.7,90.9,26.71232877,7.3,10.5,73.7,98.03,37.6,43.76347951,-94,432454,0,3,92.9,20,39,177,34,0,51.7142857142857,9384,1629.388,2,0,125,396,20048350.3,696715769.7,4748951.9,0,-0.138486088238282,-0.388395012848934,-0.99507918040338,0.582957261451353,-1.50339853153471,-0.155161463972076,-1.19851916621514,-1.34007083859956,-0.995079180403383,-0.112071802552651,-0.514543418286542,1.22364693762416,-1.34015753034149,-1.88938969254583,-0.984426097198368,1.00097427112114,-1.1669005538871,1.01320928280887,-1.11599039498978,1.40589742409776,-0.429896079616581,1.34259782060632,-1.40978439317836,-0.7455502325292,-1.89597046700339,-1.29519980624308,-0.998655411839273,185,1,921
"경상북도영양군",2021,0,16320,0,22.2,90.9,26.71232877,7.3,13.1,72.3,99.6,38.7,43.66,-46,391932,0,9.7,92.9,20,39,177,34,0,52.8714285714286,8926,1629.388,3,0,112,411,19983090.3,696623638.1,4815219.4,0,-0.138486088238282,-0.375058298909962,-0.99507918040338,0.582957261451353,-1.50339853153471,-0.182120107133305,-1.19851916621514,-1.34007083859956,-0.995079180403383,-0.112071802552651,-0.515800071562395,1.22364693762416,-1.34015753034149,-1.28284412423797,-0.984426097198368,1.00097427112114,-1.15046967957881,1.01320928280887,-0.908838812569489,1.28512202899118,-0.139057737997791,1.34259782060632,-1.40978439317836,-0.7455502325292,-1.94312171107655,-1.29519980624308,1.00044832999338,185,2,922
"경상북도영양군",2022,0,16022,0,24.2,93,28.3484233531065,7.3,12.5,72.4,99.7,40,43.85,-26,266220,0,4.8,92.9,20,40,176,34,14,53.8,8590,1631.688,1,0,94,450,19960000.3,696320947.1,4842659.7,0,-0.138486088238282,-0.401731726787907,-0.99507918040338,0.582957261451353,-0.299167667553959,-0.201897627007044,-1.19851916621514,-1.34007083859956,-0.995079180403383,-0.110138939164425,-0.516244694978569,1.22364693762416,-1.34015753034149,-1.06228209939875,-0.984426097198368,1.30261692754289,-1.10774940637728,1.01320928280887,-0.956643023897248,1.29374884292736,-0.120533002862835,1.34259782060632,-1.40978439317836,-0.7455502325292,-2.12847486785995,-1.29519980624308,-0.998655411839273,185,3,923
"경상북도영양군",2023,1,15661,6.38528829576655,26.1,93,29.1705211224175,7.3,13.8,71.6,99.4,41.4,43.85,-113,259317,0,5.8,92.9,20,40,176,34,100,55.9,7626,1631.73,3,0,95,434,19938782,696258954.2,4872458.3,0,-0.138486088238282,-0.375058298909962,-0.99507918040338,0.582957261451353,-0.299167667553959,-0.258640273311464,-1.19851916621514,-1.34007083859956,-0.995079180403383,-0.0982656354938889,-0.516653276746927,1.22364693762416,-1.34015753034149,-0.852748175801487,-0.984426097198368,1.44789452644464,-1.12527567230611,1.01320928280887,-0.853067232687103,1.22473433143789,-0.176107208267699,1.34259782060632,-1.40978439317836,-0.7455502325292,-2.14106533113526,-1.29519980624308,-0.998655411839273,185,4,924
"경상북도영양군",2024,1,15328,6.52400835073069,35.6,95,29.1705211224175,7.3,15.2,73.2,99.3,43.1,43.61,-55,259317,0,5.7,92.9,20,40,176,34,0,58.4142857142857,7394,1631.726,3,0,95,417,19890627.1,696229782.2,4896494.8,0,-0.138486088238282,-0.375058298909962,-0.99507918040338,0.582957261451353,-0.299167667553959,-0.272296179890951,-1.19851916621514,-1.34007083859956,-0.995079180403383,-0.112071802552651,-0.517580552456909,1.22364693762416,-1.34015753034149,0.194921442184819,-0.984426097198368,1.44789452644464,-1.1438973298555,1.01320928280887,-0.741524072922332,1.36276335441683,-0.194631943402655,1.34259782060632,-1.40978439317836,-0.7455502325292,-2.14106533113526,-1.29519980624308,-0.998655411839273,185,5,925
"경상북도영덕군",2020,1,36313,2.75383471484042,34.5,95,28.41454545,6.64,11.2,60.5,89.96,37.9,36.63977088,-638,5968061,2,4,98.8,51,41,124,69,30,62.48,11662,1482.768,1,11,3,886,44213041.4,599956682.5,8021241.9,0,-0.138486088238282,-0.401731726787907,-0.99507918040338,0.582957261451353,-0.299167667553959,-0.021074588161425,-1.19851916621514,-1.34007083859956,-0.995079180403383,-0.107929952435023,-0.04922563969612,1.22364693762416,-0.44645200023936,0.0736123285232466,1.01490923682017,1.31445131695095,-0.630158659816503,1.01320928280887,-1.06021881510739,0.267157984521463,-1.92484220500744,1.34259782060632,-1.40978439317836,-0.7455502325292,-0.638107411292468,-0.363491558526281,-0.998655411839273,186,1,926
"경상북도영덕군",2021,1,35314,2.83173812085858,36.1,96.7,28.41454545,6.64,11,55.9,90.5,39.2,36.57,-407,7397942,2,1.8,98.8,51,40,124,69,22,62.57,11458,1482.768,1,12,3,951,43851653.2,599320945.6,8107368.3,0,-0.138486088238282,-0.401731726787907,-0.99507918040338,0.582957261451353,-0.299167667553959,-0.0330823680847669,-1.19851916621514,-1.34007083859956,-0.995079180403383,-0.109034445799724,-0.0561845680654874,1.22364693762416,-0.44645200023936,0.250061948394625,1.01490923682017,1.31445131695095,-0.558958204480608,1.01320928280887,-1.07615355221665,-0.129675456543002,-1.82480863527868,1.34259782060632,-1.40978439317836,-0.7455502325292,-0.535176191384044,-0.363491558526281,-0.998655411839273,186,2,927
"경상북도영덕군",2022,1,34650,2.88600288600289,31.6,96.6,30.1585034985006,6.64,11,62.3,90.7,40.4,36.61,22,8472668,2,3.2,98.8,51,46,124,69,28,62.29,11308,1482.53,1,11,3,1029,43694238.7,599255663.6,8196120.5,0,-0.138486088238282,-0.401731726787907,-0.99507918040338,0.582957261451353,-0.299167667553959,-0.0419116180284006,-1.19851916621514,-1.34007083859956,-0.995079180403383,-0.108206075776198,-0.0592157578768863,1.22364693762416,-0.44645200023936,-0.246202607493626,1.01490923682017,1.61733747360839,-0.473517658077534,1.01320928280887,-1.07615355221665,0.422440635372776,-1.78775916500877,1.34259782060632,-1.40978439317836,0.150945002028953,-0.4701702479771,-0.363491558526281,-0.998655411839273,186,3,928
"경상북도영덕군",2023,1,34055,2.93642636910879,37.4,96.6,31.0111885159384,6.64,11.3,64.7,91.1,41.7,30.58,-95,8356786,2,2.3,98.8,51,46,124,69,28,64.75,9784,1482.564,8,29,14,1081,43602212.2,599257212.6,8243318.3,0,-0.138486088238282,-0.308374729215098,-0.99507918040338,0.582957261451353,-0.299167667553959,-0.13161679745572,-1.19851916621514,-1.34007083859956,-0.995079180403383,-0.108206075776198,-0.060987829631259,1.22364693762416,-0.44645200023936,0.393427264540119,1.01490923682017,1.75931154442775,-0.416557293808818,1.01320928280887,-1.05225144655277,0.629484169841193,-1.71366022446895,1.34259782060632,-1.40978439317836,-0.7455502325292,-0.476770136153288,-0.363491558526281,-0.998655411839273,186,4,929
"경상북도영덕군",2024,2,33210,6.02228244504667,37.6,97.3,31.0111885159384,6.64,12.7,57.8,91.9,43.5,30.74,-304,8356786,2,4.1,92.9,51,46,124,69,24,65.54,9946,1482.648,8,29,14,1055,43487543.2,599281076.6,8311525.3,0,-0.138486088238282,-0.308374729215098,-0.99507918040338,0.582957261451353,-0.299167667553959,-0.122081207516595,-1.19851916621514,-1.34007083859956,-0.995079180403383,-0.108758322458548,-0.0631959076957531,1.22364693762416,-0.44645200023936,0.415483467024041,-0.984426097198368,1.75931154442775,-0.445037475943176,1.01320928280887,-0.940708286787995,0.0342340082444944,-1.56546234338931,1.34259782060632,-1.40978439317836,-0.7455502325292,-0.476770136153288,-0.363491558526281,-0.998655411839273,186,5,930
"경상북도청도군",2020,0,42263,0,21.9,82.7,24.82061521,5.16,18.4,64.8,96.68,37.9,47.90242056,-110,6342154,0,6.5,98.3,49,442,234,99,374,46.46,36502,1393.44,23,26,394,899,63938517.6,508133950,11738079.9,0,-0.138486088238282,-0.108324020130509,-0.99507918040338,0.582957261451353,-1.50339853153471,1.44104920250432,-1.19851916621514,-1.34007083859956,1.00404385770431,-0.0604367377528795,0.330610159943886,1.22364693762416,-0.44645200023936,-1.31592842796385,1.01490923682017,0.629166979170046,-0.615918568749324,1.01320928280887,-0.486568279174284,0.638110983777376,-0.67998000393847,1.34259782060632,-1.40978439317836,-0.7455502325292,-0.608971310987852,-1.29519980624308,1.00044832999338,187,1,931
"경상북도청도군",2021,2,41891,4.77429519467189,23.8,87.6,24.82061521,5.16,23.3,63,96.7,39.3,47.87,276,6490759,0,8.9,98.3,49,450,233,99,404,46.29,32110,1393.44,20,26,378,921,63756031.4,508047311,11860539.7,0,-0.138486088238282,-0.148334161947427,-0.99507918040338,0.582957261451353,-1.50339853153471,1.18252876415473,-1.19851916621514,-1.34007083859956,1.00404385770431,-0.0562948876352507,0.327096186897178,1.22364693762416,0.447253529862769,-1.10639450436659,1.01490923682017,0.629166979170046,-0.591819953097175,1.01320928280887,-0.0961672199975843,0.482828332926064,-0.67627505691148,1.34259782060632,-1.40978439317836,0.862459397261966,-0.597871608782616,-1.29519980624308,1.00044832999338,187,2,932
"경상북도청도군",2022,2,41614,4.80607487864661,26.3,89.4,26.3257575757576,5.16,24.7,66.8,97.5,40.6,47.82,423,5801861,0,9.1,98.3,49,467,232,99,22,50.33,22340,1388.446,19,25,320,945,63246971.2,507943937,11997621.4,0,-0.138486088238282,-0.161670875886399,-0.99507918040338,0.582957261451353,-1.50339853153471,0.607450284492716,-1.19851916621514,-1.34007083859956,1.00404385770431,-0.109034445799724,0.317293671299005,1.22364693762416,0.447253529862769,-0.830691973317565,1.01490923682017,0.927102912068044,-0.565530554203922,1.01320928280887,0.0153759397671868,0.810647262501057,-0.528077175831842,1.34259782060632,-1.40978439317836,0.98417938566284,-0.651642778365395,-1.29519980624308,1.00044832999338,187,3,933
"경상북도청도군",2023,3,41316,7.26110949753122,31.9,91.8,25.9946949602122,5.16,21.8,68.4,98.4,42,47.58,271,6038849,0,10.3,98.3,49,467,232,99,20,51.27,22636,1390.726,19,25,283,912,63039120.9,508983295.6,12129532.5,0,-0.138486088238282,-0.161670875886399,-0.99507918040338,0.582957261451353,-0.299167667553959,0.62487333771482,-1.19851916621514,-1.34007083859956,1.00404385770431,-0.109310569140899,0.313291284532499,1.22364693762416,0.447253529862769,-0.213118303767743,1.01490923682017,0.863003370522622,-0.601678477682145,1.01320928280887,-0.215677748316982,0.948676285480002,-0.361354559617247,1.34259782060632,-1.40978439317836,0.857251269313585,-0.63245651735895,-1.29519980624308,1.00044832999338,187,4,934
"경상북도청도군",2024,0,40582,0,34.6,93.5,25.9946949602122,5.16,17.1,66.3,99,44.3,47.31,-123,6038849,0,5.4,96.5,49,467,232,99,40,54.94,21374,1396.902,19,25,283,879,62785611,512060756.6,12346540.9,0,-0.138486088238282,-0.161670875886399,-0.99507918040338,0.582957261451353,-0.299167667553959,0.550589914855715,-1.19851916621514,-1.34007083859956,1.00404385770431,-0.106549335729146,0.3084096718096,1.22364693762416,0.447253529862769,0.0846404297652079,-0.984426097198368,0.863003370522622,-0.637826401160369,1.01320928280887,-0.590144070384428,0.767513192820137,-0.250206148807519,1.34259782060632,-1.40978439317836,-0.7455502325292,-0.63245651735895,-1.29519980624308,-0.998655411839273,187,5,935
"경상북도고령군",2020,0,31361,0,22.4,98.7,23.35781109,6.2,18.6,65.5,105.15,31.7,32.13226619,-692,4133722,0,5.3,99.2,224,345,235,80,0,41.3,8878,768.2,10,49,553,506,50568982.3,243722386.2,6579422.2,0,-0.138486088238282,-0.281701301337153,-0.99507918040338,0.582957261451353,-0.299167667553959,-0.184945467115267,1.23120605256646,-1.34007083859956,-0.995079180403383,-0.112071802552651,0.0731650123590186,0,-1.34015753034149,-1.26078792175405,1.01490923682017,0.322480242647005,-1.04640747562635,1.01320928280887,-0.470633542065031,0.698498681330665,0.889065061992204,1.34259782060632,-1.40978439317836,-0.7455502325292,-0.814105634624263,-1.29519980624308,-0.998655411839273,188,1,936
"경상북도고령군",2021,1,30626,3.26519950368968,30.8,99.1,23.35781109,6.2,17.6,59.4,105.8,33.2,32.28,-316,2983580,0,6.1,99.2,224,342,227,80,318,41.4666666666667,8654,768.2,10,48,513,522,50468830.5,243637618.2,6620755.3,0,-0.138486088238282,-0.281701301337153,-0.99507918040338,0.582957261451353,0.905063196426787,-0.198130480364427,1.23120605256646,-1.34007083859956,-0.995079180403383,-0.0681681913057865,0.0712364789916779,0,-1.34015753034149,-0.334427417429315,1.01490923682017,0.322480242647005,-1.02888120969752,1.01320928280887,-0.550307227611296,0.172263031223439,1.00947584036941,1.34259782060632,-1.40978439317836,-0.7455502325292,-0.970364119229476,-1.29519980624308,-0.998655411839273,188,2,937
"경상북도고령군",2022,1,30353,3.29456725859058,28,99.2,25.9312184433648,6.2,19.6,64.8,105.4,34.6,32.38,155,3145945,0,3.4,99.2,224,342,227,80,0,42.7555555555556,8772,768.44,7,48,469,534,50360458.4,243602949.2,6691790.9,0,-0.138486088238282,-0.321711443154071,-0.99507918040338,0.582957261451353,0.905063196426787,-0.191184803742102,1.23120605256646,-1.34007083859956,-0.995079180403383,-0.112071802552651,0.0691496546815927,0,-1.34015753034149,-0.643214252204226,1.01490923682017,0.850623429896755,-1.01573651025089,1.01320928280887,-0.390959856518765,0.638110983777376,0.935376899829591,1.34259782060632,-1.40978439317836,0.698296106814954,-0.944968964027449,-1.29519980624308,-0.998655411839273,188,3,938
"경상북도고령군",2023,0,30139,0,29.1,99.7,25.4373043638372,6.2,19.5,63,105.6,36,32.05,108,3232401,0,8.6,99.2,224,342,227,80,24,45.4666666666667,8062,768.488,8,44,405,536,50203634.3,243536522.3,6743329.8,0,-0.138486088238282,-0.308374729215098,-0.99507918040338,0.582957261451353,0.905063196426787,-0.232976586808635,1.23120605256646,-1.34007083859956,-0.995079180403383,-0.108758322458548,0.0661298336733513,0,-1.34015753034149,-0.521905138542654,1.01490923682017,0.753285656502608,-1.01354572700978,1.01320928280887,-0.398927225073392,0.482828332926064,0.972426370099499,1.34259782060632,-1.40978439317836,0.59579206646356,-0.931976326076628,-1.29519980624308,1.00044832999338,188,4,939
"경상북도고령군",2024,0,30062,0,32.3,99.8,25.4373043638372,6.2,19.2,61.1,106.5,37.9,31.28,283,3232401,0,3.8,95.8,224,342,227,80,40,45.6222222222222,8062,768.49,8,44,405,509,50052649.2,243504177,6789563,0,-0.138486088238282,-0.308374729215098,-0.99507918040338,0.582957261451353,0.905063196426787,-0.232976586808635,1.23120605256646,-1.34007083859956,-0.995079180403383,-0.106549335729146,0.0632224490499969,0,-1.34015753034149,-0.169005898799898,-0.984426097198368,0.753285656502608,-1.04312130076469,1.01320928280887,-0.422829330737272,0.318918868138568,1.13914898631409,1.34259782060632,-1.40978439317836,0.869594984108548,-0.931976326076628,-1.29519980624308,-0.998655411839273,188,5,940
"경상북도성주군",2020,2,43414,4.60680886350025,30.9,80,21.54462816,4.75,18.6,66.1,107.32,32.2,31.64186668,-256,11425261,0,3.1,87.6,14,1775,145,339,40,38.0363636363636,22802,1243.4,24,48,289,563,86946362.8,412221380.5,10706198.4,0,-0.138486088238282,-0.094987306191536,1.00404385770431,0.582957261451353,-1.50339853153471,0.634644374319108,-1.19851916621514,-1.34007083859956,1.00404385770431,-0.106549335729146,0.773651594833831,1.22364693762416,-0.44645200023936,-0.323399316187354,-0.984426097198368,-0.084305258550984,-0.983970153254874,-0.986069748447918,-0.470633542065031,0.750259564947768,1.29105181442072,1.34259782060632,-1.40978439317836,-0.7455502325292,-0.326886202145696,-1.29519980624308,-0.998655411839273,189,1,941
"경상북도성주군",2021,1,42842,2.33415806918445,36.1,81.9,21.54462816,4.75,20.1,64.6,107.7,33.6,31.55,-39,11472967,0,4,87.6,14,1782,165,339,60,37.0090909090909,21496,1243.4,23,44,849,584,86795980.7,411969752,10807023,0,-0.138486088238282,-0.108324020130509,1.00404385770431,0.582957261451353,-1.50339853153471,0.557771038143204,-1.19851916621514,-1.34007083859956,1.00404385770431,-0.103788102317394,0.770755821640531,1.22364693762416,-0.44645200023936,0.250061948394625,-0.984426097198368,-0.084305258550984,-0.960966929223277,-0.986069748447918,-0.351123013745633,0.620857355905008,1.36144580793355,1.34259782060632,-1.40978439317836,-0.7455502325292,-0.324889305772416,-1.29519980624308,-0.998655411839273,189,2,942
"경상북도성주군",2022,1,42566,2.34929286284828,27.2,85.1,23.0938710108159,4.75,16.1,64.9,108.6,35.2,31.42,210,8990384,0,6.8,87.6,14,1786,157,339,40,51.1272727272727,16482,1232.67,23,45,845,607,86698267.9,411870052,10937482.8,0,-0.138486088238282,-0.108324020130509,1.00404385770431,0.582957261451353,-1.50339853153471,0.262638643360673,-1.19851916621514,-1.34007083859956,1.00404385770431,-0.106549335729146,0.768874253908186,1.22364693762416,-0.44645200023936,-0.731439062139915,-0.984426097198368,0.265186978864139,-0.935772921950576,-0.986069748447918,-0.669817755930693,0.646737797713561,1.52816842414814,1.34259782060632,-1.40978439317836,0.78464404699391,-0.441746425459528,-1.29519980624308,1.00044832999338,189,3,943
"경상북도성주군",2023,2,42086,4.75217411965974,32.8,86.1,23.9337877312561,4.75,18.1,66.3,109.5,36.6,31.6,27,9919541,0,7.2,87.6,14,1786,157,339,48,51.6272727272727,16282,1232.304,20,43,865,648,86579659.8,411602177.3,11008184.9,0,-0.138486088238282,-0.148334161947427,1.00404385770431,0.582957261451353,-1.50339853153471,0.250866310102494,-1.19851916621514,-1.34007083859956,1.00404385770431,-0.105444842364445,0.766590324128722,1.22364693762416,-0.44645200023936,-0.113865392590093,-0.984426097198368,0.445380988041555,-0.890861865507934,-0.986069748447918,-0.510470384838163,0.767513192820137,1.69489104036274,1.34259782060632,-1.40978439317836,0.20718807863366,-0.394612573013657,-1.29519980624308,1.00044832999338,189,4,944
"경상북도성주군",2024,1,41452,2.41242883334942,45.6,87.5,23.9337877312561,4.75,19.2,65.3,109.6,38.7,32.02,-122,9919541,0,7.1,94.5,14,1786,157,339,86,53.6818181818182,16628,1233.756,20,43,865,644,86445871.6,411532335.8,11105004.9,0,-0.138486088238282,-0.148334161947427,1.00404385770431,0.582957261451353,-1.50339853153471,0.271232446639143,-1.19851916621514,-1.34007083859956,1.00404385770431,-0.100198498882116,0.764014084781486,1.22364693762416,-0.44645200023936,1.29773156638093,-0.984426097198368,0.445380988041555,-0.895243431990143,-0.986069748447918,-0.422829330737272,0.681245053458296,1.71341577549769,1.34259782060632,-1.40978439317836,-0.7455502325292,-0.394612573013657,-1.29519980624308,1.00044832999338,189,5,945
"경상북도칠곡군",2020,7,114758,6.09979260705136,26.7,95.1,19.70002727,4.29,26.2,63.5,108.92,16,77.23905959,-1997,7832938,3,6,98.9,426,1274,197,469,318,65.2666666666667,17426,905.028,18,21,464,687,45789952.8,295994765.1,11992896.2,0,-0.138486088238282,-0.175007589825372,1.00404385770431,0.582957261451353,-0.299167667553959,0.318204056339274,1.23120605256646,-1.34007083859956,1.00404385770431,-0.0681681913057865,-0.018860471499043,0,0.447253529862769,-0.78657956834972,1.01490923682017,-0.533191564300235,-0.848141592306397,-0.986069748447918,0.134886468086584,0.525962402606984,1.58744757658,-1.3290200913081,0.708692154522277,-0.7455502325292,-0.507794381990924,0.568216689190515,-0.998655411839273,190,1,946
"경상북도칠곡군",2021,7,113822,6.14995343606684,27.2,95.2,19.70002727,4.29,26.4,61.5,108.6,16.9,77.59,-281,7875000,3,6.2,98.9,426,1280,180,469,9092,62.8888888888889,17426,905.028,15,20,477,744,45581194.6,295635122.1,12172537.1,0,-0.138486088238282,-0.21501773164229,1.00404385770431,0.582957261451353,-0.299167667553959,0.318204056339274,1.23120605256646,-1.34007083859956,1.00404385770431,1.14318490643004,-0.0228803408813804,0,0.447253529862769,-0.731439062139915,1.01490923682017,-0.533191564300235,-0.78570426993492,-0.986069748447918,0.150821205195837,0.353426123883304,1.52816842414814,-0.438480787336626,0.708692154522277,-0.7455502325292,-0.50522779769472,0.568216689190515,-0.998655411839273,190,2,947
"경상북도칠곡군",2022,1,112487,0.888991616809054,30.9,95.8,21.750212404418,4.29,24.8,62.3,109.6,17.8,77.88,-623,7608302,2,6.1,98.9,426,1270,175,469,210,64.3444444444444,17426,902.09,14,19,555,850,45380226.9,295522211.1,12418546.3,0,-0.138486088238282,-0.228354445581262,1.00404385770431,0.582957261451353,-0.299167667553959,0.318204056339274,1.23120605256646,-1.34007083859956,1.00404385770431,-0.0830788517292501,-0.026750195594004,0,0.447253529862769,-0.323399316187354,1.01490923682017,-0.0365691669034506,-0.669592758156384,-0.986069748447918,0.0233433083218134,0.422440635372776,1.71341577549769,-0.438480787336626,0.708692154522277,-0.7455502325292,-0.521739159124004,-0.363491558526281,-0.998655411839273,190,3,948
"경상북도칠곡군",2023,2,110581,1.80862896881019,36.3,96.2,23.4357005758157,4.29,27,64.1,110.2,18.8,78.05,-1464,7990019,2,6.2,98.9,426,1270,175,469,30,65.2111111111111,17426,902.096,12,18,592,909,45221980.5,295425251.7,12560421.3,0,-0.138486088238282,-0.255027873459208,1.00404385770431,0.582957261451353,-0.299167667553959,0.318204056339274,1.23120605256646,-1.34007083859956,1.00404385770431,-0.107929952435023,-0.029797404557413,0,0.447253529862769,0.272118150878546,1.01490923682017,0.339269052636334,-0.604964652543802,-0.986069748447918,0.198625416523597,0.577723286224088,1.82456418630742,-0.438480787336626,0.708692154522277,-0.7455502325292,-0.498278829010533,-0.363491558526281,-0.998655411839273,190,4,949
"경상북도칠곡군",2024,0,107383,0,40.5,96,23.4357005758157,4.29,29.8,62.6,110.6,20.3,77.96,-1464,7990019,2,5.2,93.3,426,1270,175,469,46,67.5777777777778,15560,902.076,12,18,592,888,45062228,295332419.7,12669771,0,-0.138486088238282,-0.255027873459208,1.00404385770431,0.582957261451353,-0.299167667553959,0.208368187040471,1.23120605256646,-0.446690279533185,1.00404385770431,-0.105720965705621,-0.0328736151374136,0,0.447253529862769,0.735298403040914,-0.984426097198368,0.339269052636334,-0.627967876575399,-0.986069748447918,0.421711736053139,0.448321077181328,1.89866312684724,-0.438480787336626,0.708692154522277,-0.7455502325292,-0.498278829010533,-0.363491558526281,-0.998655411839273,190,5,950
"경상북도예천군",2020,2,55613,3.59628144498588,23.2,90.4,25.56399905,4.75,13.6,67.3,96.78,30.3,26.61428083,872,13937687,0,5.9,99.3,38,4063,163,911,752,41.6461538461538,38976,1307.106,18,29,985,1015,109102099,360003921.7,13953743.2,0,-0.138486088238282,-0.175007589825372,1.00404385770431,0.582957261451353,-1.50339853153471,1.58667296490799,-1.19851916621514,-1.34007083859956,1.00404385770431,-0.00824942627075693,1.20028473112993,1.22364693762416,0.447253529862769,-1.17256311181836,1.01490923682017,0.77842624623298,-0.488853140765266,-0.986069748447918,-0.869001969796356,0.853781332181977,-0.661455268803516,0.452058516634848,-1.40978439317836,1.19067019604081,-0.231627660440796,-1.29519980624308,-0.998655411839273,191,1,951
"경상북도예천군",2021,2,55739,3.58815192235239,23,91.8,25.56399905,4.75,12,62.3,96.6,30.9,26.1,628,14062963,0,2.8,99.3,38,4027,162,911,752,42.1692307692308,37882,1307.106,25,28,960,1011,108968190,359838161.7,14016233,0,-0.138486088238282,-0.0816505922525634,1.00404385770431,0.582957261451353,-0.299167667553959,1.52227830198575,-1.19851916621514,-1.34007083859956,1.00404385770431,-0.00824942627075693,1.19770616564546,1.22364693762416,0.447253529862769,-1.19461931430228,1.01490923682017,0.77842624623298,-0.493234707247475,-0.986069748447918,-0.996479866670381,0.422440635372776,-0.694799792046436,0.452058516634848,-1.40978439317836,1.09694494196349,-0.227339347790633,-1.29519980624308,-0.998655411839273,191,2,952
"경상북도예천군",2022,6,55755,10.7613666935701,19,92.3,26.607325093548,4.75,12.1,62.9,96.6,31.6,25.71,606,13220701,0,3.5,99.3,38,3987,160,911,752,43.0461538461538,36434,1323.122,23,28,773,1038,108858200.5,359723997.2,14121047.1,0,-0.138486088238282,-0.108324020130509,1.00404385770431,0.582957261451353,-0.299167667553959,1.43704660919654,-1.19851916621514,-1.34007083859956,1.00404385770431,-0.00824942627075693,1.19558819651453,1.22364693762416,0.447253529862769,-1.63574336398073,1.01490923682017,0.981011153933378,-0.463659133492564,-0.986069748447918,-0.988512498115754,0.47420151898988,-0.694799792046436,1.34259782060632,-1.40978439317836,1.08676554484533,-0.25693761651477,-1.29519980624308,-0.998655411839273,191,3,953
"경상북도예천군",2023,5,55325,9.03750564844103,25.7,92.5,27.0868253436138,4.75,16.2,62.5,96.9,32.4,25.41,145,13425269,0,3.7,99.3,38,3987,160,911,48,43.4461538461538,33502,1323.162,21,28,628,1043,108806030.3,359709635.6,14176144.7,0,-0.138486088238282,-0.134997448008454,1.00404385770431,0.582957261451353,-0.299167667553959,1.26446420363165,-1.19851916621514,-1.34007083859956,1.00404385770431,-0.105444842364445,1.19458360177454,1.22364693762416,0.447253529862769,-0.896860580769332,1.01490923682017,1.07156205344545,-0.458182175389803,-0.986069748447918,-0.661850387376067,0.439694263245144,-0.63922558664157,1.34259782060632,-1.40978439317836,0.679354193885131,-0.249578960973834,-1.29519980624308,-0.998655411839273,191,4,954
"경상북도예천군",2024,1,54609,1.8311999853504,32.1,93.1,27.0868253436138,4.75,14.9,56,97.3,33.4,63.35,-252,13425269,0,1.3,100,38,3987,160,911,0,44.3076923076923,31784,1323.038,21,28,628,1009,108388648.3,359523549.7,14427501.9,0,-0.138486088238282,-0.134997448008454,1.00404385770431,0.582957261451353,-0.299167667553959,1.1633398609439,-1.19851916621514,-1.34007083859956,1.00404385770431,-0.112071802552651,1.18654645103009,1.22364693762416,0.447253529862769,-0.19106210128382,1.01490923682017,1.07156205344545,-0.495425490488579,-0.986069748447918,-0.765426178586212,-0.121048642606818,-0.565126646101752,1.34259782060632,-1.40978439317836,-0.7455502325292,-0.249578960973834,-1.29519980624308,-0.998655411839273,191,5,955
"경상북도봉화군",2020,1,31494,3.17520797612244,22.2,69,25.19235757,5.38,7.5,68.6,101.36,36.7,31.77748143,-285,6055944,1,9.6,95.5,29,288,141,52,14,65.1272727272727,12216,2405.054,4,25,537,678,42586829.3,990099372.3,8957721.8,0,-0.138486088238282,-0.361721584970989,-0.99507918040338,0.582957261451353,-1.50339853153471,0.011534774963729,-1.19851916621514,-1.34007083859956,-0.995079180403383,-0.110138939164425,-0.0805401472458923,1.22364693762416,-0.44645200023936,-1.28284412423797,-0.984426097198368,0.704336287443503,-0.858000116891367,1.01320928280887,-1.35501145162857,0.965929913352369,0.186977600377415,1.34259782060632,-1.40978439317836,-0.7455502325292,-0.631101781295633,-0.363491558526281,1.00044832999338,192,1,956
"경상북도봉화군",2021,1,30762,3.25076392952344,23.3,70.9,25.19235757,5.38,6.7,64.3,102.2,38.3,31.54,-220,5389980,1,2.9,95.5,29,290,140,52,40,68.7181818181818,11216,2405.054,4,22,480,685,42421254,990010695.2,9054493.2,0,-0.138486088238282,-0.361721584970989,-0.99507918040338,0.582957261451353,-1.50339853153471,-0.0473268913271627,-1.19851916621514,-0.446690279533185,-0.995079180403383,-0.106549335729146,-0.0837284822619125,1.22364693762416,-0.44645200023936,-1.1615350105764,-0.984426097198368,0.704336287443503,-0.850332375547502,1.01320928280887,-1.41875040006559,0.594976914096456,0.342585375511036,1.34259782060632,-1.40978439317836,-0.7455502325292,-0.686932655007172,-0.363491558526281,-0.998655411839273,192,2,957
"경상북도봉화군",2022,1,30139,3.31796011811938,24.2,71.4,27.0033388981636,5.38,9.9,67.4,103,39.7,31.54,-116,4890103,1,5.5,95.5,29,280,139,52,44,69.0454545454545,10930,2404.56,3,26,444,701,42204537.5,989930130.7,9153376.3,0,-0.138486088238282,-0.375058298909962,-0.99507918040338,0.582957261451353,-1.50339853153471,-0.0641613278863577,-1.19851916621514,-0.446690279533185,-0.995079180403383,-0.105997089046796,-0.0879015974880323,1.22364693762416,-0.44645200023936,-1.06228209939875,-0.984426097198368,1.05590779991096,-0.832806109618666,1.01320928280887,-1.16379460631754,0.862408146118162,0.490783256590674,1.34259782060632,-1.40978439317836,-0.7455502325292,-0.733576345089344,-0.363491558526281,-0.998655411839273,192,3,958
"경상북도봉화군",2023,2,29603,6.75607201972773,26.4,72.1,27.2645519947678,5.38,8.3,68.8,104,41.3,31.66,-88,4501903,1,7.1,95.5,29,280,139,52,30,69.5363636363636,10622,2405.4,3,24,341,731,42005233.5,989855447.6,9241751.8,0,-0.138486088238282,-0.375058298909962,-0.99507918040338,0.582957261451353,-1.50339853153471,-0.0822907211039523,-1.19851916621514,-0.446690279533185,-0.995079180403383,-0.107929952435023,-0.0917394158222458,1.22364693762416,-0.44645200023936,-0.819663872075604,-0.984426097198368,1.10473257084017,-0.799944361002099,1.01320928280887,-1.29127250319156,0.983183541224737,0.676030607940223,1.34259782060632,-1.40978439317836,-0.7455502325292,-0.773215865250575,-0.363491558526281,1.00044832999338,192,4,959
"경상북도봉화군",2024,0,28836,0,25.3,71,27.2645519947678,5.38,7.5,66.1,104.3,43.6,31.5,-280,4501903,1,6.4,97.1,29,280,139,52,0,71.6090909090909,9336,2405.332,3,24,341,724,41847436.5,989692839.8,9318524.9,0,-0.138486088238282,-0.375058298909962,-0.99507918040338,0.582957261451353,-1.50339853153471,-0.157986823954039,-1.19851916621514,-0.446690279533185,-0.995079180403383,-0.112071802552651,-0.0947779710930074,1.22364693762416,-0.44645200023936,-0.940972985737176,1.01490923682017,1.10473257084017,-0.807612102345965,1.01320928280887,-1.35501145162857,0.750259564947768,0.731604813345087,1.34259782060632,-1.40978439317836,-0.7455502325292,-0.773215865250575,-0.363491558526281,-0.998655411839273,192,5,960
"경상북도울진군",2020,2,48716,4.10542737498974,33,78.8,28.89393828,5.67,16.5,60.6,100.68,28,36.18523688,-217,8411108,1,3.4,97.4,63,154,45,56,74,61.8272727272727,24994,1984.596,0,3,559,881,43005305.8,846335263.7,8391758.4,0,-0.138486088238282,-0.41506844072688,-0.99507918040338,0.582957261451353,-1.50339853153471,0.763669146828742,-1.19851916621514,-1.34007083859956,-0.995079180403383,-0.101855238929167,-0.0724819206968141,1.22364693762416,-0.44645200023936,-0.0918091901061701,1.01490923682017,1.39946463272103,-0.635635617919264,1.01320928280887,-0.637948281712188,0.275784798457648,0.0610094014597234,0.452058516634848,-1.40978439317836,-0.7455502325292,-0.473664986698123,-0.363491558526281,-0.998655411839273,193,1,961
"경상북도울진군",2021,8,47858,16.7161185172803,32,83.7,28.89393828,5.67,14.6,61.5,100.8,29.3,36.1,-304,9029287,1,7.9,97.4,63,156,45,56,328,63.6,23858,1984.596,0,2,308,907,42854717.2,845789876.6,8647144,0,-0.138486088238282,-0.41506844072688,-0.99507918040338,0.582957261451353,-1.50339853153471,0.69680229392229,-1.19851916621514,-1.34007083859956,-0.995079180403383,-0.0667875745999102,-0.075381670275365,1.22364693762416,-0.44645200023936,-0.202090202525781,1.01490923682017,1.39946463272103,-0.607155435784906,1.01320928280887,-0.789328284250091,0.353426123883304,0.0832390836216674,0.452058516634848,-1.40978439317836,-0.7455502325292,-0.439677138734732,-0.363491558526281,1.00044832999338,193,2,962
"경상북도울진군",2022,3,47030,6.37890708058686,31.4,84.7,29.6275553066368,5.67,14.9,63.7,101.5,30.4,35.96,-314,8011843,1,6.1,97.4,63,158,45,56,120,65.0454545454545,21534,1981.04,0,2,536,921,42809255.4,845775114.1,8785331.6,0,-0.138486088238282,-0.41506844072688,-0.99507918040338,0.582957261451353,-1.50339853153471,0.560007781462257,-1.19851916621514,-1.34007083859956,-0.995079180403383,-0.0955044020821364,-0.0762570873746022,1.22364693762416,-0.44645200023936,-0.268258809977548,1.01490923682017,1.52695689301991,-0.591819953097175,1.01320928280887,-0.765426178586212,0.543216030479353,0.212912229566352,0.452058516634848,-1.40978439317836,-0.7455502325292,-0.496971611500471,-0.363491558526281,-0.998655411839273,193,3,963
"경상북도울진군",2023,1,46669,2.14275000535687,28.7,85.4,30.1241171226771,5.67,15.4,63.4,101.9,31.2,34.51,81,7612059,1,5,97.4,63,158,45,56,62,68.3272727272727,19374,1981.266,0,2,526,935,42748105.2,845724142.8,8869118.3,0,-0.138486088238282,-0.41506844072688,-0.99507918040338,0.582957261451353,-1.50339853153471,0.432866582273931,-1.19851916621514,-0.446690279533185,-0.995079180403383,-0.103511978976219,-0.0774346019187197,1.22364693762416,-0.44645200023936,-0.566017543510498,1.01490923682017,1.61153086765079,-0.576484470409444,1.01320928280887,-0.725589335813079,0.5173355886708,0.287011170106172,0.452058516634848,-1.40978439317836,0.514411525696337,-0.521502567152678,-0.363491558526281,-0.998655411839273,193,4,964
"경상북도울진군",2024,0,46124,0,29.2,84.7,30.1241171226771,5.67,20.4,64.8,102.9,32.4,34.39,-88,7612059,1,6.3,97.4,63,158,45,56,80,68.6727272727273,17994,1981.314,0,2,526,862,42678214.5,845575107,8967946.8,0,-0.138486088238282,-0.41506844072688,-0.99507918040338,0.582957261451353,-1.50339853153471,0.351637482792501,-1.19851916621514,-0.446690279533185,-0.995079180403383,-0.101026868905641,-0.0787804244303152,1.22364693762416,-0.44645200023936,-0.510877037300693,1.01490923682017,1.61153086765079,-0.656448058709757,1.01320928280887,-0.327220908081753,0.638110983777376,0.47225852145572,1.34259782060632,-1.40978439317836,-0.7455502325292,-0.521502567152678,-0.363491558526281,-0.998655411839273,193,5,965
"경상남도진주시",2020,12,348096,3.4473248758963,23.5,100,22.62332294,4.19,30.5,65.6,97.79,17,82.30660507,1177,181717672,8,5.8,95.8,489,287,136,12,842,75.1677419354839,32278,1434.004,43,38,762,2350,87019633.6,414456568.9,25322964.2,0,-0.138486088238282,0.158410258648944,-0.99507918040338,0.582957261451353,0.905063196426787,1.1924175240916,1.23120605256646,-0.446690279533185,-0.995079180403383,0.00417612408212938,0.77506250489887,1.22364693762416,1.3409590599649,-1.13947880809248,-0.984426097198368,0.161470930395059,0.973494672671962,-0.986069748447918,0.477483315935525,0.707125495266848,-0.474355443940471,-0.438480787336626,0.708692154522277,1.27634213443387,0.998994599528225,1.49992493690731,-0.998655411839273,194,1,966
"경상남도진주시",2021,5,347097,1.44051950895571,22,100,22.62332294,4.19,31.8,63,97.8,17.8,82.31,20,184036867,8,5.9,95.8,489,289,136,12,842,77.2129032258064,33270,1439.224,45,39,131,2598,86272167.9,413906073.4,25716305.8,0,-0.138486088238282,0.18508368652689,-0.99507918040338,0.582957261451353,0.905063196426787,1.25080829705216,1.23120605256646,-0.446690279533185,-0.995079180403383,0.00417612408212938,0.760669228458579,1.22364693762416,1.3409590599649,-1.30490032672189,-0.984426097198368,0.161470930395059,1.24515179456892,-0.986069748447918,0.58105910714567,0.482828332926064,-0.472502970426978,-0.438480787336626,0.708692154522277,0.124934504153884,1.00507227028001,1.49992493690731,-0.998655411839273,194,2,967
"경상남도진주시",2022,1,343782,0.290882012438115,33.6,100,24.0464422269887,4.19,28.4,63.7,97.7,18.7,82.41,-2235,194213341,8,4.9,95.8,489,259,125,12,292,78.9967741935484,8102,1425.848,30,37,802,2804,86022959.8,413873994.2,25914436.1,0,-0.138486088238282,-0.0149670225577001,-0.99507918040338,0.582957261451353,0.905063196426787,-0.230622120156999,1.23120605256646,-0.446690279533185,-0.995079180403383,-0.0717577947410648,0.755870451639175,1.22364693762416,1.3409590599649,-0.0256405826544033,-0.984426097198368,0.469086743331396,1.47080246840267,-0.986069748447918,0.310168576288368,0.543216030479353,-0.491027705561931,-0.438480787336626,0.708692154522277,-0.7455502325292,1.03086556240445,1.49992493690731,-0.998655411839273,194,3,968
"경상남도진주시",2023,2,341074,0.58638301365686,31.6,100,24.702876158783,4.19,26.7,64.8,97.5,19.7,82.51,-1873,211887964,8,6.1,95.8,489,259,125,12,1328,79.6225806451613,8102,1425.878,30,36,944,2952,85681517.7,413694055.2,26047629,0,-0.138486088238282,-0.0149670225577001,-0.99507918040338,0.582957261451353,0.905063196426787,-0.230622120156999,1.23120605256646,-0.446690279533185,-0.995079180403383,0.0712740959877155,0.749295607424045,1.22364693762416,1.3409590599649,-0.246202607493626,-0.984426097198368,0.605133381482374,1.6329204282444,-0.986069748447918,0.174723310859717,0.638110983777376,-0.528077175831842,-0.438480787336626,0.708692154522277,-0.7455502325292,1.07260763640396,1.49992493690731,-0.998655411839273,194,4,969
"경상남도진주시",2024,4,338785,1.18068981802618,38.6,100,24.702876158783,4.19,27.7,62,97.6,20.7,82.71,-1873,211887964,8,6,98.1,489,259,125,12,106,79.8096774193548,27436,1425.826,30,36,944,3026,85434878.2,413413100.1,26202848.4,0,-0.138486088238282,-0.0149670225577001,-0.99507918040338,0.582957261451353,0.905063196426787,0.9074093359111,1.23120605256646,-0.446690279533185,-0.995079180403383,-0.0974372654703632,0.744546291830573,1.22364693762416,1.3409590599649,0.525764479443653,1.01490923682017,0.605133381482374,1.71397940816527,-0.986069748447918,0.254396996405982,0.396560193564224,-0.509552440696888,-0.438480787336626,0.708692154522277,-0.7455502325292,1.07260763640396,1.49992493690731,-0.998655411839273,194,5,970
"경상남도통영시",2020,3,128293,2.33839726251627,52.9,99,23.41568206,6.13,16.7,59.1,101.11,19.6,59.28226793,-2531,50085804,0,3.9,93.6,100,464,68,99,170,83.3625,16678,479.7,0,1,265,941,15578391.8,154340742.2,9897077.1,0,-0.138486088238282,-0.41506844072688,-0.99507918040338,0.582957261451353,0.905063196426787,0.274175529953687,0.01634344317566,-0.446690279533185,1.00404385770431,-0.0886013185527551,-0.600617399162356,0,-0.44645200023936,2.10278295704409,-0.984426097198368,0.334959245625161,-0.569912120686131,1.01320928280887,-0.622013544602935,0.146382589414887,0.140665762540028,-0.438480787336626,-1.40978439317836,-0.7455502325292,0.381388983268983,-1.29519980624308,-0.998655411839273,195,1,971
"경상남도통영시",2021,5,125383,3.98778143767496,35.8,98.6,23.41568206,6.13,17,55.5,100.8,21.1,58.88,-2069,47338811,0,4.5,93.6,100,468,73,99,88,82.98125,20858,479.67,0,1,257,1039,15497087.2,154586643.4,10006489.7,0,-0.138486088238282,-0.41506844072688,-0.99507918040338,0.582957261451353,-0.299167667553959,0.520217295049615,0.01634344317566,-0.446690279533185,1.00404385770431,-0.0999223755409404,-0.602183008906947,0,-0.44645200023936,0.216977644668741,-0.984426097198368,0.334959245625161,-0.462563741872012,1.01320928280887,-0.598111438939055,-0.164182712287738,0.0832390836216674,-0.438480787336626,-1.40978439317836,-0.7455502325292,0.35435638531074,-1.29519980624308,-0.998655411839273,195,2,972
"경상남도통영시",2022,3,122681,2.44536643816076,31,98.9,25.2316412921042,6.13,15.4,57.8,100.8,22.4,58.5,-1642,50561743,0,10,93.6,100,445,58,99,130,82.8,19922,479.732,0,1,235,1149,15401909.6,154541327.5,10073727.7,1560000,7.2144657396515,-0.41506844072688,-0.99507918040338,0.582957261451353,0.905063196426787,0.46512277540134,0.01634344317566,-0.446690279533185,1.00404385770431,-0.0941237853762601,-0.604015758567197,0,-0.44645200023936,-0.312371214945392,-0.984426097198368,0.71221736042898,-0.342070663611267,1.01320928280887,-0.725589335813079,0.0342340082444944,0.0832390836216674,0.452058516634848,-1.40978439317836,-0.7455502325292,0.385921455343232,-1.29519980624308,1.00044832999338,195,3,973
"경상남도통영시",2023,1,120551,0.829524433642193,31.8,98.9,26.1709520500347,6.13,15.3,54.9,100.8,23.9,58.24,-1381,50718259,0,11.8,93.6,100,445,58,99,1702,82.725,19110,479.83,0,1,234,1244,15322667.6,154458062.3,10138731.8,1575000,7.2144657396515,-0.41506844072688,-0.99507918040338,0.582957261451353,0.905063196426787,0.417327102373136,0.01634344317566,-0.446690279533185,1.00404385770431,0.122909160787488,-0.605541650673927,0,-0.44645200023936,-0.224146405009703,-0.984426097198368,0.897227071798723,-0.238008459658805,1.01320928280887,-0.733556704367706,-0.215943595904842,0.0832390836216674,0.452058516634848,-1.40978439317836,-0.7455502325292,0.387402674040821,-1.29519980624308,1.00044832999338,195,4,974
"경상남도통영시",2024,3,118481,2.53205155256961,41.4,99.6,26.1709520500347,6.13,15.4,53.8,100.9,25.5,57.72,-1381,50718259,0,10.3,85.7,100,445,58,99,626,84.575,17958,479.826,0,1,234,1290,15295911.8,154425600.5,10204711.2,1575000,7.2144657396515,-0.41506844072688,-0.99507918040338,0.582957261451353,0.905063196426787,0.349518462806029,0.01634344317566,-0.446690279533185,1.00404385770431,-0.0256451967647978,-0.606056863112145,0,-0.44645200023936,0.834551314218563,-0.984426097198368,0.897227071798723,-0.187620445113402,1.01320928280887,-0.725589335813079,-0.310838549202867,0.101763818756624,0.452058516634848,-1.40978439317836,-0.7455502325292,0.387402674040821,-1.29519980624308,1.00044832999338,195,5,975
"경상남도사천시",2020,3,111105,2.70014850816795,29.9,96.9,23.43521379,5.09,23,62.3,101.66,22.1,57.20894649,-366,35070479,1,7.8,97.6,236,269,116,466,0,94.8866666666667,3000,802.84,48,27,470,1160,58542385.7,228412435.2,13380766.3,158000,7.2144657396515,0.225093828343807,-0.99507918040338,0.582957261451353,-0.299167667553959,-0.530934341573128,1.23120605256646,0.446690279533185,1.00404385770431,-0.112071802552651,0.226701688765915,0,0.447253529862769,-0.433680328606965,1.01490923682017,0.339164293904138,-0.330021355785192,1.01320928280887,-0.120069325661464,0.422440635372776,0.242551805782279,0.452058516634848,-1.40978439317836,-0.7455502325292,0.210598149727068,-0.363491558526281,1.00044832999338,196,1,976
"경상남도사천시",2021,0,109953,0,28.5,97.4,23.43521379,5.09,21.4,60.7,101.7,23.1,56.78,-296,36324835,1,4.7,97.6,236,276,115,466,0,95,2884,802.84,51,27,202,1217,58328803.4,228301267.2,13576871.9,158000,7.2144657396515,0.265103970160725,-0.99507918040338,0.582957261451353,-0.299167667553959,-0.537762294862872,1.23120605256646,0.446690279533185,1.00404385770431,-0.112071802552651,0.222588926017533,0,0.447253529862769,-0.58807374599442,1.01490923682017,0.339164293904138,-0.267584033413715,1.01320928280887,-0.247547222535488,0.284411612393832,0.249961699836262,0.452058516634848,-1.40978439317836,-0.7455502325292,0.22743960406167,-0.363491558526281,-0.998655411839273,196,2,977
"경상남도사천시",2022,1,109369,0.914335872139272,21.7,97.8,25.2772292267963,5.09,20.5,62,102,24.1,56.52,329,42650059,1,5.9,97.6,236,270,111,466,0,95.1066666666666,1964,797.57,32,21,445,1295,58174979,228121318.3,13764310.7,260000,7.2144657396515,0.0117064053202451,-0.99507918040338,0.582957261451353,-0.299167667553959,-0.591915027850492,1.23120605256646,0.446690279533185,1.00404385770431,-0.112071802552651,0.219626867541189,0,0.447253529862769,-1.33798463044778,1.01490923682017,0.721348398079196,-0.182143487010641,1.01320928280887,-0.319253539527127,0.396560193564224,0.305535905241126,0.452058516634848,-1.40978439317836,0.912516589304964,0.30437069046831,-0.363491558526281,-0.998655411839273,196,3,978
"경상남도사천시",2023,5,109030,4.58589379069981,22,98.1,26.646750756067,5.09,20.2,62.1,102.3,24.9,55.82,498,45500354,1,4.9,97.6,236,270,111,466,4064,95.0066666666667,2064,797.648,29,17,413,1343,58014437.7,227996180.9,13962643.1,231000,7.2144657396515,-0.0283037364966728,-0.99507918040338,0.582957261451353,-0.299167667553959,-0.586028861221403,1.23120605256646,0.446690279533185,1.00404385770431,0.44901082671546,0.216535467747214,0,0.447253529862769,-1.30490032672189,1.01490923682017,0.988515580941287,-0.129564689224134,1.01320928280887,-0.343155645191006,0.405187007500408,0.36111011064599,0.452058516634848,-1.40978439317836,1.03074765720482,0.335373473552279,-0.363491558526281,-0.998655411839273,196,4,979
"경상남도사천시",2024,2,108504,1.8432500184325,28.5,98.1,26.646750756067,5.09,18.4,55.5,102.9,25.9,54.97,225,45500354,1,6.1,91.1,236,270,111,466,0,94.8666666666667,2064,797.646,29,17,413,1347,57805901.8,227772938.5,14280852.5,231000,7.2144657396515,-0.0283037364966728,-0.99507918040338,0.582957261451353,-0.299167667553959,-0.586028861221403,1.23120605256646,0.446690279533185,1.00404385770431,-0.112071802552651,0.212519878996553,0,0.447253529862769,-0.58807374599442,-0.984426097198368,0.988515580941287,-0.125183122741925,1.01320928280887,-0.486568279174284,-0.164182712287738,0.47225852145572,0.452058516634848,-1.40978439317836,0.80428002099696,0.335373473552279,-0.363491558526281,-0.998655411839273,196,5,980
"경상남도김해시",2020,4,542338,0.737547433519318,41.4,98.5,19.87810595,4.09,35.1,57.2,102.35,11.4,91.58495256,-721,235834814,4,10.2,95.7,1186,1180,182,76,58,98.3,2936,926.72,24,116,672,1805,69192669.2,231968375.1,25928460,0,-0.138486088238282,-0.094987306191536,1.00404385770431,0.582957261451353,-0.299167667553959,-0.534701488215745,1.23120605256646,0.446690279533185,-0.995079180403383,-0.104064225658569,0.431784643853979,0,1.3409590599649,0.834551314218563,-0.984426097198368,-0.488145963834247,0.376506239470996,-0.986069748447918,0.843982269448345,-0.0175268753726093,0.370372478213467,-1.3290200913081,0.708692154522277,-0.7455502325292,1.123921847953,0.568216689190515,1.00044832999338,197,1,981
"경상남도김해시",2021,17,537673,3.16177304793062,34.4,98.6,19.87810595,4.09,32.9,55,102.3,12.2,91.64,-3946,238587667,5,13,95.7,1186,1136,177,76,154,98.31,2790,926.72,43,124,751,2111,67838115.7,231700774.5,26967623.1,0,-0.138486088238282,0.158410258648944,1.00404385770431,0.582957261451353,-0.299167667553959,-0.543295291494216,1.23120605256646,0.446690279533185,-0.995079180403383,-0.0908103052821571,0.405701222261973,0,1.3409590599649,0.0625842272812853,-0.984426097198368,-0.488145963834247,0.711696075359979,-0.986069748447918,0.668700161246561,-0.207316781968658,0.36111011064599,-1.3290200913081,0.708692154522277,-0.7455502325292,1.12948353365187,0.568216689190515,1.00044832999338,197,2,982
"경상남도김해시",2022,11,535129,2.05557912204347,37.7,98.6,21.9390952597995,4.09,31.3,54.5,102.3,13.1,91.71,-1852,258608901,3,8.3,95.7,1186,955,129,76,150,98.505,2574,927.066,23,113,617,2370,67513810.1,231091145.7,27201008.1,0,-0.138486088238282,-0.108324020130509,1.00404385770431,0.582957261451353,-0.299167667553959,-0.556009411413048,1.23120605256646,0.446690279533185,-0.995079180403383,-0.0913625519645076,0.399456360254346,0,1.3409590599649,0.426511568266003,-0.984426097198368,0.00691020081712914,0.995402505083007,-0.986069748447918,0.541222264372537,-0.250450851649578,0.36111011064599,-1.3290200913081,0.708692154522277,-0.7455502325292,1.16810079157389,0.568216689190515,1.00044832999338,197,3,983
"경상남도김해시",2023,5,533659,0.936927888408141,30.8,98.6,23.081651743953,4.09,32,56.9,102.2,14,91.72,-977,264556913,3,11.4,95.7,1186,955,129,76,88,98.715,3694,927.092,24,113,578,2642,66937097.2,230798969.2,27378033,0,-0.138486088238282,-0.094987306191536,1.00404385770431,0.582957261451353,-0.299167667553959,-0.49008434516725,1.23120605256646,0.446690279533185,-0.995079180403383,-0.0999223755409404,0.388351117302888,0,1.3409590599649,-0.334427417429315,-0.984426097198368,0.262519373963134,1.29334902587321,-0.986069748447918,0.596993844254923,-0.0434073171811617,0.342585375511036,-1.3290200913081,0.708692154522277,-0.7455502325292,1.17899849537399,0.568216689190515,1.00044832999338,197,4,984
"경상남도김해시",2024,7,531676,1.31659130748802,40.1,98.7,23.081651743953,4.09,29.6,58.6,102.4,15.1,91.8,-977,264556913,3,4.2,99.8,1186,955,129,76,88,98.725,3694,927.106,24,113,578,2734,64372551.5,230317302.6,28015135.5,0,-0.138486088238282,-0.094987306191536,1.00404385770431,0.582957261451353,-0.299167667553959,-0.49008434516725,1.23120605256646,0.446690279533185,-0.995079180403383,-0.0999223755409404,0.338967961388363,0,1.3409590599649,0.691185998073069,1.01490923682017,0.262519373963134,1.39412505496402,-0.986069748447918,0.405776998943886,0.103248519733967,0.379634845780946,-1.3290200913081,0.708692154522277,-0.7455502325292,1.17899849537399,0.568216689190515,-0.998655411839273,197,5,985
"경상남도밀양시",2020,7,104831,6.67741412368479,34.5,86.4,26.05480644,5.63,17.1,67.6,96.04,28.5,63.64815751,83,34053302,2,5.4,96.6,153,1193,240,177,0,80.8235294117647,11388,1597.29,22,47,421,1460,113778095.6,514410283.8,19245343.9,0,-0.138486088238282,-0.121660734069481,1.00404385770431,0.582957261451353,-1.50339853153471,-0.0372026847251293,0.01634344317566,-0.446690279533185,1.00404385770431,-0.112071802552651,1.29032620286256,1.22364693762416,1.3409590599649,0.0736123285232466,-0.984426097198368,0.874700214310185,-0.00140386961952309,1.01320928280887,-0.590144070384428,0.879661773990529,-0.798538308802181,0.452058516634848,-1.40978439317836,0.521301457128963,0.196492789135086,-0.363491558526281,-0.998655411839273,198,1,986
"경상남도밀양시",2021,2,103525,1.93190050712388,31.3,87.4,26.05480644,5.63,19.7,65.2,96.5,30,63.98,-155,35885042,2,5.6,96.6,153,1201,229,177,0,81.5176470588235,11184,1597.29,19,46,453,1653,113581676.5,514276308.4,19589916.9,0,-0.138486088238282,-0.161670875886399,1.00404385770431,0.582957261451353,-1.50339853153471,-0.0492104646484712,0.01634344317566,-0.446690279533185,1.00404385770431,-0.112071802552651,1.28654393645963,1.22364693762416,1.3409590599649,-0.279286911219509,-0.984426097198368,0.874700214310185,0.210006713147057,1.01320928280887,-0.382992487964139,0.672618239522113,-0.71332452718139,0.452058516634848,0.708692154522277,-0.7455502325292,0.221601916134148,-0.363491558526281,-0.998655411839273,198,2,987
"경상남도밀양시",2022,0,102945,0,30,88.1,27.850403897145,5.63,15.4,66.5,96.8,31.5,64.22,553,45800563,2,5.1,96.6,153,1245,301,177,0,80.5117647058824,10722,1597.354,22,45,437,1751,113351998.4,514144728,19808298.5,0,-0.138486088238282,-0.121660734069481,1.00404385770431,0.582957261451353,-1.50339853153471,-0.0764045544748631,0.01634344317566,-0.446690279533185,1.00404385770431,-0.112071802552651,1.28212123133004,1.22364693762416,1.3409590599649,-0.422652227365004,-0.984426097198368,1.21261631597415,0.317355091961176,1.01320928280887,-0.725589335813079,0.784766820692505,-0.657750321776526,1.34259782060632,0.708692154522277,1.06064287374951,0.338525094173092,-0.363491558526281,-0.998655411839273,198,3,988
"경상남도밀양시",2023,1,102084,0.979585439442028,31.7,89.2,27.728054057258,5.63,20.8,66.8,97.3,33.1,64.2,138,48042467,2,4.9,96.6,153,1245,301,177,380,81.0176470588235,10722,1597.39,21,49,348,1774,112720011.7,513999823.9,20113671.9,0,-0.138486088238282,-0.134997448008454,1.00404385770431,0.582957261451353,-1.50339853153471,-0.0764045544748631,0.01634344317566,-0.446690279533185,1.00404385770431,-0.0596083677293537,1.2699516303976,1.22364693762416,1.3409590599649,-0.235174506251665,-0.984426097198368,1.19026789657151,0.342549099233877,1.01320928280887,-0.295351433863247,0.810647262501057,-0.565126646101752,1.34259782060632,0.708692154522277,0.665306258173077,0.361427517191722,-0.363491558526281,-0.998655411839273,198,4,989
"경상남도밀양시",2024,1,100691,0.993137420424864,34.8,90.6,27.728054057258,5.63,18.7,65,97.9,34.8,64.06,-226,48042467,2,5.1,96.8,153,1245,301,177,266,81.1647058823529,10262,1597.422,21,49,348,1777,112410917.2,513877730.3,20362522.7,0,-0.138486088238282,-0.134997448008454,1.00404385770431,0.582957261451353,-1.50339853153471,-0.103480920968673,0.01634344317566,-0.446690279533185,1.00404385770431,-0.075347398176343,1.26399967489693,1.22364693762416,1.3409590599649,0.10669663224913,-0.984426097198368,1.19026789657151,0.345835274095534,1.01320928280887,-0.462666173510404,0.655364611649745,-0.453978235292021,1.34259782060632,0.708692154522277,-0.7455502325292,0.361427517191722,-0.363491558526281,-0.998655411839273,198,5,990
"경상남도양산시",2020,6,352229,1.70343725246927,27.8,98.4,20.84957212,3.7,35.8,61.7,100.6,13.8,82.98833997,811,156151983,5,7.2,99.4,755,700,76,611,0,97.1571428571429,8354,970.254,20,41,365,1524,28206889.3,356677909.7,17423443.9,0,-0.138486088238282,-0.148334161947427,1.00404385770431,0.582957261451353,-0.299167667553959,-0.215788980251695,1.23120605256646,0.446690279533185,1.00404385770431,-0.112071802552651,-0.35744175171389,1.22364693762416,0.447253529862769,-0.665270454688148,1.01490923682017,-0.248981845549338,0.0687011940958197,-0.986069748447918,0.89975384933073,0.370679751755672,0.0461896133517572,-1.3290200913081,0.708692154522277,1.16995964095844,0.926329973834973,0.568216689190515,1.00044832999338,199,1,991
"경상남도양산시",2021,11,354726,3.10098498559452,27,98.4,20.84957212,3.7,32.4,55.5,100.4,14.7,82.66,2505,156404239,5,6.3,99.4,755,698,75,611,0,97.4571428571429,7088,970.254,19,41,438,1754,28004050.7,356244082.1,17678949.2,0,-0.138486088238282,-0.161670875886399,1.00404385770431,0.582957261451353,-0.299167667553959,-0.290307849775963,1.23120605256646,0.446690279533185,1.00404385770431,-0.112071802552651,-0.361347632669446,1.22364693762416,1.3409590599649,-0.753495264623837,1.01490923682017,-0.248981845549338,0.320641266822833,-0.986069748447918,0.628863318473428,-0.164182712287738,0.00914014308184968,-1.3290200913081,0.708692154522277,1.49217323027665,0.927103539627869,0.568216689190515,-0.998655411839273,199,2,992
"경상남도양산시",2022,6,353792,1.69591172214182,30.9,98.5,22.6238166238526,3.7,30.4,55.1,100.4,15.7,82.14,-589,165384343,4,6.2,99.4,755,690,73,611,0,97.4571428571429,7188,971.216,18,43,445,1959,27874340.5,356055882.1,17836717.2,0,-0.138486088238282,-0.175007589825372,-0.99507918040338,0.582957261451353,-0.299167667553959,-0.284421683146874,1.23120605256646,0.446690279533185,1.00404385770431,-0.112071802552651,-0.363845345629018,1.22364693762416,1.3409590599649,-0.323399316187354,1.01490923682017,0.161580824952773,0.54519654903604,-0.986069748447918,0.469515947380898,-0.198689968032474,0.00914014308184968,-1.3290200913081,0.708692154522277,-0.7455502325292,0.953858685473777,0.568216689190515,-0.998655411839273,199,3,993
"경상남도양산시",2023,1,355122,0.281593367912999,33,98.5,23.5417400197844,3.7,30.9,56.3,100,16.8,80.52,1592,172111846,4,4.9,99.4,755,690,73,611,0,97.4571428571429,7340,971.406,18,42,12,2248,27276674.2,355097100.2,18667778.1,0,-0.138486088238282,-0.175007589825372,-0.99507918040338,0.582957261451353,-0.299167667553959,-0.275474709870659,1.23120605256646,0.446690279533185,1.00404385770431,-0.112071802552651,-0.375354069407174,1.22364693762416,1.3409590599649,-0.0918091901061701,1.01490923682017,0.36203967062318,0.861764727375634,-0.986069748447918,0.509352790154031,-0.095168200798266,-0.0649587974579707,-0.438480787336626,0.708692154522277,1.3626325534145,0.972967175302588,0.568216689190515,-0.998655411839273,199,4,994
"경상남도양산시",2024,2,359531,0.556280265123174,36,98.5,23.5417400197844,3.7,30.2,55.9,100.3,17.8,77.99,1592,172111846,4,3.3,98.2,755,690,73,611,0,97.4571428571429,7594,971.396,18,42,12,2333,25654183.9,354916336.4,18939545.1,0,-0.138486088238282,-0.175007589825372,-0.99507918040338,0.582957261451353,-0.299167667553959,-0.260523846632772,1.23120605256646,0.446690279533185,1.00404385770431,-0.112071802552651,-0.406596909593139,1.22364693762416,1.3409590599649,0.239033847152663,1.01490923682017,0.36203967062318,0.954873015122574,-0.986069748447918,0.453581210271645,-0.129675456543002,-0.00938459205310674,-0.438480787336626,0.708692154522277,1.3626325534145,0.972967175302588,0.568216689190515,-0.998655411839273,199,5,995
"경상남도의령군",2020,1,26800,3.73134328358209,25.4,75.8,29.8558613,6.01,15.9,61.9,96.19,37,35.60820896,-38,6319428,0,5.1,96.2,57,489,428,48,10,52.9571428571429,14890,966.862,18,13,243,711,54283650.7,329905661.8,8059210.8,0,-0.138486088238282,-0.175007589825372,-0.99507918040338,0.582957261451353,-1.50339853153471,0.168930870625573,-1.19851916621514,-1.34007083859956,-0.995079180403383,-0.110691185846775,0.14469504934294,1.22364693762416,-0.44645200023936,-0.929944884495215,-0.984426097198368,1.56601076507224,-0.821852193413144,1.01320928280887,-0.685752493039947,0.38793337962804,-0.77075120609975,1.34259782060632,-1.40978439317836,-0.7455502325292,-0.610691670596698,-1.29519980624308,-0.998655411839273,200,1,996
"경상남도의령군",2021,0,26322,0,26.1,77.5,29.8558613,6.01,16.2,65.6,97.1,38.4,35.93,-13,5897475,0,6.9,96.2,57,489,414,48,20,53.6357142857143,14458,966.862,18,13,243,738,54202092.9,329630103.2,8126877,0,-0.138486088238282,-0.175007589825372,-0.99507918040338,0.582957261451353,-1.50339853153471,0.143502630787908,-1.19851916621514,-1.34007083859956,-0.995079180403383,-0.109310569140899,0.143124563953093,1.22364693762416,-0.44645200023936,-0.852748175801487,-0.984426097198368,1.56601076507224,-0.792276619658233,1.01320928280887,-0.661850387376067,0.707125495266848,-0.602176116371662,1.34259782060632,-1.40978439317836,-0.7455502325292,-0.64380931750675,-1.29519980624308,1.00044832999338,200,2,997
"경상남도의령군",2022,0,26061,0,27.8,79.3,31.3130333591932,6.01,18,66,97.9,39.6,35.85,212,4629862,0,10.5,96.2,57,490,412,48,70,53.85,14172,965.832,20,13,474,741,54135167.1,329525472.4,8181638.1,0,-0.138486088238282,-0.148334161947427,-0.99507918040338,0.582957261451353,-1.50339853153471,0.126668194228713,-1.19851916621514,-1.34007083859956,-0.995079180403383,-0.102407485611518,0.141835833861013,1.22364693762416,-0.44645200023936,-0.665270454688148,-0.984426097198368,1.80866473007603,-0.788990444796577,1.01320928280887,-0.51843775339279,0.741632751011585,-0.453978235292021,1.34259782060632,-1.40978439317836,0.787341409628772,-0.759784249718611,-1.29519980624308,1.00044832999338,200,3,998
"경상남도의령군",2023,1,25475,3.92541707556428,30.3,86.3,32.1881858956007,6.01,15.2,69.6,98.9,41.1,35.74,-146,5181794,0,2.1,96.2,57,490,412,48,22,53.9857142857143,13758,965.828,17,13,364,761,53858353.8,328792846.5,8228254.4,0,-0.138486088238282,-0.188344303764345,-0.99507918040338,0.582957261451353,-1.50339853153471,0.102299464384284,-1.19851916621514,-1.34007083859956,-0.995079180403383,-0.109034445799724,0.13650548846958,1.22364693762416,-0.44645200023936,-0.38956792363912,-0.984426097198368,1.94919277348936,-0.767082612385532,1.01320928280887,-0.741524072922332,1.05219805271421,-0.268730883942473,1.34259782060632,-1.40978439317836,-0.7455502325292,-0.705810113624094,-1.29519980624308,-0.998655411839273,200,4,999
"경상남도의령군",2024,0,25150,0,30.2,89.5,32.1881858956007,6.01,18,66.1,99.5,42.4,35.92,72,5181794,0,3.3,95.9,57,490,412,48,336,54.5214285714286,13686,965.836,17,13,364,720,53790028.1,328763959.6,8290370.1,0,-0.138486088238282,-0.188344303764345,-0.99507918040338,0.582957261451353,-1.50339853153471,0.0980614244113397,-1.19851916621514,-1.34007083859956,-0.995079180403383,-0.0656830812352092,0.135189801759037,1.22364693762416,-0.44645200023936,-0.400596024881081,-0.984426097198368,1.94919277348936,-0.811993668828174,1.01320928280887,-0.51843775339279,0.750259564947768,-0.157582473132745,1.34259782060632,-1.40978439317836,0.481170717397592,-0.705810113624094,-1.29519980624308,-0.998655411839273,200,5,1000
"경상남도함안군",2020,1,64182,1.55806924059705,27.9,97.4,25.73044884,4.59,26.8,66.1,102.97,25.1,59.44345767,-1063,11333590,1,1.9,95.4,391,504,255,72,0,55.9090909090909,32082,840.358,56,40,291,810,75194010.2,209492478.2,10869617.6,0,-0.138486088238282,0.331787539855589,-0.99507918040338,0.582957261451353,-0.299167667553959,1.18088063749858,1.23120605256646,-1.34007083859956,-0.995079180403383,-0.112071802552651,0.547347083743128,0,-0.44645200023936,-0.654242353446187,-0.984426097198368,0.811273985121883,-0.713408422978473,-0.986069748447918,0.182690679414344,0.750259564947768,0.485225836050188,0.452058516634848,-1.40978439317836,-0.7455502325292,-0.330746917263705,-0.363491558526281,-0.998655411839273,201,1,1001
"경상남도함안군",2021,1,62547,1.5987977041265,27.6,98.2,25.73044884,4.59,25.6,61.7,103.5,26.8,59.48,-997,10757316,1,3.4,95.4,391,499,249,72,0,64.2727272727273,14532,840.358,40,37,429,903,74962161,209306637.5,10957788.1,0,-0.138486088238282,0.118400116832026,-0.99507918040338,0.582957261451353,-0.299167667553959,0.147858394093434,1.23120605256646,-1.34007083859956,-0.995079180403383,-0.112071802552651,0.542882571688514,0,-0.44645200023936,-0.68732665717207,-0.984426097198368,0.811273985121883,-0.611537002267115,-0.986069748447918,0.0870822567588256,0.370679751755672,0.583406932265448,0.452058516634848,-1.40978439317836,-0.7455502325292,-0.355756002704447,-0.363491558526281,-0.998655411839273,201,2,1002
"경상남도함안군",2022,2,61456,3.25436084353033,31.3,98.3,26.9018298998734,4.59,25.3,63.9,104.3,28.3,59.43,-390,12926408,1,3.1,95.4,391,496,244,72,0,65.9181818181818,11658,833.23,44,37,431,952,74605687.3,209226634.4,11004287.7,0,-0.138486088238282,0.171746972587917,-0.99507918040338,0.582957261451353,-0.299167667553959,-0.0213100348265886,1.23120605256646,-1.34007083859956,-0.995079180403383,-0.112071802552651,0.536018277436894,0,-0.44645200023936,-0.279286911219509,-0.984426097198368,1.03681120921485,-0.557862812860056,-0.986069748447918,0.063180151094946,0.56046965835172,0.731604813345087,0.452058516634848,-1.40978439317836,-0.7455502325292,-0.267726049568207,-0.363491558526281,-0.998655411839273,201,3,1003
"경상남도함안군",2023,2,60203,3.32209358337624,30.5,98.2,27.2423584432938,4.59,27.5,66.8,105,29.8,59.27,-624,12965907,1,8.5,95.4,391,496,244,72,1686,65.8272727272727,11658,833.224,44,36,400,969,74462883.7,209171587.8,11101185,0,-0.138486088238282,0.171746972587917,-0.99507918040338,0.582957261451353,-0.299167667553959,-0.0213100348265886,1.23120605256646,-1.34007083859956,-0.995079180403383,0.120700174058086,0.533268436619491,0,-0.44645200023936,-0.367511721155198,-0.984426097198368,1.10060182905219,-0.539241155310668,-0.986069748447918,0.238462259296729,0.810647262501057,0.861277959289771,0.452058516634848,-1.40978439317836,-0.7455502325292,-0.266263874644566,-0.363491558526281,1.00044832999338,201,4,1004
"경상남도함안군",2024,2,58842,3.39893273512117,35.2,98.3,27.2423584432938,4.59,26.3,65.3,105.1,31.6,59.39,-685,12965907,1,5.2,97.2,391,496,244,72,118,69.3363636363636,10758,833.22,44,36,400,960,74317386.4,209056407.8,11186508,0,-0.138486088238282,0.171746972587917,-0.99507918040338,0.582957261451353,-0.299167667553959,-0.074285534488391,1.23120605256646,-0.446690279533185,-0.995079180403383,-0.0957805254233117,0.530466725637682,0,-0.44645200023936,0.150809037216975,1.01490923682017,1.10060182905219,-0.549099679895638,-0.986069748447918,0.142853836641211,0.681245053458296,0.879802694424725,1.34259782060632,-1.40978439317836,-0.7455502325292,-0.266263874644566,-0.363491558526281,-0.998655411839273,201,5,1005
"경상남도창녕군",2020,2,61301,3.26258951729988,63.1,99.8,26.15022245,5.15,19.7,65,98.71,31.2,47.72679075,-467,24424171,0,1.6,98.1,137,373,51,32,112,62.6733333333333,22368,1066,17,25,397,1121,89935273.1,283496457.6,13920756,0,-0.138486088238282,-0.188344303764345,-0.99507918040338,0.582957261451353,0.905063196426787,0.609098411148861,0.01634344317566,-1.34007083859956,-0.995079180403383,-0.0966088954468374,0.831206359156973,0,0.447253529862769,3.22764928372413,1.01490923682017,0.893213559705332,-0.372741628986729,1.01320928280887,-0.382992487964139,0.655364611649745,-0.303927880698889,0.452058516634848,-1.40978439317836,-0.7455502325292,0.0372153087561733,-1.29519980624308,-0.998655411839273,202,1,1006
"경상남도창녕군",2021,3,60129,4.98927306291473,46.8,99.8,26.15022245,5.15,19.8,63.6,99.2,32.6,47.66,-401,23508845,0,1.8,98.1,137,365,51,32,130,65.3466666666667,20906,1066,18,25,381,1208,89608474.7,283203167.4,14039044.3,0,-0.138486088238282,-0.175007589825372,-0.99507918040338,0.582957261451353,0.905063196426787,0.523042655031577,0.01634344317566,-1.34007083859956,-0.995079180403383,-0.0941237853762601,0.824913495536014,0,0.447253529862769,1.43006878128446,1.01490923682017,0.893213559705332,-0.277442557998685,1.01320928280887,-0.375025119409512,0.534589216543168,-0.213156678537609,1.34259782060632,-1.40978439317836,-0.7455502325292,0.0189099758561141,-1.29519980624308,-0.998655411839273,202,2,1007
"경상남도창녕군",2022,1,58372,1.71315014047831,38.7,99.8,27.6727687651932,5.15,18.8,67.3,100,34.5,48.01,-818,22785875,0,1.6,98.1,137,366,49,32,30,65.2866666666667,20404,1065.338,27,25,20,1281,89472180.2,283167408.6,14162823.7,0,-0.138486088238282,-0.0549771643746181,-0.99507918040338,0.582957261451353,0.905063196426787,0.49349409855355,0.01634344317566,-1.34007083859956,-0.995079180403383,-0.107929952435023,0.822288994618058,0,0.447253529862769,0.536792580685614,1.01490923682017,1.18013824731063,-0.197478969698372,1.01320928280887,-0.454698804955778,0.853781332181977,-0.0649587974579707,1.34259782060632,-1.40978439317836,-0.7455502325292,0.00394045449532852,-1.29519980624308,-0.998655411839273,202,3,1008
"경상남도창녕군",2023,0,57083,0,49.5,99.8,27.9263565891473,5.15,19.6,66.8,99.9,36.2,48.11,-529,23051880,0,5.5,98.1,137,366,49,32,16,69.3466666666667,13940,1065.332,25,24,327,1205,89336269.1,283070501.6,14257749.5,0,-0.138486088238282,-0.0816505922525634,-0.99507918040338,0.582957261451353,0.905063196426787,0.113012287649226,0.01634344317566,-0.446690279533185,-0.995079180403383,-0.109862815823249,0.819671876489956,0,0.447253529862769,1.72782751481741,1.01490923682017,1.22644220343238,-0.280728732860342,1.01320928280887,-0.390959856518765,0.810647262501057,-0.0834835325929245,1.34259782060632,-1.40978439317836,-0.7455502325292,0.00950276369191014,-1.29519980624308,-0.998655411839273,202,4,1009
"경상남도창녕군",2024,1,56085,1.78300793438531,37.7,99.8,27.9263565891473,5.15,19.8,63.6,100.5,38.1,48.11,-252,23051880,0,1.7,98.7,137,366,49,32,80,69.4266666666667,13724,1065.328,25,24,327,1184,89157495.7,283003637.4,14342740,0,-0.138486088238282,-0.0816505922525634,-0.99507918040338,0.582957261451353,0.905063196426787,0.100298167730394,0.01634344317566,-0.446690279533185,-0.995079180403383,-0.101026868905641,0.81622939750213,0,0.447253529862769,0.426511568266003,1.01490923682017,1.22644220343238,-0.303731956891939,1.01320928280887,-0.375025119409512,0.534589216543168,0.0276648782168035,1.34259782060632,-1.40978439317836,-0.7455502325292,0.00950276369191014,-1.29519980624308,-0.998655411839273,202,5,1010
"경상남도고성군",2020,2,51361,3.89400517902689,31.1,80.5,25.68499534,6.03,16.6,62,100.62,31.3,47.68793442,-419,14732404,2,4,98.6,75,568,217,157,8,46.6466666666667,33546,1035.734,46,46,493,889,78850401,336269931.2,11669427.4,0,-0.138486088238282,0.198420400465862,-0.99507918040338,0.582957261451353,-1.50339853153471,1.26705411694845,-1.19851916621514,-1.34007083859956,1.00404385770431,-0.11096730918795,0.617754921264149,1.22364693762416,-0.44645200023936,-0.301343113703431,1.01490923682017,0.802324390285363,-0.626872484954847,1.01320928280887,-0.629980913157561,0.396560193564224,0.0498945603787501,1.34259782060632,-1.40978439317836,-0.7455502325292,-0.205052341832909,-0.363491558526281,-0.998655411839273,203,1,1011
"경상남도고성군",2021,0,50478,0,30.7,81.5,25.68499534,6.03,14.9,57.9,100.5,32.8,47.52,-166,14373382,2,5.2,98.6,75,581,217,157,10,49.4733333333333,30184,1035.734,46,46,493,936,78640704.3,336115608.2,11822750.8,0,-0.138486088238282,0.198420400465862,-0.99507918040338,0.582957261451353,-1.50339853153471,1.06916119487847,-1.19851916621514,-1.34007083859956,1.00404385770431,-0.110691185846775,0.613716980029231,1.22364693762416,0.447253529862769,-0.345455518671276,1.01490923682017,0.802324390285363,-0.575389078788892,1.01320928280887,-0.765426178586212,0.0428608221806785,0.0276648782168035,1.34259782060632,-1.40978439317836,-0.7455502325292,-0.216875882174883,-0.363491558526281,-0.998655411839273,203,2,1012
"경상남도고성군",2022,0,50448,0,22.5,82.6,27.0800305325583,6.03,11.9,60.8,101.1,33.8,47.41,689,15510400,1,1.8,98.6,75,593,214,157,48,52.1666666666667,26370,1037.77,50,42,469,964,78410716.4,335948723.4,11965401.1,470000,7.2144657396515,0.251767256221753,-0.99507918040338,0.582957261451353,-1.50339853153471,0.844662799645009,-1.19851916621514,-1.34007083859956,1.00404385770431,-0.105444842364445,0.609288309358962,1.22364693762416,0.447253529862769,-1.24975982051209,1.01490923682017,1.07028972259743,-0.544718113413429,1.01320928280887,-1.00444723522501,0.293038426330015,0.138813289026531,1.34259782060632,-1.40978439317836,1.12340963901066,-0.180389965579961,-0.363491558526281,-0.998655411839273,203,3,1013
"경상남도고성군",2023,0,49468,0,29.2,83.7,26.7737693671031,6.03,15.9,60.4,101.9,35.4,47.12,-303,16694993,1,4.8,98.6,75,593,214,157,214,54.6333333333333,20762,1036.046,48,46,516,972,78297894.4,335827818.6,12051242.9,266000,7.2144657396515,0.225093828343807,-0.99507918040338,0.582957261451353,-1.50339853153471,0.514566575085689,-1.19851916621514,-1.34007083859956,1.00404385770431,-0.0825266050468996,0.607115797316541,1.22364693762416,0.447253529862769,-0.510877037300693,1.01490923682017,1.01262020186358,-0.535954980449012,1.01320928280887,-0.685752493039947,0.258531170585279,0.287011170106172,1.34259782060632,-1.40978439317836,-0.7455502325292,-0.145118759097837,-0.363491558526281,-0.998655411839273,203,4,1014
"경상남도고성군",2024,0,48005,0,25.2,86.9,26.7737693671031,6.03,17.7,60.8,102.6,37.2,47.43,-782,16694993,1,9.3,92.5,75,593,214,157,30,56.7733333333333,18432,1036.066,48,46,516,935,78217068.6,335760802.8,12134648.9,266000,7.2144657396515,0.225093828343807,-0.99507918040338,0.582957261451353,-1.50339853153471,0.377418892627911,-1.19851916621514,-1.34007083859956,1.00404385770431,-0.107929952435023,0.605559407394023,1.22364693762416,0.447253529862769,-0.952001086979137,-0.984426097198368,1.01262020186358,-0.576484470409444,1.01320928280887,-0.542339859056669,0.293038426330015,0.416684316050854,1.34259782060632,-1.40978439317836,-0.7455502325292,-0.145118759097837,-0.363491558526281,1.00044832999338,203,5,1015
"경상남도하동군",2020,0,44785,0,20.8,60.2,24.80955455,5.69,12.8,63.1,99.75,34.6,22.37579547,-1294,4958095,0,4.7,86.9,61,773,198,40,0,66.5714285714286,20800,1349.234,24,21,483,850,81309329.9,485758911.1,11392176,0,-0.138486088238282,-0.094987306191536,1.00404385770431,0.582957261451353,-1.50339853153471,0.516803318404743,-1.19851916621514,-1.34007083859956,-0.995079180403383,-0.112071802552651,0.665104309208934,1.22364693762416,-0.44645200023936,-1.43723754162543,-0.984426097198368,0.626913880144815,-0.669592758156384,1.01320928280887,-0.932740918233369,0.491455146862248,-0.111270635295358,1.34259782060632,-1.40978439317836,-0.7455502325292,-0.726958879888361,-1.29519980624308,-0.998655411839273,204,1,1016
"경상남도하동군",2021,1,43449,2.30154894243826,24.6,60.8,24.80955455,5.69,14.8,53.7,99.7,36.3,22.38,-731,2381789,0,4.3,86.9,61,785,203,40,0,69.2071428571429,18218,1349.234,23,20,605,874,81103226,485074452.5,11510174.8,0,-0.138486088238282,-0.108324020130509,1.00404385770431,0.582957261451353,-1.50339853153471,0.364822496041661,-1.19851916621514,-0.446690279533185,-0.995079180403383,-0.112071802552651,0.661135551300548,1.22364693762416,-0.44645200023936,-1.0181696944309,-0.984426097198368,0.626913880144815,-0.64330335926313,1.01320928280887,-0.773393547140838,-0.31946536313905,-0.120533002862835,1.34259782060632,-1.40978439317836,-0.7455502325292,-1.07832363654885,-1.29519980624308,-0.998655411839273,204,2,1017
"경상남도하동군",2022,1,42465,2.35488048981514,22.6,60.8,26.7902535805072,5.69,18.5,67,100.2,38,22.54,-331,2185842,0,3.4,86.9,61,813,201,40,38,80.15,11606,1349.726,22,19,581,920,80950590.8,484929166.3,11626119.4,0,-0.138486088238282,-0.121660734069481,1.00404385770431,0.582957261451353,-1.50339853153471,-0.0243708414737149,-1.19851916621514,-0.446690279533185,-0.995079180403383,-0.106825459070322,0.658196392181783,1.22364693762416,-0.44645200023936,-1.23873171927013,-0.984426097198368,1.01574036529468,-0.592915344717728,1.01320928280887,-0.478600910619657,0.827900890373425,-0.0279093271880605,1.34259782060632,-1.40978439317836,-0.7455502325292,-1.1194668163169,-1.29519980624308,-0.998655411839273,204,3,1018
"경상남도하동군",2023,1,41606,2.40349949526511,22.7,62.2,27.0795495822739,5.69,14.3,64,100.2,39.7,22.68,-274,2267097,0,5.5,86.9,61,813,201,40,440,80.05,11474,1350.602,19,17,581,941,80791216.3,484877440.5,11737056,403000,7.2144657396515,-0.161670875886399,1.00404385770431,0.582957261451353,-1.50339853153471,-0.0321405814241126,-1.19851916621514,-0.446690279533185,-0.995079180403383,-0.0513246674940962,0.655127460408682,1.22364693762416,-0.44645200023936,-1.22770361802817,-0.984426097198368,1.07019965281423,-0.569912120686131,1.01320928280887,-0.813230389913971,0.569096472287904,-0.0279093271880605,1.34259782060632,-1.40978439317836,-0.7455502325292,-1.10197498935231,-1.29519980624308,-0.998655411839273,204,4,1019
"경상남도하동군",2024,1,40765,2.45308475407825,25.2,62.7,27.0795495822739,5.69,19.2,65.8,100.2,41.3,22.64,-195,2267097,0,2.8,97.2,61,813,201,40,108,79.85,11384,1350.588,19,17,581,890,80604477.4,484754322.8,11787218,403000,7.2144657396515,-0.161670875886399,1.00404385770431,0.582957261451353,-1.50339853153471,-0.0374381313902929,-1.19851916621514,-0.446690279533185,-0.995079180403383,-0.0971611421291879,0.651531596933133,1.22364693762416,-0.44645200023936,-0.952001086979137,1.01490923682017,1.07019965281423,-0.625777093334294,1.01320928280887,-0.422829330737272,0.724379123139216,-0.0279093271880605,1.34259782060632,-1.40978439317836,-0.7455502325292,-1.10197498935231,-1.29519980624308,-0.998655411839273,204,5,1020
"경상남도산청군",2020,2,34857,5.73772843331325,16.1,47.6,25.6915764,5.52,15.2,65.1,96.41,36.8,19.62303124,-113,1905761,2,5.4,98.7,41,1090,282,326,0,63.7583333333333,13488,1600.506,22,39,1009,716,68093695.3,614007882.8,10885455.8,0,-0.138486088238282,-0.121660734069481,1.00404385770431,0.582957261451353,-1.50339853153471,0.0864068144857432,-1.19851916621514,-1.34007083859956,1.00404385770431,-0.112071802552651,0.410622689341063,1.22364693762416,-0.44645200023936,-1.9555582999976,1.01490923682017,0.803621115511252,-0.816375235310382,1.01320928280887,-0.741524072922332,0.663991425585928,-0.72999678880285,1.34259782060632,-1.40978439317836,-0.7455502325292,-1.18518014569733,-0.363491558526281,-0.998655411839273,205,1,1021
"경상남도산청군",2021,0,34360,0,23.6,50,25.6915764,5.52,17.2,62.6,97.1,38.3,19.6,68,2682825,2,3.6,98.7,41,1112,280,326,1676.8,65.725,12698,1601.46,20,41,777,749,67839677,613707378.6,11082418.6,0,-0.138486088238282,-0.148334161947427,1.00404385770431,0.582957261451353,-1.50339853153471,0.0399060981159388,-1.19851916621514,-1.34007083859956,1.00404385770431,0.119430006688679,0.405731286815445,1.22364693762416,-0.44645200023936,-1.12845070685051,1.01490923682017,0.803621115511252,-0.780227311832159,1.01320928280887,-0.582176701829802,0.448321077181328,-0.602176116371662,1.34259782060632,-1.40978439317836,0.465058380524256,-1.02128515434259,-0.363491558526281,-0.998655411839273,205,2,1022
"경상남도산청군",2022,0,34028,0,23.8,55.3,27.4892735611777,5.52,16.9,68.8,98.3,39.7,19.61,322,2343949,2,4.5,98.7,41,1139,282,326,3462.4,59.875,15840,1589.41,16,33,894,787,67696380.6,613490588,11274205.4,0,-0.138486088238282,-0.201681017703317,1.00404385770431,0.582957261451353,-1.50339853153471,0.22484945360192,-1.19851916621514,-1.34007083859956,1.00404385770431,0.365952925689944,0.402971956590528,1.22364693762416,-0.44645200023936,-1.10639450436659,1.01490923682017,1.14637678447043,-0.738602430251174,1.01320928280887,-0.606078807493682,0.983183541224737,-0.379879294752203,1.34259782060632,-1.40978439317836,0.906386405844746,-1.08599856605102,-0.363491558526281,-0.998655411839273,205,3,1023
"경상남도산청군",2023,3,33752,8.8883621711306,23.5,54.9,27.5727594424785,5.52,19.3,68.7,98.6,41,19.94,230,2718624,2,4.8,98.7,41,1139,282,326,3142,60.8166666666667,15528,1589.424,28,50,923,764,67552254.3,613349460.1,11378028,0,-0.138486088238282,-0.0416404504356454,1.00404385770431,0.582957261451353,-1.50339853153471,0.206484613719162,-1.19851916621514,-1.34007083859956,1.00404385770431,0.321717966433669,0.400196645725807,1.22364693762416,-0.44645200023936,-1.13947880809248,1.01490923682017,1.16176431362761,-0.763796437523875,1.01320928280887,-0.414861962182645,0.974556727288554,-0.324305089347339,1.34259782060632,-1.40978439317836,0.810536689006339,-1.01493256732028,-0.363491558526281,-0.998655411839273,205,4,1024
"경상남도산청군",2024,0,33259,0,23.2,55.3,27.5727594424785,5.52,21,68.4,98.2,42.5,19.62,65,2718624,2,4,95.8,41,1139,282,326,38,64.2,13886,1589.462,28,50,923,782,67438899.2,613201346,11484724.2,0,-0.138486088238282,-0.0416404504356454,1.00404385770431,0.582957261451353,-1.50339853153471,0.109833757669518,-1.19851916621514,-1.34007083859956,1.00404385770431,-0.106825459070322,0.398013868254926,1.22364693762416,-0.44645200023936,-1.17256311181836,-0.984426097198368,1.16176431362761,-0.744079388353935,1.01320928280887,-0.279416696753994,0.948676285480002,-0.398404029887157,1.34259782060632,-1.40978439317836,0.452348807306097,-1.01493256732028,-0.363491558526281,-0.998655411839273,205,5,1025
"경상남도함양군",2020,1,39080,2.55885363357216,20.5,64.1,28.41914266,6.02,20,69.2,93.21,33.8,47.12896622,-107,6420377,3,4.6,88.2,42,3298,281,168,96,62.75,13808,1450.432,7,49,66,889,63954236.1,557338497.9,9423327.7,0,-0.138486088238282,-0.321711443154071,1.00404385770431,0.582957261451353,-1.50339853153471,0.105242547698828,-1.19851916621514,-1.34007083859956,1.00404385770431,-0.0988178821762394,0.330912836997464,1.22364693762416,-0.44645200023936,-1.47032184535131,-0.984426097198368,1.31527312625403,-0.626872484954847,1.01320928280887,-0.35909038230026,1.01769079696947,-1.32278831312141,1.34259782060632,-1.40978439317836,-0.7455502325292,-0.603096595514011,0.568216689190515,-0.998655411839273,206,1,1026
"경상남도함양군",2021,2,38310,5.22056904202558,24.4,67.3,28.41914266,6.02,20.1,65.8,93.7,35.2,47.27,-161,7807014,3,6.8,88.2,42,2774,273,168,8,63.3416666666667,13080,1450.432,17,45,82,909,63732442.9,557239071.8,9537413.4,0,-0.138486088238282,-0.188344303764345,1.00404385770431,0.582957261451353,-1.50339853153471,0.0623912546390594,-1.19851916621514,-1.34007083859956,1.00404385770431,-0.11096730918795,0.326641964313705,1.22364693762416,-0.44645200023936,-1.04022589691483,-0.984426097198368,1.31527312625403,-0.604964652543802,1.01320928280887,-0.351123013745633,0.724379123139216,-1.23201711096012,1.34259782060632,-1.40978439317836,-0.7455502325292,-0.509383114376277,0.568216689190515,1.00044832999338,206,2,1027
"경상남도함양군",2022,0,37708,0,16.9,68.1,29.660832304452,6.02,19.6,68.8,94,36.5,47.44,30,7239574,3,6.9,88.2,42,2782,273,168,20,63.7,12710,1449.436,17,34,99,981,63602792.5,556243376.8,9659445.1,0,-0.138486088238282,-0.188344303764345,1.00404385770431,0.582957261451353,-1.50339853153471,0.0406124381114295,-1.19851916621514,-1.34007083859956,1.00404385770431,-0.109310569140899,0.324145402869087,1.22364693762416,-0.44645200023936,-1.86733349006191,-0.984426097198368,1.53266732244442,-0.526096455864041,1.01320928280887,-0.390959856518765,0.983183541224737,-1.17644290555526,1.34259782060632,-1.40978439317836,0.236289615465012,-0.545546716461493,0.568216689190515,1.00044832999338,206,3,1028
"경상남도함양군",2023,3,36945,8.12017864393017,20.3,69.4,29.619312906221,6.02,18.5,70.1,94.2,37.9,47.32,-223,8812048,3,4.9,88.2,42,2782,273,168,322,68.4416666666667,10898,1449.45,19,33,513,953,63430783.1,556094819.5,9750315.4,0,-0.138486088238282,-0.161670875886399,1.00404385770431,0.582957261451353,-1.50339853153471,-0.0660449012076662,-1.19851916621514,-0.446690279533185,1.00404385770431,-0.067615944623436,0.320833172161339,1.22364693762416,-0.44645200023936,-1.49237804783523,-0.984426097198368,1.52554151447374,-0.556767421239504,1.01320928280887,-0.478600910619657,1.09533212239513,-1.13939343528535,1.34259782060632,-1.40978439317836,-0.7455502325292,-0.451348343048338,0.568216689190515,-0.998655411839273,206,4,1029
"경상남도함양군",2024,0,36131,0,29.1,68.4,29.619312906221,6.02,22.6,69,95.1,39.3,47.36,-242,8812048,3,7,95.5,42,2782,273,168,94,72.925,9052,1449.484,19,33,513,908,63336370.4,556035702.9,9827830.5,0,-0.138486088238282,-0.161670875886399,1.00404385770431,0.582957261451353,-1.50339853153471,-0.174703537180652,-1.19851916621514,-0.446690279533185,1.00404385770431,-0.0990940055174147,0.319015151494204,1.22364693762416,-0.44645200023936,-0.521905138542654,-0.984426097198368,1.52554151447374,-0.606060044164354,1.01320928280887,-0.15193879987997,1.00043716909711,-0.972670819070759,1.34259782060632,-1.40978439317836,-0.7455502325292,-0.451348343048338,0.568216689190515,1.00044832999338,206,5,1030
"경상남도거창군",2020,2,61502,3.25192676660922,17.8,79,27.01162927,5.54,19.4,69.1,95.74,27.7,66.50027641,-211,18282809,1,3.5,97,69,1231,162,178,0,57.5615384615385,19680,1606.6,21,27,989,1069,77193433.2,606643696.7,10399773.5,0,-0.138486088238282,-0.134997448008454,1.00404385770431,0.582957261451353,-1.50339853153471,0.450878252158944,-1.19851916621514,-1.34007083859956,1.00404385770431,-0.112071802552651,0.585848178790132,1.22364693762416,-0.44645200023936,-1.76808057888426,1.01490923682017,1.05746438441609,-0.429701993255445,1.01320928280887,-0.406894593628019,1.00906398303329,-0.854112514207048,0.452058516634848,0.708692154522277,-0.7455502325292,-0.101578598425316,-0.363491558526281,-0.998655411839273,207,1,1031
"경상남도거창군",2021,0,61073,0,18.2,80.4,27.01162927,5.54,21.8,66.3,96.3,28.7,66.38,190,19224348,1,1.9,97,69,1242,162,178,0,58.5,19474,1606.6,18,26,1132,1140,76914204.5,605231309.4,10491876.4,0,-0.138486088238282,-0.175007589825372,1.00404385770431,0.582957261451353,-1.50339853153471,0.438752748903021,-1.19851916621514,-1.34007083859956,1.00404385770431,-0.112071802552651,0.580471322207733,1.22364693762416,-0.44645200023936,-1.72396817391642,1.01490923682017,1.05746438441609,-0.351929188196237,1.01320928280887,-0.215677748316982,0.767513192820137,-0.7503739974513,0.452058516634848,0.708692154522277,0.756170955447826,-0.0775128593849939,-0.363491558526281,-0.998655411839273,207,2,1032
"경상남도거창군",2022,3,60387,4.96795667941775,24.8,78,28.2118103687275,5.54,18.5,68.6,96.5,29.9,66.13,-27,19175582,1,4.3,97,69,1216,166,178,0,57.2846153846154,20574,1607.944,21,23,1102,1177,76724835.3,605726920.9,10591774.9,0,-0.138486088238282,-0.134997448008454,1.00404385770431,0.582957261451353,-1.50339853153471,0.503500581823001,-1.19851916621514,-1.34007083859956,1.00404385770431,-0.112071802552651,0.576824809404701,1.22364693762416,-0.44645200023936,-0.996113491946982,1.01490923682017,1.27808154979265,-0.311399698235804,1.01320928280887,-0.478600910619657,0.965929913352369,-0.71332452718139,0.452058516634848,0.708692154522277,-0.7455502325292,-0.078730083987792,-0.363491558526281,-0.998655411839273,207,3,1033
"경상남도거창군",2023,0,60047,0,27.6,78.5,28.0103582218386,5.54,15.2,68.9,96.9,30.9,66.23,205,18629218,1,6.2,97,69,1216,166,178,0,70.6692307692308,8712,1607.914,19,22,1083,1150,76166626.1,605611949.7,10819062.4,0,-0.138486088238282,-0.161670875886399,1.00404385770431,0.582957261451353,-1.50339853153471,-0.194716503719555,-1.19851916621514,-0.446690279533185,1.00404385770431,-0.112071802552651,0.566075875604644,1.22364693762416,-0.44645200023936,-0.68732665717207,1.01490923682017,1.24169104841236,-0.340975271990715,1.01320928280887,-0.741524072922332,0.991810355160922,-0.63922558664157,0.452058516634848,0.708692154522277,0.777787163971274,-0.0925832537658228,-0.363491558526281,-0.998655411839273,207,4,1034
"경상남도거창군",2024,0,59588,0,25,78.7,28.0103582218386,5.54,22.4,68.6,96.9,32.2,66.62,88,18629218,1,5.1,97.8,69,1216,166,178,0,67.9615384615385,9262,1607.912,19,22,1083,1097,75996810.2,605550613.8,10919304.9,0,-0.138486088238282,-0.161670875886399,1.00404385770431,0.582957261451353,-1.50339853153471,-0.162342587259565,-1.19851916621514,-0.446690279533185,1.00404385770431,-0.112071802552651,0.562805883158627,1.22364693762416,-0.44645200023936,-0.97405728946306,1.01490923682017,1.24169104841236,-0.399031027879983,1.01320928280887,-0.167873536989223,0.965929913352369,-0.63922558664157,1.34259782060632,0.708692154522277,0.537833131626302,-0.0925832537658228,-0.363491558526281,-0.998655411839273,207,5,1035
"경상남도합천군",2020,0,44006,0,16.2,56.3,29.01153118,5.34,9.6,64.8,93.03,39.6,25.76694087,-581,12827583,0,2.3,86.3,70,535,423,91,58,58.7166666666667,26754,1967.034,1,92,1131,1226,102606735.9,708116394.2,12648385.1,0,-0.138486088238282,-0.401731726787907,-0.99507918040338,0.582957261451353,-1.50339853153471,0.867265679500712,-1.19851916621514,-1.34007083859956,-0.995079180403383,-0.104064225658569,1.07520935084376,1.22364693762416,0.447253529862769,-1.94453019875564,-0.984426097198368,1.42010977908744,-0.257725508828745,1.01320928280887,-1.18769671198142,0.638110983777376,-1.35613283636432,1.34259782060632,-1.40978439317836,-0.7455502325292,-0.271404019637094,-1.29519980624308,-0.998655411839273,208,1,1036
"경상남도합천군",2021,2,42935,4.6582042622569,13.5,58.7,29.01153118,5.34,11.6,61.2,93.7,41,25.87,-244,12680788,0,2.2,86.3,70,541,419,91,58,59.2444444444444,26066,1967.034,0,102,35,1292,102266954.1,707855295.5,12729248.1,0,-0.138486088238282,-0.41506844072688,-0.99507918040338,0.582957261451353,-1.50339853153471,0.826768853092578,-1.19851916621514,-1.34007083859956,-0.995079180403383,-0.104064225658569,1.06866647753629,1.22364693762416,0.447253529862769,-2.24228893228859,-0.984426097198368,1.42010977908744,-0.185429661872298,1.01320928280887,-1.02834934088889,0.327545682074752,-1.23201711096012,1.34259782060632,-1.40978439317836,-0.7455502325292,-0.276919928831915,-1.29519980624308,-0.998655411839273,208,2,1037
"경상남도합천군",2022,1,42142,2.3729296189075,19.2,60.9,31.0356479134989,5.34,9,65.1,94.6,42.1,26.11,22,15315009,0,4.7,86.3,70,560,416,91,58,62.7388888888889,23302,1966.144,0,90,1151,1347,102075344.4,707737047.8,12805923.9,0,-0.138486088238282,-0.41506844072688,-0.99507918040338,0.582957261451353,-1.50339853153471,0.664075207464554,-1.19851916621514,-1.34007083859956,-0.995079180403383,-0.104064225658569,1.06497682143469,1.22364693762416,0.447253529862769,-1.6136871614968,-0.984426097198368,1.76332807315916,-0.125183122741925,1.01320928280887,-1.23550092330918,0.663991425585928,-1.06529449474553,1.34259782060632,-1.40978439317836,0.150945002028953,-0.186465511470882,-1.29519980624308,-0.998655411839273,208,3,1038
"경상남도합천군",2023,0,41203,0,18.5,59.5,31.185135587546,5.34,9.7,62.3,95.5,43.5,26.28,-137,13224627,0,4.8,86.3,70,560,416,91,496,61.7888888888889,22922,1966.236,1,97,1107,1336,101938213.9,707615376.7,12890639.4,0,-0.138486088238282,-0.401731726787907,-0.99507918040338,0.582957261451353,-1.50339853153471,0.641707774274015,-1.19851916621514,-1.34007083859956,-0.995079180403383,-0.0435932139411891,1.06233622241471,1.22364693762416,0.447253529862769,-1.69088387019053,-0.984426097198368,1.78780930984794,-0.137232430568,1.01320928280887,-1.17972934342679,0.422440635372776,-0.898571878530938,1.34259782060632,-1.40978439317836,-0.7455502325292,-0.256795322996699,-1.29519980624308,-0.998655411839273,208,4,1039
"경상남도합천군",2024,0,40225,0,21.5,60.1,31.185135587546,5.34,9.7,57.5,96.6,45.3,26.47,-144,13224627,0,2.3,98.2,70,560,416,91,24,65.3111111111111,20034,1966.276,1,97,1107,1280,101710747.4,707345012,12944102.8,0,-0.138486088238282,-0.401731726787907,-0.99507918040338,0.582957261451353,-1.50339853153471,0.47171528202592,-1.19851916621514,-1.34007083859956,-0.995079180403383,-0.108758322458548,1.05795610408231,1.22364693762416,0.447253529862769,-1.3600408329317,1.01490923682017,1.78780930984794,-0.198574361318925,1.01320928280887,-1.17972934342679,0.00835356643594257,-0.694799792046436,1.34259782060632,-1.40978439317836,-0.7455502325292,-0.256795322996699,-1.29519980624308,-0.998655411839273,208,5,1040
"경기도연천군",2020,0,43516,0,28.6,98,22.43690165,6.23,22,71.2,110.05,26.4,62.56779116,-107,2440785,0,5.3,95.5,137,1084,3,321,12,86.8090909090909,4368,1352.74,153,111,111,490,53351983.1,409136603.3,9184799.1,0,-0.138486088238282,1.62544879193594,1.00404385770431,0.582957261451353,-0.299167667553959,-0.450411582087189,0.01634344317566,-0.446690279533185,1.00404385770431,-0.1104150625056,0.126754762160181,1.22364693762416,-0.44645200023936,-0.577045644752459,-0.984426097198368,0.119808311249976,-1.06393374155519,1.01320928280887,-0.199743011207729,1.19022707569315,1.79677708360499,0.452058516634848,-1.40978439317836,-0.7455502325292,-1.06659766160772,-1.29519980624308,-0.998655411839273,211,1,1041
"경기도연천군",2021,9,42721,21.0669225907633,34.9,97.9,22.43690165,6.23,22.5,70.6,110.2,27.7,62.72,-280,3893298,0,8.9,95.5,137,1098,3,321,532,54.5727272727273,20072,1352.74,149,82,108,556,53130581.7,408785099.3,9354476.7,0,-0.138486088238282,1.57210193618004,1.00404385770431,0.582957261451353,-0.299167667553959,0.473952025344974,0.01634344317566,-1.34007083859956,1.00404385770431,-0.0386229938000346,0.122491434017542,1.22364693762416,-0.44645200023936,0.117724733491091,-0.984426097198368,0.119808311249976,-0.991637894598739,1.01320928280887,-0.159906168434597,1.13846619207605,1.82456418630742,0.452058516634848,-1.40978439317836,-0.7455502325292,-0.842822504165562,-1.29519980624308,1.00044832999338,211,2,1042
"경기도연천군",2022,1,42062,2.37744282250012,36.2,98,24.1253348486078,6.23,22.5,71,110.8,29.3,61.87,-188,2355148,0,5.1,95.5,137,1098,3,321,110,56.8454545454545,5216,1352.74,179,122,116,604,52944122.7,408577441.3,9470212,0,-0.138486088238282,1.97220335434922,1.00404385770431,0.582957261451353,-0.299167667553959,-0.400496889072513,0.01634344317566,-1.34007083859956,1.00404385770431,-0.0968850187880127,0.118900960325197,1.22364693762416,-0.44645200023936,0.261090049636586,-0.984426097198368,0.485624631298521,-0.939059096812232,1.01320928280887,-0.159906168434597,1.17297344782079,1.93571259711715,0.452058516634848,-1.40978439317836,-0.7455502325292,-1.08371428634497,-1.29519980624308,-0.998655411839273,211,3,1043
"경기도연천군",2023,2,41584,4.80954213158907,30.4,98.8,25.0349324639031,6.23,24.1,71.7,109.9,31,62.24,-139,2355148,0,8.5,95.5,137,1098,3,321,60,59.9727272727273,5216,1355.876,190,124,120,635,52125597.4,406731835.3,9622306.6,0,-0.138486088238282,2.11890720767792,1.00404385770431,0.582957261451353,-0.299167667553959,-0.400496889072513,0.01634344317566,-1.34007083859956,1.00404385770431,-0.103788102317394,0.10313935291462,1.22364693762416,-0.44645200023936,-0.378539822397159,-0.984426097198368,0.672634729794052,-0.905101956575113,1.01320928280887,-0.0324282715605722,1.23336114537407,1.76898998090256,0.452058516634848,-1.40978439317836,-0.7455502325292,-1.08371428634497,-1.29519980624308,1.00044832999338,211,4,1044
"경기도연천군",2024,1,40866,2.44702197425733,34.1,98.9,25.0349324639031,6.23,19.8,68.5,109.9,32.9,62.36,-341,2355148,0,8.7,97,137,1098,3,321,4,57.5545454545455,8348,1356.852,190,124,120,603,51934052.2,406573352.5,9769193.3,0,-0.138486088238282,2.11890720767792,1.00404385770431,0.582957261451353,0.905063196426787,-0.21614215024944,0.01634344317566,-1.34007083859956,1.00404385770431,-0.111519555870301,0.0994509388316583,1.22364693762416,-0.44645200023936,0.0294999235554023,1.01490923682017,0.672634729794052,-0.940154488432785,1.01320928280887,-0.375025119409512,0.957303099416186,1.76898998090256,1.34259782060632,-1.40978439317836,-0.7455502325292,-1.08371428634497,-1.29519980624308,1.00044832999338,211,5,1045
"경기도고양시",2020,107,1079216,9.91460467598701,29.7,99.7,15.80860488,2.78,38.3,63.8,95.7075,13.5,100,12353,71122978.6666667,5.66666666666667,6.1,97.6,181,1365,0,21,282,90.725,71270,539.662,55,9,239,4175,15026618.75,41638780.35,17979543.95,0,-0.138486088238282,0.318450825916616,1.00404385770431,-1.71385315027395,0.905063196426787,3.48755161610604,0.01634344317566,0.446690279533185,-0.995079180403383,-0.073138411446941,-0.611242397795675,0,1.3409590599649,-0.455736531090887,1.01490923682017,-1.62827049977343,2.97258438017978,-0.986069748447918,1.09893806319639,0.551842844415536,-0.860133053125908,-1.3290200913081,0.708692154522277,1.94829644844109,0.549445732719902,1.49992493690731,-0.998655411839273,212,1,1046
"경기도고양시",2021,192,1079353,17.7884343676258,31.5,99.8,15.80860488,2.78,38.4,60.3,95.8,14.3,100,1266,74946304.3333333,6,6.2,97.6,181,1487,0,21,54,91.5925,69460,539.662,57,8,259,4586,14886784.25,41530177.15,18176868.7,0,-0.138486088238282,0.345124253794561,1.00404385770431,-1.71385315027395,0.905063196426787,3.38101200011953,0.01634344317566,0.446690279533185,-0.995079180403383,-0.10461647234092,-0.61393506531793,0,1.3409590599649,-0.257230708735587,1.01490923682017,-1.62827049977343,3.42279033622675,-0.986069748447918,1.10690543175102,0.249904356649095,-0.842997673126074,-1.3290200913081,0.708692154522277,1.2971666566815,0.574539473566043,1.49992493690731,-0.998655411839273,212,2,1047
"경기도고양시",2022,39,1076535,3.62273404951999,33.625,99.8,17.8262202599951,2.78,39.2,62.6,95.5,15.1,100,-109,77392207.3333333,6.33333333333333,7.45,97.6,181,1417,0,21,222,94.4422222222222,55000,536.238,54,13,181,5190,14771526.5,41453026.7,18326887.05,0,-0.138486088238282,0.305114111977643,1.00404385770431,-1.71385315027395,0.905063196426787,2.52987230555324,0.01634344317566,0.446690279533185,-0.995079180403383,-0.0814221116821986,-0.616154480413012,0,1.3409590599649,-0.0228835573439132,1.01490923682017,-1.03215384620539,4.0844068750403,-0.986069748447918,1.17064438018803,0.448321077181328,-0.898571878530938,-1.3290200913081,0.708692154522277,-0.7455502325292,0.589929899796758,1.49992493690731,1.00044832999338,212,3,1048
"경기도고양시",2023,38,1074907,3.53518955593368,36.575,99.8,19.0052988321767,2.78,37.6,59.4,95.2,16.1,100,-579,77392207.3333333,6.66666666666667,8.975,97.6,181,1417,0,21,144,96.7377777777778,32686,536.254,45,12,187,5530,14521915.9,41292632.4,18812554.65,0,-0.138486088238282,0.18508368652689,1.00404385770431,-1.71385315027395,0.905063196426787,1.21643308393828,0.01634344317566,0.446690279533185,-0.995079180403383,-0.0921909219880334,-0.620961007813837,0,1.3409590599649,0.30244542929394,1.01490923682017,-0.712709892770678,4.45684002602805,-0.986069748447918,1.04316648331401,0.172263031223439,-0.954146083935802,-1.3290200913081,0.708692154522277,-0.7455502325292,0.589929899796758,1.49992493690731,1.00044832999338,212,4,1049
"경기도고양시",2024,17,1070120,1.58860688520914,39.5,99.9,19.0052988321767,2.78,37.5,56.5,95.1,17.2,100,-579,77392207.3333333,0,7.3,98,181,1417,0,21,492,96.7888888888889,31950,536.308,45,12,187,5624,14405792,41200825.8,18946054.8,0,-0.138486088238282,0.18508368652689,1.00404385770431,-1.71385315027395,0.905063196426787,1.17311089754818,0.01634344317566,0.446690279533185,-0.995079180403383,-0.0441454606235396,-0.623197101582454,0,1.3409590599649,0.625017390621302,1.01490923682017,-0.712709892770678,4.55980683835996,-0.986069748447918,1.03519911475938,-0.0779145729258977,-0.972670819070759,-0.438480787336626,0.708692154522277,-0.7455502325292,0.589929899796758,-1.29519980624308,1.00044832999338,212,5,1050
"경기도부천시",2020,115,818383,14.0521003002262,31.725,100,17.89427612,2.99,39.4,60.5,98.46,13.7,100,-12575,355548451,13,6.05,95.825,767,85,1,18,1763,99.9181818181818,1028,106.16,0,0,0,2917,3457441.4,8118016.5,17587597.4,0,-0.138486088238282,-0.41506844072688,-0.99507918040338,0.582957261451353,0.905063196426787,-0.647009547498767,1.23120605256646,1.34007083859956,-0.995079180403383,0.131330922693333,-0.834019667421961,-1.22364693762416,0.447253529862769,-0.232417480941174,-0.984426097198368,-1.01317842687226,1.59458172152508,-0.986069748447918,1.18657911729728,0.267157984521463,-0.350239718536276,-1.3290200913081,0.708692154522277,-0.7455502325292,1.32066454318843,1.49992493690731,-0.998655411839273,213,1,1051
"경기도부천시",2021,153,806067,18.9810524435314,38.55,100,17.89427612,2.99,35.5,57,98.3,14.7,100,-10905,365697655,12,7.6,95.825,767,84,1,18,0,99.9181818181818,1028,106.16,0,0,0,3161,3370564.7,8084327.4,17687324,0,-0.138486088238282,-0.41506844072688,-0.99507918040338,0.582957261451353,0.905063196426787,-0.647009547498767,1.23120605256646,1.34007083859956,-0.995079180403383,-0.112071802552651,-0.835692574097572,-1.22364693762416,1.3409590599649,0.520250428822671,-0.984426097198368,-1.01317842687226,1.86185727693982,-0.986069748447918,0.875851743666851,-0.0347805032449776,-0.379879294752203,-1.3290200913081,0.708692154522277,-0.7455502325292,1.33415295996413,1.49992493690731,1.00044832999338,213,2,1052
"경기도부천시",2022,33,790128,4.17653848490371,43.5,100,19.1503912462625,2.99,34,58.3,98,15.9,100,-13625,378308215,12,7.125,95.825,767,79,1,18,0,99.9181818181818,1028,106.914,0,0,0,3555,3340537.8,8074070.2,17696753.7,0,-0.138486088238282,-0.41506844072688,-0.99507918040338,0.582957261451353,0.905063196426787,-0.647009547498767,1.23120605256646,1.34007083859956,-0.995079180403383,-0.112071802552651,-0.836270775174016,-1.22364693762416,1.3409590599649,1.06614144029975,-0.984426097198368,-0.674708257401882,2.2934415754374,-0.986069748447918,0.756341215347453,0.0773680779254145,-0.435453500157067,-1.3290200913081,0.708692154522277,-0.7455502325292,1.35040034277578,1.49992493690731,1.00044832999338,213,3,1053
"경기도부천시",2023,25,779968,3.20525970296217,42.05,100,20.0087842716871,2.99,34.8,55.7,97.7,17.2,100,-9191,378308215,11,8.375,95.825,767,79,1,18,0,99.9181818181818,1028,106.916,0,0,0,3918,3297849.1,8058938.8,17713559.3,0,-0.138486088238282,-0.41506844072688,-0.99507918040338,0.582957261451353,0.905063196426787,-0.647009547498767,1.23120605256646,1.34007083859956,-0.995079180403383,-0.112071802552651,-0.837092793174276,-1.22364693762416,1.3409590599649,0.90623397229131,-0.984426097198368,-0.455334196588257,2.69106873369786,-0.986069748447918,0.820080163784465,-0.14692908441537,-0.491027705561931,-0.438480787336626,0.708692154522277,-0.7455502325292,1.35040034277578,1.49992493690731,1.00044832999338,213,4,1054
"경기도부천시",2024,22,769918,2.8574471567102,40.3,100,20.0087842716871,2.99,31.8,51.1,97.5,18.7,100,-9191,378308215,0,6.1,96.6,767,79,1,18,162,99.8921052631579,1028,106.922,0,0,0,4047,1639109.65,3996395.65,8889896.5,0,-0.138486088238282,-0.41506844072688,-0.99507918040338,0.582957261451353,0.905063196426787,-0.647009547498767,1.23120605256646,1.34007083859956,-0.995079180403383,-0.0897058119174561,-0.869033650723011,-1.22364693762416,-0.44645200023936,0.713242200556991,-0.984426097198368,-0.455334196588257,2.8323742527491,-0.986069748447918,0.58105910714567,-0.543762525479835,-0.528077175831842,-0.438480787336626,0.708692154522277,-0.7455502325292,1.35040034277578,-1.29519980624308,-0.998655411839273,213,5,1055
"경기도안산시",2020,81,654915,12.3680172236092,28.9666666666667,99.8,19.59127727,4.11,50.7,65.8,105.3,10.9,100,3055,87035193,4.5,9.26666666666667,96.3333333333333,656,407,1,16,230,98.3192307692308,3708,302.1,10,1,1,2202,7194700.66666667,34997445.1333333,12927782.7333333,0,-0.138486088238282,-0.281701301337153,-0.99507918040338,0.582957261451353,0.905063196426787,-0.489260281839177,1.23120605256646,0.446690279533185,-0.995079180403383,-0.0803176183174976,-0.762054618384699,-1.22364693762416,0.447253529862769,-0.536609273531935,-0.984426097198368,-0.560891225001062,0.811376712830232,-0.986069748447918,2.08689176397008,0.724379123139216,0.916852164694635,-1.3290200913081,0.708692154522277,1.54890486139798,0.646205453057288,0.568216689190515,1.00044832999338,216,1,1056
"경기도안산시",2021,99,652726,15.1671604930706,31.1666666666667,99.8,19.59127727,4.11,46.4,63.2,105.2,11.7,100,-2148,84209275.5,5,10.6333333333333,96.3333333333333,656,424,1,16,344,98.4769230769231,1126,302.1,10,1,1,2361,6930106.66666667,34765101.2666667,13171019.2666667,0,-0.138486088238282,-0.281701301337153,-0.99507918040338,0.582957261451353,0.905063196426787,-0.64124110420226,1.23120605256646,0.446690279533185,-0.995079180403383,-0.0645785878705082,-0.767149667677853,-1.22364693762416,0.447253529862769,-0.29399104620879,-0.984426097198368,-0.560891225001062,0.985543980498036,-0.986069748447918,1.74429491612114,0.500081960798432,0.898327429559681,-1.3290200913081,0.708692154522277,-0.7455502325292,0.6303869217343,0.568216689190515,1.00044832999338,216,2,1057
"경기도안산시",2022,42,641660,6.54552255088365,32.2333333333333,99.9,20.7836979058041,4.11,39.8,61.5,105.2,12.7,100,-10419,92131683.5,4,7.4,96.3333333333333,656,445,1,16,412,98.4730769230769,1380,313.056,9,1,1,2595,6823046.53333333,34620643.1333333,13427647.4,0,-0.138486088238282,-0.295038015276126,-0.99507918040338,0.582957261451353,0.905063196426787,-0.626290240964373,1.23120605256646,0.446690279533185,-0.995079180403383,-0.0551903942705497,-0.769211228622792,-1.22364693762416,0.447253529862769,-0.176357966294539,-0.984426097198368,-0.26486002841823,1.24186561970726,-0.986069748447918,1.21844859151579,0.353426123883304,0.898327429559681,-1.3290200913081,0.708692154522277,-0.7455502325292,0.673477295425356,0.568216689190515,1.00044832999338,216,3,1058
"경기도안산시",2023,18,629308,2.86028463010164,34.8666666666667,99.9,21.4626554829555,4.11,39.3,59.9,105,13.9,100,-11859,92131683.5,4,8.86666666666667,96.3333333333333,656,445,1,16,412,96.1730769230769,1104,312.934,10,1,74,2697,6762639.06666667,34529738.4666667,13505498.2666667,0,-0.138486088238282,-0.281701301337153,-0.99507918040338,0.582957261451353,0.905063196426787,-0.642536060860659,1.23120605256646,0.446690279533185,-0.995079180403383,-0.0551903942705497,-0.770374441017409,-1.22364693762416,0.447253529862769,0.114048699743771,-0.984426097198368,-0.103460585970596,1.35359556500359,-0.986069748447918,1.17861174874266,0.215397100904359,0.861277959289771,-1.3290200913081,0.708692154522277,-0.7455502325292,0.673477295425356,0.568216689190515,1.00044832999338,216,4,1059
"경기도안산시",2024,13,620579,2.09481790392521,35,99.9,21.4626554829555,4.11,38.3,59.5,105,15.2,100,-11859,92131683.5,0,7.8,95.1,656,445,1,16,898,96.1576923076923,1104,312.934,10,1,74,2852,6713472.26666667,34194309.2,13596329.2,0,-0.138486088238282,-0.281701301337153,-0.99507918040338,0.582957261451353,0.905063196426787,-0.642536060860659,1.23120605256646,0.446690279533185,-0.995079180403383,0.0119075776350364,-0.771321201977924,-1.22364693762416,0.447253529862769,0.128752834733052,-0.984426097198368,-0.103460585970596,1.52338126618918,-0.986069748447918,1.09893806319639,0.180889845159623,0.861277959289771,-1.3290200913081,0.708692154522277,-0.7455502325292,0.673477295425356,-1.29519980624308,1.00044832999338,216,5,1060
"경기도안양시",2020,53,550027,9.6358906017341,35.4333333333333,100,16.0725800066667,11.56,45.8,66.6,97.99,13.7,100,-17963,53394104,4,6.93333333333333,96.6,0,86,2,17,420,100,0,116.946,1,0,0,1904,333786.2,19545328.1333333,7946643.86666667,0,-0.138486088238282,-0.401731726787907,-0.99507918040338,0.582957261451353,0.905063196426787,-0.707519340445803,-1.19851916621514,1.34007083859956,-0.995079180403383,-0.0540859009058487,-0.894169093405992,-1.22364693762416,-0.44645200023936,0.176541273448217,-0.984426097198368,-1.54632672078689,0.484950009905667,1.01320928280887,1.69649070479338,0.793393634628689,-0.437305973670564,-1.3290200913081,0.708692154522277,-0.7455502325292,0.412042526600519,0.568216689190515,1.00044832999338,217,1,1061
"경기도안양시",2021,89,547178,16.2652738231435,42.2666666666667,100,16.0725800066667,11.56,46.3,65.6,97.8,14.5,100,-2415,54842704,4,8.3,96.6,0,86,2,17,120,100,0,116.946,1,0,0,2059,315763.533333333,19484369.3333333,7953582.66666667,0,-0.138486088238282,-0.401731726787907,-0.99507918040338,0.582957261451353,0.905063196426787,-0.707519340445803,-1.19851916621514,1.34007083859956,-0.995079180403383,-0.0955044020821364,-0.894516139730023,-1.22364693762416,-0.44645200023936,0.930128191648894,-0.984426097198368,-1.54632672078689,0.654735711091263,1.01320928280887,1.73632754756651,0.707125495266848,-0.472502970426978,-1.3290200913081,0.708692154522277,-0.7455502325292,0.424871244009093,0.568216689190515,1.00044832999338,217,2,1062
"경기도안양시",2022,31,548228,5.65458167039991,38.7333333333333,100,17.3349922976656,11.56,46.5,64.9,97.7,15.4,100,1675,57039773,5,6.96666666666667,96.6,0,75,2,17,90,100,0,117,0,0,0,2290,309752.866666667,19464744.5333333,7975038.33333333,0,-0.138486088238282,-0.41506844072688,-0.99507918040338,0.582957261451353,0.905063196426787,-0.707519340445803,-1.19851916621514,1.34007083859956,-0.995079180403383,-0.0996462521997652,-0.89463188174591,-1.22364693762416,-0.44645200023936,0.540468614432933,-0.984426097198368,-1.17118793188745,0.907771175438828,1.01320928280887,1.75226228467577,0.646737797713561,-0.491027705561931,-1.3290200913081,0.708692154522277,1.37715462248644,0.443695649061557,0.568216689190515,1.00044832999338,217,3,1063
"경기도안양시",2023,12,544660,2.20320934160761,43.0666666666667,100,17.9848043898429,11.56,46.9,64.5,97.5,16.5,100,-3987,57039773,5,9.23333333333333,96.6,0,75,2,17,0,100,0,117.002,0,0,0,2400,307585.866666667,19449338.8,7987028.53333333,0,-0.138486088238282,-0.41506844072688,-0.99507918040338,0.582957261451353,0.905063196426787,-0.707519340445803,-1.19851916621514,1.34007083859956,-0.995079180403383,-0.112071802552651,-0.894673609720914,-1.22364693762416,-0.44645200023936,1.01835300158458,-0.984426097198368,-0.988042876302199,1.02826425369957,1.01320928280887,1.78413175889427,0.612230541968824,-0.528077175831842,-1.3290200913081,0.708692154522277,-0.7455502325292,0.443695649061557,0.568216689190515,1.00044832999338,217,4,1064
"경기도안양시",2024,6,556492,1.07818261538351,46.6,100,17.9848043898429,11.56,48.1,63.1,97.3,17.5,100,-3987,57039773,0,7.9,94.5,0,75,2,17,12730,100,0,117.002,0,0,0,2550,306765.4,19440066,7992399.33333333,0,-0.138486088238282,-0.41506844072688,-0.99507918040338,0.582957261451353,0.905063196426787,-0.707519340445803,-1.19851916621514,1.34007083859956,-0.995079180403383,1.64545326402782,-0.894689408711481,-1.22364693762416,-0.44645200023936,1.40801257880054,-0.984426097198368,-0.988042876302199,1.19257299678241,1.01320928280887,1.87974018154979,0.491455146862248,-0.565126646101752,-0.438480787336626,0.708692154522277,-0.7455502325292,0.443695649061557,-1.29519980624308,1.00044832999338,217,5,1065
"경기도용인시",2020,88,1074176,8.19232602478551,26.35,99.4,13.116653765,1.45,57.3,67.4,99.0525,13.3,94.52,12693,36785941.3333333,4.66666666666667,4.225,98.975,228.333333333333,2056,23,248,518,89.9138888888889,123062,1182.42,40,194,93,2880,33323521.75,155183426.15,25433998.1,0,-0.138486088238282,0.118400116832026,1.00404385770431,0.582957261451353,0.905063196426787,6.5361150366439,1.23120605256646,0.446690279533185,1.00404385770431,-0.0405558571882614,-0.258915350708182,0,1.3409590599649,-0.825177922696584,1.01490923682017,-2.54608970225168,1.55405223156464,-0.986069748447918,2.61273808857543,0.862408146118162,-0.240480662861669,-1.3290200913081,0.708692154522277,1.9560590003041,0.233484784213599,0.568216689190515,-0.998655411839273,218,1,1066
"경기도용인시",2021,129,1077508,11.9720688848714,33.95,99.5,13.116653765,1.45,54.8,65.5,98.4,13.9,96.64,2798,53836451.3333333,5,6.5,98.975,228.333333333333,1928,22,248,1674,90.3923076923077,121308,1182.432,25,189,90,3302,33033077.6,154786185.05,25929603.35,0,-0.138486088238282,-0.0816505922525634,1.00404385770431,0.582957261451353,0.905063196426787,6.43287167396968,1.23120605256646,0.446690279533185,1.00404385770431,0.119043434011034,-0.264508173149955,0,1.3409590599649,0.0129577716924608,1.01490923682017,-2.54608970225168,2.01630749543769,-0.986069748447918,2.41355387470977,0.698498681330665,-0.361354559617247,-1.3290200913081,0.708692154522277,1.52378846368229,0.415996476145205,0.568216689190515,1.00044832999338,218,2,1067
"경기도용인시",2022,32,1074971,2.97682449107929,36.925,99.4,14.2902573365728,1.45,55.6,67.6,98.5,14.6,96.65,-1727,40340016.3333333,5,5.175,98.975,228.333333333333,1963,22,248,490,90.5282051282051,118666,1182.45,36,163,84,3758,32639495.6,154171569.1,26446607.2,0,-0.138486088238282,0.0650532610761357,1.00404385770431,0.582957261451353,0.905063196426787,6.27735915162914,1.23120605256646,0.446690279533185,1.00404385770431,-0.0444215839647149,-0.27208702864516,0,1.3409590599649,0.341043783640803,1.01490923682017,-2.12613202118698,2.5158060744095,-0.986069748447918,2.47729282314678,0.879661773990529,-0.342829824482293,-1.3290200913081,0.708692154522277,-0.7455502325292,0.277684299618255,0.568216689190515,-0.998655411839273,218,3,1068
"경기도용인시",2023,27,1075566,2.51030620157201,37.4,99.4,14.9698070182847,1.45,58.8,67.9,98.4,15.4,96.67,994,40340016.3333333,5.33333333333333,6.3,98.975,228.333333333333,1963,22,248,168,94.3435897435898,19180,1182.51,40,153,108,4067,32292833.65,153617412.8,26951714.7,0,-0.138486088238282,0.118400116832026,1.00404385770431,0.582957261451353,0.905063196426787,0.421447419013498,1.23120605256646,0.446690279533185,1.00404385770431,-0.0888774418939304,-0.278762386829061,0,1.3409590599649,0.393427264540119,1.01490923682017,-1.89746551607372,2.85428208516014,-0.986069748447918,2.73224861689483,0.905542215799082,-0.361354559617247,-1.3290200913081,0.708692154522277,1.22807036539934,0.277684299618255,1.49992493690731,-0.998655411839273,218,4,1069
"경기도용인시",2024,21,1085864,1.93394384563813,40.8,99.4,14.9698070182847,1.45,55.8,64.7,98.2,16.2,96.74,994,40340016.3333333,0,6.2,98.9,228.333333333333,1963,22,248,154,95.3358974358974,62156,1182.474,40,153,108,4392,31945336.25,153125556.35,27564627.75,0,-0.138486088238282,0.118400116832026,1.00404385770431,0.582957261451353,0.905063196426787,2.95108638953086,1.23120605256646,0.446690279533185,1.00404385770431,-0.0908103052821571,-0.285453832524137,0,1.3409590599649,0.768382706766797,1.01490923682017,-1.89746551607372,3.21028436183962,-0.986069748447918,2.49322756025603,0.629484169841193,-0.398404029887157,-1.3290200913081,0.708692154522277,1.22807036539934,0.277684299618255,-1.29519980624308,-0.998655411839273,218,5,1070
"경상남도창원시",2020,24,1036738,2.31495324759004,29.725,98.7,20.53808688,3.44,37.1,63.1,102.576666666667,14.6,92.81,0,58815828.2,1,5.875,97.225,204,5405,184,486,2318,91.625,41538,1479.208,10.25,9,2.25,4532,16178491.04,84964610.42,9777692.42,1500,7.2144657396515,-0.27836712285241,1.00404385770431,0.582957261451353,-0.299167667553959,1.73747655394525,1.23120605256646,0.446690279533185,1.00404385770431,0.207955149869465,-0.589061826441189,0,-0.44645200023936,-0.452979505780397,1.01490923682017,-0.324487851630245,3.36363918871693,-0.986069748447918,1.00332964054087,0.491455146862248,0.412361877852704,-1.3290200913081,0.708692154522277,-0.7455502325292,0.45839023152033,-0.363491558526281,-0.998655411839273,219,1,1071
"경상남도창원시",2021,15,1032741,1.45244548245882,39.575,98.8,20.53808688,3.44,37.5,61.8,102.7,15.5,92.83,0,58488705.8,1.2,6.65,97.225,204,5593,183,486,4742,91.8339285714286,39072,1479.376,10.25,9,2.25,5002,16024163.4,84896803.64,9848019.94,1500,7.2144657396515,-0.27836712285241,1.00404385770431,0.582957261451353,-0.299167667553959,1.59232368487192,1.23120605256646,0.446690279533185,1.00404385770431,0.54261663937387,-0.592033575358762,0,-0.44645200023936,0.633288466552774,1.01490923682017,-0.324487851630245,3.87847325037648,-0.986069748447918,1.03519911475938,0.379306565691855,0.43520905118581,-1.3290200913081,0.708692154522277,-0.7455502325292,0.455717345663673,-0.363491558526281,1.00044832999338,219,2,1072
"경상남도창원시",2022,13,1021487,1.27265447333153,36,99,20.53808688,3.44,34.4,60.4,102.6,16.7,92.84,0,61310185.6,1.4,6.75,97.225,204,4681,157,486,3844,91.8339285714286,39342,1498.372,7.2,6.2,197.6,5503,15849082.78,84755925.32,9880637.76,80000,7.2144657396515,-0.319044100366276,1.00404385770431,0.582957261451353,0.905063196426787,1.60821633477046,1.23120605256646,0.446690279533185,1.00404385770431,0.418637259186182,-0.595404945794887,0,-0.44645200023936,0.239033847152663,1.01490923682017,-0.324487851630245,4.42726445227314,-0.986069748447918,0.788210689565959,0.258531170585279,0.416684316050854,-1.3290200913081,0.708692154522277,-0.7455502325292,0.478295491129645,-0.363491558526281,1.00044832999338,219,3,1073
"경상남도창원시",2023,15,1021487,1.46844746922868,36.075,99.1,20.53808688,3.44,33.3,58,102.5,17.9,92.8,0,65252311.6,1.4,6.4,97.225,204,4681,157,486,3718,91.9196428571429,39342,1498.456,5.8,6.2,155.8,5929,15767178.04,84711458.72,9890088.22,50000,7.2144657396515,-0.337715499880838,1.00404385770431,0.582957261451353,0.905063196426787,1.60821633477046,1.23120605256646,0.446690279533185,1.00404385770431,0.401241488692141,-0.596982111897077,0,-0.44645200023936,0.247304923084135,1.01490923682017,-0.324487851630245,4.8939012826284,-0.986069748447918,0.700569635465067,0.0514876361168627,0.3981595809159,-0.438480787336626,0.708692154522277,-0.7455502325292,0.508159614775985,-0.363491558526281,-0.998655411839273,219,4,1074
"경상남도창원시",2024,12,999858,1.20017042420024,36.5666666666667,49.6,20.53808688,3.44,16.6,28.05,102.5,9.6,46.41,0,65252311.6,0,6.03333333333333,97.5666666666667,204,4681,157,486,15506,95.7946428571429,18612,1498.488,5.8,6.2,155.8,6207,15735097.88,84684889.36,9924260.56,50000,7.2144657396515,-0.337715499880838,1.00404385770431,0.582957261451353,-1.50339853153471,0.388013992560272,1.23120605256646,0.446690279533185,1.00404385770431,2.02871246157907,-0.59759985075938,0,-0.44645200023936,0.301526420857109,1.01490923682017,-0.324487851630245,5.19842015314191,-0.986069748447918,-0.629980913157561,-2.53224313777025,0.3981595809159,-1.3290200913081,-1.40978439317836,-0.7455502325292,0.508159614775985,-1.29519980624308,-0.998655411839273,219,5,1075
"경상북도포항시",2020,28,502916,5.56753016408307,23.4333333333333,95.9,21.3012876866667,5.02,28.3,60.3,102.476666666667,17.5,92.34,-3527,89783896,3.5,4.6,98.7,333,101,176,141,0,29.01,72568,2255.84,50,44,45,2845,68721086.8,521767783.866667,24262869.1333333,0,-0.138486088238282,0.251767256221753,-0.99507918040338,0.582957261451353,-0.299167667553959,3.56395405895162,1.23120605256646,-1.34007083859956,1.00404385770431,-0.112071802552651,0.422703804629415,1.22364693762416,1.3409590599649,-1.14683087558712,1.01490923682017,-0.141374026506413,1.51571352484532,-0.986069748447918,0.302201207733741,0.249904356649095,0.393837142717751,-0.438480787336626,0.708692154522277,-0.7455502325292,0.661106523202265,0.568216689190515,-0.998655411839273,220,1,1076
"경상북도포항시",2021,23,503852,4.56483253018744,22.6,96,21.3012876866667,5.02,21.9,47,102.7,18.6,92.52,2588,90982216.5,4,4.73333333333333,98.7,333,108,180,141,320,28.7233333333333,67792,2255.84,26,16,322,3188,68540412.8,521563242.066667,24389688.4,0,-0.138486088238282,-0.0683138783135907,-0.99507918040338,0.582957261451353,-0.299167667553959,3.28283074074632,1.23120605256646,-1.34007083859956,1.00404385770431,-0.0678920679646113,0.4192247274924,1.22364693762416,1.3409590599649,-1.23873171927013,1.01490923682017,-0.141374026506413,1.89143285069473,-0.986069748447918,-0.207710379762356,-0.89746189686338,0.43520905118581,-0.438480787336626,0.708692154522277,1.50148954825489,0.66746050749687,0.568216689190515,-0.998655411839273,220,2,1077
"경상북도포항시",2022,11,496650,2.21483942414175,30.4,96.8,22.9915690486806,5.02,29.5,58.8,102.7,19.9,92.51,-5371,95573584,3,5.7,98.7,333,115,178,141,300,30.2366666666667,8512,2261.558,37,13,289,3574,68385013.5333333,521454010.6,24519323.5333333,0,-0.138486088238282,0.0783899750151084,-0.99507918040338,0.582957261451353,-0.299167667553959,-0.206488836977734,1.23120605256646,-1.34007083859956,1.00404385770431,-0.0706533013763638,0.416232343221453,1.22364693762416,1.3409590599649,-0.378539822397159,1.01490923682017,0.242811424323429,2.31425401622789,-0.986069748447918,0.39780963038926,0.120502147606335,0.43520905118581,-0.438480787336626,0.708692154522277,-0.7455502325292,0.691054683371968,0.568216689190515,-0.998655411839273,220,3,1078
"경상북도포항시",2023,10,493033,2.02826179992009,35,97.2,23.6593241840618,5.02,26.1,58,103.1,21.1,92.5,-2128,99536090,3.5,4.5,98.7,333,115,178,141,300,34.89,128750,2261.442,35,15,264,3842,67504274.8,520045777.933333,25087641,0,-0.138486088238282,0.0517165471371631,-0.99507918040338,0.582957261451353,-0.299167667553959,6.8709201945065,1.23120605256646,-1.34007083859956,1.00404385770431,-0.0706533013763638,0.399272747536276,1.22364693762416,1.3409590599649,0.128752834733052,1.01490923682017,0.38717461628219,2.60781897053589,-0.986069748447918,0.126919099531958,0.0514876361168627,0.509307991725628,-0.438480787336626,0.708692154522277,-0.7455502325292,0.710523280351824,0.568216689190515,-0.998655411839273,220,4,1079
"경상북도포항시",2024,6,491581,1.22055164866014,39.8,96.8,23.6593241840618,5.02,24.5,55,103.2,22.4,92.68,185,99536090,0,4.7,96.6,333,115,178,141,300,34.92,7188,2261.454,35,15,264,3999,67260010.5333333,519914199.066667,25450970.1333333,0,-0.138486088238282,0.0517165471371631,-0.99507918040338,0.582957261451353,-0.299167667553959,-0.284421683146874,1.23120605256646,-1.34007083859956,1.00404385770431,-0.0706533013763638,0.394569169680304,1.22364693762416,1.3409590599649,0.658101694347185,-0.984426097198368,0.38717461628219,2.77979545496259,-0.986069748447918,-0.00055879734206621,-0.207316781968658,0.527832726860584,0.452058516634848,0.708692154522277,0.748586470447854,0.710523280351824,-1.29519980624308,-0.998655411839273,220,5,1080
"전라북도전주시",2020,54,657432,8.21377724236119,27.3,100,20.4517885666667,5.42,29,53.4,96.9633333333333,15,100,3146,146332008,12.5,6.5,94.5,193.5,1684,16,106,608,98.6527777777778,4554,412.086,2,1,10,3170,24467229.8,44062914.4666667,22048029.0666667,0,-0.138486088238282,-0.388395012848934,1.00404385770431,0.582957261451353,0.905063196426787,-0.439463312157083,0.01634344317566,0.446690279533185,1.00404385770431,-0.028130306835375,-0.429453019891225,0,1.3409590599649,-0.720410960897954,-0.984426097198368,-0.345600343130546,1.87171580152479,1.01320928280887,0.357972787616127,-0.345345804947603,-0.627493254389434,-1.3290200913081,0.708692154522277,1.55729449022322,0.895202459822789,1.49992493690731,1.00044832999338,221,1,1081
"전라북도전주시",2021,57,657269,8.67224834884956,31.7,100,20.4517885666667,5.42,28,51.2,96.9,15.7,100,884,149648307,13,9.2,94.5,193.5,1685,16,106,610,98.7694444444444,4554,412.086,0,1,2,3535,24296426.9333333,44035546.8,22237542.1333333,0,-0.138486088238282,-0.41506844072688,1.00404385770431,0.582957261451353,0.905063196426787,-0.439463312157083,0.01634344317566,0.446690279533185,1.00404385770431,-0.0278541834941998,-0.432742017468944,0,1.3409590599649,-0.235174506251665,-0.984426097198368,-0.345600343130546,2.27153374302636,1.01320928280887,0.278299102069862,-0.535135711543651,-0.63922558664157,-1.3290200913081,0.708692154522277,1.19457357842276,0.905942176712543,1.49992493690731,1.00044832999338,221,2,1082
"전라북도전주시",2022,44,651495,6.75369726552007,39.5,100,22.7660981584806,5.42,26.5,51.8,96.7,16.5,100,-4156,155249240.5,13.5,8.6,94.5,193.5,1679,16,106,600,99.4305555555556,0,412.046,0,1,2,4068,24155444.4666667,43983109.2666667,22431919.6,0,-0.138486088238282,-0.41506844072688,1.00404385770431,0.582957261451353,0.905063196426787,-0.707519340445803,0.01634344317566,0.446690279533185,1.00404385770431,-0.029234800200076,-0.435456790355469,0,1.3409590599649,0.625017390621302,-0.984426097198368,0.193157522079112,2.85537747678069,1.01320928280887,0.158788573750464,-0.483374827926547,-0.67627505691148,-1.3290200913081,0.708692154522277,-0.7455502325292,0.92355135741661,1.49992493690731,1.00044832999338,221,3,1083
"전라북도전주시",2023,38,642727,5.91230802502462,39.9,100,23.65231102789,5.42,25.8,52.5,96.5,17.4,100,-7550,163631253,13.5,13.2,94.5,193.5,1679,16,106,576,99.4333333333333,0,412.02,0,1,2,4297,23999255.6,43935575.4666667,22637311.3333333,0,-0.138486088238282,-0.41506844072688,1.00404385770431,0.582957261451353,0.905063196426787,-0.707519340445803,0.01634344317566,0.446690279533185,1.00404385770431,-0.0325482802941791,-0.438464379245272,0,1.3409590599649,0.669129795589147,-0.984426097198368,0.385678839140095,3.10622215788715,1.01320928280887,0.103016993868079,-0.422987130373259,-0.71332452718139,-0.438480787336626,0.708692154522277,-0.7455502325292,0.948751570390904,1.49992493690731,1.00044832999338,221,4,1084
"전라북도전주시",2024,33,635651,5.19152805548957,44.7,100,23.65231102789,5.42,23,47.8,96.4,18.5,100,-7550,163631253,0,5.9,92.2,193.5,1679,16,106,610,99.4361111111111,0,411.978,0,1,2,4371,23870727.7333333,43869047.9333333,22850128.2666667,0,-0.138486088238282,-0.41506844072688,1.00404385770431,0.582957261451353,0.905063196426787,-0.707519340445803,0.01634344317566,0.446690279533185,1.00404385770431,-0.0278541834941998,-0.440939325072504,0,1.3409590599649,1.19847865520328,-0.984426097198368,0.385678839140095,3.18728113780802,1.01320928280887,-0.120069325661464,-0.828447385373908,-0.731849262316344,-0.438480787336626,0.708692154522277,-0.7455502325292,0.948751570390904,-1.29519980624308,-0.998655411839273,221,5,1085
"충청남도천안시",2020,80,658808,12.1431433740938,32.9,97,27.4646641866667,2.6,44,66.6,104.05,11,94.66824932,4697,74747679,4.5,6.1,97.9,447,11877,205,338,4396,89.3516129032258,34540,1275.804,185,87,494,2184,0,0,0,0,-0.138486088238282,2.05222363798306,1.00404385770431,0.582957261451353,-0.299167667553959,1.32556261324159,1.23120605256646,0.446690279533185,1.00404385770431,0.494847301350551,-0.90059651482286,-1.22364693762416,-1.34015753034149,-0.102837291348131,1.01490923682017,1.14183235225517,0.791659663660292,-0.986069748447918,1.5530780708101,0.793393634628689,0.6852929755077,-1.3290200913081,0.708692154522277,1.67185832026433,0.573267686650906,0.568216689190515,-0.998655411839273,222,1,1086
"충청남도천안시",2021,119,658486,18.0717585491567,30.3,97.1,27.4646641866667,2.6,37.4,57,104.6,11.6,94.73,-668,80621277,4.5,8.5,97.9,447,11901,199,338,132,89.821875,42740,1277.604,196,91,535,2370,0,0,0,0,-0.138486088238282,2.19892749131176,1.00404385770431,0.582957261451353,-0.299167667553959,1.80822827682691,1.23120605256646,0.446690279533185,1.00404385770431,-0.0938476620350849,-0.90059651482286,-1.22364693762416,-1.34015753034149,-0.38956792363912,1.01490923682017,1.14183235225517,0.995402505083007,-0.986069748447918,1.02723174620475,-0.0347805032449776,0.78717901874995,-1.3290200913081,0.708692154522277,-0.7455502325292,0.609519588494091,0.568216689190515,1.00044832999338,222,2,1087
"충청남도천안시",2022,26,657559,3.95401781437103,34.5,97.2,21.1871331996137,2.6,37.4,60,104.9,12.3,94.74,-956,82931085,5.5,8.8,97.9,447,11713,183,338,636,86.31875,42024,1263.254,190,91,443,2678,0,0,0,0,-0.138486088238282,2.11890720767792,1.00404385770431,0.582957261451353,-0.299167667553959,1.76608332376263,1.23120605256646,-0.446690279533185,1.00404385770431,-0.0242645800589215,-0.90059651482286,-1.22364693762416,-1.34015753034149,0.0736123285232466,1.01490923682017,-0.16836072350004,1.33278312421309,-0.986069748447918,1.02723174620475,0.224023914840543,0.842753224154817,-1.3290200913081,0.708692154522277,-0.7455502325292,0.623056878749416,1.49992493690731,1.00044832999338,222,3,1088
"충청남도천안시",2023,15,655959,2.28672828637156,33.7,97.8,21.4590975254731,2.6,37.4,61.3,105.1,13.1,94.85,-1686,88025296,5,8.9,97.9,447,11713,183,338,0,86.590625,32704,1272.306,177,93,615,2774,0,0,0,0,-0.138486088238282,1.94552992647128,1.00404385770431,0.582957261451353,-0.299167667553959,1.21749259393152,1.23120605256646,-0.446690279533185,1.00404385770431,-0.112071802552651,-0.90059651482286,-1.22364693762416,-1.34015753034149,-0.014612481412442,1.01490923682017,-0.104293589502423,1.43794071978611,-0.986069748447918,1.02723174620475,0.336172496010935,0.879802694424725,-1.3290200913081,0.708692154522277,-0.7455502325292,0.651626468872728,0.568216689190515,1.00044832999338,222,4,1089
"충청남도천안시",2024,14,659920,2.1214692690023,44.8,97.8,21.4590975254731,2.6,39.1,61.4,105.4,14,94.1,-1686,88025296,0,9.4,95.7,447,11713,183,338,2180,88.39375,32656,1272.35,177,93,615,2901,0,0,0,0,-0.138486088238282,1.94552992647128,1.00404385770431,0.582957261451353,-0.299167667553959,1.21466723394955,1.23120605256646,-0.446690279533185,1.00404385770431,0.188902639328373,-0.90059651482286,-1.22364693762416,-1.34015753034149,1.20950675644524,-0.984426097198368,-0.104293589502423,1.57705545559624,-0.986069748447918,1.16267701163341,0.34479930994712,0.935376899829591,-1.3290200913081,0.708692154522277,-0.7455502325292,0.651626468872728,-1.29519980624308,1.00044832999338,222,5,1090
"충청북도청주시",2020,83,844993,9.8225665774746,24.6,97.2,20.188215794,3.67,32.6,60.7,101.51,13.4,91.71,4485,35508496.25,7.75,4.78,97.94,286,17156,317,834,882,86.4727272727273,15882,1881.632,79,42.6666666666667,99.6666666666667,3816,32362191.025,117576701.225,13755536.75,0,-0.138486088238282,0.63853196045196,1.00404385770431,0.582957261451353,-0.299167667553959,0.227321643586138,1.23120605256646,-0.446690279533185,1.00404385770431,0.00969859090563441,-0.277426834078549,0,0.447253529862769,-1.0181696944309,1.01490923682017,-0.410612057665946,2.57933878840153,-0.986069748447918,0.644798055582682,0.284411612393832,0.214764703079848,-1.3290200913081,0.708692154522277,1.65865591319478,0.216546619218667,1.49992493690731,-0.998655411839273,223,1,1091
"충청북도청주시",2021,120,848482,14.1429046226084,31.58,97.2,20.188215794,3.67,31.7,57.7,101.7,14.1,91.96,3814,38465597,7.75,6.94,97.94,286,17257,322,834,926,86.5909090909091,21270,1881.632,49,22,338.333333333333,4187,32004097.975,117185665.05,14119723.15,0,-0.138486088238282,0.23843054228278,1.00404385770431,0.582957261451353,-0.299167667553959,0.544468301561462,1.23120605256646,-0.446690279533185,1.00404385770431,0.0157733044114899,-0.284322310700416,0,0.447253529862769,-0.248408227742018,1.01490923682017,-0.410612057665946,2.98572907962641,-0.986069748447918,0.573091738591043,0.0256071943083109,0.249961699836262,-1.3290200913081,0.708692154522277,1.61233120665021,0.254882174745486,1.49992493690731,1.00044832999338,223,2,1092
"충청북도청주시",2022,40,849573,4.70824755494819,36.88,97.1,21.8434681316606,3.67,31.3,58.9,102.1,15,92.09,2481,41428580.25,7.75,7.76,97.94,286,17164,321,834,592,86.8772727272727,20246,1882.056,42.3333333333333,21.3333333333333,328.666666666667,4647,31831100.975,116999124.6,14301779.525,0,-0.138486088238282,0.149519116022963,1.00404385770431,0.582957261451353,-0.299167667553959,0.484193955279589,1.23120605256646,-0.446690279533185,1.00404385770431,-0.030339293564777,-0.287653558735397,0,0.447253529862769,0.336081138081921,1.01490923682017,-0.0150574907851173,3.48960922508044,-0.986069748447918,0.541222264372537,0.129128961542519,0.32406064037608,-1.3290200913081,0.708692154522277,1.48942178977776,0.290445068638646,1.49992493690731,1.00044832999338,223,3,1093
"충청북도청주시",2023,27,852189,3.16831125489768,39.96,97.2,22.9975985308659,3.67,32.3,59.6,102.1,15.8,92.27,2830,45262677,7.75,7.4,97.94,286,17164,321,834,586,87.5795454545455,19256,1882.108,43.3333333333333,21.3333333333333,310.333333333333,4938,31463576.3,116567346.125,14533133.15,0,-0.138486088238282,0.162855829961935,1.00404385770431,0.582957261451353,-0.299167667553959,0.425920905651606,1.23120605256646,-0.446690279533185,1.00404385770431,-0.0311676635883028,-0.294730651698864,0,0.447253529862769,0.675746656334324,1.01490923682017,0.24413284039767,3.80836818666113,-0.986069748447918,0.620895949918802,0.189516659095807,0.32406064037608,-1.3290200913081,0.708692154522277,1.52703872468672,0.332863535753208,1.49992493690731,1.00044832999338,223,4,1094
"충청북도청주시",2024,35,854537,4.09578520298126,38.9,97.6,22.9975985308659,3.67,16.05,28.25,102.1,16.7,92.44,0,45262677,0,6,97,286,17164,321,834,120,88.2045454545455,13842,1882.024,43.3333333333333,21.3333333333333,310.333333333333,5088,31273586.25,116372790.1,14767950.025,0,-0.138486088238282,0.162855829961935,1.00404385770431,0.582957261451353,-0.299167667553959,0.107243844352719,1.23120605256646,-0.446690279533185,1.00404385770431,-0.0955044020821364,-0.298389119653387,0,0.447253529862769,0.558848783169536,1.01490923682017,0.24413284039767,3.97267692974397,-0.986069748447918,-0.673801440208007,-2.51498950989789,0.32406064037608,-1.3290200913081,0.708692154522277,-0.7455502325292,0.332863535753208,-1.29519980624308,-0.998655411839273,223,5,1095
