/Volumes/Temp/tmp/Rtmpf8gpIK/R.INSTALLea95e3cb896/arrow/tools/cpp/src/arrow/util/cpu_info.cc:242: IOError: sysctlbyname failed for 'hw.l1dcachesize'. Detail: [errno 1] Operation not permitted
/Volumes/Temp/tmp/Rtmpf8gpIK/R.INSTALLea95e3cb896/arrow/tools/cpp/src/arrow/util/cpu_info.cc:242: IOError: sysctlbyname failed for 'hw.l2cachesize'. Detail: [errno 1] Operation not permitted
/Volumes/Temp/tmp/Rtmpf8gpIK/R.INSTALLea95e3cb896/arrow/tools/cpp/src/arrow/util/cpu_info.cc:242: IOError: sysctlbyname failed for 'hw.l3cachesize'. Detail: [errno 1] Operation not permitted
/Volumes/Temp/tmp/Rtmpf8gpIK/R.INSTALLea95e3cb896/arrow/tools/cpp/src/arrow/util/cpu_info.cc:242: IOError: sysctlbyname failed for 'hw.optional.neon'. Detail: [errno 1] Operation not permitted
## [3] Loading data
  HAV: 1145 district-years | 229 districts | 14950 cases
  parquet health indicators: 15 variables
  csv 생활용지하수이용현황_전처리.csv 2 variables
  csv merged_지하수수질.csv     1 variables
  csv merged_하수관로개보수.csv 1 variables
  csv merged_하수도보급률.csv  3 variables
  csv 가축두수_전처리.csv     3 variables
  csv 고령인구_전처리.csv     1 variables
  csv 국토이용현황_전처리_수정.csv 3 variables
  csv 어패류_패류_전처리.csv 1 variables
  merged: 1145 rows x 35 columns

## [4] Pre-specified covariates: 27 (forced confounders: 4)
Warning message:
In poly2nb(shp_main, snap = 0.01) : neighbour object has 2 sub-graphs;
if this sub-graph count seems unexpected, try increasing the snap argument.
  districts in spatial model: 223
  covariates entering INLA: 27 (VIF < 10)
  analysis frame: N = 1112 district-years | EPV = 41.2
sh: /bin/kstat: No such file or directory
sh: /bin/kstat: No such file or directory
sh: /bin/kstat: No such file or directory
sh: /bin/kstat: No such file or directory
sh: /bin/kstat: No such file or directory
sh: /bin/kstat: No such file or directory
sh: /bin/kstat: No such file or directory
sh: /bin/kstat: No such file or directory
sh: /bin/kstat: No such file or directory
sh: /bin/kstat: No such file or directory
sh: /bin/kstat: No such file or directory
sh: /bin/kstat: No such file or directory
sh: /bin/kstat: No such file or directory
sh: /bin/kstat: No such file or directory
sh: /bin/kstat: No such file or directory
sh: /bin/kstat: No such file or directory
sh: /bin/kstat: No such file or directory
sh: /bin/kstat: No such file or directory
sh: /bin/kstat: No such file or directory
sh: /bin/kstat: No such file or directory
sh: /bin/kstat: No such file or directory
sh: /bin/kstat: No such file or directory
sh: /bin/kstat: No such file or directory
sh: /bin/kstat: No such file or directory
sh: /bin/kstat: No such file or directory
sh: /bin/kstat: No such file or directory
sh: /bin/kstat: No such file or directory
sh: /bin/kstat: No such file or directory
sh: /bin/kstat: No such file or directory
sh: /bin/kstat: No such file or directory
sh: /bin/kstat: No such file or directory
sh: /bin/kstat: No such file or directory
sh: /bin/kstat: No such file or directory
sh: /bin/kstat: No such file or directory
sh: /bin/kstat: No such file or directory
sh: /bin/kstat: No such file or directory
sh: /bin/kstat: No such file or directory
sh: /bin/kstat: No such file or directory
sh: /bin/kstat: No such file or directory
sh: /bin/kstat: No such file or directory
sh: /bin/kstat: No such file or directory
sh: /bin/kstat: No such file or directory
sh: /bin/kstat: No such file or directory
sh: /bin/kstat: No such file or directory
sh: /bin/kstat: No such file or directory
sh: /bin/kstat: No such file or directory
sh: /bin/kstat: No such file or directory
sh: /bin/kstat: No such file or directory
sh: /bin/kstat: No such file or directory
sh: /bin/kstat: No such file or directory
sh: /bin/kstat: No such file or directory
sh: /bin/kstat: No such file or directory
sh: /bin/kstat: No such file or directory
sh: /bin/kstat: No such file or directory
sh: /bin/kstat: No such file or directory
sh: /bin/kstat: No such file or directory
sh: /bin/kstat: No such file or directory
sh: /bin/kstat: No such file or directory
sh: /bin/kstat: No such file or directory
sh: /bin/kstat: No such file or directory
Fail to read A:B[:C] from [NA:1]
Will continue with '4:1:2'
 *** WARNING *** GMRFLib_2order_approx: rescue NAN/INF values in logl for idx=90
 *** WARNING *** GMRFLib_2order_approx: reset counter for 50 NAN/INF values in logl
 *** WARNING *** GMRFLib_2order_approx: rescue NAN/INF values in logl for idx=1
 *** WARNING *** GMRFLib_2order_approx: reset counter for 168 NAN/INF values in logl
 *** WARNING *** GMRFLib_2order_approx: rescue NAN/INF values in logl for idx=365
 *** WARNING *** GMRFLib_2order_approx: reset counter for 21 NAN/INF values in logl
 *** WARNING *** GMRFLib_2order_approx: rescue NAN/INF values in logl for idx=111
 *** WARNING *** GMRFLib_2order_approx: reset counter for 26 NAN/INF values in logl
 *** WARNING *** GMRFLib_2order_approx: rescue NAN/INF values in logl for idx=1052
 *** WARNING *** GMRFLib_2order_approx: reset counter for 30 NAN/INF values in logl
 *** WARNING *** GMRFLib_2order_approx: rescue NAN/INF values in logl for idx=1052
 *** WARNING *** GMRFLib_2order_approx: reset counter for 2 NAN/INF values in logl
 *** WARNING *** GMRFLib_2order_approx: rescue NAN/INF values in logl for idx=1083
 *** WARNING *** GMRFLib_2order_approx: reset counter for 10 NAN/INF values in logl
 *** WARNING *** GMRFLib_2order_approx: rescue NAN/INF values in logl for idx=632
 *** WARNING *** GMRFLib_2order_approx: reset counter for 20 NAN/INF values in logl
 *** WARNING *** GMRFLib_2order_approx: rescue NAN/INF values in logl for idx=365
 *** WARNING *** GMRFLib_2order_approx: reset counter for 10 NAN/INF values in logl
 *** WARNING *** GMRFLib_2order_approx: rescue NAN/INF values in logl for idx=0
 *** WARNING *** GMRFLib_2order_approx: reset counter for 169 NAN/INF values in logl
 *** WARNING *** GMRFLib_2order_approx: rescue NAN/INF values in logl for idx=295
 *** WARNING *** GMRFLib_2order_approx: reset counter for 265 NAN/INF values in logl
 *** WARNING *** GMRFLib_2order_approx: reset counter for 265 NAN/INF values in logl
 *** WARNING *** GMRFLib_2order_approx: rescue NAN/INF values in logl for idx=1082
 *** WARNING *** GMRFLib_2order_approx: reset counter for 169 NAN/INF values in logl
 *** WARNING *** GMRFLib_2order_approx: rescue NAN/INF values in logl for idx=972
 *** WARNING *** GMRFLib_2order_approx: reset counter for 55 NAN/INF values in logl
 *** WARNING *** GMRFLib_2order_approx: rescue NAN/INF values in logl for idx=1082
 *** WARNING *** GMRFLib_2order_approx: reset counter for 47 NAN/INF values in logl
 *** WARNING *** GMRFLib_2order_approx: rescue NAN/INF values in logl for idx=931
 *** WARNING *** GMRFLib_2order_approx: reset counter for 8 NAN/INF values in logl
 *** WARNING *** GMRFLib_2order_approx: rescue NAN/INF values in logl for idx=1082
 *** WARNING *** GMRFLib_2order_approx: reset counter for 4 NAN/INF values in logl
 *** WARNING *** GMRFLib_2order_approx: rescue NAN/INF values in logl for idx=0
 *** WARNING *** GMRFLib_2order_approx: reset counter for 64 NAN/INF values in logl
 *** WARNING *** GMRFLib_2order_approx: rescue NAN/INF values in logl for idx=180
 *** WARNING *** GMRFLib_2order_approx: reset counter for 192 NAN/INF values in logl
 *** WARNING *** GMRFLib_2order_approx: reset counter for 192 NAN/INF values in logl
 *** WARNING *** GMRFLib_2order_approx: rescue NAN/INF values in logl for idx=377
 *** WARNING *** GMRFLib_2order_approx: reset counter for 20 NAN/INF values in logl
 *** WARNING *** GMRFLib_2order_approx: rescue NAN/INF values in logl for idx=560
 *** WARNING *** GMRFLib_2order_approx: reset counter for 2 NAN/INF values in logl
 *** WARNING *** GMRFLib_2order_approx: rescue NAN/INF values in logl for idx=365
 *** WARNING *** GMRFLib_2order_approx: reset counter for 51 NAN/INF values in logl
 *** WARNING *** GMRFLib_2order_approx: rescue NAN/INF values in logl for idx=90
 *** WARNING *** GMRFLib_2order_approx: reset counter for 10 NAN/INF values in logl
 *** WARNING *** GMRFLib_2order_approx: rescue NAN/INF values in logl for idx=287
 *** WARNING *** GMRFLib_2order_approx: reset counter for 212 NAN/INF values in logl
 *** WARNING *** GMRFLib_2order_approx: rescue NAN/INF values in logl for idx=1001
 *** WARNING *** GMRFLib_2order_approx: reset counter for 27 NAN/INF values in logl
 *** WARNING *** GMRFLib_2order_approx: reset counter for 27 NAN/INF values in logl
 *** WARNING *** GMRFLib_2order_approx: rescue NAN/INF values in logl for idx=0
 *** WARNING *** GMRFLib_2order_approx: reset counter for 306 NAN/INF values in logl
 *** WARNING *** GMRFLib_2order_approx: rescue NAN/INF values in logl for idx=440
 *** WARNING *** GMRFLib_2order_approx: reset counter for 4 NAN/INF values in logl
 *** WARNING *** GMRFLib_2order_approx: rescue NAN/INF values in logl for idx=1
 *** WARNING *** GMRFLib_2order_approx: reset counter for 89 NAN/INF values in logl
 *** WARNING *** GMRFLib_2order_approx: rescue NAN/INF values in logl for idx=4
 *** WARNING *** GMRFLib_2order_approx: reset counter for 133 NAN/INF values in logl
 *** WARNING *** GMRFLib_2order_approx: rescue NAN/INF values in logl for idx=5
 *** WARNING *** GMRFLib_2order_approx: reset counter for 244 NAN/INF values in logl
 *** WARNING *** GMRFLib_2order_approx: rescue NAN/INF values in logl for idx=1082
 *** WARNING *** GMRFLib_2order_approx: reset counter for 456 NAN/INF values in logl
 *** WARNING *** GMRFLib_2order_approx: rescue NAN/INF values in logl for idx=377
 *** WARNING *** GMRFLib_2order_approx: reset counter for 11 NAN/INF values in logl
 *** WARNING *** GMRFLib_2order_approx: rescue NAN/INF values in logl for idx=3
 *** WARNING *** GMRFLib_2order_approx: reset counter for 220 NAN/INF values in logl
 *** WARNING *** GMRFLib_2order_approx: rescue NAN/INF values in logl for idx=0
 *** WARNING *** GMRFLib_2order_approx: reset counter for 253 NAN/INF values in logl
 *** WARNING *** GMRFLib_2order_approx: rescue NAN/INF values in logl for idx=0
 *** WARNING *** GMRFLib_2order_approx: rescue NAN/INF values in logl for idx=807
 *** WARNING *** GMRFLib_2order_approx: reset counter for 551 NAN/INF values in logl
 *** WARNING *** GMRFLib_2order_approx: rescue NAN/INF values in logl for idx=560
 *** WARNING *** GMRFLib_2order_approx: reset counter for 22 NAN/INF values in logl
 *** WARNING *** GMRFLib_2order_approx: rescue NAN/INF values in logl for idx=75
 *** WARNING *** GMRFLib_2order_approx: reset counter for 89 NAN/INF values in logl
 *** WARNING *** GMRFLib_2order_approx: rescue NAN/INF values in logl for idx=1065
 *** WARNING *** GMRFLib_2order_approx: reset counter for 3 NAN/INF values in logl
 *** WARNING *** GMRFLib_2order_approx: rescue NAN/INF values in logl for idx=0
 *** WARNING *** GMRFLib_2order_approx: reset counter for 534 NAN/INF values in logl
 *** WARNING *** GMRFLib_2order_approx: rescue NAN/INF values in logl for idx=3
 *** WARNING *** GMRFLib_2order_approx: reset counter for 365 NAN/INF values in logl
 *** WARNING *** GMRFLib_2order_approx: rescue NAN/INF values in logl for idx=0
 *** WARNING *** GMRFLib_2order_approx: reset counter for 210 NAN/INF values in logl
 *** WARNING *** GMRFLib_2order_approx: rescue NAN/INF values in logl for idx=131
 *** WARNING *** GMRFLib_2order_approx: reset counter for 2 NAN/INF values in logl
 *** WARNING *** GMRFLib_2order_approx: rescue NAN/INF values in logl for idx=0
 *** WARNING *** GMRFLib_2order_approx: reset counter for 403 NAN/INF values in logl
 *** WARNING *** GMRFLib_2order_approx: reset counter for 403 NAN/INF values in logl
 *** WARNING *** GMRFLib_2order_approx: rescue NAN/INF values in logl for idx=377
 *** WARNING *** GMRFLib_2order_approx: reset counter for 3 NAN/INF values in logl
 *** WARNING *** GMRFLib_2order_approx: rescue NAN/INF values in logl for idx=0
 *** WARNING *** GMRFLib_2order_approx: reset counter for 374 NAN/INF values in logl
 *** WARNING *** GMRFLib_2order_approx: rescue NAN/INF values in logl for idx=0
 *** WARNING *** GMRFLib_2order_approx: reset counter for 214 NAN/INF values in logl
 *** WARNING *** GMRFLib_2order_approx: rescue NAN/INF values in logl for idx=957
 *** WARNING *** GMRFLib_2order_approx: reset counter for 29 NAN/INF values in logl
 *** WARNING *** GMRFLib_2order_approx: rescue NAN/INF values in logl for idx=1
 *** WARNING *** GMRFLib_2order_approx: reset counter for 456 NAN/INF values in logl
 *** WARNING *** GMRFLib_2order_approx: rescue NAN/INF values in logl for idx=0
 *** WARNING *** GMRFLib_2order_approx: reset counter for 229 NAN/INF values in logl
 *** WARNING *** GMRFLib_2order_approx: rescue NAN/INF values in logl for idx=129
 *** WARNING *** GMRFLib_2order_approx: reset counter for 225 NAN/INF values in logl
 *** WARNING *** GMRFLib_2order_approx: rescue NAN/INF values in logl for idx=8
 *** WARNING *** GMRFLib_2order_approx: reset counter for 88 NAN/INF values in logl
 *** WARNING *** GMRFLib_2order_approx: rescue NAN/INF values in logl for idx=4
 *** WARNING *** GMRFLib_2order_approx: reset counter for 142 NAN/INF values in logl
 *** WARNING *** GMRFLib_2order_approx: rescue NAN/INF values in logl for idx=0
 *** WARNING *** GMRFLib_2order_approx: rescue NAN/INF values in logl for idx=866
 *** WARNING *** GMRFLib_2order_approx: reset counter for 317 NAN/INF values in logl
 *** WARNING *** GMRFLib_2order_approx: rescue NAN/INF values in logl for idx=560
 *** WARNING *** GMRFLib_2order_approx: reset counter for 3 NAN/INF values in logl
 *** WARNING *** GMRFLib_2order_approx: rescue NAN/INF values in logl for idx=0
 *** WARNING *** GMRFLib_2order_approx: reset counter for 37 NAN/INF values in logl
 *** WARNING *** GMRFLib_2order_approx: rescue NAN/INF values in logl for idx=260
 *** WARNING *** GMRFLib_2order_approx: reset counter for 209 NAN/INF values in logl
 *** WARNING *** GMRFLib_2order_approx: rescue NAN/INF values in logl for idx=1
 *** WARNING *** GMRFLib_2order_approx: reset counter for 120 NAN/INF values in logl
 *** WARNING *** GMRFLib_2order_approx: rescue NAN/INF values in logl for idx=0
 *** WARNING *** GMRFLib_2order_approx: reset counter for 334 NAN/INF values in logl
 *** WARNING *** GMRFLib_2order_approx: rescue NAN/INF values in logl for idx=1
 *** WARNING *** GMRFLib_2order_approx: rescue NAN/INF values in logl for idx=1055
 *** WARNING *** GMRFLib_2order_approx: rescue NAN/INF values in logl for idx=962
 *** WARNING *** GMRFLib_2order_approx: reset counter for 83 NAN/INF values in logl
 *** WARNING *** GMRFLib_2order_approx: rescue NAN/INF values in logl for idx=425
 *** WARNING *** GMRFLib_2order_approx: rescue NAN/INF values in logl for idx=1037
 *** WARNING *** GMRFLib_2order_approx: reset counter for 318 NAN/INF values in logl
 *** WARNING *** GMRFLib_2order_approx: rescue NAN/INF values in logl for idx=1
 *** WARNING *** GMRFLib_2order_approx: reset counter for 457 NAN/INF values in logl
 *** WARNING *** GMRFLib_2order_approx: rescue NAN/INF values in logl for idx=0
 *** WARNING *** GMRFLib_2order_approx: reset counter for 224 NAN/INF values in logl
 *** WARNING *** GMRFLib_2order_approx: rescue NAN/INF values in logl for idx=4
 *** WARNING *** GMRFLib_2order_approx: reset counter for 201 NAN/INF values in logl
 *** WARNING *** GMRFLib_2order_approx: rescue NAN/INF values in logl for idx=0
 *** WARNING *** GMRFLib_2order_approx: reset counter for 258 NAN/INF values in logl
 *** WARNING *** GMRFLib_2order_approx: rescue NAN/INF values in logl for idx=0
 *** WARNING *** GMRFLib_2order_approx: reset counter for 316 NAN/INF values in logl
 *** WARNING *** GMRFLib_2order_approx: rescue NAN/INF values in logl for idx=1
 *** WARNING *** GMRFLib_2order_approx: rescue NAN/INF values in logl for idx=998
 *** WARNING *** GMRFLib_2order_approx: reset counter for 499 NAN/INF values in logl
 *** WARNING *** GMRFLib_2order_approx: rescue NAN/INF values in logl for idx=1
 *** WARNING *** GMRFLib_2order_approx: reset counter for 432 NAN/INF values in logl
 *** WARNING *** GMRFLib_2order_approx: rescue NAN/INF values in logl for idx=289
 *** WARNING *** GMRFLib_2order_approx: reset counter for 48 NAN/INF values in logl
 *** WARNING *** GMRFLib_2order_approx: rescue NAN/INF values in logl for idx=1
 *** WARNING *** GMRFLib_2order_approx: reset counter for 111 NAN/INF values in logl
 *** WARNING *** GMRFLib_2order_approx: rescue NAN/INF values in logl for idx=0
 *** WARNING *** GMRFLib_2order_approx: rescue NAN/INF values in logl for idx=573
 *** WARNING *** GMRFLib_2order_approx: reset counter for 535 NAN/INF values in logl
 *** WARNING *** GMRFLib_2order_approx: rescue NAN/INF values in logl for idx=3
 *** WARNING *** GMRFLib_2order_approx: reset counter for 305 NAN/INF values in logl
 *** WARNING *** GMRFLib_2order_approx: rescue NAN/INF values in logl for idx=0
 *** WARNING *** GMRFLib_2order_approx: reset counter for 298 NAN/INF values in logl
 *** WARNING *** GMRFLib_2order_approx: rescue NAN/INF values in logl for idx=905
 *** WARNING *** GMRFLib_2order_approx: reset counter for 95 NAN/INF values in logl
 *** WARNING *** GMRFLib_2order_approx: rescue NAN/INF values in logl for idx=5
 *** WARNING *** GMRFLib_2order_approx: reset counter for 78 NAN/INF values in logl
 *** WARNING *** GMRFLib_2order_approx: rescue NAN/INF values in logl for idx=1
 *** WARNING *** GMRFLib_2order_approx: reset counter for 78 NAN/INF values in logl
 *** WARNING *** GMRFLib_2order_approx: rescue NAN/INF values in logl for idx=56
 *** WARNING *** GMRFLib_2order_approx: reset counter for 446 NAN/INF values in logl
 *** WARNING *** GMRFLib_2order_approx: rescue NAN/INF values in logl for idx=1040
 *** WARNING *** GMRFLib_2order_approx: reset counter for 112 NAN/INF values in logl
 *** WARNING *** GMRFLib_2order_approx: rescue NAN/INF values in logl for idx=387
 *** WARNING *** GMRFLib_2order_approx: reset counter for 7 NAN/INF values in logl
 *** WARNING *** GMRFLib_2order_approx: rescue NAN/INF values in logl for idx=0
 *** WARNING *** GMRFLib_2order_approx: reset counter for 494 NAN/INF values in logl
 *** WARNING *** GMRFLib_2order_approx: rescue NAN/INF values in logl for idx=0
 *** WARNING *** GMRFLib_2order_approx: reset counter for 418 NAN/INF values in logl
 *** WARNING *** GMRFLib_2order_approx: reset counter for 418 NAN/INF values in logl
 *** WARNING *** GMRFLib_2order_approx: rescue NAN/INF values in logl for idx=0
 *** WARNING *** GMRFLib_2order_approx: reset counter for 558 NAN/INF values in logl
 *** WARNING *** GMRFLib_2order_approx: rescue NAN/INF values in logl for idx=1052
 *** WARNING *** GMRFLib_2order_approx: reset counter for 2 NAN/INF values in logl
 *** WARNING *** GMRFLib_2order_approx: rescue NAN/INF values in logl for idx=1
 *** WARNING *** GMRFLib_2order_approx: reset counter for 513 NAN/INF values in logl
 *** WARNING *** GMRFLib_2order_approx: rescue NAN/INF values in logl for idx=0
 *** WARNING *** GMRFLib_2order_approx: reset counter for 209 NAN/INF values in logl
 *** WARNING *** GMRFLib_2order_approx: rescue NAN/INF values in logl for idx=377
 *** WARNING *** GMRFLib_2order_approx: reset counter for 28 NAN/INF values in logl
 *** WARNING *** GMRFLib_2order_approx: rescue NAN/INF values in logl for idx=365
 *** WARNING *** GMRFLib_2order_approx: reset counter for 41 NAN/INF values in logl
 *** WARNING *** GMRFLib_2order_approx: rescue NAN/INF values in logl for idx=51
 *** WARNING *** GMRFLib_2order_approx: reset counter for 383 NAN/INF values in logl
 *** WARNING *** GMRFLib_2order_approx: rescue NAN/INF values in logl for idx=440
 *** WARNING *** GMRFLib_2order_approx: reset counter for 2 NAN/INF values in logl
 *** WARNING *** GMRFLib_2order_approx: rescue NAN/INF values in logl for idx=365
 *** WARNING *** GMRFLib_2order_approx: reset counter for 118 NAN/INF values in logl
 *** WARNING *** GMRFLib_2order_approx: rescue NAN/INF values in logl for idx=21
 *** WARNING *** GMRFLib_2order_approx: reset counter for 111 NAN/INF values in logl
 *** WARNING *** GMRFLib_2order_approx: rescue NAN/INF values in logl for idx=3
 *** WARNING *** GMRFLib_2order_approx: reset counter for 122 NAN/INF values in logl
 *** WARNING *** GMRFLib_2order_approx: rescue NAN/INF values in logl for idx=652
 *** WARNING *** GMRFLib_2order_approx: reset counter for 4 NAN/INF values in logl
 *** WARNING *** GMRFLib_2order_approx: rescue NAN/INF values in logl for idx=365
 *** WARNING *** GMRFLib_2order_approx: reset counter for 121 NAN/INF values in logl
 *** WARNING *** GMRFLib_2order_approx: rescue NAN/INF values in logl for idx=39
 *** WARNING *** GMRFLib_2order_approx: reset counter for 11 NAN/INF values in logl
 *** WARNING *** GMRFLib_2order_approx: rescue NAN/INF values in logl for idx=377
 *** WARNING *** GMRFLib_2order_approx: reset counter for 4 NAN/INF values in logl
 *** WARNING *** GMRFLib_2order_approx: rescue NAN/INF values in logl for idx=15
 *** WARNING *** GMRFLib_2order_approx: reset counter for 51 NAN/INF values in logl
 *** WARNING *** GMRFLib_2order_approx: rescue NAN/INF values in logl for idx=0
 *** WARNING *** GMRFLib_2order_approx: reset counter for 363 NAN/INF values in logl
 *** WARNING *** GMRFLib_2order_approx: rescue NAN/INF values in logl for idx=29
 *** WARNING *** GMRFLib_2order_approx: reset counter for 3 NAN/INF values in logl
 *** WARNING *** GMRFLib_2order_approx: rescue NAN/INF values in logl for idx=365
 *** WARNING *** GMRFLib_2order_approx: reset counter for 41 NAN/INF values in logl
 *** WARNING *** GMRFLib_2order_approx: rescue NAN/INF values in logl for idx=377
 *** WARNING *** GMRFLib_2order_approx: reset counter for 14 NAN/INF values in logl
 *** WARNING *** GMRFLib_2order_approx: rescue NAN/INF values in logl for idx=652
 *** WARNING *** GMRFLib_2order_approx: reset counter for 4 NAN/INF values in logl
 *** WARNING *** GMRFLib_2order_approx: rescue NAN/INF values in logl for idx=378
 *** WARNING *** GMRFLib_2order_approx: reset counter for 5 NAN/INF values in logl
 *** WARNING *** GMRFLib_2order_approx: rescue NAN/INF values in logl for idx=6
 *** WARNING *** GMRFLib_2order_approx: reset counter for 64 NAN/INF values in logl
 *** WARNING *** GMRFLib_2order_approx: rescue NAN/INF values in logl for idx=377
 *** WARNING *** GMRFLib_2order_approx: reset counter for 64 NAN/INF values in logl
 *** WARNING *** GMRFLib_2order_approx: rescue NAN/INF values in logl for idx=365
 *** WARNING *** GMRFLib_2order_approx: reset counter for 111 NAN/INF values in logl
 *** WARNING *** GMRFLib_2order_approx: rescue NAN/INF values in logl for idx=0
 *** WARNING *** GMRFLib_2order_approx: reset counter for 365 NAN/INF values in logl
 *** WARNING *** GMRFLib_2order_approx: rescue NAN/INF values in logl for idx=0
 *** WARNING *** GMRFLib_2order_approx: reset counter for 299 NAN/INF values in logl
 *** WARNING *** GMRFLib_2order_approx: rescue NAN/INF values in logl for idx=440
 *** WARNING *** GMRFLib_2order_approx: reset counter for 9 NAN/INF values in logl
 *** WARNING *** GMRFLib_2order_approx: rescue NAN/INF values in logl for idx=632
 *** WARNING *** GMRFLib_2order_approx: reset counter for 55 NAN/INF values in logl
 *** WARNING *** GMRFLib_2order_approx: rescue NAN/INF values in logl for idx=377
 *** WARNING *** GMRFLib_2order_approx: reset counter for 33 NAN/INF values in logl
 *** WARNING *** GMRFLib_2order_approx: rescue NAN/INF values in logl for idx=0
 *** WARNING *** GMRFLib_2order_approx: reset counter for 242 NAN/INF values in logl
 *** WARNING *** GMRFLib_2order_approx: rescue NAN/INF values in logl for idx=761
 *** WARNING *** GMRFLib_2order_approx: reset counter for 33 NAN/INF values in logl
 *** WARNING *** GMRFLib_2order_approx: rescue NAN/INF values in logl for idx=652
 *** WARNING *** GMRFLib_2order_approx: reset counter for 6 NAN/INF values in logl
 *** WARNING *** GMRFLib_2order_approx: rescue NAN/INF values in logl for idx=0
 *** WARNING *** GMRFLib_2order_approx: reset counter for 153 NAN/INF values in logl
 *** WARNING *** GMRFLib_2order_approx: reset counter for 153 NAN/INF values in logl
 *** WARNING *** GMRFLib_2order_approx: rescue NAN/INF values in logl for idx=377
 *** WARNING *** GMRFLib_2order_approx: reset counter for 19 NAN/INF values in logl
 *** WARNING *** GMRFLib_2order_approx: rescue NAN/INF values in logl for idx=365
 *** WARNING *** GMRFLib_2order_approx: reset counter for 38 NAN/INF values in logl
 *** WARNING *** GMRFLib_2order_approx: rescue NAN/INF values in logl for idx=377
 *** WARNING *** GMRFLib_2order_approx: reset counter for 20 NAN/INF values in logl
 *** WARNING *** GMRFLib_2order_approx: rescue NAN/INF values in logl for idx=823
 *** WARNING *** GMRFLib_2order_approx: reset counter for 242 NAN/INF values in logl
 *** WARNING *** GMRFLib_2order_approx: rescue NAN/INF values in logl for idx=377
 *** WARNING *** GMRFLib_2order_approx: reset counter for 21 NAN/INF values in logl
 *** WARNING *** GMRFLib_2order_approx: rescue NAN/INF values in logl for idx=823
 *** WARNING *** GMRFLib_2order_approx: reset counter for 115 NAN/INF values in logl
 *** WARNING *** GMRFLib_2order_approx: rescue NAN/INF values in logl for idx=440
 *** WARNING *** GMRFLib_2order_approx: reset counter for 2 NAN/INF values in logl
 *** WARNING *** GMRFLib_2order_approx: rescue NAN/INF values in logl for idx=365
 *** WARNING *** GMRFLib_2order_approx: reset counter for 102 NAN/INF values in logl
 *** WARNING *** GMRFLib_2order_approx: rescue NAN/INF values in logl for idx=0
 *** WARNING *** GMRFLib_2order_approx: reset counter for 293 NAN/INF values in logl
 *** WARNING *** GMRFLib_2order_approx: rescue NAN/INF values in logl for idx=377
 *** WARNING *** GMRFLib_2order_approx: reset counter for 18 NAN/INF values in logl
 *** WARNING *** GMRFLib_2order_approx: rescue NAN/INF values in logl for idx=114
 *** WARNING *** GMRFLib_2order_approx: reset counter for 8 NAN/INF values in logl
 *** WARNING *** GMRFLib_2order_approx: rescue NAN/INF values in logl for idx=377
 *** WARNING *** GMRFLib_2order_approx: reset counter for 10 NAN/INF values in logl
 *** WARNING *** GMRFLib_2order_approx: rescue NAN/INF values in logl for idx=0
 *** WARNING *** GMRFLib_2order_approx: reset counter for 208 NAN/INF values in logl
 *** WARNING *** GMRFLib_2order_approx: rescue NAN/INF values in logl for idx=440
 *** WARNING *** GMRFLib_2order_approx: reset counter for 2 NAN/INF values in logl
 *** WARNING *** GMRFLib_2order_approx: rescue NAN/INF values in logl for idx=365
 *** WARNING *** GMRFLib_2order_approx: reset counter for 101 NAN/INF values in logl
 *** WARNING *** GMRFLib_2order_approx: rescue NAN/INF values in logl for idx=0
 *** WARNING *** GMRFLib_2order_approx: reset counter for 100 NAN/INF values in logl
 *** WARNING *** GMRFLib_2order_approx: rescue NAN/INF values in logl for idx=441
 *** WARNING *** GMRFLib_2order_approx: reset counter for 19 NAN/INF values in logl
 *** WARNING *** GMRFLib_2order_approx: rescue NAN/INF values in logl for idx=0
 *** WARNING *** GMRFLib_2order_approx: reset counter for 125 NAN/INF values in logl
 *** WARNING *** GMRFLib_2order_approx: rescue NAN/INF values in logl for idx=440
 *** WARNING *** GMRFLib_2order_approx: reset counter for 15 NAN/INF values in logl
 *** WARNING *** GMRFLib_2order_approx: rescue NAN/INF values in logl for idx=377
 *** WARNING *** GMRFLib_2order_approx: reset counter for 2 NAN/INF values in logl
 *** WARNING *** GMRFLib_2order_approx: rescue NAN/INF values in logl for idx=0
 *** WARNING *** GMRFLib_2order_approx: reset counter for 105 NAN/INF values in logl
 *** WARNING *** GMRFLib_2order_approx: rescue NAN/INF values in logl for idx=365
 *** WARNING *** GMRFLib_2order_approx: reset counter for 64 NAN/INF values in logl
 *** WARNING *** GMRFLib_2order_approx: rescue NAN/INF values in logl for idx=0
 *** WARNING *** GMRFLib_2order_approx: reset counter for 245 NAN/INF values in logl
 *** WARNING *** GMRFLib_2order_approx: rescue NAN/INF values in logl for idx=365
 *** WARNING *** GMRFLib_2order_approx: reset counter for 53 NAN/INF values in logl
 *** WARNING *** GMRFLib_2order_approx: rescue NAN/INF values in logl for idx=0
 *** WARNING *** GMRFLib_2order_approx: reset counter for 265 NAN/INF values in logl
 *** WARNING *** GMRFLib_2order_approx: rescue NAN/INF values in logl for idx=523
 *** WARNING *** GMRFLib_2order_approx: reset counter for 3 NAN/INF values in logl
 *** WARNING *** GMRFLib_2order_approx: rescue NAN/INF values in logl for idx=523
 *** WARNING *** GMRFLib_2order_approx: reset counter for 221 NAN/INF values in logl
 *** WARNING *** GMRFLib_2order_approx: rescue NAN/INF values in logl for idx=0
 *** WARNING *** GMRFLib_2order_approx: reset counter for 661 NAN/INF values in logl
 *** WARNING *** GMRFLib_2order_approx: rescue NAN/INF values in logl for idx=2
 *** WARNING *** GMRFLib_2order_approx: rescue NAN/INF values in logl for idx=755
 *** WARNING *** GMRFLib_2order_approx: reset counter for 785 NAN/INF values in logl
 *** WARNING *** GMRFLib_2order_approx: rescue NAN/INF values in logl for idx=0
 *** WARNING *** GMRFLib_2order_approx: reset counter for 21 NAN/INF values in logl
 *** WARNING *** GMRFLib_2order_approx: rescue NAN/INF values in logl for idx=94
 *** WARNING *** GMRFLib_2order_approx: reset counter for 509 NAN/INF values in logl
 *** WARNING *** GMRFLib_2order_approx: rescue NAN/INF values in logl for idx=7
 *** WARNING *** GMRFLib_2order_approx: reset counter for 3 NAN/INF values in logl
 *** WARNING *** GMRFLib_2order_approx: rescue NAN/INF values in logl for idx=130
 *** WARNING *** GMRFLib_2order_approx: reset counter for 213 NAN/INF values in logl
 *** WARNING *** GMRFLib_2order_approx: rescue NAN/INF values in logl for idx=52
 *** WARNING *** GMRFLib_2order_approx: reset counter for 14 NAN/INF values in logl
 *** WARNING *** GMRFLib_2order_approx: rescue NAN/INF values in logl for idx=574
 *** WARNING *** GMRFLib_2order_approx: reset counter for 91 NAN/INF values in logl
 *** WARNING *** GMRFLib_2order_approx: rescue NAN/INF values in logl for idx=0
 *** WARNING *** GMRFLib_2order_approx: rescue NAN/INF values in logl for idx=1
 *** WARNING *** GMRFLib_2order_approx: reset counter for 1235 NAN/INF values in logl
 *** WARNING *** GMRFLib_2order_approx: rescue NAN/INF values in logl for idx=185
 *** WARNING *** GMRFLib_2order_approx: reset counter for 14 NAN/INF values in logl
 *** WARNING *** GMRFLib_2order_approx: rescue NAN/INF values in logl for idx=0
 *** WARNING *** GMRFLib_2order_approx: reset counter for 569 NAN/INF values in logl
 *** WARNING *** GMRFLib_2order_approx: reset counter for 569 NAN/INF values in logl
 *** WARNING *** GMRFLib_2order_approx: rescue NAN/INF values in logl for idx=440
 *** WARNING *** GMRFLib_2order_approx: reset counter for 2 NAN/INF values in logl
 *** WARNING *** GMRFLib_2order_approx: rescue NAN/INF values in logl for idx=440
 *** WARNING *** GMRFLib_2order_approx: reset counter for 2 NAN/INF values in logl
 *** WARNING *** GMRFLib_2order_approx: rescue NAN/INF values in logl for idx=440
 *** WARNING *** GMRFLib_2order_approx: reset counter for 3 NAN/INF values in logl
 *** WARNING *** GMRFLib_2order_approx: rescue NAN/INF values in logl for idx=1037
 *** WARNING *** GMRFLib_2order_approx: reset counter for 2 NAN/INF values in logl
 *** WARNING *** GMRFLib_2order_approx: rescue NAN/INF values in logl for idx=377
 *** WARNING *** GMRFLib_2order_approx: reset counter for 20 NAN/INF values in logl
 *** WARNING *** GMRFLib_2order_approx: rescue NAN/INF values in logl for idx=0
 *** WARNING *** GMRFLib_2order_approx: reset counter for 62 NAN/INF values in logl
 *** WARNING *** GMRFLib_2order_approx: rescue NAN/INF values in logl for idx=440
 *** WARNING *** GMRFLib_2order_approx: reset counter for 2 NAN/INF values in logl
 *** WARNING *** GMRFLib_2order_approx: rescue NAN/INF values in logl for idx=440
 *** WARNING *** GMRFLib_2order_approx: reset counter for 3 NAN/INF values in logl
 *** WARNING *** GMRFLib_2order_approx: rescue NAN/INF values in logl for idx=380
 *** WARNING *** GMRFLib_2order_approx: reset counter for 5 NAN/INF values in logl
 *** WARNING *** GMRFLib_2order_approx: rescue NAN/INF values in logl for idx=0
 *** WARNING *** GMRFLib_2order_approx: reset counter for 173 NAN/INF values in logl
 *** WARNING *** GMRFLib_2order_approx: rescue NAN/INF values in logl for idx=1058
 *** WARNING *** GMRFLib_2order_approx: reset counter for 14 NAN/INF values in logl
 *** WARNING *** GMRFLib_2order_approx: rescue NAN/INF values in logl for idx=365
 *** WARNING *** GMRFLib_2order_approx: reset counter for 55 NAN/INF values in logl
 *** WARNING *** GMRFLib_2order_approx: rescue NAN/INF values in logl for idx=440
 *** WARNING *** GMRFLib_2order_approx: reset counter for 2 NAN/INF values in logl
 *** WARNING *** GMRFLib_2order_approx: rescue NAN/INF values in logl for idx=1037
 *** WARNING *** GMRFLib_2order_approx: reset counter for 119 NAN/INF values in logl
 *** WARNING *** GMRFLib_2order_approx: rescue NAN/INF values in logl for idx=225
 *** WARNING *** GMRFLib_2order_approx: reset counter for 64 NAN/INF values in logl
 *** WARNING *** GMRFLib_2order_approx: rescue NAN/INF values in logl for idx=440
 *** WARNING *** GMRFLib_2order_approx: reset counter for 111 NAN/INF values in logl
 *** WARNING *** GMRFLib_2order_approx: rescue NAN/INF values in logl for idx=440
 *** WARNING *** GMRFLib_2order_approx: reset counter for 2 NAN/INF values in logl
 *** WARNING *** GMRFLib_2order_approx: rescue NAN/INF values in logl for idx=21
 *** WARNING *** GMRFLib_2order_approx: reset counter for 2 NAN/INF values in logl
 *** WARNING *** GMRFLib_2order_approx: rescue NAN/INF values in logl for idx=236
 *** WARNING *** GMRFLib_2order_approx: reset counter for 3 NAN/INF values in logl
 *** WARNING *** GMRFLib_2order_approx: rescue NAN/INF values in logl for idx=440
 *** WARNING *** GMRFLib_2order_approx: reset counter for 2 NAN/INF values in logl
 *** WARNING *** GMRFLib_2order_approx: rescue NAN/INF values in logl for idx=0
 *** WARNING *** GMRFLib_2order_approx: reset counter for 85 NAN/INF values in logl
 *** WARNING *** GMRFLib_2order_approx: rescue NAN/INF values in logl for idx=0
 *** WARNING *** GMRFLib_2order_approx: reset counter for 200 NAN/INF values in logl
 *** WARNING *** GMRFLib_2order_approx: rescue NAN/INF values in logl for idx=0
 *** WARNING *** GMRFLib_2order_approx: reset counter for 98 NAN/INF values in logl
 *** WARNING *** GMRFLib_2order_approx: reset counter for 98 NAN/INF values in logl
 *** WARNING *** GMRFLib_2order_approx: rescue NAN/INF values in logl for idx=440
 *** WARNING *** GMRFLib_2order_approx: reset counter for 2 NAN/INF values in logl
 *** WARNING *** GMRFLib_2order_approx: rescue NAN/INF values in logl for idx=1
 *** WARNING *** GMRFLib_2order_approx: reset counter for 224 NAN/INF values in logl
 *** WARNING *** GMRFLib_2order_approx: rescue NAN/INF values in logl for idx=365
 *** WARNING *** GMRFLib_2order_approx: reset counter for 34 NAN/INF values in logl
 *** WARNING *** GMRFLib_2order_approx: rescue NAN/INF values in logl for idx=365
 *** WARNING *** GMRFLib_2order_approx: reset counter for 51 NAN/INF values in logl
 *** WARNING *** GMRFLib_2order_approx: rescue NAN/INF values in logl for idx=1
 *** WARNING *** GMRFLib_2order_approx: reset counter for 258 NAN/INF values in logl
 *** WARNING *** GMRFLib_2order_approx: rescue NAN/INF values in logl for idx=1
 *** WARNING *** GMRFLib_2order_approx: reset counter for 187 NAN/INF values in logl
 *** WARNING *** GMRFLib_2order_approx: rescue NAN/INF values in logl for idx=365
 *** WARNING *** GMRFLib_2order_approx: reset counter for 30 NAN/INF values in logl
 *** WARNING *** GMRFLib_2order_approx: rescue NAN/INF values in logl for idx=0
 *** WARNING *** GMRFLib_2order_approx: reset counter for 277 NAN/INF values in logl
 *** WARNING *** GMRFLib_2order_approx: rescue NAN/INF values in logl for idx=377
 *** WARNING *** GMRFLib_2order_approx: reset counter for 14 NAN/INF values in logl
 *** WARNING *** GMRFLib_2order_approx: rescue NAN/INF values in logl for idx=365
 *** WARNING *** GMRFLib_2order_approx: reset counter for 92 NAN/INF values in logl
 *** WARNING *** GMRFLib_2order_approx: rescue NAN/INF values in logl for idx=1
 *** WARNING *** GMRFLib_2order_approx: reset counter for 134 NAN/INF values in logl
 *** WARNING *** GMRFLib_2order_approx: rescue NAN/INF values in logl for idx=365
 *** WARNING *** GMRFLib_2order_approx: reset counter for 40 NAN/INF values in logl
 *** WARNING *** GMRFLib_2order_approx: rescue NAN/INF values in logl for idx=0
 *** WARNING *** GMRFLib_2order_approx: reset counter for 207 NAN/INF values in logl
 *** WARNING *** GMRFLib_2order_approx: rescue NAN/INF values in logl for idx=1038
 *** WARNING *** GMRFLib_2order_approx: reset counter for 24 NAN/INF values in logl
 *** WARNING *** GMRFLib_2order_approx: rescue NAN/INF values in logl for idx=365
 *** WARNING *** GMRFLib_2order_approx: reset counter for 29 NAN/INF values in logl
 *** WARNING *** GMRFLib_2order_approx: rescue NAN/INF values in logl for idx=0
 *** WARNING *** GMRFLib_2order_approx: reset counter for 184 NAN/INF values in logl
 *** WARNING *** GMRFLib_2order_approx: rescue NAN/INF values in logl for idx=440
 *** WARNING *** GMRFLib_2order_approx: reset counter for 88 NAN/INF values in logl
 *** WARNING *** GMRFLib_2order_approx: rescue NAN/INF values in logl for idx=365
 *** WARNING *** GMRFLib_2order_approx: reset counter for 78 NAN/INF values in logl
 *** WARNING *** GMRFLib_2order_approx: rescue NAN/INF values in logl for idx=523
 *** WARNING *** GMRFLib_2order_approx: reset counter for 251 NAN/INF values in logl
 *** WARNING *** GMRFLib_2order_approx: rescue NAN/INF values in logl for idx=0
 *** WARNING *** GMRFLib_2order_approx: reset counter for 243 NAN/INF values in logl
 *** WARNING *** GMRFLib_2order_approx: rescue NAN/INF values in logl for idx=440
 *** WARNING *** GMRFLib_2order_approx: reset counter for 2 NAN/INF values in logl
 *** WARNING *** GMRFLib_2order_approx: rescue NAN/INF values in logl for idx=0
 *** WARNING *** GMRFLib_2order_approx: reset counter for 281 NAN/INF values in logl
 *** WARNING *** GMRFLib_2order_approx: rescue NAN/INF values in logl for idx=365
 *** WARNING *** GMRFLib_2order_approx: reset counter for 87 NAN/INF values in logl
 *** WARNING *** GMRFLib_2order_approx: rescue NAN/INF values in logl for idx=377
 *** WARNING *** GMRFLib_2order_approx: reset counter for 4 NAN/INF values in logl
 *** WARNING *** GMRFLib_2order_approx: rescue NAN/INF values in logl for idx=377
 *** WARNING *** GMRFLib_2order_approx: reset counter for 22 NAN/INF values in logl
 *** WARNING *** GMRFLib_2order_approx: rescue NAN/INF values in logl for idx=0
 *** WARNING *** GMRFLib_2order_approx: reset counter for 166 NAN/INF values in logl
 *** WARNING *** GMRFLib_2order_approx: rescue NAN/INF values in logl for idx=377
 *** WARNING *** GMRFLib_2order_approx: reset counter for 28 NAN/INF values in logl
 *** WARNING *** GMRFLib_2order_approx: rescue NAN/INF values in logl for idx=0
 *** WARNING *** GMRFLib_2order_approx: reset counter for 75 NAN/INF values in logl
 *** WARNING *** GMRFLib_2order_approx: rescue NAN/INF values in logl for idx=123
 *** WARNING *** GMRFLib_2order_approx: reset counter for 129 NAN/INF values in logl
 *** WARNING *** GMRFLib_2order_approx: rescue NAN/INF values in logl for idx=0
 *** WARNING *** GMRFLib_2order_approx: reset counter for 96 NAN/INF values in logl
 *** WARNING *** GMRFLib_2order_approx: rescue NAN/INF values in logl for idx=238
 *** WARNING *** GMRFLib_2order_approx: reset counter for 2 NAN/INF values in logl
 *** WARNING *** GMRFLib_2order_approx: rescue NAN/INF values in logl for idx=269
 *** WARNING *** GMRFLib_2order_approx: reset counter for 15 NAN/INF values in logl
 *** WARNING *** GMRFLib_2order_approx: rescue NAN/INF values in logl for idx=0
 *** WARNING *** GMRFLib_2order_approx: reset counter for 211 NAN/INF values in logl
 *** WARNING *** GMRFLib_2order_approx: rescue NAN/INF values in logl for idx=365
 *** WARNING *** GMRFLib_2order_approx: reset counter for 107 NAN/INF values in logl
 *** WARNING *** GMRFLib_2order_approx: rescue NAN/INF values in logl for idx=365
 *** WARNING *** GMRFLib_2order_approx: reset counter for 101 NAN/INF values in logl
 *** WARNING *** GMRFLib_2order_approx: rescue NAN/INF values in logl for idx=0
 *** WARNING *** GMRFLib_2order_approx: reset counter for 155 NAN/INF values in logl
 *** WARNING *** GMRFLib_2order_approx: rescue NAN/INF values in logl for idx=523
 *** WARNING *** GMRFLib_2order_approx: reset counter for 592 NAN/INF values in logl
 *** WARNING *** GMRFLib_2order_approx: rescue NAN/INF values in logl for idx=4
 *** WARNING *** GMRFLib_2order_approx: reset counter for 263 NAN/INF values in logl
 *** WARNING *** GMRFLib_2order_approx: rescue NAN/INF values in logl for idx=0
 *** WARNING *** GMRFLib_2order_approx: reset counter for 250 NAN/INF values in logl
 *** WARNING *** GMRFLib_2order_approx: rescue NAN/INF values in logl for idx=875
 *** WARNING *** GMRFLib_2order_approx: reset counter for 52 NAN/INF values in logl
 *** WARNING *** GMRFLib_2order_approx: reset counter for 52 NAN/INF values in logl
 *** WARNING *** GMRFLib_2order_approx: rescue NAN/INF values in logl for idx=440
 *** WARNING *** GMRFLib_2order_approx: reset counter for 2 NAN/INF values in logl
 *** WARNING *** GMRFLib_2order_approx: reset counter for 2 NAN/INF values in logl
 *** WARNING *** GMRFLib_2order_approx: rescue NAN/INF values in logl for idx=377
 *** WARNING *** GMRFLib_2order_approx: reset counter for 8 NAN/INF values in logl
 *** WARNING *** GMRFLib_2order_approx: rescue NAN/INF values in logl for idx=1052
 *** WARNING *** GMRFLib_2order_approx: reset counter for 2 NAN/INF values in logl
 *** WARNING *** GMRFLib_2order_approx: reset counter for 2 NAN/INF values in logl
 *** WARNING *** GMRFLib_2order_approx: rescue NAN/INF values in logl for idx=0
 *** WARNING *** GMRFLib_2order_approx: reset counter for 204 NAN/INF values in logl
 *** WARNING *** GMRFLib_2order_approx: rescue NAN/INF values in logl for idx=365
 *** WARNING *** GMRFLib_2order_approx: reset counter for 77 NAN/INF values in logl
 *** WARNING *** GMRFLib_2order_approx: rescue NAN/INF values in logl for idx=1
 *** WARNING *** GMRFLib_2order_approx: reset counter for 189 NAN/INF values in logl
 *** WARNING *** GMRFLib_2order_approx: rescue NAN/INF values in logl for idx=365
 *** WARNING *** GMRFLib_2order_approx: reset counter for 49 NAN/INF values in logl
 *** WARNING *** GMRFLib_2order_approx: rescue NAN/INF values in logl for idx=2
 *** WARNING *** GMRFLib_2order_approx: reset counter for 162 NAN/INF values in logl
 *** WARNING *** GMRFLib_2order_approx: rescue NAN/INF values in logl for idx=440
 *** WARNING *** GMRFLib_2order_approx: reset counter for 56 NAN/INF values in logl
 *** WARNING *** GMRFLib_2order_approx: rescue NAN/INF values in logl for idx=0
 *** WARNING *** GMRFLib_2order_approx: reset counter for 249 NAN/INF values in logl
 *** WARNING *** GMRFLib_2order_approx: rescue NAN/INF values in logl for idx=440
 *** WARNING *** GMRFLib_2order_approx: reset counter for 2 NAN/INF values in logl
 *** WARNING *** GMRFLib_2order_approx: rescue NAN/INF values in logl for idx=377
 *** WARNING *** GMRFLib_2order_approx: reset counter for 13 NAN/INF values in logl
 *** WARNING *** GMRFLib_2order_approx: rescue NAN/INF values in logl for idx=365
 *** WARNING *** GMRFLib_2order_approx: reset counter for 117 NAN/INF values in logl
 *** WARNING *** GMRFLib_2order_approx: rescue NAN/INF values in logl for idx=0
 *** WARNING *** GMRFLib_2order_approx: reset counter for 122 NAN/INF values in logl
 *** WARNING *** GMRFLib_2order_approx: reset counter for 89 NAN/INF values in logl
 *** WARNING *** GMRFLib_2order_approx: rescue NAN/INF values in logl for idx=0
 *** WARNING *** GMRFLib_2order_approx: reset counter for 89 NAN/INF values in logl
 *** WARNING *** GMRFLib_2order_approx: rescue NAN/INF values in logl for idx=255
 *** WARNING *** GMRFLib_2order_approx: reset counter for 72 NAN/INF values in logl
 *** WARNING *** GMRFLib_2order_approx: rescue NAN/INF values in logl for idx=365
 *** WARNING *** GMRFLib_2order_approx: reset counter for 82 NAN/INF values in logl
 *** WARNING *** GMRFLib_2order_approx: rescue NAN/INF values in logl for idx=365
 *** WARNING *** GMRFLib_2order_approx: reset counter for 81 NAN/INF values in logl
 *** WARNING *** GMRFLib_2order_approx: rescue NAN/INF values in logl for idx=0
 *** WARNING *** GMRFLib_2order_approx: reset counter for 205 NAN/INF values in logl
 *** WARNING *** GMRFLib_2order_approx: rescue NAN/INF values in logl for idx=0
 *** WARNING *** GMRFLib_2order_approx: reset counter for 170 NAN/INF values in logl
 *** WARNING *** GMRFLib_2order_approx: rescue NAN/INF values in logl for idx=365
 *** WARNING *** GMRFLib_2order_approx: reset counter for 40 NAN/INF values in logl
 *** WARNING *** GMRFLib_2order_approx: rescue NAN/INF values in logl for idx=1052
 *** WARNING *** GMRFLib_2order_approx: reset counter for 11 NAN/INF values in logl
 *** WARNING *** GMRFLib_2order_approx: rescue NAN/INF values in logl for idx=365
 *** WARNING *** GMRFLib_2order_approx: reset counter for 49 NAN/INF values in logl
 *** WARNING *** GMRFLib_2order_approx: rescue NAN/INF values in logl for idx=0
 *** WARNING *** GMRFLib_2order_approx: reset counter for 232 NAN/INF values in logl
 *** WARNING *** GMRFLib_2order_approx: rescue NAN/INF values in logl for idx=0
 *** WARNING *** GMRFLib_2order_approx: reset counter for 301 NAN/INF values in logl
 *** WARNING *** GMRFLib_2order_approx: rescue NAN/INF values in logl for idx=440
 *** WARNING *** GMRFLib_2order_approx: reset counter for 27 NAN/INF values in logl
 *** WARNING *** GMRFLib_2order_approx: rescue NAN/INF values in logl for idx=0
 *** WARNING *** GMRFLib_2order_approx: reset counter for 289 NAN/INF values in logl
 *** WARNING *** GMRFLib_2order_approx: rescue NAN/INF values in logl for idx=440
 *** WARNING *** GMRFLib_2order_approx: reset counter for 10 NAN/INF values in logl
 *** WARNING *** GMRFLib_2order_approx: rescue NAN/INF values in logl for idx=0
 *** WARNING *** GMRFLib_2order_approx: reset counter for 204 NAN/INF values in logl
 *** WARNING *** GMRFLib_2order_approx: rescue NAN/INF values in logl for idx=440
 *** WARNING *** GMRFLib_2order_approx: reset counter for 2 NAN/INF values in logl
 *** WARNING *** GMRFLib_2order_approx: rescue NAN/INF values in logl for idx=365
 *** WARNING *** GMRFLib_2order_approx: reset counter for 110 NAN/INF values in logl
 *** WARNING *** GMRFLib_2order_approx: rescue NAN/INF values in logl for idx=0
 *** WARNING *** GMRFLib_2order_approx: reset counter for 299 NAN/INF values in logl
 *** WARNING *** GMRFLib_2order_approx: rescue NAN/INF values in logl for idx=440
 *** WARNING *** GMRFLib_2order_approx: reset counter for 2 NAN/INF values in logl
 *** WARNING *** GMRFLib_2order_approx: rescue NAN/INF values in logl for idx=365
 *** WARNING *** GMRFLib_2order_approx: reset counter for 73 NAN/INF values in logl
 *** WARNING *** GMRFLib_2order_approx: rescue NAN/INF values in logl for idx=1053
 *** WARNING *** GMRFLib_2order_approx: reset counter for 461 NAN/INF values in logl

## [6] Principal model M6: DIC = 5712.31 | WAIC = 5728.34
  Table 2: 27 covariates, 9 credible (95% CrI excludes 1)
    covariate   IRR    lo    hi credible
   dairy_farm 1.057 1.019 1.097        1
 gw_household 1.061 1.005 1.121        1
 water_supply 1.071 1.007 1.138        1
 sewer_repair 0.901 0.817 0.994        1
       forest 0.868 0.795 0.949        1
  residential 1.073 1.003 1.148        1
  alone_80_84 0.940 0.894 0.988        1
 fiscal_indep 0.898 0.827 0.975        1
       med_in 1.216 1.160 1.275        1

## [7] Model comparison (Table S1)
sh: /bin/kstat: No such file or directory
sh: /bin/kstat: No such file or directory
sh: /bin/kstat: No such file or directory
sh: /bin/kstat: No such file or directory
sh: /bin/kstat: No such file or directory
sh: /bin/kstat: No such file or directory
sh: /bin/kstat: No such file or directory
sh: /bin/kstat: No such file or directory
sh: /bin/kstat: No such file or directory
sh: /bin/kstat: No such file or directory
sh: /bin/kstat: No such file or directory
sh: /bin/kstat: No such file or directory
sh: /bin/kstat: No such file or directory
sh: /bin/kstat: No such file or directory
sh: /bin/kstat: No such file or directory
sh: /bin/kstat: No such file or directory
sh: /bin/kstat: No such file or directory
sh: /bin/kstat: No such file or directory
sh: /bin/kstat: No such file or directory
sh: /bin/kstat: No such file or directory
sh: /bin/kstat: No such file or directory
sh: /bin/kstat: No such file or directory
sh: /bin/kstat: No such file or directory
sh: /bin/kstat: No such file or directory
sh: /bin/kstat: No such file or directory
sh: /bin/kstat: No such file or directory
sh: /bin/kstat: No such file or directory
sh: /bin/kstat: No such file or directory
sh: /bin/kstat: No such file or directory
sh: /bin/kstat: No such file or directory
sh: /bin/kstat: No such file or directory
sh: /bin/kstat: No such file or directory
sh: /bin/kstat: No such file or directory
sh: /bin/kstat: No such file or directory
sh: /bin/kstat: No such file or directory
sh: /bin/kstat: No such file or directory
sh: /bin/kstat: No such file or directory
sh: /bin/kstat: No such file or directory
sh: /bin/kstat: No such file or directory
sh: /bin/kstat: No such file or directory
sh: /bin/kstat: No such file or directory
sh: /bin/kstat: No such file or directory
sh: /bin/kstat: No such file or directory
sh: /bin/kstat: No such file or directory
sh: /bin/kstat: No such file or directory
sh: /bin/kstat: No such file or directory
sh: /bin/kstat: No such file or directory
sh: /bin/kstat: No such file or directory
sh: /bin/kstat: No such file or directory
sh: /bin/kstat: No such file or directory
sh: /bin/kstat: No such file or directory
sh: /bin/kstat: No such file or directory
sh: /bin/kstat: No such file or directory
sh: /bin/kstat: No such file or directory
Fail to read A:B[:C] from [NA:1]
Will continue with '4:1:2'
 *** WARNING *** GMRFLib_2order_approx: rescue NAN/INF values in logl for idx=75
 *** WARNING *** GMRFLib_2order_approx: reset counter for 59 NAN/INF values in logl
 *** WARNING *** GMRFLib_2order_approx: rescue NAN/INF values in logl for idx=0
 *** WARNING *** GMRFLib_2order_approx: reset counter for 158 NAN/INF values in logl
 *** WARNING *** GMRFLib_2order_approx: rescue NAN/INF values in logl for idx=110
 *** WARNING *** GMRFLib_2order_approx: reset counter for 25 NAN/INF values in logl
 *** WARNING *** GMRFLib_2order_approx: rescue NAN/INF values in logl for idx=50
 *** WARNING *** GMRFLib_2order_approx: reset counter for 93 NAN/INF values in logl
 *** WARNING *** GMRFLib_2order_approx: rescue NAN/INF values in logl for idx=1052
 *** WARNING *** GMRFLib_2order_approx: reset counter for 3 NAN/INF values in logl
 *** WARNING *** GMRFLib_2order_approx: rescue NAN/INF values in logl for idx=105
 *** WARNING *** GMRFLib_2order_approx: reset counter for 36 NAN/INF values in logl
 *** WARNING *** GMRFLib_2order_approx: rescue NAN/INF values in logl for idx=1052
 *** WARNING *** GMRFLib_2order_approx: reset counter for 4 NAN/INF values in logl
 *** WARNING *** GMRFLib_2order_approx: rescue NAN/INF values in logl for idx=365
 *** WARNING *** GMRFLib_2order_approx: reset counter for 160 NAN/INF values in logl
 *** WARNING *** GMRFLib_2order_approx: rescue NAN/INF values in logl for idx=365
 *** WARNING *** GMRFLib_2order_approx: reset counter for 62 NAN/INF values in logl
 *** WARNING *** GMRFLib_2order_approx: rescue NAN/INF values in logl for idx=8
 *** WARNING *** GMRFLib_2order_approx: reset counter for 157 NAN/INF values in logl
 *** WARNING *** GMRFLib_2order_approx: rescue NAN/INF values in logl for idx=377
 *** WARNING *** GMRFLib_2order_approx: reset counter for 14 NAN/INF values in logl
 *** WARNING *** GMRFLib_2order_approx: rescue NAN/INF values in logl for idx=113
 *** WARNING *** GMRFLib_2order_approx: reset counter for 80 NAN/INF values in logl
 *** WARNING *** GMRFLib_2order_approx: rescue NAN/INF values in logl for idx=377
 *** WARNING *** GMRFLib_2order_approx: reset counter for 10 NAN/INF values in logl
 *** WARNING *** GMRFLib_2order_approx: rescue NAN/INF values in logl for idx=1037
 *** WARNING *** GMRFLib_2order_approx: reset counter for 4 NAN/INF values in logl
 *** WARNING *** GMRFLib_2order_approx: rescue NAN/INF values in logl for idx=28
 *** WARNING *** GMRFLib_2order_approx: reset counter for 15 NAN/INF values in logl
 *** WARNING *** GMRFLib_2order_approx: rescue NAN/INF values in logl for idx=440
 *** WARNING *** GMRFLib_2order_approx: reset counter for 240 NAN/INF values in logl
 *** WARNING *** GMRFLib_2order_approx: rescue NAN/INF values in logl for idx=377
 *** WARNING *** GMRFLib_2order_approx: reset counter for 18 NAN/INF values in logl
 *** WARNING *** GMRFLib_2order_approx: rescue NAN/INF values in logl for idx=26
 *** WARNING *** GMRFLib_2order_approx: reset counter for 111 NAN/INF values in logl
 *** WARNING *** GMRFLib_2order_approx: rescue NAN/INF values in logl for idx=0
 *** WARNING *** GMRFLib_2order_approx: reset counter for 624 NAN/INF values in logl
 *** WARNING *** GMRFLib_2order_approx: rescue NAN/INF values in logl for idx=0
 *** WARNING *** GMRFLib_2order_approx: reset counter for 295 NAN/INF values in logl
 *** WARNING *** GMRFLib_2order_approx: rescue NAN/INF values in logl for idx=0
 *** WARNING *** GMRFLib_2order_approx: reset counter for 2 NAN/INF values in logl
 *** WARNING *** GMRFLib_2order_approx: rescue NAN/INF values in logl for idx=96
 *** WARNING *** GMRFLib_2order_approx: rescue NAN/INF values in logl for idx=9
 *** WARNING *** GMRFLib_2order_approx: reset counter for 702 NAN/INF values in logl
 *** WARNING *** GMRFLib_2order_approx: rescue NAN/INF values in logl for idx=0
 *** WARNING *** GMRFLib_2order_approx: reset counter for 283 NAN/INF values in logl
 *** WARNING *** GMRFLib_2order_approx: reset counter for 283 NAN/INF values in logl
 *** WARNING *** GMRFLib_2order_approx: rescue NAN/INF values in logl for idx=526
 *** WARNING *** GMRFLib_2order_approx: reset counter for 7 NAN/INF values in logl
 *** WARNING *** GMRFLib_2order_approx: rescue NAN/INF values in logl for idx=0
 *** WARNING *** GMRFLib_2order_approx: reset counter for 34 NAN/INF values in logl
 *** WARNING *** GMRFLib_2order_approx: rescue NAN/INF values in logl for idx=134
 *** WARNING *** GMRFLib_2order_approx: rescue NAN/INF values in logl for idx=3
 *** WARNING *** GMRFLib_2order_approx: reset counter for 750 NAN/INF values in logl
 *** WARNING *** GMRFLib_2order_approx: rescue NAN/INF values in logl for idx=439
 *** WARNING *** GMRFLib_2order_approx: reset counter for 31 NAN/INF values in logl
 *** WARNING *** GMRFLib_2order_approx: rescue NAN/INF values in logl for idx=56
 *** WARNING *** GMRFLib_2order_approx: reset counter for 942 NAN/INF values in logl
 *** WARNING *** GMRFLib_2order_approx: rescue NAN/INF values in logl for idx=1067
 *** WARNING *** GMRFLib_2order_approx: reset counter for 2 NAN/INF values in logl
 *** WARNING *** GMRFLib_2order_approx: rescue NAN/INF values in logl for idx=440
 *** WARNING *** GMRFLib_2order_approx: reset counter for 2 NAN/INF values in logl
 *** WARNING *** GMRFLib_2order_approx: rescue NAN/INF values in logl for idx=440
 *** WARNING *** GMRFLib_2order_approx: reset counter for 2 NAN/INF values in logl
 *** WARNING *** GMRFLib_2order_approx: rescue NAN/INF values in logl for idx=440
 *** WARNING *** GMRFLib_2order_approx: reset counter for 2 NAN/INF values in logl
 *** WARNING *** GMRFLib_2order_approx: rescue NAN/INF values in logl for idx=440
 *** WARNING *** GMRFLib_2order_approx: reset counter for 2 NAN/INF values in logl
 *** WARNING *** GMRFLib_2order_approx: rescue NAN/INF values in logl for idx=440
 *** WARNING *** GMRFLib_2order_approx: reset counter for 2 NAN/INF values in logl
 *** WARNING *** GMRFLib_2order_approx: rescue NAN/INF values in logl for idx=440
 *** WARNING *** GMRFLib_2order_approx: reset counter for 2 NAN/INF values in logl
 *** WARNING *** GMRFLib_2order_approx: rescue NAN/INF values in logl for idx=440
 *** WARNING *** GMRFLib_2order_approx: reset counter for 14 NAN/INF values in logl
 *** WARNING *** GMRFLib_2order_approx: rescue NAN/INF values in logl for idx=6
 *** WARNING *** GMRFLib_2order_approx: reset counter for 74 NAN/INF values in logl
 *** WARNING *** GMRFLib_2order_approx: rescue NAN/INF values in logl for idx=377
 *** WARNING *** GMRFLib_2order_approx: reset counter for 17 NAN/INF values in logl
 *** WARNING *** GMRFLib_2order_approx: rescue NAN/INF values in logl for idx=6
 *** WARNING *** GMRFLib_2order_approx: reset counter for 81 NAN/INF values in logl
 *** WARNING *** GMRFLib_2order_approx: rescue NAN/INF values in logl for idx=377
 *** WARNING *** GMRFLib_2order_approx: reset counter for 23 NAN/INF values in logl
 *** WARNING *** GMRFLib_2order_approx: rescue NAN/INF values in logl for idx=6
 *** WARNING *** GMRFLib_2order_approx: reset counter for 80 NAN/INF values in logl
 *** WARNING *** GMRFLib_2order_approx: rescue NAN/INF values in logl for idx=377
 *** WARNING *** GMRFLib_2order_approx: reset counter for 24 NAN/INF values in logl
 *** WARNING *** GMRFLib_2order_approx: rescue NAN/INF values in logl for idx=6
 *** WARNING *** GMRFLib_2order_approx: reset counter for 64 NAN/INF values in logl
 *** WARNING *** GMRFLib_2order_approx: rescue NAN/INF values in logl for idx=440
 *** WARNING *** GMRFLib_2order_approx: reset counter for 31 NAN/INF values in logl
 *** WARNING *** GMRFLib_2order_approx: rescue NAN/INF values in logl for idx=6
 *** WARNING *** GMRFLib_2order_approx: reset counter for 67 NAN/INF values in logl
 *** WARNING *** GMRFLib_2order_approx: rescue NAN/INF values in logl for idx=440
 *** WARNING *** GMRFLib_2order_approx: reset counter for 28 NAN/INF values in logl
 *** WARNING *** GMRFLib_2order_approx: rescue NAN/INF values in logl for idx=440
 *** WARNING *** GMRFLib_2order_approx: reset counter for 27 NAN/INF values in logl
 *** WARNING *** GMRFLib_2order_approx: rescue NAN/INF values in logl for idx=50
 *** WARNING *** GMRFLib_2order_approx: reset counter for 11 NAN/INF values in logl
 *** WARNING *** GMRFLib_2order_approx: rescue NAN/INF values in logl for idx=440
 *** WARNING *** GMRFLib_2order_approx: reset counter for 45 NAN/INF values in logl
 *** WARNING *** GMRFLib_2order_approx: rescue NAN/INF values in logl for idx=377
 *** WARNING *** GMRFLib_2order_approx: reset counter for 26 NAN/INF values in logl
 *** WARNING *** GMRFLib_2order_approx: rescue NAN/INF values in logl for idx=440
 *** WARNING *** GMRFLib_2order_approx: reset counter for 35 NAN/INF values in logl
 *** WARNING *** GMRFLib_2order_approx: rescue NAN/INF values in logl for idx=377
 *** WARNING *** GMRFLib_2order_approx: reset counter for 26 NAN/INF values in logl
 *** WARNING *** GMRFLib_2order_approx: rescue NAN/INF values in logl for idx=110
 *** WARNING *** GMRFLib_2order_approx: reset counter for 37 NAN/INF values in logl
 *** WARNING *** GMRFLib_2order_approx: rescue NAN/INF values in logl for idx=0
 *** WARNING *** GMRFLib_2order_approx: reset counter for 147 NAN/INF values in logl
 *** WARNING *** GMRFLib_2order_approx: rescue NAN/INF values in logl for idx=365
 *** WARNING *** GMRFLib_2order_approx: reset counter for 31 NAN/INF values in logl
 *** WARNING *** GMRFLib_2order_approx: rescue NAN/INF values in logl for idx=2
 *** WARNING *** GMRFLib_2order_approx: reset counter for 104 NAN/INF values in logl
 *** WARNING *** GMRFLib_2order_approx: rescue NAN/INF values in logl for idx=440
 *** WARNING *** GMRFLib_2order_approx: reset counter for 40 NAN/INF values in logl
 *** WARNING *** GMRFLib_2order_approx: rescue NAN/INF values in logl for idx=0
 *** WARNING *** GMRFLib_2order_approx: reset counter for 147 NAN/INF values in logl
 *** WARNING *** GMRFLib_2order_approx: rescue NAN/INF values in logl for idx=365
 *** WARNING *** GMRFLib_2order_approx: reset counter for 39 NAN/INF values in logl
 *** WARNING *** GMRFLib_2order_approx: rescue NAN/INF values in logl for idx=2
 *** WARNING *** GMRFLib_2order_approx: reset counter for 130 NAN/INF values in logl
 *** WARNING *** GMRFLib_2order_approx: rescue NAN/INF values in logl for idx=440
 *** WARNING *** GMRFLib_2order_approx: reset counter for 46 NAN/INF values in logl
 *** WARNING *** GMRFLib_2order_approx: rescue NAN/INF values in logl for idx=0
 *** WARNING *** GMRFLib_2order_approx: reset counter for 149 NAN/INF values in logl
 *** WARNING *** GMRFLib_2order_approx: rescue NAN/INF values in logl for idx=365
 *** WARNING *** GMRFLib_2order_approx: reset counter for 44 NAN/INF values in logl
 *** WARNING *** GMRFLib_2order_approx: rescue NAN/INF values in logl for idx=2
 *** WARNING *** GMRFLib_2order_approx: reset counter for 134 NAN/INF values in logl
 *** WARNING *** GMRFLib_2order_approx: rescue NAN/INF values in logl for idx=377
 *** WARNING *** GMRFLib_2order_approx: reset counter for 23 NAN/INF values in logl
 *** WARNING *** GMRFLib_2order_approx: rescue NAN/INF values in logl for idx=2
 *** WARNING *** GMRFLib_2order_approx: reset counter for 127 NAN/INF values in logl
 *** WARNING *** GMRFLib_2order_approx: rescue NAN/INF values in logl for idx=365
 *** WARNING *** GMRFLib_2order_approx: reset counter for 53 NAN/INF values in logl
 *** WARNING *** GMRFLib_2order_approx: rescue NAN/INF values in logl for idx=0
 *** WARNING *** GMRFLib_2order_approx: reset counter for 151 NAN/INF values in logl
 *** WARNING *** GMRFLib_2order_approx: rescue NAN/INF values in logl for idx=365
 *** WARNING *** GMRFLib_2order_approx: reset counter for 47 NAN/INF values in logl
 *** WARNING *** GMRFLib_2order_approx: rescue NAN/INF values in logl for idx=76
 *** WARNING *** GMRFLib_2order_approx: reset counter for 51 NAN/INF values in logl
 *** WARNING *** GMRFLib_2order_approx: rescue NAN/INF values in logl for idx=27
 *** WARNING *** GMRFLib_2order_approx: reset counter for 59 NAN/INF values in logl
 *** WARNING *** GMRFLib_2order_approx: rescue NAN/INF values in logl for idx=365
 *** WARNING *** GMRFLib_2order_approx: reset counter for 47 NAN/INF values in logl
 *** WARNING *** GMRFLib_2order_approx: rescue NAN/INF values in logl for idx=0
 *** WARNING *** GMRFLib_2order_approx: reset counter for 177 NAN/INF values in logl
 *** WARNING *** GMRFLib_2order_approx: rescue NAN/INF values in logl for idx=377
 *** WARNING *** GMRFLib_2order_approx: reset counter for 34 NAN/INF values in logl
 *** WARNING *** GMRFLib_2order_approx: rescue NAN/INF values in logl for idx=0
 *** WARNING *** GMRFLib_2order_approx: reset counter for 187 NAN/INF values in logl
 *** WARNING *** GMRFLib_2order_approx: rescue NAN/INF values in logl for idx=377
 *** WARNING *** GMRFLib_2order_approx: reset counter for 12 NAN/INF values in logl
 *** WARNING *** GMRFLib_2order_approx: rescue NAN/INF values in logl for idx=2
 *** WARNING *** GMRFLib_2order_approx: reset counter for 117 NAN/INF values in logl
 *** WARNING *** GMRFLib_2order_approx: rescue NAN/INF values in logl for idx=365
 *** WARNING *** GMRFLib_2order_approx: reset counter for 52 NAN/INF values in logl
 *** WARNING *** GMRFLib_2order_approx: rescue NAN/INF values in logl for idx=1
 *** WARNING *** GMRFLib_2order_approx: reset counter for 183 NAN/INF values in logl
 *** WARNING *** GMRFLib_2order_approx: rescue NAN/INF values in logl for idx=440
 *** WARNING *** GMRFLib_2order_approx: reset counter for 2 NAN/INF values in logl
 *** WARNING *** GMRFLib_2order_approx: rescue NAN/INF values in logl for idx=365
 *** WARNING *** GMRFLib_2order_approx: reset counter for 47 NAN/INF values in logl
 *** WARNING *** GMRFLib_2order_approx: rescue NAN/INF values in logl for idx=1
 *** WARNING *** GMRFLib_2order_approx: reset counter for 197 NAN/INF values in logl
 *** WARNING *** GMRFLib_2order_approx: rescue NAN/INF values in logl for idx=440
 *** WARNING *** GMRFLib_2order_approx: reset counter for 48 NAN/INF values in logl
 *** WARNING *** GMRFLib_2order_approx: rescue NAN/INF values in logl for idx=14
 *** WARNING *** GMRFLib_2order_approx: reset counter for 114 NAN/INF values in logl
 *** WARNING *** GMRFLib_2order_approx: rescue NAN/INF values in logl for idx=440
 *** WARNING *** GMRFLib_2order_approx: reset counter for 2 NAN/INF values in logl
 *** WARNING *** GMRFLib_2order_approx: rescue NAN/INF values in logl for idx=365
 *** WARNING *** GMRFLib_2order_approx: reset counter for 55 NAN/INF values in logl
 *** WARNING *** GMRFLib_2order_approx: rescue NAN/INF values in logl for idx=0
 *** WARNING *** GMRFLib_2order_approx: reset counter for 171 NAN/INF values in logl
 *** WARNING *** GMRFLib_2order_approx: rescue NAN/INF values in logl for idx=365
 *** WARNING *** GMRFLib_2order_approx: reset counter for 36 NAN/INF values in logl
 *** WARNING *** GMRFLib_2order_approx: rescue NAN/INF values in logl for idx=76
 *** WARNING *** GMRFLib_2order_approx: reset counter for 62 NAN/INF values in logl
 *** WARNING *** GMRFLib_2order_approx: rescue NAN/INF values in logl for idx=22
 *** WARNING *** GMRFLib_2order_approx: reset counter for 61 NAN/INF values in logl
 *** WARNING *** GMRFLib_2order_approx: rescue NAN/INF values in logl for idx=440
 *** WARNING *** GMRFLib_2order_approx: reset counter for 50 NAN/INF values in logl
 *** WARNING *** GMRFLib_2order_approx: rescue NAN/INF values in logl for idx=0
 *** WARNING *** GMRFLib_2order_approx: reset counter for 199 NAN/INF values in logl
 *** WARNING *** GMRFLib_2order_approx: rescue NAN/INF values in logl for idx=365
 *** WARNING *** GMRFLib_2order_approx: reset counter for 38 NAN/INF values in logl
 *** WARNING *** GMRFLib_2order_approx: rescue NAN/INF values in logl for idx=377
 *** WARNING *** GMRFLib_2order_approx: reset counter for 6 NAN/INF values in logl
 *** WARNING *** GMRFLib_2order_approx: rescue NAN/INF values in logl for idx=51
 *** WARNING *** GMRFLib_2order_approx: reset counter for 15 NAN/INF values in logl
 *** WARNING *** GMRFLib_2order_approx: rescue NAN/INF values in logl for idx=25
 *** WARNING *** GMRFLib_2order_approx: reset counter for 22 NAN/INF values in logl
 *** WARNING *** GMRFLib_2order_approx: rescue NAN/INF values in logl for idx=377
 *** WARNING *** GMRFLib_2order_approx: reset counter for 5 NAN/INF values in logl
 *** WARNING *** GMRFLib_2order_approx: rescue NAN/INF values in logl for idx=377
 *** WARNING *** GMRFLib_2order_approx: reset counter for 6 NAN/INF values in logl
 *** WARNING *** GMRFLib_2order_approx: rescue NAN/INF values in logl for idx=6
 *** WARNING *** GMRFLib_2order_approx: reset counter for 63 NAN/INF values in logl
 *** WARNING *** GMRFLib_2order_approx: rescue NAN/INF values in logl for idx=29
 *** WARNING *** GMRFLib_2order_approx: reset counter for 4 NAN/INF values in logl
 *** WARNING *** GMRFLib_2order_approx: rescue NAN/INF values in logl for idx=365
 *** WARNING *** GMRFLib_2order_approx: reset counter for 27 NAN/INF values in logl
 *** WARNING *** GMRFLib_2order_approx: rescue NAN/INF values in logl for idx=0
 *** WARNING *** GMRFLib_2order_approx: reset counter for 194 NAN/INF values in logl
 *** WARNING *** GMRFLib_2order_approx: rescue NAN/INF values in logl for idx=365
 *** WARNING *** GMRFLib_2order_approx: reset counter for 54 NAN/INF values in logl
 *** WARNING *** GMRFLib_2order_approx: rescue NAN/INF values in logl for idx=1
 *** WARNING *** GMRFLib_2order_approx: reset counter for 171 NAN/INF values in logl
 *** WARNING *** GMRFLib_2order_approx: rescue NAN/INF values in logl for idx=377
 *** WARNING *** GMRFLib_2order_approx: reset counter for 8 NAN/INF values in logl
 *** WARNING *** GMRFLib_2order_approx: rescue NAN/INF values in logl for idx=377
 *** WARNING *** GMRFLib_2order_approx: reset counter for 9 NAN/INF values in logl
 *** WARNING *** GMRFLib_2order_approx: rescue NAN/INF values in logl for idx=377
 *** WARNING *** GMRFLib_2order_approx: reset counter for 10 NAN/INF values in logl
 *** WARNING *** GMRFLib_2order_approx: rescue NAN/INF values in logl for idx=51
 *** WARNING *** GMRFLib_2order_approx: reset counter for 3 NAN/INF values in logl
 *** WARNING *** GMRFLib_2order_approx: rescue NAN/INF values in logl for idx=1
 *** WARNING *** GMRFLib_2order_approx: reset counter for 184 NAN/INF values in logl
 *** WARNING *** GMRFLib_2order_approx: rescue NAN/INF values in logl for idx=440
 *** WARNING *** GMRFLib_2order_approx: reset counter for 46 NAN/INF values in logl
 *** WARNING *** GMRFLib_2order_approx: rescue NAN/INF values in logl for idx=75
 *** WARNING *** GMRFLib_2order_approx: reset counter for 68 NAN/INF values in logl
 *** WARNING *** GMRFLib_2order_approx: rescue NAN/INF values in logl for idx=21
 *** WARNING *** GMRFLib_2order_approx: reset counter for 63 NAN/INF values in logl
 *** WARNING *** GMRFLib_2order_approx: rescue NAN/INF values in logl for idx=6
 *** WARNING *** GMRFLib_2order_approx: reset counter for 2 NAN/INF values in logl
 *** WARNING *** GMRFLib_2order_approx: rescue NAN/INF values in logl for idx=365
 *** WARNING *** GMRFLib_2order_approx: reset counter for 36 NAN/INF values in logl
 *** WARNING *** GMRFLib_2order_approx: rescue NAN/INF values in logl for idx=0
 *** WARNING *** GMRFLib_2order_approx: reset counter for 205 NAN/INF values in logl
 *** WARNING *** GMRFLib_2order_approx: rescue NAN/INF values in logl for idx=365
 *** WARNING *** GMRFLib_2order_approx: reset counter for 31 NAN/INF values in logl
 *** WARNING *** GMRFLib_2order_approx: rescue NAN/INF values in logl for idx=377
 *** WARNING *** GMRFLib_2order_approx: reset counter for 7 NAN/INF values in logl
 *** WARNING *** GMRFLib_2order_approx: rescue NAN/INF values in logl for idx=6
 *** WARNING *** GMRFLib_2order_approx: reset counter for 35 NAN/INF values in logl
 *** WARNING *** GMRFLib_2order_approx: rescue NAN/INF values in logl for idx=14
 *** WARNING *** GMRFLib_2order_approx: reset counter for 57 NAN/INF values in logl
 *** WARNING *** GMRFLib_2order_approx: rescue NAN/INF values in logl for idx=377
 *** WARNING *** GMRFLib_2order_approx: reset counter for 4 NAN/INF values in logl
 *** WARNING *** GMRFLib_2order_approx: rescue NAN/INF values in logl for idx=365
 *** WARNING *** GMRFLib_2order_approx: reset counter for 39 NAN/INF values in logl
 *** WARNING *** GMRFLib_2order_approx: rescue NAN/INF values in logl for idx=0
 *** WARNING *** GMRFLib_2order_approx: reset counter for 203 NAN/INF values in logl
 *** WARNING *** GMRFLib_2order_approx: rescue NAN/INF values in logl for idx=365
 *** WARNING *** GMRFLib_2order_approx: reset counter for 35 NAN/INF values in logl
 *** WARNING *** GMRFLib_2order_approx: rescue NAN/INF values in logl for idx=0
 *** WARNING *** GMRFLib_2order_approx: reset counter for 158 NAN/INF values in logl
 *** WARNING *** GMRFLib_2order_approx: rescue NAN/INF values in logl for idx=440
 *** WARNING *** GMRFLib_2order_approx: reset counter for 58 NAN/INF values in logl
 *** WARNING *** GMRFLib_2order_approx: rescue NAN/INF values in logl for idx=0
 *** WARNING *** GMRFLib_2order_approx: reset counter for 201 NAN/INF values in logl
 *** WARNING *** GMRFLib_2order_approx: rescue NAN/INF values in logl for idx=365
 *** WARNING *** GMRFLib_2order_approx: reset counter for 47 NAN/INF values in logl
 *** WARNING *** GMRFLib_2order_approx: rescue NAN/INF values in logl for idx=4
 *** WARNING *** GMRFLib_2order_approx: reset counter for 63 NAN/INF values in logl
 *** WARNING *** GMRFLib_2order_approx: rescue NAN/INF values in logl for idx=440
 *** WARNING *** GMRFLib_2order_approx: reset counter for 47 NAN/INF values in logl
 *** WARNING *** GMRFLib_2order_approx: rescue NAN/INF values in logl for idx=0
 *** WARNING *** GMRFLib_2order_approx: reset counter for 190 NAN/INF values in logl
 *** WARNING *** GMRFLib_2order_approx: rescue NAN/INF values in logl for idx=75
 *** WARNING *** GMRFLib_2order_approx: reset counter for 68 NAN/INF values in logl
 *** WARNING *** GMRFLib_2order_approx: rescue NAN/INF values in logl for idx=21
 *** WARNING *** GMRFLib_2order_approx: reset counter for 63 NAN/INF values in logl
 *** WARNING *** GMRFLib_2order_approx: rescue NAN/INF values in logl for idx=365
 *** WARNING *** GMRFLib_2order_approx: reset counter for 43 NAN/INF values in logl
 *** WARNING *** GMRFLib_2order_approx: rescue NAN/INF values in logl for idx=0
 *** WARNING *** GMRFLib_2order_approx: reset counter for 176 NAN/INF values in logl
 *** WARNING *** GMRFLib_2order_approx: rescue NAN/INF values in logl for idx=365
 *** WARNING *** GMRFLib_2order_approx: reset counter for 39 NAN/INF values in logl
 *** WARNING *** GMRFLib_2order_approx: rescue NAN/INF values in logl for idx=0
 *** WARNING *** GMRFLib_2order_approx: reset counter for 182 NAN/INF values in logl
 *** WARNING *** GMRFLib_2order_approx: rescue NAN/INF values in logl for idx=440
 *** WARNING *** GMRFLib_2order_approx: reset counter for 2 NAN/INF values in logl
 *** WARNING *** GMRFLib_2order_approx: rescue NAN/INF values in logl for idx=365
 *** WARNING *** GMRFLib_2order_approx: reset counter for 61 NAN/INF values in logl
 *** WARNING *** GMRFLib_2order_approx: rescue NAN/INF values in logl for idx=0
 *** WARNING *** GMRFLib_2order_approx: reset counter for 204 NAN/INF values in logl
 *** WARNING *** GMRFLib_2order_approx: rescue NAN/INF values in logl for idx=440
 *** WARNING *** GMRFLib_2order_approx: reset counter for 56 NAN/INF values in logl
 *** WARNING *** GMRFLib_2order_approx: rescue NAN/INF values in logl for idx=2
 *** WARNING *** GMRFLib_2order_approx: reset counter for 138 NAN/INF values in logl
 *** WARNING *** GMRFLib_2order_approx: rescue NAN/INF values in logl for idx=440
 *** WARNING *** GMRFLib_2order_approx: reset counter for 2 NAN/INF values in logl
 *** WARNING *** GMRFLib_2order_approx: rescue NAN/INF values in logl for idx=365
 *** WARNING *** GMRFLib_2order_approx: reset counter for 75 NAN/INF values in logl
 *** WARNING *** GMRFLib_2order_approx: rescue NAN/INF values in logl for idx=1
 *** WARNING *** GMRFLib_2order_approx: reset counter for 201 NAN/INF values in logl
 *** WARNING *** GMRFLib_2order_approx: rescue NAN/INF values in logl for idx=365
 *** WARNING *** GMRFLib_2order_approx: reset counter for 38 NAN/INF values in logl
 *** WARNING *** GMRFLib_2order_approx: rescue NAN/INF values in logl for idx=652
 *** WARNING *** GMRFLib_2order_approx: reset counter for 116 NAN/INF values in logl
 *** WARNING *** GMRFLib_2order_approx: rescue NAN/INF values in logl for idx=440
 *** WARNING *** GMRFLib_2order_approx: reset counter for 2 NAN/INF values in logl
 *** WARNING *** GMRFLib_2order_approx: rescue NAN/INF values in logl for idx=365
 *** WARNING *** GMRFLib_2order_approx: reset counter for 46 NAN/INF values in logl
 *** WARNING *** GMRFLib_2order_approx: rescue NAN/INF values in logl for idx=0
 *** WARNING *** GMRFLib_2order_approx: reset counter for 212 NAN/INF values in logl
 *** WARNING *** GMRFLib_2order_approx: rescue NAN/INF values in logl for idx=440
 *** WARNING *** GMRFLib_2order_approx: reset counter for 2 NAN/INF values in logl
 *** WARNING *** GMRFLib_2order_approx: rescue NAN/INF values in logl for idx=365
 *** WARNING *** GMRFLib_2order_approx: reset counter for 50 NAN/INF values in logl
 *** WARNING *** GMRFLib_2order_approx: rescue NAN/INF values in logl for idx=75
 *** WARNING *** GMRFLib_2order_approx: reset counter for 68 NAN/INF values in logl
 *** WARNING *** GMRFLib_2order_approx: rescue NAN/INF values in logl for idx=21
 *** WARNING *** GMRFLib_2order_approx: reset counter for 63 NAN/INF values in logl
 *** WARNING *** GMRFLib_2order_approx: rescue NAN/INF values in logl for idx=6
 *** WARNING *** GMRFLib_2order_approx: reset counter for 33 NAN/INF values in logl
 *** WARNING *** GMRFLib_2order_approx: rescue NAN/INF values in logl for idx=440
 *** WARNING *** GMRFLib_2order_approx: reset counter for 148 NAN/INF values in logl
 *** WARNING *** GMRFLib_2order_approx: rescue NAN/INF values in logl for idx=365
 *** WARNING *** GMRFLib_2order_approx: reset counter for 59 NAN/INF values in logl
 *** WARNING *** GMRFLib_2order_approx: rescue NAN/INF values in logl for idx=0
 *** WARNING *** GMRFLib_2order_approx: reset counter for 195 NAN/INF values in logl
 *** WARNING *** GMRFLib_2order_approx: rescue NAN/INF values in logl for idx=652
 *** WARNING *** GMRFLib_2order_approx: reset counter for 58 NAN/INF values in logl
 *** WARNING *** GMRFLib_2order_approx: rescue NAN/INF values in logl for idx=0
 *** WARNING *** GMRFLib_2order_approx: reset counter for 196 NAN/INF values in logl
 *** WARNING *** GMRFLib_2order_approx: rescue NAN/INF values in logl for idx=377
 *** WARNING *** GMRFLib_2order_approx: reset counter for 3 NAN/INF values in logl
 *** WARNING *** GMRFLib_2order_approx: rescue NAN/INF values in logl for idx=365
 *** WARNING *** GMRFLib_2order_approx: reset counter for 29 NAN/INF values in logl
 *** WARNING *** GMRFLib_2order_approx: rescue NAN/INF values in logl for idx=440
 *** WARNING *** GMRFLib_2order_approx: reset counter for 4 NAN/INF values in logl
 *** WARNING *** GMRFLib_2order_approx: rescue NAN/INF values in logl for idx=39
 *** WARNING *** GMRFLib_2order_approx: reset counter for 14 NAN/INF values in logl
 *** WARNING *** GMRFLib_2order_approx: rescue NAN/INF values in logl for idx=377
 *** WARNING *** GMRFLib_2order_approx: reset counter for 2 NAN/INF values in logl
 *** WARNING *** GMRFLib_2order_approx: rescue NAN/INF values in logl for idx=377
 *** WARNING *** GMRFLib_2order_approx: reset counter for 37 NAN/INF values in logl
 *** WARNING *** GMRFLib_2order_approx: rescue NAN/INF values in logl for idx=0
 *** WARNING *** GMRFLib_2order_approx: reset counter for 189 NAN/INF values in logl
 *** WARNING *** GMRFLib_2order_approx: rescue NAN/INF values in logl for idx=377
 *** WARNING *** GMRFLib_2order_approx: reset counter for 12 NAN/INF values in logl
 *** WARNING *** GMRFLib_2order_approx: rescue NAN/INF values in logl for idx=377
 *** WARNING *** GMRFLib_2order_approx: reset counter for 10 NAN/INF values in logl
 *** WARNING *** GMRFLib_2order_approx: rescue NAN/INF values in logl for idx=51
 *** WARNING *** GMRFLib_2order_approx: reset counter for 2 NAN/INF values in logl
 *** WARNING *** GMRFLib_2order_approx: rescue NAN/INF values in logl for idx=440
 *** WARNING *** GMRFLib_2order_approx: reset counter for 136 NAN/INF values in logl
 *** WARNING *** GMRFLib_2order_approx: rescue NAN/INF values in logl for idx=365
 *** WARNING *** GMRFLib_2order_approx: reset counter for 47 NAN/INF values in logl
 *** WARNING *** GMRFLib_2order_approx: rescue NAN/INF values in logl for idx=75
 *** WARNING *** GMRFLib_2order_approx: reset counter for 69 NAN/INF values in logl
 *** WARNING *** GMRFLib_2order_approx: rescue NAN/INF values in logl for idx=21
 *** WARNING *** GMRFLib_2order_approx: reset counter for 62 NAN/INF values in logl
 *** WARNING *** GMRFLib_2order_approx: rescue NAN/INF values in logl for idx=365
 *** WARNING *** GMRFLib_2order_approx: reset counter for 50 NAN/INF values in logl
 *** WARNING *** GMRFLib_2order_approx: rescue NAN/INF values in logl for idx=0
 *** WARNING *** GMRFLib_2order_approx: reset counter for 163 NAN/INF values in logl
 *** WARNING *** GMRFLib_2order_approx: rescue NAN/INF values in logl for idx=377
 *** WARNING *** GMRFLib_2order_approx: reset counter for 7 NAN/INF values in logl
 *** WARNING *** GMRFLib_2order_approx: rescue NAN/INF values in logl for idx=377
 *** WARNING *** GMRFLib_2order_approx: reset counter for 12 NAN/INF values in logl
 *** WARNING *** GMRFLib_2order_approx: rescue NAN/INF values in logl for idx=377
 *** WARNING *** GMRFLib_2order_approx: reset counter for 5 NAN/INF values in logl
 *** WARNING *** GMRFLib_2order_approx: rescue NAN/INF values in logl for idx=51
 *** WARNING *** GMRFLib_2order_approx: reset counter for 5 NAN/INF values in logl
 *** WARNING *** GMRFLib_2order_approx: rescue NAN/INF values in logl for idx=2
 *** WARNING *** GMRFLib_2order_approx: reset counter for 100 NAN/INF values in logl
 *** WARNING *** GMRFLib_2order_approx: rescue NAN/INF values in logl for idx=365
 *** WARNING *** GMRFLib_2order_approx: reset counter for 48 NAN/INF values in logl
 *** WARNING *** GMRFLib_2order_approx: rescue NAN/INF values in logl for idx=0
 *** WARNING *** GMRFLib_2order_approx: reset counter for 198 NAN/INF values in logl
 *** WARNING *** GMRFLib_2order_approx: rescue NAN/INF values in logl for idx=365
 *** WARNING *** GMRFLib_2order_approx: reset counter for 32 NAN/INF values in logl
 *** WARNING *** GMRFLib_2order_approx: rescue NAN/INF values in logl for idx=0
 *** WARNING *** GMRFLib_2order_approx: reset counter for 199 NAN/INF values in logl
 *** WARNING *** GMRFLib_2order_approx: rescue NAN/INF values in logl for idx=365
 *** WARNING *** GMRFLib_2order_approx: reset counter for 53 NAN/INF values in logl
 *** WARNING *** GMRFLib_2order_approx: rescue NAN/INF values in logl for idx=0
 *** WARNING *** GMRFLib_2order_approx: reset counter for 165 NAN/INF values in logl
 *** WARNING *** GMRFLib_2order_approx: rescue NAN/INF values in logl for idx=440
 *** WARNING *** GMRFLib_2order_approx: reset counter for 59 NAN/INF values in logl
 *** WARNING *** GMRFLib_2order_approx: rescue NAN/INF values in logl for idx=0
 *** WARNING *** GMRFLib_2order_approx: reset counter for 192 NAN/INF values in logl
 *** WARNING *** GMRFLib_2order_approx: rescue NAN/INF values in logl for idx=440
 *** WARNING *** GMRFLib_2order_approx: reset counter for 41 NAN/INF values in logl
 *** WARNING *** GMRFLib_2order_approx: rescue NAN/INF values in logl for idx=75
 *** WARNING *** GMRFLib_2order_approx: reset counter for 31 NAN/INF values in logl
 *** WARNING *** GMRFLib_2order_approx: rescue NAN/INF values in logl for idx=632
 *** WARNING *** GMRFLib_2order_approx: reset counter for 106 NAN/INF values in logl
 *** WARNING *** GMRFLib_2order_approx: rescue NAN/INF values in logl for idx=21
 *** WARNING *** GMRFLib_2order_approx: reset counter for 60 NAN/INF values in logl
 *** WARNING *** GMRFLib_2order_approx: rescue NAN/INF values in logl for idx=21
 *** WARNING *** GMRFLib_2order_approx: reset counter for 65 NAN/INF values in logl
 *** WARNING *** GMRFLib_2order_approx: rescue NAN/INF values in logl for idx=6
 *** WARNING *** GMRFLib_2order_approx: reset counter for 85 NAN/INF values in logl
 *** WARNING *** GMRFLib_2order_approx: rescue NAN/INF values in logl for idx=0
 *** WARNING *** GMRFLib_2order_approx: reset counter for 147 NAN/INF values in logl
 *** WARNING *** GMRFLib_2order_approx: rescue NAN/INF values in logl for idx=0
 *** WARNING *** GMRFLib_2order_approx: reset counter for 220 NAN/INF values in logl
 *** WARNING *** GMRFLib_2order_approx: rescue NAN/INF values in logl for idx=440
 *** WARNING *** GMRFLib_2order_approx: reset counter for 2 NAN/INF values in logl
 *** WARNING *** GMRFLib_2order_approx: rescue NAN/INF values in logl for idx=377
 *** WARNING *** GMRFLib_2order_approx: reset counter for 7 NAN/INF values in logl
 *** WARNING *** GMRFLib_2order_approx: rescue NAN/INF values in logl for idx=365
 *** WARNING *** GMRFLib_2order_approx: reset counter for 57 NAN/INF values in logl
 *** WARNING *** GMRFLib_2order_approx: rescue NAN/INF values in logl for idx=377
 *** WARNING *** GMRFLib_2order_approx: reset counter for 12 NAN/INF values in logl
 *** WARNING *** GMRFLib_2order_approx: rescue NAN/INF values in logl for idx=0
 *** WARNING *** GMRFLib_2order_approx: reset counter for 141 NAN/INF values in logl
 *** WARNING *** GMRFLib_2order_approx: rescue NAN/INF values in logl for idx=377
 *** WARNING *** GMRFLib_2order_approx: reset counter for 5 NAN/INF values in logl
 *** WARNING *** GMRFLib_2order_approx: rescue NAN/INF values in logl for idx=440
 *** WARNING *** GMRFLib_2order_approx: reset counter for 2 NAN/INF values in logl
 *** WARNING *** GMRFLib_2order_approx: rescue NAN/INF values in logl for idx=440
 *** WARNING *** GMRFLib_2order_approx: reset counter for 4 NAN/INF values in logl
 *** WARNING *** GMRFLib_2order_approx: rescue NAN/INF values in logl for idx=365
 *** WARNING *** GMRFLib_2order_approx: reset counter for 62 NAN/INF values in logl
 *** WARNING *** GMRFLib_2order_approx: rescue NAN/INF values in logl for idx=2
 *** WARNING *** GMRFLib_2order_approx: reset counter for 100 NAN/INF values in logl
 *** WARNING *** GMRFLib_2order_approx: rescue NAN/INF values in logl for idx=0
 *** WARNING *** GMRFLib_2order_approx: reset counter for 203 NAN/INF values in logl
 *** WARNING *** GMRFLib_2order_approx: rescue NAN/INF values in logl for idx=365
 *** WARNING *** GMRFLib_2order_approx: reset counter for 48 NAN/INF values in logl
 *** WARNING *** GMRFLib_2order_approx: rescue NAN/INF values in logl for idx=365
 *** WARNING *** GMRFLib_2order_approx: reset counter for 50 NAN/INF values in logl
 *** WARNING *** GMRFLib_2order_approx: rescue NAN/INF values in logl for idx=0
 *** WARNING *** GMRFLib_2order_approx: reset counter for 198 NAN/INF values in logl
 *** WARNING *** GMRFLib_2order_approx: rescue NAN/INF values in logl for idx=0
 *** WARNING *** GMRFLib_2order_approx: reset counter for 196 NAN/INF values in logl
 *** WARNING *** GMRFLib_2order_approx: rescue NAN/INF values in logl for idx=365
 *** WARNING *** GMRFLib_2order_approx: reset counter for 32 NAN/INF values in logl
 *** WARNING *** GMRFLib_2order_approx: rescue NAN/INF values in logl for idx=365
 *** WARNING *** GMRFLib_2order_approx: reset counter for 45 NAN/INF values in logl
 *** WARNING *** GMRFLib_2order_approx: rescue NAN/INF values in logl for idx=0
 *** WARNING *** GMRFLib_2order_approx: reset counter for 199 NAN/INF values in logl
 *** WARNING *** GMRFLib_2order_approx: rescue NAN/INF values in logl for idx=440
 *** WARNING *** GMRFLib_2order_approx: reset counter for 4 NAN/INF values in logl
 *** WARNING *** GMRFLib_2order_approx: rescue NAN/INF values in logl for idx=21
 *** WARNING *** GMRFLib_2order_approx: reset counter for 43 NAN/INF values in logl
 *** WARNING *** GMRFLib_2order_approx: rescue NAN/INF values in logl for idx=365
 *** WARNING *** GMRFLib_2order_approx: reset counter for 53 NAN/INF values in logl
 *** WARNING *** GMRFLib_2order_approx: rescue NAN/INF values in logl for idx=365
 *** WARNING *** GMRFLib_2order_approx: reset counter for 36 NAN/INF values in logl
 *** WARNING *** GMRFLib_2order_approx: rescue NAN/INF values in logl for idx=0
 *** WARNING *** GMRFLib_2order_approx: reset counter for 171 NAN/INF values in logl
 *** WARNING *** GMRFLib_2order_approx: rescue NAN/INF values in logl for idx=440
 *** WARNING *** GMRFLib_2order_approx: reset counter for 178 NAN/INF values in logl
 *** WARNING *** GMRFLib_2order_approx: rescue NAN/INF values in logl for idx=1037
 *** WARNING *** GMRFLib_2order_approx: reset counter for 82 NAN/INF values in logl
 *** WARNING *** GMRFLib_2order_approx: rescue NAN/INF values in logl for idx=365
 *** WARNING *** GMRFLib_2order_approx: reset counter for 32 NAN/INF values in logl
 *** WARNING *** GMRFLib_2order_approx: rescue NAN/INF values in logl for idx=0
 *** WARNING *** GMRFLib_2order_approx: reset counter for 192 NAN/INF values in logl
 *** WARNING *** GMRFLib_2order_approx: rescue NAN/INF values in logl for idx=440
 *** WARNING *** GMRFLib_2order_approx: reset counter for 7 NAN/INF values in logl
 *** WARNING *** GMRFLib_2order_approx: rescue NAN/INF values in logl for idx=6
 *** WARNING *** GMRFLib_2order_approx: reset counter for 60 NAN/INF values in logl
 *** WARNING *** GMRFLib_2order_approx: rescue NAN/INF values in logl for idx=1063
 *** WARNING *** GMRFLib_2order_approx: reset counter for 46 NAN/INF values in logl
 *** WARNING *** GMRFLib_2order_approx: rescue NAN/INF values in logl for idx=365
 *** WARNING *** GMRFLib_2order_approx: reset counter for 47 NAN/INF values in logl
 *** WARNING *** GMRFLib_2order_approx: rescue NAN/INF values in logl for idx=75
 *** WARNING *** GMRFLib_2order_approx: reset counter for 68 NAN/INF values in logl
 *** WARNING *** GMRFLib_2order_approx: rescue NAN/INF values in logl for idx=21
 *** WARNING *** GMRFLib_2order_approx: reset counter for 62 NAN/INF values in logl
 *** WARNING *** GMRFLib_2order_approx: rescue NAN/INF values in logl for idx=365
 *** WARNING *** GMRFLib_2order_approx: reset counter for 49 NAN/INF values in logl
 *** WARNING *** GMRFLib_2order_approx: rescue NAN/INF values in logl for idx=0
 *** WARNING *** GMRFLib_2order_approx: reset counter for 203 NAN/INF values in logl
 *** WARNING *** GMRFLib_2order_approx: rescue NAN/INF values in logl for idx=365
 *** WARNING *** GMRFLib_2order_approx: reset counter for 26 NAN/INF values in logl
 *** WARNING *** GMRFLib_2order_approx: rescue NAN/INF values in logl for idx=377
 *** WARNING *** GMRFLib_2order_approx: reset counter for 6 NAN/INF values in logl
 *** WARNING *** GMRFLib_2order_approx: rescue NAN/INF values in logl for idx=6
 *** WARNING *** GMRFLib_2order_approx: reset counter for 45 NAN/INF values in logl
 *** WARNING *** GMRFLib_2order_approx: rescue NAN/INF values in logl for idx=1037
 *** WARNING *** GMRFLib_2order_approx: reset counter for 48 NAN/INF values in logl
 *** WARNING *** GMRFLib_2order_approx: rescue NAN/INF values in logl for idx=0
 *** WARNING *** GMRFLib_2order_approx: reset counter for 169 NAN/INF values in logl
 *** WARNING *** GMRFLib_2order_approx: rescue NAN/INF values in logl for idx=440
 *** WARNING *** GMRFLib_2order_approx: reset counter for 2 NAN/INF values in logl
 *** WARNING *** GMRFLib_2order_approx: rescue NAN/INF values in logl for idx=365
 *** WARNING *** GMRFLib_2order_approx: reset counter for 50 NAN/INF values in logl
 *** WARNING *** GMRFLib_2order_approx: rescue NAN/INF values in logl for idx=1
 *** WARNING *** GMRFLib_2order_approx: reset counter for 162 NAN/INF values in logl
 *** WARNING *** GMRFLib_2order_approx: rescue NAN/INF values in logl for idx=440
 *** WARNING *** GMRFLib_2order_approx: reset counter for 2 NAN/INF values in logl
 *** WARNING *** GMRFLib_2order_approx: rescue NAN/INF values in logl for idx=365
 *** WARNING *** GMRFLib_2order_approx: reset counter for 59 NAN/INF values in logl
 *** WARNING *** GMRFLib_2order_approx: rescue NAN/INF values in logl for idx=0
 *** WARNING *** GMRFLib_2order_approx: reset counter for 175 NAN/INF values in logl
 *** WARNING *** GMRFLib_2order_approx: rescue NAN/INF values in logl for idx=377
 *** WARNING *** GMRFLib_2order_approx: reset counter for 28 NAN/INF values in logl
 *** WARNING *** GMRFLib_2order_approx: rescue NAN/INF values in logl for idx=0
 *** WARNING *** GMRFLib_2order_approx: reset counter for 189 NAN/INF values in logl
 *** WARNING *** GMRFLib_2order_approx: rescue NAN/INF values in logl for idx=440
 *** WARNING *** GMRFLib_2order_approx: reset counter for 4 NAN/INF values in logl
 *** WARNING *** GMRFLib_2order_approx: rescue NAN/INF values in logl for idx=377
 *** WARNING *** GMRFLib_2order_approx: reset counter for 24 NAN/INF values in logl
 *** WARNING *** GMRFLib_2order_approx: rescue NAN/INF values in logl for idx=440
 *** WARNING *** GMRFLib_2order_approx: reset counter for 3 NAN/INF values in logl
 *** WARNING *** GMRFLib_2order_approx: rescue NAN/INF values in logl for idx=2
 *** WARNING *** GMRFLib_2order_approx: reset counter for 99 NAN/INF values in logl
 *** WARNING *** GMRFLib_2order_approx: rescue NAN/INF values in logl for idx=75
 *** WARNING *** GMRFLib_2order_approx: reset counter for 69 NAN/INF values in logl
 *** WARNING *** GMRFLib_2order_approx: rescue NAN/INF values in logl for idx=21
 *** WARNING *** GMRFLib_2order_approx: reset counter for 62 NAN/INF values in logl
 *** WARNING *** GMRFLib_2order_approx: rescue NAN/INF values in logl for idx=6
 *** WARNING *** GMRFLib_2order_approx: reset counter for 35 NAN/INF values in logl
 *** WARNING *** GMRFLib_2order_approx: rescue NAN/INF values in logl for idx=440
 *** WARNING *** GMRFLib_2order_approx: reset counter for 2 NAN/INF values in logl
 *** WARNING *** GMRFLib_2order_approx: rescue NAN/INF values in logl for idx=1
 *** WARNING *** GMRFLib_2order_approx: reset counter for 138 NAN/INF values in logl
 *** WARNING *** GMRFLib_2order_approx: rescue NAN/INF values in logl for idx=440
 *** WARNING *** GMRFLib_2order_approx: reset counter for 65 NAN/INF values in logl
 *** WARNING *** GMRFLib_2order_approx: rescue NAN/INF values in logl for idx=0
 *** WARNING *** GMRFLib_2order_approx: reset counter for 207 NAN/INF values in logl
 *** WARNING *** GMRFLib_2order_approx: rescue NAN/INF values in logl for idx=440
 *** WARNING *** GMRFLib_2order_approx: reset counter for 52 NAN/INF values in logl
 *** WARNING *** GMRFLib_2order_approx: rescue NAN/INF values in logl for idx=2
 *** WARNING *** GMRFLib_2order_approx: reset counter for 117 NAN/INF values in logl
 *** WARNING *** GMRFLib_2order_approx: rescue NAN/INF values in logl for idx=440
 *** WARNING *** GMRFLib_2order_approx: reset counter for 38 NAN/INF values in logl
 *** WARNING *** GMRFLib_2order_approx: rescue NAN/INF values in logl for idx=0
 *** WARNING *** GMRFLib_2order_approx: reset counter for 200 NAN/INF values in logl
 *** WARNING *** GMRFLib_2order_approx: rescue NAN/INF values in logl for idx=365
 *** WARNING *** GMRFLib_2order_approx: reset counter for 42 NAN/INF values in logl
 *** WARNING *** GMRFLib_2order_approx: rescue NAN/INF values in logl for idx=4
 *** WARNING *** GMRFLib_2order_approx: reset counter for 46 NAN/INF values in logl
 *** WARNING *** GMRFLib_2order_approx: rescue NAN/INF values in logl for idx=377
 *** WARNING *** GMRFLib_2order_approx: reset counter for 8 NAN/INF values in logl
 *** WARNING *** GMRFLib_2order_approx: rescue NAN/INF values in logl for idx=377
 *** WARNING *** GMRFLib_2order_approx: reset counter for 28 NAN/INF values in logl
 *** WARNING *** GMRFLib_2order_approx: rescue NAN/INF values in logl for idx=0
 *** WARNING *** GMRFLib_2order_approx: reset counter for 210 NAN/INF values in logl
 *** WARNING *** GMRFLib_2order_approx: rescue NAN/INF values in logl for idx=377
 *** WARNING *** GMRFLib_2order_approx: reset counter for 28 NAN/INF values in logl
 *** WARNING *** GMRFLib_2order_approx: rescue NAN/INF values in logl for idx=377
 *** WARNING *** GMRFLib_2order_approx: reset counter for 8 NAN/INF values in logl
 *** WARNING *** GMRFLib_2order_approx: rescue NAN/INF values in logl for idx=50
 *** WARNING *** GMRFLib_2order_approx: reset counter for 6 NAN/INF values in logl
 *** WARNING *** GMRFLib_2order_approx: rescue NAN/INF values in logl for idx=440
 *** WARNING *** GMRFLib_2order_approx: reset counter for 155 NAN/INF values in logl
 *** WARNING *** GMRFLib_2order_approx: rescue NAN/INF values in logl for idx=75
 *** WARNING *** GMRFLib_2order_approx: reset counter for 68 NAN/INF values in logl
 *** WARNING *** GMRFLib_2order_approx: rescue NAN/INF values in logl for idx=21
 *** WARNING *** GMRFLib_2order_approx: reset counter for 60 NAN/INF values in logl
 *** WARNING *** GMRFLib_2order_approx: rescue NAN/INF values in logl for idx=6
 *** WARNING *** GMRFLib_2order_approx: reset counter for 25 NAN/INF values in logl
 *** WARNING *** GMRFLib_2order_approx: rescue NAN/INF values in logl for idx=0
 *** WARNING *** GMRFLib_2order_approx: reset counter for 215 NAN/INF values in logl
 *** WARNING *** GMRFLib_2order_approx: rescue NAN/INF values in logl for idx=440
 *** WARNING *** GMRFLib_2order_approx: reset counter for 45 NAN/INF values in logl
 *** WARNING *** GMRFLib_2order_approx: rescue NAN/INF values in logl for idx=377
 *** WARNING *** GMRFLib_2order_approx: reset counter for 7 NAN/INF values in logl
 *** WARNING *** GMRFLib_2order_approx: rescue NAN/INF values in logl for idx=106
 *** WARNING *** GMRFLib_2order_approx: reset counter for 10 NAN/INF values in logl
 *** WARNING *** GMRFLib_2order_approx: rescue NAN/INF values in logl for idx=0
 *** WARNING *** GMRFLib_2order_approx: reset counter for 171 NAN/INF values in logl
 *** WARNING *** GMRFLib_2order_approx: rescue NAN/INF values in logl for idx=440
 *** WARNING *** GMRFLib_2order_approx: reset counter for 2 NAN/INF values in logl
 *** WARNING *** GMRFLib_2order_approx: rescue NAN/INF values in logl for idx=365
 *** WARNING *** GMRFLib_2order_approx: reset counter for 79 NAN/INF values in logl
 *** WARNING *** GMRFLib_2order_approx: rescue NAN/INF values in logl for idx=0
 *** WARNING *** GMRFLib_2order_approx: reset counter for 156 NAN/INF values in logl
 *** WARNING *** GMRFLib_2order_approx: rescue NAN/INF values in logl for idx=365
 *** WARNING *** GMRFLib_2order_approx: reset counter for 61 NAN/INF values in logl
 *** WARNING *** GMRFLib_2order_approx: rescue NAN/INF values in logl for idx=0
 *** WARNING *** GMRFLib_2order_approx: reset counter for 161 NAN/INF values in logl
 *** WARNING *** GMRFLib_2order_approx: rescue NAN/INF values in logl for idx=377
 *** WARNING *** GMRFLib_2order_approx: reset counter for 11 NAN/INF values in logl
 *** WARNING *** GMRFLib_2order_approx: rescue NAN/INF values in logl for idx=377
 *** WARNING *** GMRFLib_2order_approx: reset counter for 17 NAN/INF values in logl
 *** WARNING *** GMRFLib_2order_approx: rescue NAN/INF values in logl for idx=440
 *** WARNING *** GMRFLib_2order_approx: reset counter for 136 NAN/INF values in logl
 *** WARNING *** GMRFLib_2order_approx: rescue NAN/INF values in logl for idx=440
 *** WARNING *** GMRFLib_2order_approx: reset counter for 59 NAN/INF values in logl
 *** WARNING *** GMRFLib_2order_approx: rescue NAN/INF values in logl for idx=1
 *** WARNING *** GMRFLib_2order_approx: reset counter for 204 NAN/INF values in logl
 *** WARNING *** GMRFLib_2order_approx: rescue NAN/INF values in logl for idx=440
 *** WARNING *** GMRFLib_2order_approx: reset counter for 2 NAN/INF values in logl
 *** WARNING *** GMRFLib_2order_approx: rescue NAN/INF values in logl for idx=365
 *** WARNING *** GMRFLib_2order_approx: reset counter for 57 NAN/INF values in logl
 *** WARNING *** GMRFLib_2order_approx: rescue NAN/INF values in logl for idx=75
 *** WARNING *** GMRFLib_2order_approx: reset counter for 68 NAN/INF values in logl
 *** WARNING *** GMRFLib_2order_approx: rescue NAN/INF values in logl for idx=21
 *** WARNING *** GMRFLib_2order_approx: reset counter for 61 NAN/INF values in logl
 *** WARNING *** GMRFLib_2order_approx: rescue NAN/INF values in logl for idx=365
 *** WARNING *** GMRFLib_2order_approx: reset counter for 41 NAN/INF values in logl
 *** WARNING *** GMRFLib_2order_approx: rescue NAN/INF values in logl for idx=0
 *** WARNING *** GMRFLib_2order_approx: reset counter for 207 NAN/INF values in logl
 *** WARNING *** GMRFLib_2order_approx: rescue NAN/INF values in logl for idx=365
 *** WARNING *** GMRFLib_2order_approx: reset counter for 48 NAN/INF values in logl
 *** WARNING *** GMRFLib_2order_approx: rescue NAN/INF values in logl for idx=0
 *** WARNING *** GMRFLib_2order_approx: reset counter for 142 NAN/INF values in logl
 *** WARNING *** GMRFLib_2order_approx: rescue NAN/INF values in logl for idx=440
 *** WARNING *** GMRFLib_2order_approx: reset counter for 2 NAN/INF values in logl
 *** WARNING *** GMRFLib_2order_approx: rescue NAN/INF values in logl for idx=365
 *** WARNING *** GMRFLib_2order_approx: reset counter for 52 NAN/INF values in logl
 *** WARNING *** GMRFLib_2order_approx: rescue NAN/INF values in logl for idx=0
 *** WARNING *** GMRFLib_2order_approx: reset counter for 204 NAN/INF values in logl
 *** WARNING *** GMRFLib_2order_approx: rescue NAN/INF values in logl for idx=365
 *** WARNING *** GMRFLib_2order_approx: reset counter for 40 NAN/INF values in logl
 *** WARNING *** GMRFLib_2order_approx: rescue NAN/INF values in logl for idx=652
 *** WARNING *** GMRFLib_2order_approx: reset counter for 2 NAN/INF values in logl
 *** WARNING *** GMRFLib_2order_approx: rescue NAN/INF values in logl for idx=6
 *** WARNING *** GMRFLib_2order_approx: reset counter for 90 NAN/INF values in logl
 *** WARNING *** GMRFLib_2order_approx: rescue NAN/INF values in logl for idx=365
 *** WARNING *** GMRFLib_2order_approx: reset counter for 54 NAN/INF values in logl
 *** WARNING *** GMRFLib_2order_approx: rescue NAN/INF values in logl for idx=0
 *** WARNING *** GMRFLib_2order_approx: reset counter for 198 NAN/INF values in logl
 *** WARNING *** GMRFLib_2order_approx: rescue NAN/INF values in logl for idx=440
 *** WARNING *** GMRFLib_2order_approx: reset counter for 2 NAN/INF values in logl
 *** WARNING *** GMRFLib_2order_approx: rescue NAN/INF values in logl for idx=365
 *** WARNING *** GMRFLib_2order_approx: reset counter for 57 NAN/INF values in logl
 *** WARNING *** GMRFLib_2order_approx: rescue NAN/INF values in logl for idx=1
 *** WARNING *** GMRFLib_2order_approx: reset counter for 200 NAN/INF values in logl
 *** WARNING *** GMRFLib_2order_approx: rescue NAN/INF values in logl for idx=440
 *** WARNING *** GMRFLib_2order_approx: reset counter for 2 NAN/INF values in logl
 *** WARNING *** GMRFLib_2order_approx: rescue NAN/INF values in logl for idx=365
 *** WARNING *** GMRFLib_2order_approx: reset counter for 50 NAN/INF values in logl
 *** WARNING *** GMRFLib_2order_approx: rescue NAN/INF values in logl for idx=0
 *** WARNING *** GMRFLib_2order_approx: reset counter for 142 NAN/INF values in logl
 *** WARNING *** GMRFLib_2order_approx: rescue NAN/INF values in logl for idx=365
 *** WARNING *** GMRFLib_2order_approx: reset counter for 50 NAN/INF values in logl
 *** WARNING *** GMRFLib_2order_approx: rescue NAN/INF values in logl for idx=75
 *** WARNING *** GMRFLib_2order_approx: reset counter for 68 NAN/INF values in logl
 *** WARNING *** GMRFLib_2order_approx: rescue NAN/INF values in logl for idx=21
 *** WARNING *** GMRFLib_2order_approx: reset counter for 63 NAN/INF values in logl
 *** WARNING *** GMRFLib_2order_approx: rescue NAN/INF values in logl for idx=6
 *** WARNING *** GMRFLib_2order_approx: reset counter for 28 NAN/INF values in logl
 *** WARNING *** GMRFLib_2order_approx: rescue NAN/INF values in logl for idx=0
 *** WARNING *** GMRFLib_2order_approx: reset counter for 212 NAN/INF values in logl
 *** WARNING *** GMRFLib_2order_approx: rescue NAN/INF values in logl for idx=377
 *** WARNING *** GMRFLib_2order_approx: reset counter for 17 NAN/INF values in logl
 *** WARNING *** GMRFLib_2order_approx: rescue NAN/INF values in logl for idx=377
 *** WARNING *** GMRFLib_2order_approx: reset counter for 14 NAN/INF values in logl
 *** WARNING *** GMRFLib_2order_approx: rescue NAN/INF values in logl for idx=1
 *** WARNING *** GMRFLib_2order_approx: reset counter for 203 NAN/INF values in logl
 *** WARNING *** GMRFLib_2order_approx: rescue NAN/INF values in logl for idx=377
 *** WARNING *** GMRFLib_2order_approx: reset counter for 25 NAN/INF values in logl
 *** WARNING *** GMRFLib_2order_approx: rescue NAN/INF values in logl for idx=377
 *** WARNING *** GMRFLib_2order_approx: reset counter for 9 NAN/INF values in logl
 *** WARNING *** GMRFLib_2order_approx: rescue NAN/INF values in logl for idx=440
 *** WARNING *** GMRFLib_2order_approx: reset counter for 5 NAN/INF values in logl
 *** WARNING *** GMRFLib_2order_approx: rescue NAN/INF values in logl for idx=6
 *** WARNING *** GMRFLib_2order_approx: reset counter for 74 NAN/INF values in logl
 *** WARNING *** GMRFLib_2order_approx: rescue NAN/INF values in logl for idx=377
 *** WARNING *** GMRFLib_2order_approx: reset counter for 36 NAN/INF values in logl
 *** WARNING *** GMRFLib_2order_approx: rescue NAN/INF values in logl for idx=0
 *** WARNING *** GMRFLib_2order_approx: reset counter for 137 NAN/INF values in logl
 *** WARNING *** GMRFLib_2order_approx: rescue NAN/INF values in logl for idx=440
 *** WARNING *** GMRFLib_2order_approx: reset counter for 2 NAN/INF values in logl
 *** WARNING *** GMRFLib_2order_approx: rescue NAN/INF values in logl for idx=365
 *** WARNING *** GMRFLib_2order_approx: reset counter for 74 NAN/INF values in logl
 *** WARNING *** GMRFLib_2order_approx: rescue NAN/INF values in logl for idx=2
 *** WARNING *** GMRFLib_2order_approx: reset counter for 154 NAN/INF values in logl
 *** WARNING *** GMRFLib_2order_approx: rescue NAN/INF values in logl for idx=365
 *** WARNING *** GMRFLib_2order_approx: reset counter for 41 NAN/INF values in logl
 *** WARNING *** GMRFLib_2order_approx: rescue NAN/INF values in logl for idx=0
 *** WARNING *** GMRFLib_2order_approx: reset counter for 180 NAN/INF values in logl
 *** WARNING *** GMRFLib_2order_approx: rescue NAN/INF values in logl for idx=440
 *** WARNING *** GMRFLib_2order_approx: reset counter for 2 NAN/INF values in logl
 *** WARNING *** GMRFLib_2order_approx: rescue NAN/INF values in logl for idx=365
 *** WARNING *** GMRFLib_2order_approx: reset counter for 54 NAN/INF values in logl
 *** WARNING *** GMRFLib_2order_approx: rescue NAN/INF values in logl for idx=0
 *** WARNING *** GMRFLib_2order_approx: rescue NAN/INF values in logl for idx=0
 *** WARNING *** GMRFLib_2order_approx: reset counter for 309 NAN/INF values in logl
 *** WARNING *** GMRFLib_2order_approx: rescue NAN/INF values in logl for idx=377
 *** WARNING *** GMRFLib_2order_approx: reset counter for 45 NAN/INF values in logl
 *** WARNING *** GMRFLib_2order_approx: rescue NAN/INF values in logl for idx=0
 *** WARNING *** GMRFLib_2order_approx: reset counter for 266 NAN/INF values in logl
 *** WARNING *** GMRFLib_2order_approx: reset counter for 37 NAN/INF values in logl
 *** WARNING *** GMRFLib_2order_approx: rescue NAN/INF values in logl for idx=440
 *** WARNING *** GMRFLib_2order_approx: reset counter for 2 NAN/INF values in logl
 *** WARNING *** GMRFLib_2order_approx: rescue NAN/INF values in logl for idx=653
 *** WARNING *** GMRFLib_2order_approx: reset counter for 2 NAN/INF values in logl
 *** WARNING *** GMRFLib_2order_approx: rescue NAN/INF values in logl for idx=0
 *** WARNING *** GMRFLib_2order_approx: reset counter for 281 NAN/INF values in logl
 *** WARNING *** GMRFLib_2order_approx: rescue NAN/INF values in logl for idx=365
 *** WARNING *** GMRFLib_2order_approx: reset counter for 50 NAN/INF values in logl
 *** WARNING *** GMRFLib_2order_approx: rescue NAN/INF values in logl for idx=572
 *** WARNING *** GMRFLib_2order_approx: reset counter for 70 NAN/INF values in logl
 *** WARNING *** GMRFLib_2order_approx: rescue NAN/INF values in logl for idx=440
 *** WARNING *** GMRFLib_2order_approx: reset counter for 266 NAN/INF values in logl
 *** WARNING *** GMRFLib_2order_approx: rescue NAN/INF values in logl for idx=368
 *** WARNING *** GMRFLib_2order_approx: reset counter for 62 NAN/INF values in logl
 *** WARNING *** GMRFLib_2order_approx: rescue NAN/INF values in logl for idx=365
 *** WARNING *** GMRFLib_2order_approx: reset counter for 51 NAN/INF values in logl
 *** WARNING *** GMRFLib_2order_approx: rescue NAN/INF values in logl for idx=377
 *** WARNING *** GMRFLib_2order_approx: reset counter for 5 NAN/INF values in logl
 *** WARNING *** GMRFLib_2order_approx: rescue NAN/INF values in logl for idx=1083
 *** WARNING *** GMRFLib_2order_approx: reset counter for 2 NAN/INF values in logl
 *** WARNING *** GMRFLib_2order_approx: rescue NAN/INF values in logl for idx=0
 *** WARNING *** GMRFLib_2order_approx: reset counter for 336 NAN/INF values in logl
 *** WARNING *** GMRFLib_2order_approx: rescue NAN/INF values in logl for idx=653
 *** WARNING *** GMRFLib_2order_approx: reset counter for 2 NAN/INF values in logl
 *** WARNING *** GMRFLib_2order_approx: rescue NAN/INF values in logl for idx=377
 *** WARNING *** GMRFLib_2order_approx: reset counter for 18 NAN/INF values in logl
 *** WARNING *** GMRFLib_2order_approx: rescue NAN/INF values in logl for idx=0
 *** WARNING *** GMRFLib_2order_approx: reset counter for 4 NAN/INF values in logl
 *** WARNING *** GMRFLib_2order_approx: rescue NAN/INF values in logl for idx=40
 *** WARNING *** GMRFLib_2order_approx: reset counter for 43 NAN/INF values in logl
 *** WARNING *** GMRFLib_2order_approx: reset counter for 43 NAN/INF values in logl
 *** WARNING *** GMRFLib_2order_approx: rescue NAN/INF values in logl for idx=427
 *** WARNING *** GMRFLib_2order_approx: reset counter for 24 NAN/INF values in logl
 *** WARNING *** GMRFLib_2order_approx: rescue NAN/INF values in logl for idx=34
 *** WARNING *** GMRFLib_2order_approx: reset counter for 11 NAN/INF values in logl
 *** WARNING *** GMRFLib_2order_approx: rescue NAN/INF values in logl for idx=377
 *** WARNING *** GMRFLib_2order_approx: reset counter for 20 NAN/INF values in logl
 *** WARNING *** GMRFLib_2order_approx: rescue NAN/INF values in logl for idx=607
 *** WARNING *** GMRFLib_2order_approx: reset counter for 48 NAN/INF values in logl
 *** WARNING *** GMRFLib_2order_approx: rescue NAN/INF values in logl for idx=0
 *** WARNING *** GMRFLib_2order_approx: reset counter for 199 NAN/INF values in logl
 *** WARNING *** GMRFLib_2order_approx: rescue NAN/INF values in logl for idx=377
 *** WARNING *** GMRFLib_2order_approx: reset counter for 4 NAN/INF values in logl
 *** WARNING *** GMRFLib_2order_approx: rescue NAN/INF values in logl for idx=0
 *** WARNING *** GMRFLib_2order_approx: reset counter for 301 NAN/INF values in logl
 *** WARNING *** GMRFLib_2order_approx: rescue NAN/INF values in logl for idx=1037
 *** WARNING *** GMRFLib_2order_approx: reset counter for 44 NAN/INF values in logl
 *** WARNING *** GMRFLib_2order_approx: rescue NAN/INF values in logl for idx=281
 *** WARNING *** GMRFLib_2order_approx: reset counter for 138 NAN/INF values in logl
 *** WARNING *** GMRFLib_2order_approx: rescue NAN/INF values in logl for idx=377
 *** WARNING *** GMRFLib_2order_approx: reset counter for 20 NAN/INF values in logl
 *** WARNING *** GMRFLib_2order_approx: rescue NAN/INF values in logl for idx=3
 *** WARNING *** GMRFLib_2order_approx: reset counter for 136 NAN/INF values in logl
 *** WARNING *** GMRFLib_2order_approx: rescue NAN/INF values in logl for idx=377
 *** WARNING *** GMRFLib_2order_approx: reset counter for 10 NAN/INF values in logl
 *** WARNING *** GMRFLib_2order_approx: rescue NAN/INF values in logl for idx=378
 *** WARNING *** GMRFLib_2order_approx: reset counter for 37 NAN/INF values in logl
 *** WARNING *** GMRFLib_2order_approx: rescue NAN/INF values in logl for idx=365
 *** WARNING *** GMRFLib_2order_approx: reset counter for 110 NAN/INF values in logl
 *** WARNING *** GMRFLib_2order_approx: rescue NAN/INF values in logl for idx=440
 *** WARNING *** GMRFLib_2order_approx: reset counter for 3 NAN/INF values in logl
 *** WARNING *** GMRFLib_2order_approx: rescue NAN/INF values in logl for idx=0
 *** WARNING *** GMRFLib_2order_approx: reset counter for 270 NAN/INF values in logl
 *** WARNING *** GMRFLib_2order_approx: rescue NAN/INF values in logl for idx=0
 *** WARNING *** GMRFLib_2order_approx: reset counter for 351 NAN/INF values in logl
 *** WARNING *** GMRFLib_2order_approx: rescue NAN/INF values in logl for idx=377
 *** WARNING *** GMRFLib_2order_approx: reset counter for 13 NAN/INF values in logl
 *** WARNING *** GMRFLib_2order_approx: rescue NAN/INF values in logl for idx=377
 *** WARNING *** GMRFLib_2order_approx: reset counter for 11 NAN/INF values in logl
 *** WARNING *** GMRFLib_2order_approx: rescue NAN/INF values in logl for idx=365
 *** WARNING *** GMRFLib_2order_approx: reset counter for 55 NAN/INF values in logl
 *** WARNING *** GMRFLib_2order_approx: rescue NAN/INF values in logl for idx=285
 *** WARNING *** GMRFLib_2order_approx: reset counter for 103 NAN/INF values in logl
 *** WARNING *** GMRFLib_2order_approx: rescue NAN/INF values in logl for idx=0
 *** WARNING *** GMRFLib_2order_approx: rescue NAN/INF values in logl for idx=882
 *** WARNING *** GMRFLib_2order_approx: reset counter for 366 NAN/INF values in logl
 *** WARNING *** GMRFLib_2order_approx: rescue NAN/INF values in logl for idx=440
 *** WARNING *** GMRFLib_2order_approx: reset counter for 2 NAN/INF values in logl
 *** WARNING *** GMRFLib_2order_approx: rescue NAN/INF values in logl for idx=365
 *** WARNING *** GMRFLib_2order_approx: reset counter for 5 NAN/INF values in logl
 *** WARNING *** GMRFLib_2order_approx: rescue NAN/INF values in logl for idx=0
 *** WARNING *** GMRFLib_2order_approx: reset counter for 358 NAN/INF values in logl
 *** WARNING *** GMRFLib_2order_approx: rescue NAN/INF values in logl for idx=377
 *** WARNING *** GMRFLib_2order_approx: reset counter for 7 NAN/INF values in logl
 *** WARNING *** GMRFLib_2order_approx: rescue NAN/INF values in logl for idx=560
 *** WARNING *** GMRFLib_2order_approx: reset counter for 23 NAN/INF values in logl
 *** WARNING *** GMRFLib_2order_approx: rescue NAN/INF values in logl for idx=377
 *** WARNING *** GMRFLib_2order_approx: reset counter for 16 NAN/INF values in logl
 *** WARNING *** GMRFLib_2order_approx: rescue NAN/INF values in logl for idx=9
 *** WARNING *** GMRFLib_2order_approx: reset counter for 72 NAN/INF values in logl
 *** WARNING *** GMRFLib_2order_approx: rescue NAN/INF values in logl for idx=560
 *** WARNING *** GMRFLib_2order_approx: reset counter for 24 NAN/INF values in logl
 *** WARNING *** GMRFLib_2order_approx: rescue NAN/INF values in logl for idx=4
 *** WARNING *** GMRFLib_2order_approx: reset counter for 134 NAN/INF values in logl
 *** WARNING *** GMRFLib_2order_approx: rescue NAN/INF values in logl for idx=764
 *** WARNING *** GMRFLib_2order_approx: reset counter for 21 NAN/INF values in logl
 *** WARNING *** GMRFLib_2order_approx: rescue NAN/INF values in logl for idx=560
 *** WARNING *** GMRFLib_2order_approx: reset counter for 2 NAN/INF values in logl
 *** WARNING *** GMRFLib_2order_approx: rescue NAN/INF values in logl for idx=90
 *** WARNING *** GMRFLib_2order_approx: reset counter for 4 NAN/INF values in logl
 *** WARNING *** GMRFLib_2order_approx: rescue NAN/INF values in logl for idx=289
 *** WARNING *** GMRFLib_2order_approx: reset counter for 17 NAN/INF values in logl
 *** WARNING *** GMRFLib_2order_approx: rescue NAN/INF values in logl for idx=288
 *** WARNING *** GMRFLib_2order_approx: reset counter for 86 NAN/INF values in logl
 *** WARNING *** GMRFLib_2order_approx: rescue NAN/INF values in logl for idx=0
 *** WARNING *** GMRFLib_2order_approx: reset counter for 167 NAN/INF values in logl
 *** WARNING *** GMRFLib_2order_approx: rescue NAN/INF values in logl for idx=377
 *** WARNING *** GMRFLib_2order_approx: reset counter for 13 NAN/INF values in logl
 *** WARNING *** GMRFLib_2order_approx: rescue NAN/INF values in logl for idx=377
 *** WARNING *** GMRFLib_2order_approx: reset counter for 159 NAN/INF values in logl
 *** WARNING *** GMRFLib_2order_approx: rescue NAN/INF values in logl for idx=440
 *** WARNING *** GMRFLib_2order_approx: reset counter for 4 NAN/INF values in logl
 *** WARNING *** GMRFLib_2order_approx: rescue NAN/INF values in logl for idx=20
 *** WARNING *** GMRFLib_2order_approx: reset counter for 53 NAN/INF values in logl
 *** WARNING *** GMRFLib_2order_approx: rescue NAN/INF values in logl for idx=377
 *** WARNING *** GMRFLib_2order_approx: reset counter for 31 NAN/INF values in logl
 *** WARNING *** GMRFLib_2order_approx: rescue NAN/INF values in logl for idx=377
 *** WARNING *** GMRFLib_2order_approx: reset counter for 77 NAN/INF values in logl
 *** WARNING *** GMRFLib_2order_approx: rescue NAN/INF values in logl for idx=0
 *** WARNING *** GMRFLib_2order_approx: reset counter for 108 NAN/INF values in logl
 *** WARNING *** GMRFLib_2order_approx: rescue NAN/INF values in logl for idx=377
 *** WARNING *** GMRFLib_2order_approx: reset counter for 33 NAN/INF values in logl
 *** WARNING *** GMRFLib_2order_approx: rescue NAN/INF values in logl for idx=365
 *** WARNING *** GMRFLib_2order_approx: reset counter for 138 NAN/INF values in logl
 *** WARNING *** GMRFLib_2order_approx: rescue NAN/INF values in logl for idx=560
 *** WARNING *** GMRFLib_2order_approx: reset counter for 3 NAN/INF values in logl
 *** WARNING *** GMRFLib_2order_approx: rescue NAN/INF values in logl for idx=0
 *** WARNING *** GMRFLib_2order_approx: reset counter for 164 NAN/INF values in logl
 *** WARNING *** GMRFLib_2order_approx: rescue NAN/INF values in logl for idx=377
 *** WARNING *** GMRFLib_2order_approx: reset counter for 23 NAN/INF values in logl
 *** WARNING *** GMRFLib_2order_approx: rescue NAN/INF values in logl for idx=365
 *** WARNING *** GMRFLib_2order_approx: reset counter for 149 NAN/INF values in logl
 *** WARNING *** GMRFLib_2order_approx: rescue NAN/INF values in logl for idx=560
 *** WARNING *** GMRFLib_2order_approx: reset counter for 3 NAN/INF values in logl
 *** WARNING *** GMRFLib_2order_approx: rescue NAN/INF values in logl for idx=110
 *** WARNING *** GMRFLib_2order_approx: reset counter for 71 NAN/INF values in logl
 *** WARNING *** GMRFLib_2order_approx: rescue NAN/INF values in logl for idx=377
 *** WARNING *** GMRFLib_2order_approx: reset counter for 78 NAN/INF values in logl
 *** WARNING *** GMRFLib_2order_approx: rescue NAN/INF values in logl for idx=560
 *** WARNING *** GMRFLib_2order_approx: reset counter for 24 NAN/INF values in logl
 *** WARNING *** GMRFLib_2order_approx: rescue NAN/INF values in logl for idx=440
 *** WARNING *** GMRFLib_2order_approx: reset counter for 2 NAN/INF values in logl
 *** WARNING *** GMRFLib_2order_approx: rescue NAN/INF values in logl for idx=440
 *** WARNING *** GMRFLib_2order_approx: reset counter for 2 NAN/INF values in logl
 *** WARNING *** GMRFLib_2order_approx: rescue NAN/INF values in logl for idx=440
 *** WARNING *** GMRFLib_2order_approx: reset counter for 2 NAN/INF values in logl
 *** WARNING *** GMRFLib_2order_approx: rescue NAN/INF values in logl for idx=440
 *** WARNING *** GMRFLib_2order_approx: reset counter for 2 NAN/INF values in logl
 *** WARNING *** GMRFLib_2order_approx: rescue NAN/INF values in logl for idx=440
 *** WARNING *** GMRFLib_2order_approx: reset counter for 2 NAN/INF values in logl
 *** WARNING *** GMRFLib_2order_approx: rescue NAN/INF values in logl for idx=440
 *** WARNING *** GMRFLib_2order_approx: reset counter for 3 NAN/INF values in logl
 *** WARNING *** GMRFLib_2order_approx: reset counter for 3 NAN/INF values in logl
 *** WARNING *** GMRFLib_2order_approx: rescue NAN/INF values in logl for idx=440
 *** WARNING *** GMRFLib_2order_approx: reset counter for 2 NAN/INF values in logl
 *** WARNING *** GMRFLib_2order_approx: rescue NAN/INF values in logl for idx=440
 *** WARNING *** GMRFLib_2order_approx: reset counter for 2 NAN/INF values in logl
 *** WARNING *** GMRFLib_2order_approx: rescue NAN/INF values in logl for idx=440
 *** WARNING *** GMRFLib_2order_approx: reset counter for 2 NAN/INF values in logl
 *** WARNING *** GMRFLib_2order_approx: rescue NAN/INF values in logl for idx=440
 *** WARNING *** GMRFLib_2order_approx: reset counter for 2 NAN/INF values in logl
 *** WARNING *** GMRFLib_2order_approx: rescue NAN/INF values in logl for idx=440
 *** WARNING *** GMRFLib_2order_approx: reset counter for 2 NAN/INF values in logl
 *** WARNING *** GMRFLib_2order_approx: rescue NAN/INF values in logl for idx=440
 *** WARNING *** GMRFLib_2order_approx: reset counter for 2 NAN/INF values in logl
 *** WARNING *** GMRFLib_2order_approx: rescue NAN/INF values in logl for idx=440
 *** WARNING *** GMRFLib_2order_approx: reset counter for 2 NAN/INF values in logl
 *** WARNING *** GMRFLib_2order_approx: rescue NAN/INF values in logl for idx=440
 *** WARNING *** GMRFLib_2order_approx: reset counter for 2 NAN/INF values in logl
 *** WARNING *** GMRFLib_2order_approx: rescue NAN/INF values in logl for idx=440
 *** WARNING *** GMRFLib_2order_approx: reset counter for 2 NAN/INF values in logl
 *** WARNING *** GMRFLib_2order_approx: rescue NAN/INF values in logl for idx=440
 *** WARNING *** GMRFLib_2order_approx: reset counter for 2 NAN/INF values in logl
 *** WARNING *** GMRFLib_2order_approx: rescue NAN/INF values in logl for idx=440
 *** WARNING *** GMRFLib_2order_approx: reset counter for 3 NAN/INF values in logl
 *** WARNING *** GMRFLib_2order_approx: reset counter for 3 NAN/INF values in logl
 *** WARNING *** GMRFLib_2order_approx: rescue NAN/INF values in logl for idx=448
 *** WARNING *** GMRFLib_2order_approx: reset counter for 9 NAN/INF values in logl
 *** WARNING *** GMRFLib_2order_approx: rescue NAN/INF values in logl for idx=0
 *** WARNING *** GMRFLib_2order_approx: reset counter for 59 NAN/INF values in logl
 *** WARNING *** GMRFLib_2order_approx: rescue NAN/INF values in logl for idx=19
 *** WARNING *** GMRFLib_2order_approx: reset counter for 28 NAN/INF values in logl
 *** WARNING *** GMRFLib_2order_approx: rescue NAN/INF values in logl for idx=440
 *** WARNING *** GMRFLib_2order_approx: reset counter for 2 NAN/INF values in logl
 *** WARNING *** GMRFLib_2order_approx: rescue NAN/INF values in logl for idx=377
 *** WARNING *** GMRFLib_2order_approx: reset counter for 27 NAN/INF values in logl
 *** WARNING *** GMRFLib_2order_approx: rescue NAN/INF values in logl for idx=2
 *** WARNING *** GMRFLib_2order_approx: reset counter for 101 NAN/INF values in logl
 *** WARNING *** GMRFLib_2order_approx: rescue NAN/INF values in logl for idx=377
 *** WARNING *** GMRFLib_2order_approx: reset counter for 30 NAN/INF values in logl
 *** WARNING *** GMRFLib_2order_approx: rescue NAN/INF values in logl for idx=440
 *** WARNING *** GMRFLib_2order_approx: reset counter for 4 NAN/INF values in logl
 *** WARNING *** GMRFLib_2order_approx: rescue NAN/INF values in logl for idx=51
 *** WARNING *** GMRFLib_2order_approx: reset counter for 6 NAN/INF values in logl
 *** WARNING *** GMRFLib_2order_approx: rescue NAN/INF values in logl for idx=4
 *** WARNING *** GMRFLib_2order_approx: reset counter for 89 NAN/INF values in logl
 *** WARNING *** GMRFLib_2order_approx: rescue NAN/INF values in logl for idx=440
 *** WARNING *** GMRFLib_2order_approx: reset counter for 2 NAN/INF values in logl
 *** WARNING *** GMRFLib_2order_approx: rescue NAN/INF values in logl for idx=365
 *** WARNING *** GMRFLib_2order_approx: reset counter for 34 NAN/INF values in logl
 *** WARNING *** GMRFLib_2order_approx: rescue NAN/INF values in logl for idx=440
 *** WARNING *** GMRFLib_2order_approx: reset counter for 88 NAN/INF values in logl
 *** WARNING *** GMRFLib_2order_approx: rescue NAN/INF values in logl for idx=377
 *** WARNING *** GMRFLib_2order_approx: reset counter for 28 NAN/INF values in logl
 *** WARNING *** GMRFLib_2order_approx: rescue NAN/INF values in logl for idx=3
 *** WARNING *** GMRFLib_2order_approx: reset counter for 85 NAN/INF values in logl
 *** WARNING *** GMRFLib_2order_approx: rescue NAN/INF values in logl for idx=365
 *** WARNING *** GMRFLib_2order_approx: reset counter for 33 NAN/INF values in logl
 *** WARNING *** GMRFLib_2order_approx: rescue NAN/INF values in logl for idx=2
 *** WARNING *** GMRFLib_2order_approx: reset counter for 106 NAN/INF values in logl
 *** WARNING *** GMRFLib_2order_approx: rescue NAN/INF values in logl for idx=365
 *** WARNING *** GMRFLib_2order_approx: reset counter for 32 NAN/INF values in logl
 *** WARNING *** GMRFLib_2order_approx: rescue NAN/INF values in logl for idx=377
 *** WARNING *** GMRFLib_2order_approx: reset counter for 5 NAN/INF values in logl
 *** WARNING *** GMRFLib_2order_approx: rescue NAN/INF values in logl for idx=51
 *** WARNING *** GMRFLib_2order_approx: reset counter for 9 NAN/INF values in logl
 *** WARNING *** GMRFLib_2order_approx: rescue NAN/INF values in logl for idx=6
 *** WARNING *** GMRFLib_2order_approx: reset counter for 93 NAN/INF values in logl
 *** WARNING *** GMRFLib_2order_approx: rescue NAN/INF values in logl for idx=440
 *** WARNING *** GMRFLib_2order_approx: reset counter for 37 NAN/INF values in logl
 *** WARNING *** GMRFLib_2order_approx: rescue NAN/INF values in logl for idx=110
 *** WARNING *** GMRFLib_2order_approx: reset counter for 13 NAN/INF values in logl
 *** WARNING *** GMRFLib_2order_approx: rescue NAN/INF values in logl for idx=111
 *** WARNING *** GMRFLib_2order_approx: reset counter for 5 NAN/INF values in logl
 *** WARNING *** GMRFLib_2order_approx: rescue NAN/INF values in logl for idx=51
 *** WARNING *** GMRFLib_2order_approx: reset counter for 4 NAN/INF values in logl
 *** WARNING *** GMRFLib_2order_approx: rescue NAN/INF values in logl for idx=440
 *** WARNING *** GMRFLib_2order_approx: reset counter for 5 NAN/INF values in logl
 *** WARNING *** GMRFLib_2order_approx: rescue NAN/INF values in logl for idx=51
 *** WARNING *** GMRFLib_2order_approx: reset counter for 4 NAN/INF values in logl
 *** WARNING *** GMRFLib_2order_approx: rescue NAN/INF values in logl for idx=377
 *** WARNING *** GMRFLib_2order_approx: reset counter for 7 NAN/INF values in logl
 *** WARNING *** GMRFLib_2order_approx: rescue NAN/INF values in logl for idx=440
 *** WARNING *** GMRFLib_2order_approx: reset counter for 6 NAN/INF values in logl
 *** WARNING *** GMRFLib_2order_approx: rescue NAN/INF values in logl for idx=440
 *** WARNING *** GMRFLib_2order_approx: reset counter for 5 NAN/INF values in logl
 *** WARNING *** GMRFLib_2order_approx: rescue NAN/INF values in logl for idx=440
 *** WARNING *** GMRFLib_2order_approx: reset counter for 3 NAN/INF values in logl
 *** WARNING *** GMRFLib_2order_approx: rescue NAN/INF values in logl for idx=440
 *** WARNING *** GMRFLib_2order_approx: reset counter for 8 NAN/INF values in logl
 *** WARNING *** GMRFLib_2order_approx: rescue NAN/INF values in logl for idx=51
 *** WARNING *** GMRFLib_2order_approx: reset counter for 3 NAN/INF values in logl
 *** WARNING *** GMRFLib_2order_approx: rescue NAN/INF values in logl for idx=440
 *** WARNING *** GMRFLib_2order_approx: reset counter for 4 NAN/INF values in logl
 *** WARNING *** GMRFLib_2order_approx: rescue NAN/INF values in logl for idx=440
 *** WARNING *** GMRFLib_2order_approx: reset counter for 4 NAN/INF values in logl
 *** WARNING *** GMRFLib_2order_approx: rescue NAN/INF values in logl for idx=440
 *** WARNING *** GMRFLib_2order_approx: reset counter for 3 NAN/INF values in logl
 *** WARNING *** GMRFLib_2order_approx: rescue NAN/INF values in logl for idx=440
 *** WARNING *** GMRFLib_2order_approx: reset counter for 3 NAN/INF values in logl
 *** WARNING *** GMRFLib_2order_approx: rescue NAN/INF values in logl for idx=440
 *** WARNING *** GMRFLib_2order_approx: reset counter for 4 NAN/INF values in logl
 *** WARNING *** GMRFLib_2order_approx: rescue NAN/INF values in logl for idx=1052
 *** WARNING *** GMRFLib_2order_approx: reset counter for 2 NAN/INF values in logl
 *** WARNING *** GMRFLib_2order_approx: rescue NAN/INF values in logl for idx=440
 *** WARNING *** GMRFLib_2order_approx: reset counter for 2 NAN/INF values in logl
 *** WARNING *** GMRFLib_2order_approx: rescue NAN/INF values in logl for idx=440
 *** WARNING *** GMRFLib_2order_approx: reset counter for 3 NAN/INF values in logl
 *** WARNING *** GMRFLib_2order_approx: rescue NAN/INF values in logl for idx=440
 *** WARNING *** GMRFLib_2order_approx: reset counter for 2 NAN/INF values in logl
 *** WARNING *** GMRFLib_2order_approx: rescue NAN/INF values in logl for idx=440
 *** WARNING *** GMRFLib_2order_approx: reset counter for 2 NAN/INF values in logl
 *** WARNING *** GMRFLib_2order_approx: rescue NAN/INF values in logl for idx=440
 *** WARNING *** GMRFLib_2order_approx: reset counter for 2 NAN/INF values in logl
 *** WARNING *** GMRFLib_2order_approx: rescue NAN/INF values in logl for idx=440
 *** WARNING *** GMRFLib_2order_approx: reset counter for 2 NAN/INF values in logl
 *** WARNING *** GMRFLib_2order_approx: rescue NAN/INF values in logl for idx=440
 *** WARNING *** GMRFLib_2order_approx: reset counter for 2 NAN/INF values in logl
 *** WARNING *** GMRFLib_2order_approx: rescue NAN/INF values in logl for idx=440
 *** WARNING *** GMRFLib_2order_approx: reset counter for 2 NAN/INF values in logl
 *** WARNING *** GMRFLib_2order_approx: rescue NAN/INF values in logl for idx=440
 *** WARNING *** GMRFLib_2order_approx: reset counter for 2 NAN/INF values in logl
 *** WARNING *** GMRFLib_2order_approx: rescue NAN/INF values in logl for idx=440
 *** WARNING *** GMRFLib_2order_approx: reset counter for 2 NAN/INF values in logl
 *** WARNING *** GMRFLib_2order_approx: rescue NAN/INF values in logl for idx=440
 *** WARNING *** GMRFLib_2order_approx: reset counter for 2 NAN/INF values in logl
 *** WARNING *** GMRFLib_2order_approx: rescue NAN/INF values in logl for idx=1052
 *** WARNING *** GMRFLib_2order_approx: reset counter for 3 NAN/INF values in logl
 *** WARNING *** GMRFLib_2order_approx: rescue NAN/INF values in logl for idx=440
 *** WARNING *** GMRFLib_2order_approx: rescue NAN/INF values in logl for idx=440
 *** WARNING *** GMRFLib_2order_approx: reset counter for 4 NAN/INF values in logl
 *** WARNING *** GMRFLib_2order_approx: rescue NAN/INF values in logl for idx=440
 *** WARNING *** GMRFLib_2order_approx: reset counter for 4 NAN/INF values in logl
 *** WARNING *** GMRFLib_2order_approx: rescue NAN/INF values in logl for idx=440
 *** WARNING *** GMRFLib_2order_approx: reset counter for 2 NAN/INF values in logl
 *** WARNING *** GMRFLib_2order_approx: reset counter for 2 NAN/INF values in logl
 *** WARNING *** GMRFLib_2order_approx: rescue NAN/INF values in logl for idx=440
 *** WARNING *** GMRFLib_2order_approx: reset counter for 2 NAN/INF values in logl
 *** WARNING *** GMRFLib_2order_approx: rescue NAN/INF values in logl for idx=440
 *** WARNING *** GMRFLib_2order_approx: rescue NAN/INF values in logl for idx=440
 *** WARNING *** GMRFLib_2order_approx: reset counter for 2 NAN/INF values in logl
 *** WARNING *** GMRFLib_2order_approx: rescue NAN/INF values in logl for idx=440
 *** WARNING *** GMRFLib_2order_approx: reset counter for 2 NAN/INF values in logl
 *** WARNING *** GMRFLib_2order_approx: reset counter for 2 NAN/INF values in logl
 *** WARNING *** GMRFLib_2order_approx: rescue NAN/INF values in logl for idx=440
 *** WARNING *** GMRFLib_2order_approx: reset counter for 5 NAN/INF values in logl
 *** WARNING *** GMRFLib_2order_approx: rescue NAN/INF values in logl for idx=440
 *** WARNING *** GMRFLib_2order_approx: rescue NAN/INF values in logl for idx=440
 *** WARNING *** GMRFLib_2order_approx: reset counter for 3 NAN/INF values in logl
 *** WARNING *** GMRFLib_2order_approx: rescue NAN/INF values in logl for idx=440
 *** WARNING *** GMRFLib_2order_approx: reset counter for 2 NAN/INF values in logl
 *** WARNING *** GMRFLib_2order_approx: rescue NAN/INF values in logl for idx=440
 *** WARNING *** GMRFLib_2order_approx: reset counter for 2 NAN/INF values in logl
 *** WARNING *** GMRFLib_2order_approx: reset counter for 2 NAN/INF values in logl
 *** WARNING *** GMRFLib_2order_approx: rescue NAN/INF values in logl for idx=440
 *** WARNING *** GMRFLib_2order_approx: rescue NAN/INF values in logl for idx=440
 *** WARNING *** GMRFLib_2order_approx: reset counter for 4 NAN/INF values in logl
 *** WARNING *** GMRFLib_2order_approx: rescue NAN/INF values in logl for idx=440
 *** WARNING *** GMRFLib_2order_approx: reset counter for 4 NAN/INF values in logl
 *** WARNING *** GMRFLib_2order_approx: reset counter for 4 NAN/INF values in logl
 *** WARNING *** GMRFLib_2order_approx: rescue NAN/INF values in logl for idx=440
 *** WARNING *** GMRFLib_2order_approx: reset counter for 3 NAN/INF values in logl
 *** WARNING *** GMRFLib_2order_approx: rescue NAN/INF values in logl for idx=440
 *** WARNING *** GMRFLib_2order_approx: reset counter for 2 NAN/INF values in logl
 *** WARNING *** GMRFLib_2order_approx: rescue NAN/INF values in logl for idx=440
 *** WARNING *** GMRFLib_2order_approx: reset counter for 3 NAN/INF values in logl
 *** WARNING *** GMRFLib_2order_approx: rescue NAN/INF values in logl for idx=1052
 *** WARNING *** GMRFLib_2order_approx: reset counter for 7 NAN/INF values in logl
 *** WARNING *** GMRFLib_2order_approx: rescue NAN/INF values in logl for idx=440
 *** WARNING *** GMRFLib_2order_approx: reset counter for 2 NAN/INF values in logl
 *** WARNING *** GMRFLib_2order_approx: rescue NAN/INF values in logl for idx=440
 *** WARNING *** GMRFLib_2order_approx: reset counter for 4 NAN/INF values in logl
 *** WARNING *** GMRFLib_2order_approx: rescue NAN/INF values in logl for idx=440
 *** WARNING *** GMRFLib_2order_approx: reset counter for 2 NAN/INF values in logl
 *** WARNING *** GMRFLib_2order_approx: rescue NAN/INF values in logl for idx=440
 *** WARNING *** GMRFLib_2order_approx: reset counter for 2 NAN/INF values in logl
 *** WARNING *** GMRFLib_2order_approx: rescue NAN/INF values in logl for idx=440
 *** WARNING *** GMRFLib_2order_approx: reset counter for 8 NAN/INF values in logl
 *** WARNING *** GMRFLib_2order_approx: rescue NAN/INF values in logl for idx=440
 *** WARNING *** GMRFLib_2order_approx: reset counter for 4 NAN/INF values in logl
 *** WARNING *** GMRFLib_2order_approx: rescue NAN/INF values in logl for idx=440
 *** WARNING *** GMRFLib_2order_approx: reset counter for 4 NAN/INF values in logl
 *** WARNING *** GMRFLib_2order_approx: rescue NAN/INF values in logl for idx=440
 *** WARNING *** GMRFLib_2order_approx: reset counter for 2 NAN/INF values in logl
 *** WARNING *** GMRFLib_2order_approx: rescue NAN/INF values in logl for idx=440
 *** WARNING *** GMRFLib_2order_approx: reset counter for 2 NAN/INF values in logl
 *** WARNING *** GMRFLib_2order_approx: rescue NAN/INF values in logl for idx=440
 *** WARNING *** GMRFLib_2order_approx: reset counter for 3 NAN/INF values in logl
 *** WARNING *** GMRFLib_2order_approx: rescue NAN/INF values in logl for idx=440
 *** WARNING *** GMRFLib_2order_approx: reset counter for 6 NAN/INF values in logl
 *** WARNING *** GMRFLib_2order_approx: rescue NAN/INF values in logl for idx=440
 *** WARNING *** GMRFLib_2order_approx: reset counter for 3 NAN/INF values in logl
 *** WARNING *** GMRFLib_2order_approx: rescue NAN/INF values in logl for idx=440
 *** WARNING *** GMRFLib_2order_approx: reset counter for 2 NAN/INF values in logl
 *** WARNING *** GMRFLib_2order_approx: rescue NAN/INF values in logl for idx=1052
 *** WARNING *** GMRFLib_2order_approx: reset counter for 2 NAN/INF values in logl
 *** WARNING *** GMRFLib_2order_approx: rescue NAN/INF values in logl for idx=1070
 *** WARNING *** GMRFLib_2order_approx: reset counter for 2 NAN/INF values in logl
 *** WARNING *** GMRFLib_2order_approx: rescue NAN/INF values in logl for idx=440
 *** WARNING *** GMRFLib_2order_approx: reset counter for 3 NAN/INF values in logl
 *** WARNING *** GMRFLib_2order_approx: rescue NAN/INF values in logl for idx=440
 *** WARNING *** GMRFLib_2order_approx: reset counter for 6 NAN/INF values in logl
 *** WARNING *** GMRFLib_2order_approx: rescue NAN/INF values in logl for idx=440
 *** WARNING *** GMRFLib_2order_approx: reset counter for 3 NAN/INF values in logl
 *** WARNING *** GMRFLib_2order_approx: rescue NAN/INF values in logl for idx=440
 *** WARNING *** GMRFLib_2order_approx: reset counter for 3 NAN/INF values in logl
 *** WARNING *** GMRFLib_2order_approx: rescue NAN/INF values in logl for idx=440
 *** WARNING *** GMRFLib_2order_approx: reset counter for 3 NAN/INF values in logl
 *** WARNING *** GMRFLib_2order_approx: rescue NAN/INF values in logl for idx=440
 *** WARNING *** GMRFLib_2order_approx: reset counter for 4 NAN/INF values in logl
 *** WARNING *** GMRFLib_2order_approx: rescue NAN/INF values in logl for idx=440
 *** WARNING *** GMRFLib_2order_approx: reset counter for 3 NAN/INF values in logl
 *** WARNING *** GMRFLib_2order_approx: rescue NAN/INF values in logl for idx=440
 *** WARNING *** GMRFLib_2order_approx: reset counter for 3 NAN/INF values in logl
 *** WARNING *** GMRFLib_2order_approx: rescue NAN/INF values in logl for idx=440
 *** WARNING *** GMRFLib_2order_approx: reset counter for 2 NAN/INF values in logl
 *** WARNING *** GMRFLib_2order_approx: rescue NAN/INF values in logl for idx=440
 *** WARNING *** GMRFLib_2order_approx: reset counter for 3 NAN/INF values in logl
 *** WARNING *** GMRFLib_2order_approx: rescue NAN/INF values in logl for idx=440
 *** WARNING *** GMRFLib_2order_approx: reset counter for 3 NAN/INF values in logl
 *** WARNING *** GMRFLib_2order_approx: rescue NAN/INF values in logl for idx=440
 *** WARNING *** GMRFLib_2order_approx: reset counter for 4 NAN/INF values in logl
 *** WARNING *** GMRFLib_2order_approx: rescue NAN/INF values in logl for idx=440
 *** WARNING *** GMRFLib_2order_approx: reset counter for 2 NAN/INF values in logl
 *** WARNING *** GMRFLib_2order_approx: rescue NAN/INF values in logl for idx=440
 *** WARNING *** GMRFLib_2order_approx: reset counter for 2 NAN/INF values in logl
 *** WARNING *** GMRFLib_2order_approx: rescue NAN/INF values in logl for idx=440
 *** WARNING *** GMRFLib_2order_approx: reset counter for 2 NAN/INF values in logl
 *** WARNING *** GMRFLib_2order_approx: rescue NAN/INF values in logl for idx=440
 *** WARNING *** GMRFLib_2order_approx: reset counter for 2 NAN/INF values in logl
 *** WARNING *** GMRFLib_2order_approx: rescue NAN/INF values in logl for idx=440
 *** WARNING *** GMRFLib_2order_approx: reset counter for 2 NAN/INF values in logl
 *** WARNING *** GMRFLib_2order_approx: rescue NAN/INF values in logl for idx=440
 *** WARNING *** GMRFLib_2order_approx: reset counter for 2 NAN/INF values in logl
 *** WARNING *** GMRFLib_2order_approx: rescue NAN/INF values in logl for idx=440
 *** WARNING *** GMRFLib_2order_approx: reset counter for 3 NAN/INF values in logl
 *** WARNING *** GMRFLib_2order_approx: rescue NAN/INF values in logl for idx=440
 *** WARNING *** GMRFLib_2order_approx: reset counter for 2 NAN/INF values in logl
 *** WARNING *** GMRFLib_2order_approx: rescue NAN/INF values in logl for idx=440
 *** WARNING *** GMRFLib_2order_approx: reset counter for 2 NAN/INF values in logl
 *** WARNING *** GMRFLib_2order_approx: rescue NAN/INF values in logl for idx=440
 *** WARNING *** GMRFLib_2order_approx: reset counter for 2 NAN/INF values in logl
 *** WARNING *** GMRFLib_2order_approx: rescue NAN/INF values in logl for idx=440
 *** WARNING *** GMRFLib_2order_approx: reset counter for 2 NAN/INF values in logl
 *** WARNING *** GMRFLib_2order_approx: rescue NAN/INF values in logl for idx=440
 *** WARNING *** GMRFLib_2order_approx: reset counter for 2 NAN/INF values in logl
 *** WARNING *** GMRFLib_2order_approx: rescue NAN/INF values in logl for idx=440
 *** WARNING *** GMRFLib_2order_approx: reset counter for 3 NAN/INF values in logl
 *** WARNING *** GMRFLib_2order_approx: rescue NAN/INF values in logl for idx=440
 *** WARNING *** GMRFLib_2order_approx: reset counter for 2 NAN/INF values in logl
 *** WARNING *** GMRFLib_2order_approx: rescue NAN/INF values in logl for idx=440
 *** WARNING *** GMRFLib_2order_approx: reset counter for 2 NAN/INF values in logl
 *** WARNING *** GMRFLib_2order_approx: rescue NAN/INF values in logl for idx=440
 *** WARNING *** GMRFLib_2order_approx: reset counter for 2 NAN/INF values in logl
 *** WARNING *** GMRFLib_2order_approx: rescue NAN/INF values in logl for idx=1052
 *** WARNING *** GMRFLib_2order_approx: reset counter for 2 NAN/INF values in logl
 *** WARNING *** GMRFLib_2order_approx: rescue NAN/INF values in logl for idx=440
 *** WARNING *** GMRFLib_2order_approx: reset counter for 2 NAN/INF values in logl
 *** WARNING *** GMRFLib_2order_approx: rescue NAN/INF values in logl for idx=440
 *** WARNING *** GMRFLib_2order_approx: reset counter for 2 NAN/INF values in logl
 *** WARNING *** GMRFLib_2order_approx: rescue NAN/INF values in logl for idx=440
 *** WARNING *** GMRFLib_2order_approx: reset counter for 2 NAN/INF values in logl
 *** WARNING *** GMRFLib_2order_approx: rescue NAN/INF values in logl for idx=440
 *** WARNING *** GMRFLib_2order_approx: reset counter for 2 NAN/INF values in logl
 *** WARNING *** GMRFLib_2order_approx: rescue NAN/INF values in logl for idx=440
 *** WARNING *** GMRFLib_2order_approx: reset counter for 2 NAN/INF values in logl
 *** WARNING *** GMRFLib_2order_approx: rescue NAN/INF values in logl for idx=377
 *** WARNING *** GMRFLib_2order_approx: reset counter for 6 NAN/INF values in logl
 *** WARNING *** GMRFLib_2order_approx: rescue NAN/INF values in logl for idx=440
 *** WARNING *** GMRFLib_2order_approx: reset counter for 2 NAN/INF values in logl
 *** WARNING *** GMRFLib_2order_approx: rescue NAN/INF values in logl for idx=440
 *** WARNING *** GMRFLib_2order_approx: reset counter for 2 NAN/INF values in logl
 *** WARNING *** GMRFLib_2order_approx: rescue NAN/INF values in logl for idx=440
 *** WARNING *** GMRFLib_2order_approx: reset counter for 3 NAN/INF values in logl
 *** WARNING *** GMRFLib_2order_approx: rescue NAN/INF values in logl for idx=440
 *** WARNING *** GMRFLib_2order_approx: reset counter for 2 NAN/INF values in logl
 *** WARNING *** GMRFLib_2order_approx: rescue NAN/INF values in logl for idx=440
 *** WARNING *** GMRFLib_2order_approx: reset counter for 2 NAN/INF values in logl
 *** WARNING *** GMRFLib_2order_approx: rescue NAN/INF values in logl for idx=440
 *** WARNING *** GMRFLib_2order_approx: reset counter for 3 NAN/INF values in logl
 *** WARNING *** GMRFLib_2order_approx: rescue NAN/INF values in logl for idx=440
 *** WARNING *** GMRFLib_2order_approx: reset counter for 2 NAN/INF values in logl
 *** WARNING *** GMRFLib_2order_approx: rescue NAN/INF values in logl for idx=440
 *** WARNING *** GMRFLib_2order_approx: reset counter for 2 NAN/INF values in logl
 *** WARNING *** GMRFLib_2order_approx: rescue NAN/INF values in logl for idx=440
 *** WARNING *** GMRFLib_2order_approx: reset counter for 2 NAN/INF values in logl
 *** WARNING *** GMRFLib_2order_approx: rescue NAN/INF values in logl for idx=440
 *** WARNING *** GMRFLib_2order_approx: reset counter for 5 NAN/INF values in logl
 *** WARNING *** GMRFLib_2order_approx: rescue NAN/INF values in logl for idx=440
 *** WARNING *** GMRFLib_2order_approx: reset counter for 2 NAN/INF values in logl
 *** WARNING *** GMRFLib_2order_approx: rescue NAN/INF values in logl for idx=440
 *** WARNING *** GMRFLib_2order_approx: reset counter for 2 NAN/INF values in logl
 *** WARNING *** GMRFLib_2order_approx: rescue NAN/INF values in logl for idx=440
 *** WARNING *** GMRFLib_2order_approx: reset counter for 2 NAN/INF values in logl
 *** WARNING *** GMRFLib_2order_approx: rescue NAN/INF values in logl for idx=440
 *** WARNING *** GMRFLib_2order_approx: reset counter for 2 NAN/INF values in logl
 *** WARNING *** GMRFLib_2order_approx: rescue NAN/INF values in logl for idx=440
 *** WARNING *** GMRFLib_2order_approx: reset counter for 2 NAN/INF values in logl
 *** WARNING *** GMRFLib_2order_approx: rescue NAN/INF values in logl for idx=440
 *** WARNING *** GMRFLib_2order_approx: reset counter for 3 NAN/INF values in logl
 *** WARNING *** GMRFLib_2order_approx: rescue NAN/INF values in logl for idx=440
 *** WARNING *** GMRFLib_2order_approx: reset counter for 2 NAN/INF values in logl
 *** WARNING *** GMRFLib_2order_approx: rescue NAN/INF values in logl for idx=440
 *** WARNING *** GMRFLib_2order_approx: reset counter for 2 NAN/INF values in logl
 *** WARNING *** GMRFLib_2order_approx: rescue NAN/INF values in logl for idx=440
 *** WARNING *** GMRFLib_2order_approx: reset counter for 2 NAN/INF values in logl
 *** WARNING *** GMRFLib_2order_approx: rescue NAN/INF values in logl for idx=440
 *** WARNING *** GMRFLib_2order_approx: reset counter for 3 NAN/INF values in logl
 *** WARNING *** GMRFLib_2order_approx: rescue NAN/INF values in logl for idx=440
 *** WARNING *** GMRFLib_2order_approx: reset counter for 2 NAN/INF values in logl
 *** WARNING *** GMRFLib_2order_approx: rescue NAN/INF values in logl for idx=440
 *** WARNING *** GMRFLib_2order_approx: reset counter for 2 NAN/INF values in logl
 *** WARNING *** GMRFLib_2order_approx: rescue NAN/INF values in logl for idx=440
 *** WARNING *** GMRFLib_2order_approx: reset counter for 3 NAN/INF values in logl
 *** WARNING *** GMRFLib_2order_approx: rescue NAN/INF values in logl for idx=440
 *** WARNING *** GMRFLib_2order_approx: reset counter for 2 NAN/INF values in logl
 *** WARNING *** GMRFLib_2order_approx: rescue NAN/INF values in logl for idx=440
 *** WARNING *** GMRFLib_2order_approx: reset counter for 2 NAN/INF values in logl
 *** WARNING *** GMRFLib_2order_approx: rescue NAN/INF values in logl for idx=440
 *** WARNING *** GMRFLib_2order_approx: reset counter for 2 NAN/INF values in logl
 *** WARNING *** GMRFLib_2order_approx: rescue NAN/INF values in logl for idx=1052
 *** WARNING *** GMRFLib_2order_approx: reset counter for 2 NAN/INF values in logl
 *** WARNING *** GMRFLib_2order_approx: rescue NAN/INF values in logl for idx=440
 *** WARNING *** GMRFLib_2order_approx: reset counter for 3 NAN/INF values in logl
 *** WARNING *** GMRFLib_2order_approx: rescue NAN/INF values in logl for idx=440
 *** WARNING *** GMRFLib_2order_approx: reset counter for 3 NAN/INF values in logl
 *** WARNING *** GMRFLib_2order_approx: rescue NAN/INF values in logl for idx=440
 *** WARNING *** GMRFLib_2order_approx: reset counter for 2 NAN/INF values in logl
 *** WARNING *** GMRFLib_2order_approx: rescue NAN/INF values in logl for idx=440
 *** WARNING *** GMRFLib_2order_approx: reset counter for 2 NAN/INF values in logl
 *** WARNING *** GMRFLib_2order_approx: rescue NAN/INF values in logl for idx=440
 *** WARNING *** GMRFLib_2order_approx: reset counter for 2 NAN/INF values in logl
 *** WARNING *** GMRFLib_2order_approx: rescue NAN/INF values in logl for idx=440
 *** WARNING *** GMRFLib_2order_approx: reset counter for 2 NAN/INF values in logl
 *** WARNING *** GMRFLib_2order_approx: rescue NAN/INF values in logl for idx=440
 *** WARNING *** GMRFLib_2order_approx: reset counter for 2 NAN/INF values in logl
 *** WARNING *** GMRFLib_2order_approx: rescue NAN/INF values in logl for idx=440
 *** WARNING *** GMRFLib_2order_approx: reset counter for 2 NAN/INF values in logl
 *** WARNING *** GMRFLib_2order_approx: rescue NAN/INF values in logl for idx=440
 *** WARNING *** GMRFLib_2order_approx: reset counter for 4 NAN/INF values in logl
 *** WARNING *** GMRFLib_2order_approx: rescue NAN/INF values in logl for idx=440
 *** WARNING *** GMRFLib_2order_approx: reset counter for 2 NAN/INF values in logl
 *** WARNING *** GMRFLib_2order_approx: rescue NAN/INF values in logl for idx=1052
 *** WARNING *** GMRFLib_2order_approx: reset counter for 2 NAN/INF values in logl
 *** WARNING *** GMRFLib_2order_approx: rescue NAN/INF values in logl for idx=440
 *** WARNING *** GMRFLib_2order_approx: reset counter for 2 NAN/INF values in logl
 *** WARNING *** GMRFLib_2order_approx: rescue NAN/INF values in logl for idx=440
 *** WARNING *** GMRFLib_2order_approx: reset counter for 2 NAN/INF values in logl
 *** WARNING *** GMRFLib_2order_approx: rescue NAN/INF values in logl for idx=440
 *** WARNING *** GMRFLib_2order_approx: reset counter for 2 NAN/INF values in logl
 *** WARNING *** GMRFLib_2order_approx: rescue NAN/INF values in logl for idx=440
 *** WARNING *** GMRFLib_2order_approx: reset counter for 2 NAN/INF values in logl
 *** WARNING *** GMRFLib_2order_approx: rescue NAN/INF values in logl for idx=440
 *** WARNING *** GMRFLib_2order_approx: reset counter for 2 NAN/INF values in logl
 *** WARNING *** GMRFLib_2order_approx: rescue NAN/INF values in logl for idx=440
 *** WARNING *** GMRFLib_2order_approx: reset counter for 2 NAN/INF values in logl
 *** WARNING *** GMRFLib_2order_approx: rescue NAN/INF values in logl for idx=440
 *** WARNING *** GMRFLib_2order_approx: reset counter for 2 NAN/INF values in logl
 *** WARNING *** GMRFLib_2order_approx: rescue NAN/INF values in logl for idx=440
 *** WARNING *** GMRFLib_2order_approx: reset counter for 2 NAN/INF values in logl
 *** WARNING *** GMRFLib_2order_approx: rescue NAN/INF values in logl for idx=440
 *** WARNING *** GMRFLib_2order_approx: reset counter for 2 NAN/INF values in logl
 *** WARNING *** GMRFLib_2order_approx: rescue NAN/INF values in logl for idx=440
 *** WARNING *** GMRFLib_2order_approx: reset counter for 3 NAN/INF values in logl
 *** WARNING *** GMRFLib_2order_approx: rescue NAN/INF values in logl for idx=440
 *** WARNING *** GMRFLib_2order_approx: reset counter for 2 NAN/INF values in logl
 *** WARNING *** GMRFLib_2order_approx: rescue NAN/INF values in logl for idx=440
 *** WARNING *** GMRFLib_2order_approx: reset counter for 4 NAN/INF values in logl
 *** WARNING *** GMRFLib_2order_approx: rescue NAN/INF values in logl for idx=440
 *** WARNING *** GMRFLib_2order_approx: reset counter for 2 NAN/INF values in logl
 *** WARNING *** GMRFLib_2order_approx: rescue NAN/INF values in logl for idx=440
 *** WARNING *** GMRFLib_2order_approx: reset counter for 3 NAN/INF values in logl
 *** WARNING *** GMRFLib_2order_approx: rescue NAN/INF values in logl for idx=440
 *** WARNING *** GMRFLib_2order_approx: reset counter for 2 NAN/INF values in logl
 *** WARNING *** GMRFLib_2order_approx: rescue NAN/INF values in logl for idx=440
 *** WARNING *** GMRFLib_2order_approx: reset counter for 2 NAN/INF values in logl
 *** WARNING *** GMRFLib_2order_approx: rescue NAN/INF values in logl for idx=440
 *** WARNING *** GMRFLib_2order_approx: reset counter for 3 NAN/INF values in logl
 *** WARNING *** GMRFLib_2order_approx: rescue NAN/INF values in logl for idx=440
 *** WARNING *** GMRFLib_2order_approx: reset counter for 3 NAN/INF values in logl
 *** WARNING *** GMRFLib_2order_approx: rescue NAN/INF values in logl for idx=440
 *** WARNING *** GMRFLib_2order_approx: reset counter for 2 NAN/INF values in logl
 *** WARNING *** GMRFLib_2order_approx: rescue NAN/INF values in logl for idx=440
 *** WARNING *** GMRFLib_2order_approx: reset counter for 3 NAN/INF values in logl
 *** WARNING *** GMRFLib_2order_approx: rescue NAN/INF values in logl for idx=440
 *** WARNING *** GMRFLib_2order_approx: reset counter for 3 NAN/INF values in logl
 *** WARNING *** GMRFLib_2order_approx: rescue NAN/INF values in logl for idx=440
 *** WARNING *** GMRFLib_2order_approx: reset counter for 3 NAN/INF values in logl
 *** WARNING *** GMRFLib_2order_approx: rescue NAN/INF values in logl for idx=440
 *** WARNING *** GMRFLib_2order_approx: reset counter for 2 NAN/INF values in logl
 *** WARNING *** GMRFLib_2order_approx: rescue NAN/INF values in logl for idx=440
 *** WARNING *** GMRFLib_2order_approx: reset counter for 2 NAN/INF values in logl
 *** WARNING *** GMRFLib_2order_approx: rescue NAN/INF values in logl for idx=440
 *** WARNING *** GMRFLib_2order_approx: reset counter for 3 NAN/INF values in logl
 *** WARNING *** GMRFLib_2order_approx: rescue NAN/INF values in logl for idx=440
 *** WARNING *** GMRFLib_2order_approx: reset counter for 2 NAN/INF values in logl
 *** WARNING *** GMRFLib_2order_approx: rescue NAN/INF values in logl for idx=440
 *** WARNING *** GMRFLib_2order_approx: reset counter for 2 NAN/INF values in logl
 *** WARNING *** GMRFLib_2order_approx: rescue NAN/INF values in logl for idx=440
 *** WARNING *** GMRFLib_2order_approx: reset counter for 2 NAN/INF values in logl
 *** WARNING *** GMRFLib_2order_approx: rescue NAN/INF values in logl for idx=440
 *** WARNING *** GMRFLib_2order_approx: reset counter for 2 NAN/INF values in logl
 *** WARNING *** GMRFLib_2order_approx: rescue NAN/INF values in logl for idx=440
 *** WARNING *** GMRFLib_2order_approx: reset counter for 3 NAN/INF values in logl
 *** WARNING *** GMRFLib_2order_approx: rescue NAN/INF values in logl for idx=440
 *** WARNING *** GMRFLib_2order_approx: reset counter for 2 NAN/INF values in logl
 *** WARNING *** GMRFLib_2order_approx: rescue NAN/INF values in logl for idx=440
 *** WARNING *** GMRFLib_2order_approx: reset counter for 3 NAN/INF values in logl
 *** WARNING *** GMRFLib_2order_approx: rescue NAN/INF values in logl for idx=440
 *** WARNING *** GMRFLib_2order_approx: reset counter for 2 NAN/INF values in logl
 *** WARNING *** GMRFLib_2order_approx: rescue NAN/INF values in logl for idx=440
 *** WARNING *** GMRFLib_2order_approx: reset counter for 2 NAN/INF values in logl
 *** WARNING *** GMRFLib_2order_approx: rescue NAN/INF values in logl for idx=440
 *** WARNING *** GMRFLib_2order_approx: reset counter for 2 NAN/INF values in logl
 *** WARNING *** GMRFLib_2order_approx: rescue NAN/INF values in logl for idx=440
 *** WARNING *** GMRFLib_2order_approx: reset counter for 2 NAN/INF values in logl
 *** WARNING *** GMRFLib_2order_approx: rescue NAN/INF values in logl for idx=440
 *** WARNING *** GMRFLib_2order_approx: reset counter for 2 NAN/INF values in logl
 *** WARNING *** GMRFLib_2order_approx: rescue NAN/INF values in logl for idx=440
 *** WARNING *** GMRFLib_2order_approx: reset counter for 4 NAN/INF values in logl
 *** WARNING *** GMRFLib_2order_approx: rescue NAN/INF values in logl for idx=440
 *** WARNING *** GMRFLib_2order_approx: reset counter for 2 NAN/INF values in logl
 *** WARNING *** GMRFLib_2order_approx: rescue NAN/INF values in logl for idx=365
 *** WARNING *** GMRFLib_2order_approx: reset counter for 46 NAN/INF values in logl
 *** WARNING *** GMRFLib_2order_approx: reset counter for 46 NAN/INF values in logl
 *** WARNING *** GMRFLib_2order_approx: rescue NAN/INF values in logl for idx=0
 *** WARNING *** GMRFLib_2order_approx: reset counter for 80 NAN/INF values in logl
 *** WARNING *** GMRFLib_2order_approx: rescue NAN/INF values in logl for idx=0
 *** WARNING *** GMRFLib_2order_approx: rescue NAN/INF values in logl for idx=155
 *** WARNING *** GMRFLib_2order_approx: reset counter for 205 NAN/INF values in logl
 *** WARNING *** GMRFLib_2order_approx: rescue NAN/INF values in logl for idx=365
 *** WARNING *** GMRFLib_2order_approx: reset counter for 116 NAN/INF values in logl
 *** WARNING *** GMRFLib_2order_approx: rescue NAN/INF values in logl for idx=0
 *** WARNING *** GMRFLib_2order_approx: reset counter for 172 NAN/INF values in logl
 *** WARNING *** GMRFLib_2order_approx: rescue NAN/INF values in logl for idx=0
 *** WARNING *** GMRFLib_2order_approx: reset counter for 179 NAN/INF values in logl
 *** WARNING *** GMRFLib_2order_approx: rescue NAN/INF values in logl for idx=440
 *** WARNING *** GMRFLib_2order_approx: reset counter for 46 NAN/INF values in logl
 *** WARNING *** GMRFLib_2order_approx: rescue NAN/INF values in logl for idx=962
 *** WARNING *** GMRFLib_2order_approx: reset counter for 39 NAN/INF values in logl
 *** WARNING *** GMRFLib_2order_approx: rescue NAN/INF values in logl for idx=440
 *** WARNING *** GMRFLib_2order_approx: reset counter for 2 NAN/INF values in logl
 *** WARNING *** GMRFLib_2order_approx: rescue NAN/INF values in logl for idx=652
 *** WARNING *** GMRFLib_2order_approx: reset counter for 3 NAN/INF values in logl
 *** WARNING *** GMRFLib_2order_approx: rescue NAN/INF values in logl for idx=2
 *** WARNING *** GMRFLib_2order_approx: reset counter for 91 NAN/INF values in logl
 *** WARNING *** GMRFLib_2order_approx: rescue NAN/INF values in logl for idx=6
 *** WARNING *** GMRFLib_2order_approx: reset counter for 45 NAN/INF values in logl
 *** WARNING *** GMRFLib_2order_approx: rescue NAN/INF values in logl for idx=9
 *** WARNING *** GMRFLib_2order_approx: reset counter for 25 NAN/INF values in logl
 *** WARNING *** GMRFLib_2order_approx: rescue NAN/INF values in logl for idx=365
 *** WARNING *** GMRFLib_2order_approx: reset counter for 44 NAN/INF values in logl
 *** WARNING *** GMRFLib_2order_approx: rescue NAN/INF values in logl for idx=377
 *** WARNING *** GMRFLib_2order_approx: reset counter for 7 NAN/INF values in logl
 *** WARNING *** GMRFLib_2order_approx: rescue NAN/INF values in logl for idx=440
 *** WARNING *** GMRFLib_2order_approx: reset counter for 6 NAN/INF values in logl
 *** WARNING *** GMRFLib_2order_approx: rescue NAN/INF values in logl for idx=377
 *** WARNING *** GMRFLib_2order_approx: reset counter for 34 NAN/INF values in logl
 *** WARNING *** GMRFLib_2order_approx: rescue NAN/INF values in logl for idx=21
 *** WARNING *** GMRFLib_2order_approx: reset counter for 18 NAN/INF values in logl
 *** WARNING *** GMRFLib_2order_approx: rescue NAN/INF values in logl for idx=440
 *** WARNING *** GMRFLib_2order_approx: reset counter for 6 NAN/INF values in logl
 *** WARNING *** GMRFLib_2order_approx: rescue NAN/INF values in logl for idx=4
 *** WARNING *** GMRFLib_2order_approx: reset counter for 77 NAN/INF values in logl
 *** WARNING *** GMRFLib_2order_approx: rescue NAN/INF values in logl for idx=51
 *** WARNING *** GMRFLib_2order_approx: reset counter for 8 NAN/INF values in logl
 *** WARNING *** GMRFLib_2order_approx: rescue NAN/INF values in logl for idx=440
 *** WARNING *** GMRFLib_2order_approx: reset counter for 2 NAN/INF values in logl
 *** WARNING *** GMRFLib_2order_approx: rescue NAN/INF values in logl for idx=440
 *** WARNING *** GMRFLib_2order_approx: reset counter for 60 NAN/INF values in logl
 *** WARNING *** GMRFLib_2order_approx: rescue NAN/INF values in logl for idx=377
 *** WARNING *** GMRFLib_2order_approx: reset counter for 36 NAN/INF values in logl
 *** WARNING *** GMRFLib_2order_approx: rescue NAN/INF values in logl for idx=440
 *** WARNING *** GMRFLib_2order_approx: reset counter for 2 NAN/INF values in logl
 *** WARNING *** GMRFLib_2order_approx: rescue NAN/INF values in logl for idx=377
 *** WARNING *** GMRFLib_2order_approx: reset counter for 29 NAN/INF values in logl
 *** WARNING *** GMRFLib_2order_approx: rescue NAN/INF values in logl for idx=0
 *** WARNING *** GMRFLib_2order_approx: reset counter for 161 NAN/INF values in logl
 *** WARNING *** GMRFLib_2order_approx: rescue NAN/INF values in logl for idx=440
 *** WARNING *** GMRFLib_2order_approx: reset counter for 171 NAN/INF values in logl
 *** WARNING *** GMRFLib_2order_approx: rescue NAN/INF values in logl for idx=365
 *** WARNING *** GMRFLib_2order_approx: reset counter for 61 NAN/INF values in logl
 *** WARNING *** GMRFLib_2order_approx: rescue NAN/INF values in logl for idx=365
 *** WARNING *** GMRFLib_2order_approx: reset counter for 43 NAN/INF values in logl
 *** WARNING *** GMRFLib_2order_approx: rescue NAN/INF values in logl for idx=0
 *** WARNING *** GMRFLib_2order_approx: reset counter for 178 NAN/INF values in logl
 *** WARNING *** GMRFLib_2order_approx: rescue NAN/INF values in logl for idx=377
 *** WARNING *** GMRFLib_2order_approx: reset counter for 4 NAN/INF values in logl
 *** WARNING *** GMRFLib_2order_approx: rescue NAN/INF values in logl for idx=652
 *** WARNING *** GMRFLib_2order_approx: reset counter for 4 NAN/INF values in logl
 *** WARNING *** GMRFLib_2order_approx: rescue NAN/INF values in logl for idx=21
 *** WARNING *** GMRFLib_2order_approx: reset counter for 26 NAN/INF values in logl
 *** WARNING *** GMRFLib_2order_approx: rescue NAN/INF values in logl for idx=365
 *** WARNING *** GMRFLib_2order_approx: reset counter for 44 NAN/INF values in logl
 *** WARNING *** GMRFLib_2order_approx: rescue NAN/INF values in logl for idx=3
 *** WARNING *** GMRFLib_2order_approx: reset counter for 77 NAN/INF values in logl
 *** WARNING *** GMRFLib_2order_approx: rescue NAN/INF values in logl for idx=377
 *** WARNING *** GMRFLib_2order_approx: reset counter for 10 NAN/INF values in logl
 *** WARNING *** GMRFLib_2order_approx: rescue NAN/INF values in logl for idx=50
 *** WARNING *** GMRFLib_2order_approx: reset counter for 6 NAN/INF values in logl
 *** WARNING *** GMRFLib_2order_approx: rescue NAN/INF values in logl for idx=440
 *** WARNING *** GMRFLib_2order_approx: reset counter for 3 NAN/INF values in logl
 *** WARNING *** GMRFLib_2order_approx: rescue NAN/INF values in logl for idx=39
 *** WARNING *** GMRFLib_2order_approx: reset counter for 53 NAN/INF values in logl
 *** WARNING *** GMRFLib_2order_approx: rescue NAN/INF values in logl for idx=377
 *** WARNING *** GMRFLib_2order_approx: reset counter for 8 NAN/INF values in logl
 *** WARNING *** GMRFLib_2order_approx: rescue NAN/INF values in logl for idx=0
 *** WARNING *** GMRFLib_2order_approx: reset counter for 125 NAN/INF values in logl
 *** WARNING *** GMRFLib_2order_approx: rescue NAN/INF values in logl for idx=235
 *** WARNING *** GMRFLib_2order_approx: reset counter for 39 NAN/INF values in logl
 *** WARNING *** GMRFLib_2order_approx: rescue NAN/INF values in logl for idx=50
 *** WARNING *** GMRFLib_2order_approx: reset counter for 20 NAN/INF values in logl
 *** WARNING *** GMRFLib_2order_approx: reset counter for 20 NAN/INF values in logl
 *** WARNING *** GMRFLib_2order_approx: rescue NAN/INF values in logl for idx=365
 *** WARNING *** GMRFLib_2order_approx: reset counter for 2 NAN/INF values in logl
 *** WARNING *** GMRFLib_2order_approx: rescue NAN/INF values in logl for idx=427
 *** WARNING *** GMRFLib_2order_approx: reset counter for 33 NAN/INF values in logl
 *** WARNING *** GMRFLib_2order_approx: rescue NAN/INF values in logl for idx=365
 *** WARNING *** GMRFLib_2order_approx: reset counter for 23 NAN/INF values in logl
 *** WARNING *** GMRFLib_2order_approx: rescue NAN/INF values in logl for idx=365
 *** WARNING *** GMRFLib_2order_approx: reset counter for 23 NAN/INF values in logl
 *** WARNING *** GMRFLib_2order_approx: rescue NAN/INF values in logl for idx=0
 *** WARNING *** GMRFLib_2order_approx: reset counter for 135 NAN/INF values in logl
 *** WARNING *** GMRFLib_2order_approx: rescue NAN/INF values in logl for idx=0
 *** WARNING *** GMRFLib_2order_approx: reset counter for 148 NAN/INF values in logl
 *** WARNING *** GMRFLib_2order_approx: rescue NAN/INF values in logl for idx=377
 *** WARNING *** GMRFLib_2order_approx: reset counter for 20 NAN/INF values in logl
 *** WARNING *** GMRFLib_2order_approx: rescue NAN/INF values in logl for idx=365
 *** WARNING *** GMRFLib_2order_approx: reset counter for 60 NAN/INF values in logl
 *** WARNING *** GMRFLib_2order_approx: rescue NAN/INF values in logl for idx=377
 *** WARNING *** GMRFLib_2order_approx: reset counter for 8 NAN/INF values in logl
 *** WARNING *** GMRFLib_2order_approx: rescue NAN/INF values in logl for idx=0
 *** WARNING *** GMRFLib_2order_approx: reset counter for 187 NAN/INF values in logl
 *** WARNING *** GMRFLib_2order_approx: rescue NAN/INF values in logl for idx=377
 *** WARNING *** GMRFLib_2order_approx: reset counter for 9 NAN/INF values in logl
 *** WARNING *** GMRFLib_2order_approx: rescue NAN/INF values in logl for idx=440
 *** WARNING *** GMRFLib_2order_approx: reset counter for 8 NAN/INF values in logl
 *** WARNING *** GMRFLib_2order_approx: rescue NAN/INF values in logl for idx=365
 *** WARNING *** GMRFLib_2order_approx: reset counter for 58 NAN/INF values in logl
 *** WARNING *** GMRFLib_2order_approx: rescue NAN/INF values in logl for idx=2
 *** WARNING *** GMRFLib_2order_approx: reset counter for 145 NAN/INF values in logl
 *** WARNING *** GMRFLib_2order_approx: rescue NAN/INF values in logl for idx=1038
 *** WARNING *** GMRFLib_2order_approx: reset counter for 5 NAN/INF values in logl
 *** WARNING *** GMRFLib_2order_approx: rescue NAN/INF values in logl for idx=440
 *** WARNING *** GMRFLib_2order_approx: reset counter for 2 NAN/INF values in logl
 *** WARNING *** GMRFLib_2order_approx: rescue NAN/INF values in logl for idx=440
 *** WARNING *** GMRFLib_2order_approx: reset counter for 2 NAN/INF values in logl
 *** WARNING *** GMRFLib_2order_approx: rescue NAN/INF values in logl for idx=2
 *** WARNING *** GMRFLib_2order_approx: reset counter for 91 NAN/INF values in logl
 *** WARNING *** GMRFLib_2order_approx: rescue NAN/INF values in logl for idx=365
 *** WARNING *** GMRFLib_2order_approx: reset counter for 31 NAN/INF values in logl
 *** WARNING *** GMRFLib_2order_approx: rescue NAN/INF values in logl for idx=1052
 *** WARNING *** GMRFLib_2order_approx: reset counter for 8 NAN/INF values in logl
 *** WARNING *** GMRFLib_2order_approx: rescue NAN/INF values in logl for idx=365
 *** WARNING *** GMRFLib_2order_approx: reset counter for 44 NAN/INF values in logl
 *** WARNING *** GMRFLib_2order_approx: rescue NAN/INF values in logl for idx=1
 *** WARNING *** GMRFLib_2order_approx: reset counter for 41 NAN/INF values in logl
 *** WARNING *** GMRFLib_2order_approx: rescue NAN/INF values in logl for idx=111
 *** WARNING *** GMRFLib_2order_approx: reset counter for 62 NAN/INF values in logl
 *** WARNING *** GMRFLib_2order_approx: rescue NAN/INF values in logl for idx=440
 *** WARNING *** GMRFLib_2order_approx: reset counter for 6 NAN/INF values in logl
 *** WARNING *** GMRFLib_2order_approx: rescue NAN/INF values in logl for idx=21
 *** WARNING *** GMRFLib_2order_approx: reset counter for 18 NAN/INF values in logl
 *** WARNING *** GMRFLib_2order_approx: rescue NAN/INF values in logl for idx=365
 *** WARNING *** GMRFLib_2order_approx: reset counter for 48 NAN/INF values in logl
 *** WARNING *** GMRFLib_2order_approx: reset counter for 48 NAN/INF values in logl
 *** WARNING *** GMRFLib_2order_approx: rescue NAN/INF values in logl for idx=4
 *** WARNING *** GMRFLib_2order_approx: reset counter for 77 NAN/INF values in logl
 *** WARNING *** GMRFLib_2order_approx: rescue NAN/INF values in logl for idx=440
 *** WARNING *** GMRFLib_2order_approx: reset counter for 2 NAN/INF values in logl
 *** WARNING *** GMRFLib_2order_approx: rescue NAN/INF values in logl for idx=0
 *** WARNING *** GMRFLib_2order_approx: reset counter for 149 NAN/INF values in logl
 *** WARNING *** GMRFLib_2order_approx: rescue NAN/INF values in logl for idx=1038
 *** WARNING *** GMRFLib_2order_approx: reset counter for 8 NAN/INF values in logl
 *** WARNING *** GMRFLib_2order_approx: rescue NAN/INF values in logl for idx=377
 *** WARNING *** GMRFLib_2order_approx: reset counter for 36 NAN/INF values in logl
 *** WARNING *** GMRFLib_2order_approx: rescue NAN/INF values in logl for idx=365
 *** WARNING *** GMRFLib_2order_approx: reset counter for 55 NAN/INF values in logl
 *** WARNING *** GMRFLib_2order_approx: rescue NAN/INF values in logl for idx=0
 *** WARNING *** GMRFLib_2order_approx: reset counter for 161 NAN/INF values in logl
 *** WARNING *** GMRFLib_2order_approx: rescue NAN/INF values in logl for idx=440
 *** WARNING *** GMRFLib_2order_approx: reset counter for 5 NAN/INF values in logl
 *** WARNING *** GMRFLib_2order_approx: rescue NAN/INF values in logl for idx=21
 *** WARNING *** GMRFLib_2order_approx: reset counter for 26 NAN/INF values in logl
 *** WARNING *** GMRFLib_2order_approx: rescue NAN/INF values in logl for idx=236
 *** WARNING *** GMRFLib_2order_approx: reset counter for 4 NAN/INF values in logl
 *** WARNING *** GMRFLib_2order_approx: rescue NAN/INF values in logl for idx=365
 *** WARNING *** GMRFLib_2order_approx: reset counter for 61 NAN/INF values in logl
 *** WARNING *** GMRFLib_2order_approx: rescue NAN/INF values in logl for idx=19
 *** WARNING *** GMRFLib_2order_approx: reset counter for 11 NAN/INF values in logl
 *** WARNING *** GMRFLib_2order_approx: rescue NAN/INF values in logl for idx=377
 *** WARNING *** GMRFLib_2order_approx: reset counter for 10 NAN/INF values in logl
 *** WARNING *** GMRFLib_2order_approx: rescue NAN/INF values in logl for idx=0
 *** WARNING *** GMRFLib_2order_approx: reset counter for 10 NAN/INF values in logl
 *** WARNING *** GMRFLib_2order_approx: rescue NAN/INF values in logl for idx=146
 *** WARNING *** GMRFLib_2order_approx: reset counter for 65 NAN/INF values in logl
 *** WARNING *** GMRFLib_2order_approx: rescue NAN/INF values in logl for idx=377
 *** WARNING *** GMRFLib_2order_approx: reset counter for 30 NAN/INF values in logl
 *** WARNING *** GMRFLib_2order_approx: rescue NAN/INF values in logl for idx=365
 *** WARNING *** GMRFLib_2order_approx: reset counter for 32 NAN/INF values in logl
 *** WARNING *** GMRFLib_2order_approx: rescue NAN/INF values in logl for idx=763
 *** WARNING *** GMRFLib_2order_approx: reset counter for 12 NAN/INF values in logl
 *** WARNING *** GMRFLib_2order_approx: rescue NAN/INF values in logl for idx=0
 *** WARNING *** GMRFLib_2order_approx: reset counter for 166 NAN/INF values in logl
 *** WARNING *** GMRFLib_2order_approx: rescue NAN/INF values in logl for idx=377
 *** WARNING *** GMRFLib_2order_approx: reset counter for 4 NAN/INF values in logl
 *** WARNING *** GMRFLib_2order_approx: rescue NAN/INF values in logl for idx=652
 *** WARNING *** GMRFLib_2order_approx: reset counter for 4 NAN/INF values in logl
 *** WARNING *** GMRFLib_2order_approx: rescue NAN/INF values in logl for idx=50
 *** WARNING *** GMRFLib_2order_approx: reset counter for 4 NAN/INF values in logl
 *** WARNING *** GMRFLib_2order_approx: rescue NAN/INF values in logl for idx=440
 *** WARNING *** GMRFLib_2order_approx: reset counter for 31 NAN/INF values in logl
 *** WARNING *** GMRFLib_2order_approx: rescue NAN/INF values in logl for idx=39
 *** WARNING *** GMRFLib_2order_approx: reset counter for 9 NAN/INF values in logl
 *** WARNING *** GMRFLib_2order_approx: rescue NAN/INF values in logl for idx=377
 *** WARNING *** GMRFLib_2order_approx: reset counter for 5 NAN/INF values in logl
 *** WARNING *** GMRFLib_2order_approx: rescue NAN/INF values in logl for idx=377
 *** WARNING *** GMRFLib_2order_approx: reset counter for 9 NAN/INF values in logl
 *** WARNING *** GMRFLib_2order_approx: rescue NAN/INF values in logl for idx=51
 *** WARNING *** GMRFLib_2order_approx: reset counter for 4 NAN/INF values in logl
 *** WARNING *** GMRFLib_2order_approx: rescue NAN/INF values in logl for idx=377
 *** WARNING *** GMRFLib_2order_approx: reset counter for 7 NAN/INF values in logl
 *** WARNING *** GMRFLib_2order_approx: rescue NAN/INF values in logl for idx=822
 *** WARNING *** GMRFLib_2order_approx: reset counter for 2 NAN/INF values in logl
 *** WARNING *** GMRFLib_2order_approx: rescue NAN/INF values in logl for idx=50
 *** WARNING *** GMRFLib_2order_approx: reset counter for 19 NAN/INF values in logl
 *** WARNING *** GMRFLib_2order_approx: rescue NAN/INF values in logl for idx=0
 *** WARNING *** GMRFLib_2order_approx: reset counter for 161 NAN/INF values in logl
sh: /bin/kstat: No such file or directory
sh: /bin/kstat: No such file or directory
sh: /bin/kstat: No such file or directory
sh: /bin/kstat: No such file or directory
sh: /bin/kstat: No such file or directory
sh: /bin/kstat: No such file or directory
sh: /bin/kstat: No such file or directory
sh: /bin/kstat: No such file or directory
sh: /bin/kstat: No such file or directory
sh: /bin/kstat: No such file or directory
sh: /bin/kstat: No such file or directory
sh: /bin/kstat: No such file or directory
sh: /bin/kstat: No such file or directory
sh: /bin/kstat: No such file or directory
sh: /bin/kstat: No such file or directory
sh: /bin/kstat: No such file or directory
sh: /bin/kstat: No such file or directory
sh: /bin/kstat: No such file or directory
sh: /bin/kstat: No such file or directory
sh: /bin/kstat: No such file or directory
sh: /bin/kstat: No such file or directory
sh: /bin/kstat: No such file or directory
sh: /bin/kstat: No such file or directory
sh: /bin/kstat: No such file or directory
sh: /bin/kstat: No such file or directory
sh: /bin/kstat: No such file or directory
sh: /bin/kstat: No such file or directory
sh: /bin/kstat: No such file or directory
sh: /bin/kstat: No such file or directory
sh: /bin/kstat: No such file or directory
sh: /bin/kstat: No such file or directory
sh: /bin/kstat: No such file or directory
sh: /bin/kstat: No such file or directory
sh: /bin/kstat: No such file or directory
sh: /bin/kstat: No such file or directory
sh: /bin/kstat: No such file or directory
sh: /bin/kstat: No such file or directory
sh: /bin/kstat: No such file or directory
sh: /bin/kstat: No such file or directory
sh: /bin/kstat: No such file or directory
sh: /bin/kstat: No such file or directory
sh: /bin/kstat: No such file or directory
sh: /bin/kstat: No such file or directory
sh: /bin/kstat: No such file or directory
sh: /bin/kstat: No such file or directory
sh: /bin/kstat: No such file or directory
sh: /bin/kstat: No such file or directory
sh: /bin/kstat: No such file or directory
sh: /bin/kstat: No such file or directory
sh: /bin/kstat: No such file or directory
sh: /bin/kstat: No such file or directory
sh: /bin/kstat: No such file or directory
sh: /bin/kstat: No such file or directory
sh: /bin/kstat: No such file or directory
Fail to read A:B[:C] from [NA:1]
Will continue with '4:1:2'
 *** WARNING *** GMRFLib_2order_approx: rescue NAN/INF values in logl for idx=6
 *** WARNING *** GMRFLib_2order_approx: reset counter for 78 NAN/INF values in logl
 *** WARNING *** GMRFLib_2order_approx: rescue NAN/INF values in logl for idx=75
 *** WARNING *** GMRFLib_2order_approx: rescue NAN/INF values in logl for idx=872
 *** WARNING *** GMRFLib_2order_approx: reset counter for 130 NAN/INF values in logl
 *** WARNING *** GMRFLib_2order_approx: rescue NAN/INF values in logl for idx=90
 *** WARNING *** GMRFLib_2order_approx: reset counter for 25 NAN/INF values in logl
 *** WARNING *** GMRFLib_2order_approx: rescue NAN/INF values in logl for idx=75
 *** WARNING *** GMRFLib_2order_approx: reset counter for 40 NAN/INF values in logl
 *** WARNING *** GMRFLib_2order_approx: rescue NAN/INF values in logl for idx=397
 *** WARNING *** GMRFLib_2order_approx: reset counter for 97 NAN/INF values in logl
 *** WARNING *** GMRFLib_2order_approx: rescue NAN/INF values in logl for idx=365
 *** WARNING *** GMRFLib_2order_approx: reset counter for 6 NAN/INF values in logl
 *** WARNING *** GMRFLib_2order_approx: rescue NAN/INF values in logl for idx=1052
 *** WARNING *** GMRFLib_2order_approx: rescue NAN/INF values in logl for idx=365
 *** WARNING *** GMRFLib_2order_approx: reset counter for 51 NAN/INF values in logl
 *** WARNING *** GMRFLib_2order_approx: rescue NAN/INF values in logl for idx=1052
 *** WARNING *** GMRFLib_2order_approx: reset counter for 2 NAN/INF values in logl
 *** WARNING *** GMRFLib_2order_approx: rescue NAN/INF values in logl for idx=0
 *** WARNING *** GMRFLib_2order_approx: reset counter for 25 NAN/INF values in logl
 *** WARNING *** GMRFLib_2order_approx: rescue NAN/INF values in logl for idx=0
 *** WARNING *** GMRFLib_2order_approx: rescue NAN/INF values in logl for idx=90
 *** WARNING *** GMRFLib_2order_approx: reset counter for 633 NAN/INF values in logl
 *** WARNING *** GMRFLib_2order_approx: rescue NAN/INF values in logl for idx=0
 *** WARNING *** GMRFLib_2order_approx: reset counter for 14 NAN/INF values in logl
 *** WARNING *** GMRFLib_2order_approx: rescue NAN/INF values in logl for idx=0
 *** WARNING *** GMRFLib_2order_approx: reset counter for 509 NAN/INF values in logl
 *** WARNING *** GMRFLib_2order_approx: rescue NAN/INF values in logl for idx=1
 *** WARNING *** GMRFLib_2order_approx: reset counter for 14 NAN/INF values in logl
 *** WARNING *** GMRFLib_2order_approx: rescue NAN/INF values in logl for idx=365
 *** WARNING *** GMRFLib_2order_approx: reset counter for 242 NAN/INF values in logl
 *** WARNING *** GMRFLib_2order_approx: rescue NAN/INF values in logl for idx=365
 *** WARNING *** GMRFLib_2order_approx: reset counter for 28 NAN/INF values in logl
 *** WARNING *** GMRFLib_2order_approx: reset counter for 28 NAN/INF values in logl
 *** WARNING *** GMRFLib_2order_approx: reset counter for 28 NAN/INF values in logl
 *** WARNING *** GMRFLib_2order_approx: rescue NAN/INF values in logl for idx=441
 *** WARNING *** GMRFLib_2order_approx: reset counter for 100 NAN/INF values in logl
 *** WARNING *** GMRFLib_2order_approx: reset counter for 342 NAN/INF values in logl
 *** WARNING *** GMRFLib_2order_approx: rescue NAN/INF values in logl for idx=1
 *** WARNING *** GMRFLib_2order_approx: reset counter for 173 NAN/INF values in logl
 *** WARNING *** GMRFLib_2order_approx: rescue NAN/INF values in logl for idx=530
 *** WARNING *** GMRFLib_2order_approx: reset counter for 7 NAN/INF values in logl
 *** WARNING *** GMRFLib_2order_approx: rescue NAN/INF values in logl for idx=0
 *** WARNING *** GMRFLib_2order_approx: reset counter for 535 NAN/INF values in logl
 *** WARNING *** GMRFLib_2order_approx: rescue NAN/INF values in logl for idx=642
 *** WARNING *** GMRFLib_2order_approx: reset counter for 28 NAN/INF values in logl
 *** WARNING *** GMRFLib_2order_approx: rescue NAN/INF values in logl for idx=365
 *** WARNING *** GMRFLib_2order_approx: reset counter for 51 NAN/INF values in logl
 *** WARNING *** GMRFLib_2order_approx: rescue NAN/INF values in logl for idx=0
 *** WARNING *** GMRFLib_2order_approx: reset counter for 262 NAN/INF values in logl
 *** WARNING *** GMRFLib_2order_approx: rescue NAN/INF values in logl for idx=647
 *** WARNING *** GMRFLib_2order_approx: reset counter for 110 NAN/INF values in logl
 *** WARNING *** GMRFLib_2order_approx: rescue NAN/INF values in logl for idx=0
 *** WARNING *** GMRFLib_2order_approx: reset counter for 463 NAN/INF values in logl
 *** WARNING *** GMRFLib_2order_approx: rescue NAN/INF values in logl for idx=285
 *** WARNING *** GMRFLib_2order_approx: reset counter for 71 NAN/INF values in logl
 *** WARNING *** GMRFLib_2order_approx: rescue NAN/INF values in logl for idx=440
 *** WARNING *** GMRFLib_2order_approx: reset counter for 4 NAN/INF values in logl
 *** WARNING *** GMRFLib_2order_approx: rescue NAN/INF values in logl for idx=0
 *** WARNING *** GMRFLib_2order_approx: reset counter for 646 NAN/INF values in logl
 *** WARNING *** GMRFLib_2order_approx: rescue NAN/INF values in logl for idx=971
 *** WARNING *** GMRFLib_2order_approx: reset counter for 4 NAN/INF values in logl
 *** WARNING *** GMRFLib_2order_approx: rescue NAN/INF values in logl for idx=0
 *** WARNING *** GMRFLib_2order_approx: reset counter for 570 NAN/INF values in logl
 *** WARNING *** GMRFLib_2order_approx: rescue NAN/INF values in logl for idx=289
 *** WARNING *** GMRFLib_2order_approx: reset counter for 52 NAN/INF values in logl
 *** WARNING *** GMRFLib_2order_approx: rescue NAN/INF values in logl for idx=735
 *** WARNING *** GMRFLib_2order_approx: reset counter for 100 NAN/INF values in logl
 *** WARNING *** GMRFLib_2order_approx: rescue NAN/INF values in logl for idx=0
 *** WARNING *** GMRFLib_2order_approx: reset counter for 14 NAN/INF values in logl
 *** WARNING *** GMRFLib_2order_approx: reset counter for 613 NAN/INF values in logl
 *** WARNING *** GMRFLib_2order_approx: rescue NAN/INF values in logl for idx=0
 *** WARNING *** GMRFLib_2order_approx: reset counter for 257 NAN/INF values in logl
 *** WARNING *** GMRFLib_2order_approx: rescue NAN/INF values in logl for idx=372
 *** WARNING *** GMRFLib_2order_approx: reset counter for 440 NAN/INF values in logl
 *** WARNING *** GMRFLib_2order_approx: rescue NAN/INF values in logl for idx=0
 *** WARNING *** GMRFLib_2order_approx: reset counter for 587 NAN/INF values in logl
 *** WARNING *** GMRFLib_2order_approx: rescue NAN/INF values in logl for idx=440
 *** WARNING *** GMRFLib_2order_approx: reset counter for 168 NAN/INF values in logl
 *** WARNING *** GMRFLib_2order_approx: rescue NAN/INF values in logl for idx=0
 *** WARNING *** GMRFLib_2order_approx: reset counter for 330 NAN/INF values in logl
 *** WARNING *** GMRFLib_2order_approx: rescue NAN/INF values in logl for idx=377
 *** WARNING *** GMRFLib_2order_approx: reset counter for 23 NAN/INF values in logl
 *** WARNING *** GMRFLib_2order_approx: rescue NAN/INF values in logl for idx=10
 *** WARNING *** GMRFLib_2order_approx: reset counter for 11 NAN/INF values in logl
 *** WARNING *** GMRFLib_2order_approx: rescue NAN/INF values in logl for idx=1
 *** WARNING *** GMRFLib_2order_approx: reset counter for 458 NAN/INF values in logl
 *** WARNING *** GMRFLib_2order_approx: rescue NAN/INF values in logl for idx=1
 *** WARNING *** GMRFLib_2order_approx: reset counter for 565 NAN/INF values in logl
 *** WARNING *** GMRFLib_2order_approx: rescue NAN/INF values in logl for idx=1052
 *** WARNING *** GMRFLib_2order_approx: reset counter for 17 NAN/INF values in logl
 *** WARNING *** GMRFLib_2order_approx: rescue NAN/INF values in logl for idx=0
 *** WARNING *** GMRFLib_2order_approx: reset counter for 145 NAN/INF values in logl
 *** WARNING *** GMRFLib_2order_approx: rescue NAN/INF values in logl for idx=365
 *** WARNING *** GMRFLib_2order_approx: reset counter for 89 NAN/INF values in logl
 *** WARNING *** GMRFLib_2order_approx: rescue NAN/INF values in logl for idx=0
 *** WARNING *** GMRFLib_2order_approx: reset counter for 256 NAN/INF values in logl
 *** WARNING *** GMRFLib_2order_approx: rescue NAN/INF values in logl for idx=377
 *** WARNING *** GMRFLib_2order_approx: reset counter for 15 NAN/INF values in logl
 *** WARNING *** GMRFLib_2order_approx: rescue NAN/INF values in logl for idx=377
 *** WARNING *** GMRFLib_2order_approx: reset counter for 12 NAN/INF values in logl
 *** WARNING *** GMRFLib_2order_approx: rescue NAN/INF values in logl for idx=652
 *** WARNING *** GMRFLib_2order_approx: reset counter for 66 NAN/INF values in logl
 *** WARNING *** GMRFLib_2order_approx: rescue NAN/INF values in logl for idx=440
 *** WARNING *** GMRFLib_2order_approx: reset counter for 2 NAN/INF values in logl
 *** WARNING *** GMRFLib_2order_approx: rescue NAN/INF values in logl for idx=365
 *** WARNING *** GMRFLib_2order_approx: reset counter for 58 NAN/INF values in logl
 *** WARNING *** GMRFLib_2order_approx: rescue NAN/INF values in logl for idx=0
 *** WARNING *** GMRFLib_2order_approx: reset counter for 258 NAN/INF values in logl
 *** WARNING *** GMRFLib_2order_approx: rescue NAN/INF values in logl for idx=377
 *** WARNING *** GMRFLib_2order_approx: reset counter for 18 NAN/INF values in logl
 *** WARNING *** GMRFLib_2order_approx: rescue NAN/INF values in logl for idx=3
 *** WARNING *** GMRFLib_2order_approx: reset counter for 108 NAN/INF values in logl
 *** WARNING *** GMRFLib_2order_approx: rescue NAN/INF values in logl for idx=365
 *** WARNING *** GMRFLib_2order_approx: reset counter for 69 NAN/INF values in logl
 *** WARNING *** GMRFLib_2order_approx: rescue NAN/INF values in logl for idx=0
 *** WARNING *** GMRFLib_2order_approx: reset counter for 236 NAN/INF values in logl
 *** WARNING *** GMRFLib_2order_approx: rescue NAN/INF values in logl for idx=440
 *** WARNING *** GMRFLib_2order_approx: reset counter for 48 NAN/INF values in logl
 *** WARNING *** GMRFLib_2order_approx: rescue NAN/INF values in logl for idx=4
 *** WARNING *** GMRFLib_2order_approx: reset counter for 51 NAN/INF values in logl
 *** WARNING *** GMRFLib_2order_approx: rescue NAN/INF values in logl for idx=365
 *** WARNING *** GMRFLib_2order_approx: reset counter for 48 NAN/INF values in logl
 *** WARNING *** GMRFLib_2order_approx: rescue NAN/INF values in logl for idx=10
 *** WARNING *** GMRFLib_2order_approx: reset counter for 17 NAN/INF values in logl
 *** WARNING *** GMRFLib_2order_approx: rescue NAN/INF values in logl for idx=1
 *** WARNING *** GMRFLib_2order_approx: reset counter for 386 NAN/INF values in logl
 *** WARNING *** GMRFLib_2order_approx: rescue NAN/INF values in logl for idx=440
 *** WARNING *** GMRFLib_2order_approx: reset counter for 3 NAN/INF values in logl
 *** WARNING *** GMRFLib_2order_approx: rescue NAN/INF values in logl for idx=560
 *** WARNING *** GMRFLib_2order_approx: reset counter for 2 NAN/INF values in logl
 *** WARNING *** GMRFLib_2order_approx: rescue NAN/INF values in logl for idx=310
 *** WARNING *** GMRFLib_2order_approx: reset counter for 60 NAN/INF values in logl
 *** WARNING *** GMRFLib_2order_approx: rescue NAN/INF values in logl for idx=0
 *** WARNING *** GMRFLib_2order_approx: reset counter for 386 NAN/INF values in logl
 *** WARNING *** GMRFLib_2order_approx: rescue NAN/INF values in logl for idx=365
 *** WARNING *** GMRFLib_2order_approx: reset counter for 37 NAN/INF values in logl
 *** WARNING *** GMRFLib_2order_approx: rescue NAN/INF values in logl for idx=823
 *** WARNING *** GMRFLib_2order_approx: reset counter for 341 NAN/INF values in logl
 *** WARNING *** GMRFLib_2order_approx: rescue NAN/INF values in logl for idx=440
 *** WARNING *** GMRFLib_2order_approx: reset counter for 2 NAN/INF values in logl
 *** WARNING *** GMRFLib_2order_approx: rescue NAN/INF values in logl for idx=365
 *** WARNING *** GMRFLib_2order_approx: reset counter for 25 NAN/INF values in logl
 *** WARNING *** GMRFLib_2order_approx: rescue NAN/INF values in logl for idx=377
 *** WARNING *** GMRFLib_2order_approx: reset counter for 23 NAN/INF values in logl
 *** WARNING *** GMRFLib_2order_approx: rescue NAN/INF values in logl for idx=0
 *** WARNING *** GMRFLib_2order_approx: reset counter for 41 NAN/INF values in logl
 *** WARNING *** GMRFLib_2order_approx: rescue NAN/INF values in logl for idx=4
 *** WARNING *** GMRFLib_2order_approx: reset counter for 47 NAN/INF values in logl
 *** WARNING *** GMRFLib_2order_approx: rescue NAN/INF values in logl for idx=378
 *** WARNING *** GMRFLib_2order_approx: reset counter for 8 NAN/INF values in logl
 *** WARNING *** GMRFLib_2order_approx: rescue NAN/INF values in logl for idx=378
 *** WARNING *** GMRFLib_2order_approx: reset counter for 23 NAN/INF values in logl
 *** WARNING *** GMRFLib_2order_approx: rescue NAN/INF values in logl for idx=0
 *** WARNING *** GMRFLib_2order_approx: reset counter for 21 NAN/INF values in logl
 *** WARNING *** GMRFLib_2order_approx: rescue NAN/INF values in logl for idx=1
 *** WARNING *** GMRFLib_2order_approx: reset counter for 348 NAN/INF values in logl
 *** WARNING *** GMRFLib_2order_approx: rescue NAN/INF values in logl for idx=440
 *** WARNING *** GMRFLib_2order_approx: reset counter for 2 NAN/INF values in logl
 *** WARNING *** GMRFLib_2order_approx: rescue NAN/INF values in logl for idx=90
 *** WARNING *** GMRFLib_2order_approx: reset counter for 83 NAN/INF values in logl
 *** WARNING *** GMRFLib_2order_approx: rescue NAN/INF values in logl for idx=0
 *** WARNING *** GMRFLib_2order_approx: reset counter for 340 NAN/INF values in logl
 *** WARNING *** GMRFLib_2order_approx: rescue NAN/INF values in logl for idx=440
 *** WARNING *** GMRFLib_2order_approx: reset counter for 2 NAN/INF values in logl
 *** WARNING *** GMRFLib_2order_approx: rescue NAN/INF values in logl for idx=365
 *** WARNING *** GMRFLib_2order_approx: reset counter for 43 NAN/INF values in logl
 *** WARNING *** GMRFLib_2order_approx: rescue NAN/INF values in logl for idx=0
 *** WARNING *** GMRFLib_2order_approx: reset counter for 411 NAN/INF values in logl
 *** WARNING *** GMRFLib_2order_approx: rescue NAN/INF values in logl for idx=440
 *** WARNING *** GMRFLib_2order_approx: reset counter for 2 NAN/INF values in logl
 *** WARNING *** GMRFLib_2order_approx: rescue NAN/INF values in logl for idx=50
 *** WARNING *** GMRFLib_2order_approx: reset counter for 46 NAN/INF values in logl
 *** WARNING *** GMRFLib_2order_approx: rescue NAN/INF values in logl for idx=377
 *** WARNING *** GMRFLib_2order_approx: reset counter for 18 NAN/INF values in logl
 *** WARNING *** GMRFLib_2order_approx: rescue NAN/INF values in logl for idx=377
 *** WARNING *** GMRFLib_2order_approx: reset counter for 2 NAN/INF values in logl
 *** WARNING *** GMRFLib_2order_approx: rescue NAN/INF values in logl for idx=440
 *** WARNING *** GMRFLib_2order_approx: reset counter for 3 NAN/INF values in logl
 *** WARNING *** GMRFLib_2order_approx: rescue NAN/INF values in logl for idx=50
 *** WARNING *** GMRFLib_2order_approx: reset counter for 3 NAN/INF values in logl
 *** WARNING *** GMRFLib_2order_approx: rescue NAN/INF values in logl for idx=377
 *** WARNING *** GMRFLib_2order_approx: reset counter for 4 NAN/INF values in logl
 *** WARNING *** GMRFLib_2order_approx: rescue NAN/INF values in logl for idx=440
 *** WARNING *** GMRFLib_2order_approx: reset counter for 14 NAN/INF values in logl
 *** WARNING *** GMRFLib_2order_approx: rescue NAN/INF values in logl for idx=377
 *** WARNING *** GMRFLib_2order_approx: reset counter for 5 NAN/INF values in logl
 *** WARNING *** GMRFLib_2order_approx: rescue NAN/INF values in logl for idx=377
 *** WARNING *** GMRFLib_2order_approx: reset counter for 10 NAN/INF values in logl
 *** WARNING *** GMRFLib_2order_approx: rescue NAN/INF values in logl for idx=0
 *** WARNING *** GMRFLib_2order_approx: reset counter for 76 NAN/INF values in logl
 *** WARNING *** GMRFLib_2order_approx: rescue NAN/INF values in logl for idx=440
 *** WARNING *** GMRFLib_2order_approx: reset counter for 41 NAN/INF values in logl
 *** WARNING *** GMRFLib_2order_approx: rescue NAN/INF values in logl for idx=6
 *** WARNING *** GMRFLib_2order_approx: reset counter for 34 NAN/INF values in logl
 *** WARNING *** GMRFLib_2order_approx: rescue NAN/INF values in logl for idx=440
 *** WARNING *** GMRFLib_2order_approx: reset counter for 29 NAN/INF values in logl
 *** WARNING *** GMRFLib_2order_approx: rescue NAN/INF values in logl for idx=21
 *** WARNING *** GMRFLib_2order_approx: reset counter for 28 NAN/INF values in logl
 *** WARNING *** GMRFLib_2order_approx: rescue NAN/INF values in logl for idx=440
 *** WARNING *** GMRFLib_2order_approx: reset counter for 30 NAN/INF values in logl
 *** WARNING *** GMRFLib_2order_approx: rescue NAN/INF values in logl for idx=16
 *** WARNING *** GMRFLib_2order_approx: reset counter for 41 NAN/INF values in logl
 *** WARNING *** GMRFLib_2order_approx: rescue NAN/INF values in logl for idx=377
 *** WARNING *** GMRFLib_2order_approx: reset counter for 4 NAN/INF values in logl
 *** WARNING *** GMRFLib_2order_approx: rescue NAN/INF values in logl for idx=377
 *** WARNING *** GMRFLib_2order_approx: reset counter for 8 NAN/INF values in logl
 *** WARNING *** GMRFLib_2order_approx: rescue NAN/INF values in logl for idx=377
 *** WARNING *** GMRFLib_2order_approx: reset counter for 5 NAN/INF values in logl
 *** WARNING *** GMRFLib_2order_approx: rescue NAN/INF values in logl for idx=51
 *** WARNING *** GMRFLib_2order_approx: reset counter for 7 NAN/INF values in logl
 *** WARNING *** GMRFLib_2order_approx: rescue NAN/INF values in logl for idx=15
 *** WARNING *** GMRFLib_2order_approx: reset counter for 30 NAN/INF values in logl
 *** WARNING *** GMRFLib_2order_approx: rescue NAN/INF values in logl for idx=440
 *** WARNING *** GMRFLib_2order_approx: reset counter for 139 NAN/INF values in logl
 *** WARNING *** GMRFLib_2order_approx: reset counter for 242 NAN/INF values in logl
 *** WARNING *** GMRFLib_2order_approx: reset counter for 242 NAN/INF values in logl
 *** WARNING *** GMRFLib_2order_approx: rescue NAN/INF values in logl for idx=377
 *** WARNING *** GMRFLib_2order_approx: reset counter for 6 NAN/INF values in logl
 *** WARNING *** GMRFLib_2order_approx: rescue NAN/INF values in logl for idx=377
 *** WARNING *** GMRFLib_2order_approx: reset counter for 22 NAN/INF values in logl
 *** WARNING *** GMRFLib_2order_approx: rescue NAN/INF values in logl for idx=0
 *** WARNING *** GMRFLib_2order_approx: reset counter for 212 NAN/INF values in logl
 *** WARNING *** GMRFLib_2order_approx: rescue NAN/INF values in logl for idx=365
 *** WARNING *** GMRFLib_2order_approx: reset counter for 72 NAN/INF values in logl
 *** WARNING *** GMRFLib_2order_approx: rescue NAN/INF values in logl for idx=0
 *** WARNING *** GMRFLib_2order_approx: reset counter for 265 NAN/INF values in logl
 *** WARNING *** GMRFLib_2order_approx: rescue NAN/INF values in logl for idx=377
 *** WARNING *** GMRFLib_2order_approx: reset counter for 4 NAN/INF values in logl
 *** WARNING *** GMRFLib_2order_approx: rescue NAN/INF values in logl for idx=377
 *** WARNING *** GMRFLib_2order_approx: reset counter for 5 NAN/INF values in logl
 *** WARNING *** GMRFLib_2order_approx: rescue NAN/INF values in logl for idx=0
 *** WARNING *** GMRFLib_2order_approx: reset counter for 149 NAN/INF values in logl
 *** WARNING *** GMRFLib_2order_approx: rescue NAN/INF values in logl for idx=440
 *** WARNING *** GMRFLib_2order_approx: reset counter for 2 NAN/INF values in logl
 *** WARNING *** GMRFLib_2order_approx: rescue NAN/INF values in logl for idx=365
 *** WARNING *** GMRFLib_2order_approx: reset counter for 85 NAN/INF values in logl
 *** WARNING *** GMRFLib_2order_approx: rescue NAN/INF values in logl for idx=0
 *** WARNING *** GMRFLib_2order_approx: reset counter for 129 NAN/INF values in logl
 *** WARNING *** GMRFLib_2order_approx: rescue NAN/INF values in logl for idx=365
 *** WARNING *** GMRFLib_2order_approx: reset counter for 83 NAN/INF values in logl
 *** WARNING *** GMRFLib_2order_approx: rescue NAN/INF values in logl for idx=0
 *** WARNING *** GMRFLib_2order_approx: reset counter for 252 NAN/INF values in logl
 *** WARNING *** GMRFLib_2order_approx: rescue NAN/INF values in logl for idx=440
 *** WARNING *** GMRFLib_2order_approx: reset counter for 39 NAN/INF values in logl
 *** WARNING *** GMRFLib_2order_approx: rescue NAN/INF values in logl for idx=2
 *** WARNING *** GMRFLib_2order_approx: reset counter for 141 NAN/INF values in logl
sh: /bin/kstat: No such file or directory
sh: /bin/kstat: No such file or directory
sh: /bin/kstat: No such file or directory
sh: /bin/kstat: No such file or directory
sh: /bin/kstat: No such file or directory
sh: /bin/kstat: No such file or directory
sh: /bin/kstat: No such file or directory
sh: /bin/kstat: No such file or directory
sh: /bin/kstat: No such file or directory
sh: /bin/kstat: No such file or directory
sh: /bin/kstat: No such file or directory
sh: /bin/kstat: No such file or directory
sh: /bin/kstat: No such file or directory
sh: /bin/kstat: No such file or directory
sh: /bin/kstat: No such file or directory
sh: /bin/kstat: No such file or directory
sh: /bin/kstat: No such file or directory
sh: /bin/kstat: No such file or directory
sh: /bin/kstat: No such file or directory
sh: /bin/kstat: No such file or directory
sh: /bin/kstat: No such file or directory
sh: /bin/kstat: No such file or directory
sh: /bin/kstat: No such file or directory
sh: /bin/kstat: No such file or directory
sh: /bin/kstat: No such file or directory
sh: /bin/kstat: No such file or directory
sh: /bin/kstat: No such file or directory
sh: /bin/kstat: No such file or directory
sh: /bin/kstat: No such file or directory
sh: /bin/kstat: No such file or directory
sh: /bin/kstat: No such file or directory
sh: /bin/kstat: No such file or directory
sh: /bin/kstat: No such file or directory
sh: /bin/kstat: No such file or directory
sh: /bin/kstat: No such file or directory
sh: /bin/kstat: No such file or directory
sh: /bin/kstat: No such file or directory
sh: /bin/kstat: No such file or directory
sh: /bin/kstat: No such file or directory
sh: /bin/kstat: No such file or directory
sh: /bin/kstat: No such file or directory
sh: /bin/kstat: No such file or directory
sh: /bin/kstat: No such file or directory
sh: /bin/kstat: No such file or directory
sh: /bin/kstat: No such file or directory
sh: /bin/kstat: No such file or directory
sh: /bin/kstat: No such file or directory
sh: /bin/kstat: No such file or directory
sh: /bin/kstat: No such file or directory
sh: /bin/kstat: No such file or directory
sh: /bin/kstat: No such file or directory
sh: /bin/kstat: No such file or directory
sh: /bin/kstat: No such file or directory
sh: /bin/kstat: No such file or directory
Fail to read A:B[:C] from [NA:1]
Will continue with '4:1:2'
 *** WARNING *** GMRFLib_2order_approx: rescue NAN/INF values in logl for idx=1052
 *** WARNING *** GMRFLib_2order_approx: reset counter for 9 NAN/INF values in logl
 *** WARNING *** GMRFLib_2order_approx: rescue NAN/INF values in logl for idx=105
 *** WARNING *** GMRFLib_2order_approx: reset counter for 45 NAN/INF values in logl
 *** WARNING *** GMRFLib_2order_approx: rescue NAN/INF values in logl for idx=365
 *** WARNING *** GMRFLib_2order_approx: reset counter for 18 NAN/INF values in logl
 *** WARNING *** GMRFLib_2order_approx: rescue NAN/INF values in logl for idx=1052
 *** WARNING *** GMRFLib_2order_approx: reset counter for 2 NAN/INF values in logl
 *** WARNING *** GMRFLib_2order_approx: rescue NAN/INF values in logl for idx=1
 *** WARNING *** GMRFLib_2order_approx: reset counter for 156 NAN/INF values in logl
 *** WARNING *** GMRFLib_2order_approx: rescue NAN/INF values in logl for idx=1052
 *** WARNING *** GMRFLib_2order_approx: reset counter for 2 NAN/INF values in logl
 *** WARNING *** GMRFLib_2order_approx: rescue NAN/INF values in logl for idx=365
 *** WARNING *** GMRFLib_2order_approx: reset counter for 15 NAN/INF values in logl
 *** WARNING *** GMRFLib_2order_approx: rescue NAN/INF values in logl for idx=377
 *** WARNING *** GMRFLib_2order_approx: reset counter for 58 NAN/INF values in logl
 *** WARNING *** GMRFLib_2order_approx: rescue NAN/INF values in logl for idx=377
 *** WARNING *** GMRFLib_2order_approx: reset counter for 20 NAN/INF values in logl
 *** WARNING *** GMRFLib_2order_approx: rescue NAN/INF values in logl for idx=1082
 *** WARNING *** GMRFLib_2order_approx: reset counter for 4 NAN/INF values in logl
 *** WARNING *** GMRFLib_2order_approx: rescue NAN/INF values in logl for idx=0
 *** WARNING *** GMRFLib_2order_approx: reset counter for 288 NAN/INF values in logl
 *** WARNING *** GMRFLib_2order_approx: rescue NAN/INF values in logl for idx=440
 *** WARNING *** GMRFLib_2order_approx: reset counter for 2 NAN/INF values in logl
 *** WARNING *** GMRFLib_2order_approx: rescue NAN/INF values in logl for idx=0
 *** WARNING *** GMRFLib_2order_approx: reset counter for 127 NAN/INF values in logl
 *** WARNING *** GMRFLib_2order_approx: rescue NAN/INF values in logl for idx=597
 *** WARNING *** GMRFLib_2order_approx: reset counter for 185 NAN/INF values in logl
 *** WARNING *** GMRFLib_2order_approx: rescue NAN/INF values in logl for idx=0
 *** WARNING *** GMRFLib_2order_approx: reset counter for 109 NAN/INF values in logl
 *** WARNING *** GMRFLib_2order_approx: rescue NAN/INF values in logl for idx=1098
 *** WARNING *** GMRFLib_2order_approx: reset counter for 78 NAN/INF values in logl
 *** WARNING *** GMRFLib_2order_approx: rescue NAN/INF values in logl for idx=110
 *** WARNING *** GMRFLib_2order_approx: reset counter for 47 NAN/INF values in logl
 *** WARNING *** GMRFLib_2order_approx: rescue NAN/INF values in logl for idx=110
 *** WARNING *** GMRFLib_2order_approx: rescue NAN/INF values in logl for idx=633
 *** WARNING *** GMRFLib_2order_approx: reset counter for 37 NAN/INF values in logl
 *** WARNING *** GMRFLib_2order_approx: rescue NAN/INF values in logl for idx=377
 *** WARNING *** GMRFLib_2order_approx: reset counter for 2 NAN/INF values in logl
 *** WARNING *** GMRFLib_2order_approx: rescue NAN/INF values in logl for idx=289
 *** WARNING *** GMRFLib_2order_approx: reset counter for 16 NAN/INF values in logl
 *** WARNING *** GMRFLib_2order_approx: reset counter for 16 NAN/INF values in logl
 *** WARNING *** GMRFLib_2order_approx: rescue NAN/INF values in logl for idx=366
 *** WARNING *** GMRFLib_2order_approx: reset counter for 2 NAN/INF values in logl
 *** WARNING *** GMRFLib_2order_approx: rescue NAN/INF values in logl for idx=1
 *** WARNING *** GMRFLib_2order_approx: rescue NAN/INF values in logl for idx=1082
 *** WARNING *** GMRFLib_2order_approx: reset counter for 198 NAN/INF values in logl
 *** WARNING *** GMRFLib_2order_approx: rescue NAN/INF values in logl for idx=0
 *** WARNING *** GMRFLib_2order_approx: reset counter for 290 NAN/INF values in logl
 *** WARNING *** GMRFLib_2order_approx: rescue NAN/INF values in logl for idx=5
 *** WARNING *** GMRFLib_2order_approx: reset counter for 127 NAN/INF values in logl
 *** WARNING *** GMRFLib_2order_approx: rescue NAN/INF values in logl for idx=365
 *** WARNING *** GMRFLib_2order_approx: reset counter for 6 NAN/INF values in logl
 *** WARNING *** GMRFLib_2order_approx: rescue NAN/INF values in logl for idx=512
 *** WARNING *** GMRFLib_2order_approx: reset counter for 102 NAN/INF values in logl
 *** WARNING *** GMRFLib_2order_approx: rescue NAN/INF values in logl for idx=560
 *** WARNING *** GMRFLib_2order_approx: reset counter for 3 NAN/INF values in logl
 *** WARNING *** GMRFLib_2order_approx: rescue NAN/INF values in logl for idx=820
 *** WARNING *** GMRFLib_2order_approx: reset counter for 3 NAN/INF values in logl
 *** WARNING *** GMRFLib_2order_approx: rescue NAN/INF values in logl for idx=0
 *** WARNING *** GMRFLib_2order_approx: reset counter for 380 NAN/INF values in logl
 *** WARNING *** GMRFLib_2order_approx: rescue NAN/INF values in logl for idx=617
 *** WARNING *** GMRFLib_2order_approx: reset counter for 365 NAN/INF values in logl
 *** WARNING *** GMRFLib_2order_approx: rescue NAN/INF values in logl for idx=0
 *** WARNING *** GMRFLib_2order_approx: reset counter for 299 NAN/INF values in logl
 *** WARNING *** GMRFLib_2order_approx: rescue NAN/INF values in logl for idx=682
 *** WARNING *** GMRFLib_2order_approx: reset counter for 163 NAN/INF values in logl
 *** WARNING *** GMRFLib_2order_approx: rescue NAN/INF values in logl for idx=365
 *** WARNING *** GMRFLib_2order_approx: reset counter for 107 NAN/INF values in logl
 *** WARNING *** GMRFLib_2order_approx: rescue NAN/INF values in logl for idx=857
 *** WARNING *** GMRFLib_2order_approx: reset counter for 62 NAN/INF values in logl
 *** WARNING *** GMRFLib_2order_approx: rescue NAN/INF values in logl for idx=377
 *** WARNING *** GMRFLib_2order_approx: reset counter for 9 NAN/INF values in logl
 *** WARNING *** GMRFLib_2order_approx: reset counter for 9 NAN/INF values in logl
 *** WARNING *** GMRFLib_2order_approx: rescue NAN/INF values in logl for idx=365
 *** WARNING *** GMRFLib_2order_approx: reset counter for 24 NAN/INF values in logl
 *** WARNING *** GMRFLib_2order_approx: rescue NAN/INF values in logl for idx=632
 *** WARNING *** GMRFLib_2order_approx: reset counter for 185 NAN/INF values in logl
 *** WARNING *** GMRFLib_2order_approx: rescue NAN/INF values in logl for idx=1096
 *** WARNING *** GMRFLib_2order_approx: reset counter for 6 NAN/INF values in logl
 *** WARNING *** GMRFLib_2order_approx: rescue NAN/INF values in logl for idx=0
 *** WARNING *** GMRFLib_2order_approx: rescue NAN/INF values in logl for idx=117
 *** WARNING *** GMRFLib_2order_approx: reset counter for 973 NAN/INF values in logl
 *** WARNING *** GMRFLib_2order_approx: rescue NAN/INF values in logl for idx=0
 *** WARNING *** GMRFLib_2order_approx: reset counter for 535 NAN/INF values in logl
 *** WARNING *** GMRFLib_2order_approx: rescue NAN/INF values in logl for idx=560
 *** WARNING *** GMRFLib_2order_approx: reset counter for 4 NAN/INF values in logl
 *** WARNING *** GMRFLib_2order_approx: rescue NAN/INF values in logl for idx=765
 *** WARNING *** GMRFLib_2order_approx: reset counter for 9 NAN/INF values in logl
 *** WARNING *** GMRFLib_2order_approx: rescue NAN/INF values in logl for idx=560
 *** WARNING *** GMRFLib_2order_approx: reset counter for 31 NAN/INF values in logl
 *** WARNING *** GMRFLib_2order_approx: rescue NAN/INF values in logl for idx=4
 *** WARNING *** GMRFLib_2order_approx: reset counter for 24 NAN/INF values in logl
 *** WARNING *** GMRFLib_2order_approx: rescue NAN/INF values in logl for idx=108
 *** WARNING *** GMRFLib_2order_approx: reset counter for 167 NAN/INF values in logl
 *** WARNING *** GMRFLib_2order_approx: rescue NAN/INF values in logl for idx=0
 *** WARNING *** GMRFLib_2order_approx: reset counter for 513 NAN/INF values in logl
 *** WARNING *** GMRFLib_2order_approx: rescue NAN/INF values in logl for idx=451
 *** WARNING *** GMRFLib_2order_approx: reset counter for 55 NAN/INF values in logl
 *** WARNING *** GMRFLib_2order_approx: rescue NAN/INF values in logl for idx=0
 *** WARNING *** GMRFLib_2order_approx: reset counter for 29 NAN/INF values in logl
 *** WARNING *** GMRFLib_2order_approx: rescue NAN/INF values in logl for idx=91
 *** WARNING *** GMRFLib_2order_approx: rescue NAN/INF values in logl for idx=0
 *** WARNING *** GMRFLib_2order_approx: reset counter for 853 NAN/INF values in logl
 *** WARNING *** GMRFLib_2order_approx: rescue NAN/INF values in logl for idx=6
 *** WARNING *** GMRFLib_2order_approx: reset counter for 44 NAN/INF values in logl
 *** WARNING *** GMRFLib_2order_approx: rescue NAN/INF values in logl for idx=256
 *** WARNING *** GMRFLib_2order_approx: reset counter for 426 NAN/INF values in logl
 *** WARNING *** GMRFLib_2order_approx: rescue NAN/INF values in logl for idx=764
 *** WARNING *** GMRFLib_2order_approx: reset counter for 6 NAN/INF values in logl
 *** WARNING *** GMRFLib_2order_approx: rescue NAN/INF values in logl for idx=0
 *** WARNING *** GMRFLib_2order_approx: reset counter for 375 NAN/INF values in logl
 *** WARNING *** GMRFLib_2order_approx: rescue NAN/INF values in logl for idx=0
 *** WARNING *** GMRFLib_2order_approx: reset counter for 487 NAN/INF values in logl
 *** WARNING *** GMRFLib_2order_approx: rescue NAN/INF values in logl for idx=377
 *** WARNING *** GMRFLib_2order_approx: reset counter for 57 NAN/INF values in logl
 *** WARNING *** GMRFLib_2order_approx: rescue NAN/INF values in logl for idx=180
 *** WARNING *** GMRFLib_2order_approx: reset counter for 134 NAN/INF values in logl
 *** WARNING *** GMRFLib_2order_approx: rescue NAN/INF values in logl for idx=947
 *** WARNING *** GMRFLib_2order_approx: reset counter for 22 NAN/INF values in logl
 *** WARNING *** GMRFLib_2order_approx: rescue NAN/INF values in logl for idx=1
 *** WARNING *** GMRFLib_2order_approx: reset counter for 363 NAN/INF values in logl
 *** WARNING *** GMRFLib_2order_approx: rescue NAN/INF values in logl for idx=856
 *** WARNING *** GMRFLib_2order_approx: reset counter for 261 NAN/INF values in logl
 *** WARNING *** GMRFLib_2order_approx: rescue NAN/INF values in logl for idx=0
 *** WARNING *** GMRFLib_2order_approx: reset counter for 422 NAN/INF values in logl
 *** WARNING *** GMRFLib_2order_approx: rescue NAN/INF values in logl for idx=0
 *** WARNING *** GMRFLib_2order_approx: reset counter for 212 NAN/INF values in logl
 *** WARNING *** GMRFLib_2order_approx: rescue NAN/INF values in logl for idx=3
 *** WARNING *** GMRFLib_2order_approx: reset counter for 148 NAN/INF values in logl
 *** WARNING *** GMRFLib_2order_approx: rescue NAN/INF values in logl for idx=3
 *** WARNING *** GMRFLib_2order_approx: reset counter for 260 NAN/INF values in logl
 *** WARNING *** GMRFLib_2order_approx: rescue NAN/INF values in logl for idx=0
 *** WARNING *** GMRFLib_2order_approx: reset counter for 103 NAN/INF values in logl
 *** WARNING *** GMRFLib_2order_approx: rescue NAN/INF values in logl for idx=1087
 *** WARNING *** GMRFLib_2order_approx: reset counter for 3 NAN/INF values in logl
 *** WARNING *** GMRFLib_2order_approx: rescue NAN/INF values in logl for idx=311
 *** WARNING *** GMRFLib_2order_approx: reset counter for 57 NAN/INF values in logl
 *** WARNING *** GMRFLib_2order_approx: rescue NAN/INF values in logl for idx=549
 *** WARNING *** GMRFLib_2order_approx: reset counter for 8 NAN/INF values in logl
 *** WARNING *** GMRFLib_2order_approx: rescue NAN/INF values in logl for idx=441
 *** WARNING *** GMRFLib_2order_approx: reset counter for 123 NAN/INF values in logl
 *** WARNING *** GMRFLib_2order_approx: rescue NAN/INF values in logl for idx=1
 *** WARNING *** GMRFLib_2order_approx: reset counter for 230 NAN/INF values in logl
 *** WARNING *** GMRFLib_2order_approx: rescue NAN/INF values in logl for idx=1086
 *** WARNING *** GMRFLib_2order_approx: reset counter for 388 NAN/INF values in logl
 *** WARNING *** GMRFLib_2order_approx: rescue NAN/INF values in logl for idx=1037
 *** WARNING *** GMRFLib_2order_approx: reset counter for 2 NAN/INF values in logl
 *** WARNING *** GMRFLib_2order_approx: rescue NAN/INF values in logl for idx=365
 *** WARNING *** GMRFLib_2order_approx: reset counter for 28 NAN/INF values in logl
 *** WARNING *** GMRFLib_2order_approx: rescue NAN/INF values in logl for idx=1
 *** WARNING *** GMRFLib_2order_approx: reset counter for 244 NAN/INF values in logl
 *** WARNING *** GMRFLib_2order_approx: rescue NAN/INF values in logl for idx=365
 *** WARNING *** GMRFLib_2order_approx: reset counter for 71 NAN/INF values in logl
 *** WARNING *** GMRFLib_2order_approx: rescue NAN/INF values in logl for idx=0
 *** WARNING *** GMRFLib_2order_approx: reset counter for 176 NAN/INF values in logl
 *** WARNING *** GMRFLib_2order_approx: rescue NAN/INF values in logl for idx=365
 *** WARNING *** GMRFLib_2order_approx: reset counter for 63 NAN/INF values in logl
 *** WARNING *** GMRFLib_2order_approx: rescue NAN/INF values in logl for idx=0
 *** WARNING *** GMRFLib_2order_approx: reset counter for 245 NAN/INF values in logl
 *** WARNING *** GMRFLib_2order_approx: rescue NAN/INF values in logl for idx=377
 *** WARNING *** GMRFLib_2order_approx: reset counter for 13 NAN/INF values in logl
 *** WARNING *** GMRFLib_2order_approx: rescue NAN/INF values in logl for idx=0
 *** WARNING *** GMRFLib_2order_approx: reset counter for 161 NAN/INF values in logl
 *** WARNING *** GMRFLib_2order_approx: rescue NAN/INF values in logl for idx=365
 *** WARNING *** GMRFLib_2order_approx: reset counter for 99 NAN/INF values in logl
 *** WARNING *** GMRFLib_2order_approx: rescue NAN/INF values in logl for idx=0
 *** WARNING *** GMRFLib_2order_approx: reset counter for 269 NAN/INF values in logl
 *** WARNING *** GMRFLib_2order_approx: rescue NAN/INF values in logl for idx=365
 *** WARNING *** GMRFLib_2order_approx: reset counter for 70 NAN/INF values in logl
 *** WARNING *** GMRFLib_2order_approx: rescue NAN/INF values in logl for idx=0
 *** WARNING *** GMRFLib_2order_approx: reset counter for 164 NAN/INF values in logl
 *** WARNING *** GMRFLib_2order_approx: rescue NAN/INF values in logl for idx=365
 *** WARNING *** GMRFLib_2order_approx: reset counter for 87 NAN/INF values in logl
 *** WARNING *** GMRFLib_2order_approx: rescue NAN/INF values in logl for idx=2
 *** WARNING *** GMRFLib_2order_approx: reset counter for 149 NAN/INF values in logl
 *** WARNING *** GMRFLib_2order_approx: rescue NAN/INF values in logl for idx=365
 *** WARNING *** GMRFLib_2order_approx: reset counter for 95 NAN/INF values in logl
 *** WARNING *** GMRFLib_2order_approx: rescue NAN/INF values in logl for idx=523
 *** WARNING *** GMRFLib_2order_approx: rescue NAN/INF values in logl for idx=523
 *** WARNING *** GMRFLib_2order_approx: reset counter for 4 NAN/INF values in logl
 *** WARNING *** GMRFLib_2order_approx: rescue NAN/INF values in logl for idx=0
 *** WARNING *** GMRFLib_2order_approx: reset counter for 125 NAN/INF values in logl
 *** WARNING *** GMRFLib_2order_approx: rescue NAN/INF values in logl for idx=227
 *** WARNING *** GMRFLib_2order_approx: rescue NAN/INF values in logl for idx=2
 *** WARNING *** GMRFLib_2order_approx: reset counter for 33 NAN/INF values in logl
 *** WARNING *** GMRFLib_2order_approx: rescue NAN/INF values in logl for idx=35
 *** WARNING *** GMRFLib_2order_approx: rescue NAN/INF values in logl for idx=0
 *** WARNING *** GMRFLib_2order_approx: rescue NAN/INF values in logl for idx=302
 *** WARNING *** GMRFLib_2order_approx: rescue NAN/INF values in logl for idx=56
 *** WARNING *** GMRFLib_2order_approx: reset counter for 2176 NAN/INF values in logl
 *** WARNING *** GMRFLib_2order_approx: reset counter for 2176 NAN/INF values in logl
 *** WARNING *** GMRFLib_2order_approx: reset counter for 2176 NAN/INF values in logl
 *** WARNING *** GMRFLib_2order_approx: rescue NAN/INF values in logl for idx=9
 *** WARNING *** GMRFLib_2order_approx: reset counter for 39 NAN/INF values in logl
 *** WARNING *** GMRFLib_2order_approx: rescue NAN/INF values in logl for idx=129
 *** WARNING *** GMRFLib_2order_approx: rescue NAN/INF values in logl for idx=129
 *** WARNING *** GMRFLib_2order_approx: reset counter for 253 NAN/INF values in logl
 *** WARNING *** GMRFLib_2order_approx: rescue NAN/INF values in logl for idx=328
 *** WARNING *** GMRFLib_2order_approx: rescue NAN/INF values in logl for idx=406
 *** WARNING *** GMRFLib_2order_approx: rescue NAN/INF values in logl for idx=576
 *** WARNING *** GMRFLib_2order_approx: reset counter for 465 NAN/INF values in logl
 *** WARNING *** GMRFLib_2order_approx: rescue NAN/INF values in logl for idx=18
 *** WARNING *** GMRFLib_2order_approx: reset counter for 93 NAN/INF values in logl
 *** WARNING *** GMRFLib_2order_approx: rescue NAN/INF values in logl for idx=473
 *** WARNING *** GMRFLib_2order_approx: reset counter for 111 NAN/INF values in logl
 *** WARNING *** GMRFLib_2order_approx: rescue NAN/INF values in logl for idx=15
 *** WARNING *** GMRFLib_2order_approx: reset counter for 43 NAN/INF values in logl
 *** WARNING *** GMRFLib_2order_approx: rescue NAN/INF values in logl for idx=1037
 *** WARNING *** GMRFLib_2order_approx: reset counter for 2 NAN/INF values in logl
 *** WARNING *** GMRFLib_2order_approx: reset counter for 2 NAN/INF values in logl
 *** WARNING *** GMRFLib_2order_approx: rescue NAN/INF values in logl for idx=377
 *** WARNING *** GMRFLib_2order_approx: reset counter for 10 NAN/INF values in logl
 *** WARNING *** GMRFLib_2order_approx: rescue NAN/INF values in logl for idx=50
 *** WARNING *** GMRFLib_2order_approx: reset counter for 5 NAN/INF values in logl
 *** WARNING *** GMRFLib_2order_approx: rescue NAN/INF values in logl for idx=1037
 *** WARNING *** GMRFLib_2order_approx: reset counter for 27 NAN/INF values in logl
 *** WARNING *** GMRFLib_2order_approx: rescue NAN/INF values in logl for idx=50
 *** WARNING *** GMRFLib_2order_approx: reset counter for 5 NAN/INF values in logl
 *** WARNING *** GMRFLib_2order_approx: rescue NAN/INF values in logl for idx=365
 *** WARNING *** GMRFLib_2order_approx: reset counter for 31 NAN/INF values in logl
 *** WARNING *** GMRFLib_2order_approx: rescue NAN/INF values in logl for idx=21
 *** WARNING *** GMRFLib_2order_approx: reset counter for 20 NAN/INF values in logl
 *** WARNING *** GMRFLib_2order_approx: rescue NAN/INF values in logl for idx=365
 *** WARNING *** GMRFLib_2order_approx: reset counter for 30 NAN/INF values in logl
 *** WARNING *** GMRFLib_2order_approx: rescue NAN/INF values in logl for idx=4
 *** WARNING *** GMRFLib_2order_approx: reset counter for 26 NAN/INF values in logl
 *** WARNING *** GMRFLib_2order_approx: rescue NAN/INF values in logl for idx=377
 *** WARNING *** GMRFLib_2order_approx: reset counter for 8 NAN/INF values in logl
 *** WARNING *** GMRFLib_2order_approx: rescue NAN/INF values in logl for idx=632
 *** WARNING *** GMRFLib_2order_approx: reset counter for 9 NAN/INF values in logl
 *** WARNING *** GMRFLib_2order_approx: rescue NAN/INF values in logl for idx=0
 *** WARNING *** GMRFLib_2order_approx: reset counter for 135 NAN/INF values in logl
 *** WARNING *** GMRFLib_2order_approx: rescue NAN/INF values in logl for idx=377
 *** WARNING *** GMRFLib_2order_approx: reset counter for 9 NAN/INF values in logl
 *** WARNING *** GMRFLib_2order_approx: rescue NAN/INF values in logl for idx=632
 *** WARNING *** GMRFLib_2order_approx: reset counter for 8 NAN/INF values in logl
 *** WARNING *** GMRFLib_2order_approx: rescue NAN/INF values in logl for idx=0
 *** WARNING *** GMRFLib_2order_approx: reset counter for 228 NAN/INF values in logl
 *** WARNING *** GMRFLib_2order_approx: rescue NAN/INF values in logl for idx=440
 *** WARNING *** GMRFLib_2order_approx: reset counter for 2 NAN/INF values in logl
 *** WARNING *** GMRFLib_2order_approx: rescue NAN/INF values in logl for idx=440
 *** WARNING *** GMRFLib_2order_approx: reset counter for 2 NAN/INF values in logl
 *** WARNING *** GMRFLib_2order_approx: rescue NAN/INF values in logl for idx=1
 *** WARNING *** GMRFLib_2order_approx: reset counter for 163 NAN/INF values in logl
 *** WARNING *** GMRFLib_2order_approx: rescue NAN/INF values in logl for idx=1038
 *** WARNING *** GMRFLib_2order_approx: reset counter for 25 NAN/INF values in logl
 *** WARNING *** GMRFLib_2order_approx: rescue NAN/INF values in logl for idx=365
 *** WARNING *** GMRFLib_2order_approx: reset counter for 101 NAN/INF values in logl
 *** WARNING *** GMRFLib_2order_approx: rescue NAN/INF values in logl for idx=0
 *** WARNING *** GMRFLib_2order_approx: reset counter for 193 NAN/INF values in logl
 *** WARNING *** GMRFLib_2order_approx: rescue NAN/INF values in logl for idx=1038
 *** WARNING *** GMRFLib_2order_approx: reset counter for 27 NAN/INF values in logl
 *** WARNING *** GMRFLib_2order_approx: rescue NAN/INF values in logl for idx=365
 *** WARNING *** GMRFLib_2order_approx: reset counter for 108 NAN/INF values in logl
 *** WARNING *** GMRFLib_2order_approx: rescue NAN/INF values in logl for idx=365
 *** WARNING *** GMRFLib_2order_approx: reset counter for 32 NAN/INF values in logl
 *** WARNING *** GMRFLib_2order_approx: rescue NAN/INF values in logl for idx=1082
 *** WARNING *** GMRFLib_2order_approx: reset counter for 3 NAN/INF values in logl
 *** WARNING *** GMRFLib_2order_approx: rescue NAN/INF values in logl for idx=0
 *** WARNING *** GMRFLib_2order_approx: reset counter for 216 NAN/INF values in logl
 *** WARNING *** GMRFLib_2order_approx: rescue NAN/INF values in logl for idx=1040
 *** WARNING *** GMRFLib_2order_approx: reset counter for 47 NAN/INF values in logl
 *** WARNING *** GMRFLib_2order_approx: rescue NAN/INF values in logl for idx=632
 *** WARNING *** GMRFLib_2order_approx: reset counter for 27 NAN/INF values in logl
 *** WARNING *** GMRFLib_2order_approx: rescue NAN/INF values in logl for idx=0
 *** WARNING *** GMRFLib_2order_approx: reset counter for 252 NAN/INF values in logl
 *** WARNING *** GMRFLib_2order_approx: rescue NAN/INF values in logl for idx=2
 *** WARNING *** GMRFLib_2order_approx: reset counter for 76 NAN/INF values in logl
 *** WARNING *** GMRFLib_2order_approx: rescue NAN/INF values in logl for idx=1070
 *** WARNING *** GMRFLib_2order_approx: reset counter for 31 NAN/INF values in logl
 *** WARNING *** GMRFLib_2order_approx: rescue NAN/INF values in logl for idx=1
 *** WARNING *** GMRFLib_2order_approx: reset counter for 113 NAN/INF values in logl
 *** WARNING *** GMRFLib_2order_approx: rescue NAN/INF values in logl for idx=1055
 *** WARNING *** GMRFLib_2order_approx: reset counter for 17 NAN/INF values in logl
 *** WARNING *** GMRFLib_2order_approx: rescue NAN/INF values in logl for idx=365
 *** WARNING *** GMRFLib_2order_approx: reset counter for 22 NAN/INF values in logl
 *** WARNING *** GMRFLib_2order_approx: rescue NAN/INF values in logl for idx=482
 *** WARNING *** GMRFLib_2order_approx: reset counter for 81 NAN/INF values in logl
 *** WARNING *** GMRFLib_2order_approx: rescue NAN/INF values in logl for idx=0
 *** WARNING *** GMRFLib_2order_approx: reset counter for 178 NAN/INF values in logl
 *** WARNING *** GMRFLib_2order_approx: rescue NAN/INF values in logl for idx=1055
 *** WARNING *** GMRFLib_2order_approx: reset counter for 49 NAN/INF values in logl
 *** WARNING *** GMRFLib_2order_approx: rescue NAN/INF values in logl for idx=572
 *** WARNING *** GMRFLib_2order_approx: reset counter for 45 NAN/INF values in logl
 *** WARNING *** GMRFLib_2order_approx: rescue NAN/INF values in logl for idx=962
 *** WARNING *** GMRFLib_2order_approx: reset counter for 17 NAN/INF values in logl
 *** WARNING *** GMRFLib_2order_approx: rescue NAN/INF values in logl for idx=2
 *** WARNING *** GMRFLib_2order_approx: reset counter for 137 NAN/INF values in logl
 *** WARNING *** GMRFLib_2order_approx: rescue NAN/INF values in logl for idx=3
 *** WARNING *** GMRFLib_2order_approx: reset counter for 69 NAN/INF values in logl
 *** WARNING *** GMRFLib_2order_approx: rescue NAN/INF values in logl for idx=365
 *** WARNING *** GMRFLib_2order_approx: reset counter for 54 NAN/INF values in logl
 *** WARNING *** GMRFLib_2order_approx: rescue NAN/INF values in logl for idx=1098
 *** WARNING *** GMRFLib_2order_approx: rescue NAN/INF values in logl for idx=1
 *** WARNING *** GMRFLib_2order_approx: reset counter for 57 NAN/INF values in logl
 *** WARNING *** GMRFLib_2order_approx: rescue NAN/INF values in logl for idx=91
 *** WARNING *** GMRFLib_2order_approx: reset counter for 71 NAN/INF values in logl
 *** WARNING *** GMRFLib_2order_approx: rescue NAN/INF values in logl for idx=377
 *** WARNING *** GMRFLib_2order_approx: reset counter for 20 NAN/INF values in logl
 *** WARNING *** GMRFLib_2order_approx: rescue NAN/INF values in logl for idx=365
 *** WARNING *** GMRFLib_2order_approx: reset counter for 93 NAN/INF values in logl
 *** WARNING *** GMRFLib_2order_approx: rescue NAN/INF values in logl for idx=0
 *** WARNING *** GMRFLib_2order_approx: reset counter for 194 NAN/INF values in logl
 *** WARNING *** GMRFLib_2order_approx: rescue NAN/INF values in logl for idx=440
 *** WARNING *** GMRFLib_2order_approx: reset counter for 3 NAN/INF values in logl
 *** WARNING *** GMRFLib_2order_approx: rescue NAN/INF values in logl for idx=1083
 *** WARNING *** GMRFLib_2order_approx: reset counter for 2 NAN/INF values in logl
 *** WARNING *** GMRFLib_2order_approx: rescue NAN/INF values in logl for idx=0
 *** WARNING *** GMRFLib_2order_approx: reset counter for 193 NAN/INF values in logl
 *** WARNING *** GMRFLib_2order_approx: rescue NAN/INF values in logl for idx=0
 *** WARNING *** GMRFLib_2order_approx: reset counter for 292 NAN/INF values in logl
 *** WARNING *** GMRFLib_2order_approx: rescue NAN/INF values in logl for idx=365
 *** WARNING *** GMRFLib_2order_approx: reset counter for 91 NAN/INF values in logl
 *** WARNING *** GMRFLib_2order_approx: rescue NAN/INF values in logl for idx=0
 *** WARNING *** GMRFLib_2order_approx: reset counter for 65 NAN/INF values in logl
 *** WARNING *** GMRFLib_2order_approx: rescue NAN/INF values in logl for idx=340
 *** WARNING *** GMRFLib_2order_approx: reset counter for 6 NAN/INF values in logl
 *** WARNING *** GMRFLib_2order_approx: rescue NAN/INF values in logl for idx=377
 *** WARNING *** GMRFLib_2order_approx: reset counter for 10 NAN/INF values in logl
 *** WARNING *** GMRFLib_2order_approx: rescue NAN/INF values in logl for idx=1082
 *** WARNING *** GMRFLib_2order_approx: reset counter for 3 NAN/INF values in logl
 *** WARNING *** GMRFLib_2order_approx: rescue NAN/INF values in logl for idx=365
 *** WARNING *** GMRFLib_2order_approx: reset counter for 60 NAN/INF values in logl
 *** WARNING *** GMRFLib_2order_approx: rescue NAN/INF values in logl for idx=762
 *** WARNING *** GMRFLib_2order_approx: reset counter for 30 NAN/INF values in logl
 *** WARNING *** GMRFLib_2order_approx: rescue NAN/INF values in logl for idx=0
 *** WARNING *** GMRFLib_2order_approx: reset counter for 240 NAN/INF values in logl
 *** WARNING *** GMRFLib_2order_approx: rescue NAN/INF values in logl for idx=1037
 *** WARNING *** GMRFLib_2order_approx: reset counter for 34 NAN/INF values in logl
 *** WARNING *** GMRFLib_2order_approx: rescue NAN/INF values in logl for idx=4
 *** WARNING *** GMRFLib_2order_approx: reset counter for 87 NAN/INF values in logl
 *** WARNING *** GMRFLib_2order_approx: rescue NAN/INF values in logl for idx=377
 *** WARNING *** GMRFLib_2order_approx: reset counter for 7 NAN/INF values in logl
 *** WARNING *** GMRFLib_2order_approx: rescue NAN/INF values in logl for idx=0
 *** WARNING *** GMRFLib_2order_approx: reset counter for 245 NAN/INF values in logl
 *** WARNING *** GMRFLib_2order_approx: rescue NAN/INF values in logl for idx=412
 *** WARNING *** GMRFLib_2order_approx: reset counter for 5 NAN/INF values in logl
 *** WARNING *** GMRFLib_2order_approx: rescue NAN/INF values in logl for idx=1037
 *** WARNING *** GMRFLib_2order_approx: reset counter for 28 NAN/INF values in logl
 *** WARNING *** GMRFLib_2order_approx: rescue NAN/INF values in logl for idx=440
 *** WARNING *** GMRFLib_2order_approx: reset counter for 2 NAN/INF values in logl
 *** WARNING *** GMRFLib_2order_approx: rescue NAN/INF values in logl for idx=365
 *** WARNING *** GMRFLib_2order_approx: reset counter for 27 NAN/INF values in logl
 *** WARNING *** GMRFLib_2order_approx: rescue NAN/INF values in logl for idx=39
 *** WARNING *** GMRFLib_2order_approx: reset counter for 32 NAN/INF values in logl
 *** WARNING *** GMRFLib_2order_approx: rescue NAN/INF values in logl for idx=365
 *** WARNING *** GMRFLib_2order_approx: reset counter for 32 NAN/INF values in logl
 *** WARNING *** GMRFLib_2order_approx: rescue NAN/INF values in logl for idx=1082
 *** WARNING *** GMRFLib_2order_approx: reset counter for 31 NAN/INF values in logl
 *** WARNING *** GMRFLib_2order_approx: rescue NAN/INF values in logl for idx=1052
 *** WARNING *** GMRFLib_2order_approx: reset counter for 6 NAN/INF values in logl
 *** WARNING *** GMRFLib_2order_approx: rescue NAN/INF values in logl for idx=377
 *** WARNING *** GMRFLib_2order_approx: reset counter for 7 NAN/INF values in logl
 *** WARNING *** GMRFLib_2order_approx: rescue NAN/INF values in logl for idx=1
 *** WARNING *** GMRFLib_2order_approx: reset counter for 178 NAN/INF values in logl
 *** WARNING *** GMRFLib_2order_approx: rescue NAN/INF values in logl for idx=1040
 *** WARNING *** GMRFLib_2order_approx: reset counter for 13 NAN/INF values in logl
 *** WARNING *** GMRFLib_2order_approx: rescue NAN/INF values in logl for idx=0
 *** WARNING *** GMRFLib_2order_approx: reset counter for 231 NAN/INF values in logl
 *** WARNING *** GMRFLib_2order_approx: rescue NAN/INF values in logl for idx=0
 *** WARNING *** GMRFLib_2order_approx: reset counter for 152 NAN/INF values in logl
 *** WARNING *** GMRFLib_2order_approx: rescue NAN/INF values in logl for idx=0
 *** WARNING *** GMRFLib_2order_approx: reset counter for 206 NAN/INF values in logl
 *** WARNING *** GMRFLib_2order_approx: rescue NAN/INF values in logl for idx=440
 *** WARNING *** GMRFLib_2order_approx: reset counter for 2 NAN/INF values in logl
 *** WARNING *** GMRFLib_2order_approx: rescue NAN/INF values in logl for idx=365
 *** WARNING *** GMRFLib_2order_approx: reset counter for 65 NAN/INF values in logl
 *** WARNING *** GMRFLib_2order_approx: rescue NAN/INF values in logl for idx=377
 *** WARNING *** GMRFLib_2order_approx: reset counter for 99 NAN/INF values in logl
 *** WARNING *** GMRFLib_2order_approx: reset counter for 99 NAN/INF values in logl
 *** WARNING *** GMRFLib_2order_approx: rescue NAN/INF values in logl for idx=365
 *** WARNING *** GMRFLib_2order_approx: reset counter for 95 NAN/INF values in logl
 *** WARNING *** GMRFLib_2order_approx: rescue NAN/INF values in logl for idx=377
 *** WARNING *** GMRFLib_2order_approx: reset counter for 3 NAN/INF values in logl
 *** WARNING *** GMRFLib_2order_approx: rescue NAN/INF values in logl for idx=652
 *** WARNING *** GMRFLib_2order_approx: reset counter for 2 NAN/INF values in logl
 *** WARNING *** GMRFLib_2order_approx: rescue NAN/INF values in logl for idx=0
 *** WARNING *** GMRFLib_2order_approx: reset counter for 152 NAN/INF values in logl
 *** WARNING *** GMRFLib_2order_approx: rescue NAN/INF values in logl for idx=6
 *** WARNING *** GMRFLib_2order_approx: reset counter for 38 NAN/INF values in logl
 *** WARNING *** GMRFLib_2order_approx: rescue NAN/INF values in logl for idx=0
 *** WARNING *** GMRFLib_2order_approx: reset counter for 248 NAN/INF values in logl
 *** WARNING *** GMRFLib_2order_approx: rescue NAN/INF values in logl for idx=440
 *** WARNING *** GMRFLib_2order_approx: reset counter for 2 NAN/INF values in logl
 *** WARNING *** GMRFLib_2order_approx: rescue NAN/INF values in logl for idx=1053
 *** WARNING *** GMRFLib_2order_approx: reset counter for 471 NAN/INF values in logl
 *** WARNING *** GMRFLib_2order_approx: rescue NAN/INF values in logl for idx=428
 *** WARNING *** GMRFLib_2order_approx: rescue NAN/INF values in logl for idx=448
 *** WARNING *** GMRFLib_2order_approx: reset counter for 19 NAN/INF values in logl
 *** WARNING *** GMRFLib_2order_approx: rescue NAN/INF values in logl for idx=0
 *** WARNING *** GMRFLib_2order_approx: reset counter for 27 NAN/INF values in logl
 *** WARNING *** GMRFLib_2order_approx: rescue NAN/INF values in logl for idx=139
 *** WARNING *** GMRFLib_2order_approx: reset counter for 55 NAN/INF values in logl
 *** WARNING *** GMRFLib_2order_approx: rescue NAN/INF values in logl for idx=219
 *** WARNING *** GMRFLib_2order_approx: reset counter for 19 NAN/INF values in logl
 *** WARNING *** GMRFLib_2order_approx: rescue NAN/INF values in logl for idx=0
 *** WARNING *** GMRFLib_2order_approx: rescue NAN/INF values in logl for idx=0
 *** WARNING *** GMRFLib_2order_approx: rescue NAN/INF values in logl for idx=319
 *** WARNING *** GMRFLib_2order_approx: rescue NAN/INF values in logl for idx=0
 *** WARNING *** GMRFLib_2order_approx: reset counter for 1550 NAN/INF values in logl
 *** WARNING *** GMRFLib_2order_approx: rescue NAN/INF values in logl for idx=764
 *** WARNING *** GMRFLib_2order_approx: reset counter for 21 NAN/INF values in logl
 *** WARNING *** GMRFLib_2order_approx: rescue NAN/INF values in logl for idx=9
 *** WARNING *** GMRFLib_2order_approx: reset counter for 17 NAN/INF values in logl
 *** WARNING *** GMRFLib_2order_approx: rescue NAN/INF values in logl for idx=340
 *** WARNING *** GMRFLib_2order_approx: reset counter for 22 NAN/INF values in logl
 *** WARNING *** GMRFLib_2order_approx: rescue NAN/INF values in logl for idx=0
 *** WARNING *** GMRFLib_2order_approx: reset counter for 919 NAN/INF values in logl
 *** WARNING *** GMRFLib_2order_approx: rescue NAN/INF values in logl for idx=905
 *** WARNING *** GMRFLib_2order_approx: reset counter for 107 NAN/INF values in logl
 *** WARNING *** GMRFLib_2order_approx: reset counter for 24 NAN/INF values in logl
 *** WARNING *** GMRFLib_2order_approx: rescue NAN/INF values in logl for idx=1052
 *** WARNING *** GMRFLib_2order_approx: reset counter for 7 NAN/INF values in logl
 *** WARNING *** GMRFLib_2order_approx: rescue NAN/INF values in logl for idx=0
 *** WARNING *** GMRFLib_2order_approx: reset counter for 584 NAN/INF values in logl
sh: /bin/kstat: No such file or directory
sh: /bin/kstat: No such file or directory
sh: /bin/kstat: No such file or directory
sh: /bin/kstat: No such file or directory
sh: /bin/kstat: No such file or directory
sh: /bin/kstat: No such file or directory
sh: /bin/kstat: No such file or directory
sh: /bin/kstat: No such file or directory
sh: /bin/kstat: No such file or directory
sh: /bin/kstat: No such file or directory
sh: /bin/kstat: No such file or directory
sh: /bin/kstat: No such file or directory
sh: /bin/kstat: No such file or directory
sh: /bin/kstat: No such file or directory
sh: /bin/kstat: No such file or directory
sh: /bin/kstat: No such file or directory
sh: /bin/kstat: No such file or directory
sh: /bin/kstat: No such file or directory
sh: /bin/kstat: No such file or directory
sh: /bin/kstat: No such file or directory
sh: /bin/kstat: No such file or directory
sh: /bin/kstat: No such file or directory
sh: /bin/kstat: No such file or directory
sh: /bin/kstat: No such file or directory
sh: /bin/kstat: No such file or directory
sh: /bin/kstat: No such file or directory
sh: /bin/kstat: No such file or directory
sh: /bin/kstat: No such file or directory
sh: /bin/kstat: No such file or directory
sh: /bin/kstat: No such file or directory
sh: /bin/kstat: No such file or directory
sh: /bin/kstat: No such file or directory
sh: /bin/kstat: No such file or directory
sh: /bin/kstat: No such file or directory
sh: /bin/kstat: No such file or directory
sh: /bin/kstat: No such file or directory
sh: /bin/kstat: No such file or directory
sh: /bin/kstat: No such file or directory
sh: /bin/kstat: No such file or directory
sh: /bin/kstat: No such file or directory
sh: /bin/kstat: No such file or directory
sh: /bin/kstat: No such file or directory
sh: /bin/kstat: No such file or directory
sh: /bin/kstat: No such file or directory
sh: /bin/kstat: No such file or directory
sh: /bin/kstat: No such file or directory
sh: /bin/kstat: No such file or directory
sh: /bin/kstat: No such file or directory
sh: /bin/kstat: No such file or directory
sh: /bin/kstat: No such file or directory
sh: /bin/kstat: No such file or directory
sh: /bin/kstat: No such file or directory
sh: /bin/kstat: No such file or directory
sh: /bin/kstat: No such file or directory
sh: /bin/kstat: No such file or directory
sh: /bin/kstat: No such file or directory
sh: /bin/kstat: No such file or directory
Fail to read A:B[:C] from [NA:1]
Will continue with '4:1:2'
 *** WARNING *** GMRFLib_2order_approx: rescue NAN/INF values in logl for idx=90
 *** WARNING *** GMRFLib_2order_approx: reset counter for 2 NAN/INF values in logl
 *** WARNING *** GMRFLib_2order_approx: reset counter for 2 NAN/INF values in logl
 *** WARNING *** GMRFLib_2order_approx: rescue NAN/INF values in logl for idx=90
 *** WARNING *** GMRFLib_2order_approx: rescue NAN/INF values in logl for idx=110
 *** WARNING *** GMRFLib_2order_approx: reset counter for 162 NAN/INF values in logl
 *** WARNING *** GMRFLib_2order_approx: rescue NAN/INF values in logl for idx=365
 *** WARNING *** GMRFLib_2order_approx: reset counter for 66 NAN/INF values in logl
 *** WARNING *** GMRFLib_2order_approx: reset counter for 66 NAN/INF values in logl
 *** WARNING *** GMRFLib_2order_approx: reset counter for 66 NAN/INF values in logl
 *** WARNING *** GMRFLib_2order_approx: rescue NAN/INF values in logl for idx=1052
 *** WARNING *** GMRFLib_2order_approx: reset counter for 7 NAN/INF values in logl
 *** WARNING *** GMRFLib_2order_approx: rescue NAN/INF values in logl for idx=441
 *** WARNING *** GMRFLib_2order_approx: reset counter for 74 NAN/INF values in logl
 *** WARNING *** GMRFLib_2order_approx: reset counter for 74 NAN/INF values in logl
 *** WARNING *** GMRFLib_2order_approx: rescue NAN/INF values in logl for idx=111
 *** WARNING *** GMRFLib_2order_approx: reset counter for 74 NAN/INF values in logl
 *** WARNING *** GMRFLib_2order_approx: rescue NAN/INF values in logl for idx=0
 *** WARNING *** GMRFLib_2order_approx: reset counter for 161 NAN/INF values in logl
 *** WARNING *** GMRFLib_2order_approx: reset counter for 161 NAN/INF values in logl
 *** WARNING *** GMRFLib_2order_approx: rescue NAN/INF values in logl for idx=106
 *** WARNING *** GMRFLib_2order_approx: reset counter for 48 NAN/INF values in logl
 *** WARNING *** GMRFLib_2order_approx: reset counter for 48 NAN/INF values in logl
 *** WARNING *** GMRFLib_2order_approx: reset counter for 48 NAN/INF values in logl
 *** WARNING *** GMRFLib_2order_approx: rescue NAN/INF values in logl for idx=440
 *** WARNING *** GMRFLib_2order_approx: reset counter for 11 NAN/INF values in logl
 *** WARNING *** GMRFLib_2order_approx: rescue NAN/INF values in logl for idx=0
 *** WARNING *** GMRFLib_2order_approx: reset counter for 432 NAN/INF values in logl
 *** WARNING *** GMRFLib_2order_approx: rescue NAN/INF values in logl for idx=0
 *** WARNING *** GMRFLib_2order_approx: reset counter for 432 NAN/INF values in logl
 *** WARNING *** GMRFLib_2order_approx: rescue NAN/INF values in logl for idx=203
 *** WARNING *** GMRFLib_2order_approx: rescue NAN/INF values in logl for idx=5
 *** WARNING *** GMRFLib_2order_approx: reset counter for 145 NAN/INF values in logl
 *** WARNING *** GMRFLib_2order_approx: rescue NAN/INF values in logl for idx=420
 *** WARNING *** GMRFLib_2order_approx: rescue NAN/INF values in logl for idx=105
 *** WARNING *** GMRFLib_2order_approx: rescue NAN/INF values in logl for idx=3
 *** WARNING *** GMRFLib_2order_approx: reset counter for 27 NAN/INF values in logl
 *** WARNING *** GMRFLib_2order_approx: rescue NAN/INF values in logl for idx=1
 *** WARNING *** GMRFLib_2order_approx: rescue NAN/INF values in logl for idx=106
 *** WARNING *** GMRFLib_2order_approx: reset counter for 327 NAN/INF values in logl
 *** WARNING *** GMRFLib_2order_approx: reset counter for 327 NAN/INF values in logl
 *** WARNING *** GMRFLib_2order_approx: rescue NAN/INF values in logl for idx=0
 *** WARNING *** GMRFLib_2order_approx: reset counter for 84 NAN/INF values in logl
 *** WARNING *** GMRFLib_2order_approx: reset counter for 84 NAN/INF values in logl
 *** WARNING *** GMRFLib_2order_approx: rescue NAN/INF values in logl for idx=140
 *** WARNING *** GMRFLib_2order_approx: reset counter for 75 NAN/INF values in logl
 *** WARNING *** GMRFLib_2order_approx: rescue NAN/INF values in logl for idx=0
 *** WARNING *** GMRFLib_2order_approx: reset counter for 441 NAN/INF values in logl
 *** WARNING *** GMRFLib_2order_approx: rescue NAN/INF values in logl for idx=1
 *** WARNING *** GMRFLib_2order_approx: reset counter for 441 NAN/INF values in logl
 *** WARNING *** GMRFLib_2order_approx: rescue NAN/INF values in logl for idx=46
 *** WARNING *** GMRFLib_2order_approx: rescue NAN/INF values in logl for idx=0
 *** WARNING *** GMRFLib_2order_approx: rescue NAN/INF values in logl for idx=633
 *** WARNING *** GMRFLib_2order_approx: reset counter for 409 NAN/INF values in logl
 *** WARNING *** GMRFLib_2order_approx: reset counter for 210 NAN/INF values in logl
 *** WARNING *** GMRFLib_2order_approx: rescue NAN/INF values in logl for idx=0
 *** WARNING *** GMRFLib_2order_approx: reset counter for 16 NAN/INF values in logl
 *** WARNING *** GMRFLib_2order_approx: rescue NAN/INF values in logl for idx=1
 *** WARNING *** GMRFLib_2order_approx: rescue NAN/INF values in logl for idx=110
 *** WARNING *** GMRFLib_2order_approx: reset counter for 32 NAN/INF values in logl
 *** WARNING *** GMRFLib_2order_approx: rescue NAN/INF values in logl for idx=165
 *** WARNING *** GMRFLib_2order_approx: reset counter for 197 NAN/INF values in logl
 *** WARNING *** GMRFLib_2order_approx: reset counter for 197 NAN/INF values in logl
 *** WARNING *** GMRFLib_2order_approx: reset counter for 197 NAN/INF values in logl
 *** WARNING *** GMRFLib_2order_approx: rescue NAN/INF values in logl for idx=560
 *** WARNING *** GMRFLib_2order_approx: reset counter for 4 NAN/INF values in logl
 *** WARNING *** GMRFLib_2order_approx: rescue NAN/INF values in logl for idx=0
 *** WARNING *** GMRFLib_2order_approx: reset counter for 42 NAN/INF values in logl
 *** WARNING *** GMRFLib_2order_approx: rescue NAN/INF values in logl for idx=196
 *** WARNING *** GMRFLib_2order_approx: reset counter for 63 NAN/INF values in logl
 *** WARNING *** GMRFLib_2order_approx: reset counter for 94 NAN/INF values in logl
 *** WARNING *** GMRFLib_2order_approx: rescue NAN/INF values in logl for idx=435
 *** WARNING *** GMRFLib_2order_approx: rescue NAN/INF values in logl for idx=86
 *** WARNING *** GMRFLib_2order_approx: rescue NAN/INF values in logl for idx=3
 *** WARNING *** GMRFLib_2order_approx: reset counter for 1045 NAN/INF values in logl
 *** WARNING *** GMRFLib_2order_approx: rescue NAN/INF values in logl for idx=0
 *** WARNING *** GMRFLib_2order_approx: reset counter for 518 NAN/INF values in logl
 *** WARNING *** GMRFLib_2order_approx: rescue NAN/INF values in logl for idx=254
 *** WARNING *** GMRFLib_2order_approx: reset counter for 3 NAN/INF values in logl
 *** WARNING *** GMRFLib_2order_approx: rescue NAN/INF values in logl for idx=475
 *** WARNING *** GMRFLib_2order_approx: reset counter for 3 NAN/INF values in logl
 *** WARNING *** GMRFLib_2order_approx: rescue NAN/INF values in logl for idx=520
 *** WARNING *** GMRFLib_2order_approx: reset counter for 210 NAN/INF values in logl
 *** WARNING *** GMRFLib_2order_approx: rescue NAN/INF values in logl for idx=0
 *** WARNING *** GMRFLib_2order_approx: reset counter for 119 NAN/INF values in logl
 *** WARNING *** GMRFLib_2order_approx: rescue NAN/INF values in logl for idx=180
 *** WARNING *** GMRFLib_2order_approx: reset counter for 130 NAN/INF values in logl
 *** WARNING *** GMRFLib_2order_approx: rescue NAN/INF values in logl for idx=0
 *** WARNING *** GMRFLib_2order_approx: rescue NAN/INF values in logl for idx=3
 *** WARNING *** GMRFLib_2order_approx: rescue NAN/INF values in logl for idx=225
 *** WARNING *** GMRFLib_2order_approx: reset counter for 1416 NAN/INF values in logl
 *** WARNING *** GMRFLib_2order_approx: rescue NAN/INF values in logl for idx=245
 *** WARNING *** GMRFLib_2order_approx: reset counter for 82 NAN/INF values in logl
 *** WARNING *** GMRFLib_2order_approx: reset counter for 82 NAN/INF values in logl
 *** WARNING *** GMRFLib_2order_approx: rescue NAN/INF values in logl for idx=560
 *** WARNING *** GMRFLib_2order_approx: reset counter for 5 NAN/INF values in logl
 *** WARNING *** GMRFLib_2order_approx: rescue NAN/INF values in logl for idx=1
 *** WARNING *** GMRFLib_2order_approx: reset counter for 52 NAN/INF values in logl
 *** WARNING *** GMRFLib_2order_approx: rescue NAN/INF values in logl for idx=161
 *** WARNING *** GMRFLib_2order_approx: reset counter for 17 NAN/INF values in logl
 *** WARNING *** GMRFLib_2order_approx: rescue NAN/INF values in logl for idx=261
 *** WARNING *** GMRFLib_2order_approx: reset counter for 338 NAN/INF values in logl
 *** WARNING *** GMRFLib_2order_approx: reset counter for 338 NAN/INF values in logl
 *** WARNING *** GMRFLib_2order_approx: rescue NAN/INF values in logl for idx=389
 *** WARNING *** GMRFLib_2order_approx: reset counter for 4 NAN/INF values in logl
 *** WARNING *** GMRFLib_2order_approx: reset counter for 4 NAN/INF values in logl
 *** WARNING *** GMRFLib_2order_approx: reset counter for 4 NAN/INF values in logl
 *** WARNING *** GMRFLib_2order_approx: rescue NAN/INF values in logl for idx=0
 *** WARNING *** GMRFLib_2order_approx: reset counter for 458 NAN/INF values in logl
 *** WARNING *** GMRFLib_2order_approx: rescue NAN/INF values in logl for idx=0
 *** WARNING *** GMRFLib_2order_approx: reset counter for 465 NAN/INF values in logl
 *** WARNING *** GMRFLib_2order_approx: reset counter for 465 NAN/INF values in logl
 *** WARNING *** GMRFLib_2order_approx: rescue NAN/INF values in logl for idx=0
 *** WARNING *** GMRFLib_2order_approx: reset counter for 536 NAN/INF values in logl
 *** WARNING *** GMRFLib_2order_approx: rescue NAN/INF values in logl for idx=560
 *** WARNING *** GMRFLib_2order_approx: reset counter for 3 NAN/INF values in logl
sh: /bin/kstat: No such file or directory
sh: /bin/kstat: No such file or directory
sh: /bin/kstat: No such file or directory
sh: /bin/kstat: No such file or directory
sh: /bin/kstat: No such file or directory
sh: /bin/kstat: No such file or directory
sh: /bin/kstat: No such file or directory
sh: /bin/kstat: No such file or directory
sh: /bin/kstat: No such file or directory
sh: /bin/kstat: No such file or directory
sh: /bin/kstat: No such file or directory
sh: /bin/kstat: No such file or directory
sh: /bin/kstat: No such file or directory
sh: /bin/kstat: No such file or directory
sh: /bin/kstat: No such file or directory
sh: /bin/kstat: No such file or directory
sh: /bin/kstat: No such file or directory
sh: /bin/kstat: No such file or directory
sh: /bin/kstat: No such file or directory
sh: /bin/kstat: No such file or directory
sh: /bin/kstat: No such file or directory
sh: /bin/kstat: No such file or directory
sh: /bin/kstat: No such file or directory
sh: /bin/kstat: No such file or directory
sh: /bin/kstat: No such file or directory
sh: /bin/kstat: No such file or directory
sh: /bin/kstat: No such file or directory
sh: /bin/kstat: No such file or directory
sh: /bin/kstat: No such file or directory
sh: /bin/kstat: No such file or directory
sh: /bin/kstat: No such file or directory
sh: /bin/kstat: No such file or directory
sh: /bin/kstat: No such file or directory
sh: /bin/kstat: No such file or directory
sh: /bin/kstat: No such file or directory
sh: /bin/kstat: No such file or directory
sh: /bin/kstat: No such file or directory
sh: /bin/kstat: No such file or directory
sh: /bin/kstat: No such file or directory
sh: /bin/kstat: No such file or directory
sh: /bin/kstat: No such file or directory
sh: /bin/kstat: No such file or directory
sh: /bin/kstat: No such file or directory
sh: /bin/kstat: No such file or directory
sh: /bin/kstat: No such file or directory
sh: /bin/kstat: No such file or directory
sh: /bin/kstat: No such file or directory
sh: /bin/kstat: No such file or directory
sh: /bin/kstat: No such file or directory
sh: /bin/kstat: No such file or directory
sh: /bin/kstat: No such file or directory
sh: /bin/kstat: No such file or directory
sh: /bin/kstat: No such file or directory
sh: /bin/kstat: No such file or directory
sh: /bin/kstat: No such file or directory
sh: /bin/kstat: No such file or directory
sh: /bin/kstat: No such file or directory
Fail to read A:B[:C] from [NA:1]
Will continue with '4:1:2'
 *** WARNING *** GMRFLib_2order_approx: rescue NAN/INF values in logl for idx=75
 *** WARNING *** GMRFLib_2order_approx: reset counter for 27 NAN/INF values in logl
 *** WARNING *** GMRFLib_2order_approx: rescue NAN/INF values in logl for idx=632
 *** WARNING *** GMRFLib_2order_approx: reset counter for 32 NAN/INF values in logl
 *** WARNING *** GMRFLib_2order_approx: rescue NAN/INF values in logl for idx=365
 *** WARNING *** GMRFLib_2order_approx: reset counter for 6 NAN/INF values in logl
 *** WARNING *** GMRFLib_2order_approx: rescue NAN/INF values in logl for idx=1052
 *** WARNING *** GMRFLib_2order_approx: reset counter for 17 NAN/INF values in logl
 *** WARNING *** GMRFLib_2order_approx: rescue NAN/INF values in logl for idx=6
 *** WARNING *** GMRFLib_2order_approx: reset counter for 22 NAN/INF values in logl
 *** WARNING *** GMRFLib_2order_approx: rescue NAN/INF values in logl for idx=407
 *** WARNING *** GMRFLib_2order_approx: reset counter for 122 NAN/INF values in logl
 *** WARNING *** GMRFLib_2order_approx: rescue NAN/INF values in logl for idx=76
 *** WARNING *** GMRFLib_2order_approx: reset counter for 167 NAN/INF values in logl
 *** WARNING *** GMRFLib_2order_approx: rescue NAN/INF values in logl for idx=111
 *** WARNING *** GMRFLib_2order_approx: reset counter for 103 NAN/INF values in logl
 *** WARNING *** GMRFLib_2order_approx: rescue NAN/INF values in logl for idx=111
 *** WARNING *** GMRFLib_2order_approx: reset counter for 92 NAN/INF values in logl
 *** WARNING *** GMRFLib_2order_approx: rescue NAN/INF values in logl for idx=365
 *** WARNING *** GMRFLib_2order_approx: reset counter for 24 NAN/INF values in logl
 *** WARNING *** GMRFLib_2order_approx: rescue NAN/INF values in logl for idx=365
 *** WARNING *** GMRFLib_2order_approx: reset counter for 21 NAN/INF values in logl
 *** WARNING *** GMRFLib_2order_approx: rescue NAN/INF values in logl for idx=377
 *** WARNING *** GMRFLib_2order_approx: reset counter for 22 NAN/INF values in logl
 *** WARNING *** GMRFLib_2order_approx: rescue NAN/INF values in logl for idx=1
 *** WARNING *** GMRFLib_2order_approx: reset counter for 33 NAN/INF values in logl
 *** WARNING *** GMRFLib_2order_approx: rescue NAN/INF values in logl for idx=1062
 *** WARNING *** GMRFLib_2order_approx: reset counter for 6 NAN/INF values in logl
 *** WARNING *** GMRFLib_2order_approx: rescue NAN/INF values in logl for idx=20
 *** WARNING *** GMRFLib_2order_approx: reset counter for 88 NAN/INF values in logl
 *** WARNING *** GMRFLib_2order_approx: rescue NAN/INF values in logl for idx=440
 *** WARNING *** GMRFLib_2order_approx: reset counter for 4 NAN/INF values in logl
 *** WARNING *** GMRFLib_2order_approx: rescue NAN/INF values in logl for idx=107
 *** WARNING *** GMRFLib_2order_approx: reset counter for 16 NAN/INF values in logl
 *** WARNING *** GMRFLib_2order_approx: rescue NAN/INF values in logl for idx=365
 *** WARNING *** GMRFLib_2order_approx: reset counter for 301 NAN/INF values in logl
 *** WARNING *** GMRFLib_2order_approx: rescue NAN/INF values in logl for idx=6
 *** WARNING *** GMRFLib_2order_approx: reset counter for 281 NAN/INF values in logl
 *** WARNING *** GMRFLib_2order_approx: rescue NAN/INF values in logl for idx=381
 *** WARNING *** GMRFLib_2order_approx: reset counter for 2 NAN/INF values in logl
 *** WARNING *** GMRFLib_2order_approx: rescue NAN/INF values in logl for idx=365
 *** WARNING *** GMRFLib_2order_approx: reset counter for 133 NAN/INF values in logl
 *** WARNING *** GMRFLib_2order_approx: rescue NAN/INF values in logl for idx=113
 *** WARNING *** GMRFLib_2order_approx: reset counter for 144 NAN/INF values in logl
 *** WARNING *** GMRFLib_2order_approx: rescue NAN/INF values in logl for idx=1
 *** WARNING *** GMRFLib_2order_approx: reset counter for 115 NAN/INF values in logl
 *** WARNING *** GMRFLib_2order_approx: rescue NAN/INF values in logl for idx=858
 *** WARNING *** GMRFLib_2order_approx: reset counter for 20 NAN/INF values in logl
 *** WARNING *** GMRFLib_2order_approx: rescue NAN/INF values in logl for idx=1083
 *** WARNING *** GMRFLib_2order_approx: reset counter for 16 NAN/INF values in logl
 *** WARNING *** GMRFLib_2order_approx: rescue NAN/INF values in logl for idx=377
 *** WARNING *** GMRFLib_2order_approx: reset counter for 9 NAN/INF values in logl
 *** WARNING *** GMRFLib_2order_approx: rescue NAN/INF values in logl for idx=378
 *** WARNING *** GMRFLib_2order_approx: reset counter for 42 NAN/INF values in logl
 *** WARNING *** GMRFLib_2order_approx: rescue NAN/INF values in logl for idx=440
 *** WARNING *** GMRFLib_2order_approx: reset counter for 2 NAN/INF values in logl
 *** WARNING *** GMRFLib_2order_approx: rescue NAN/INF values in logl for idx=525
 *** WARNING *** GMRFLib_2order_approx: reset counter for 10 NAN/INF values in logl
 *** WARNING *** GMRFLib_2order_approx: reset counter for 10 NAN/INF values in logl
 *** WARNING *** GMRFLib_2order_approx: rescue NAN/INF values in logl for idx=0
 *** WARNING *** GMRFLib_2order_approx: reset counter for 152 NAN/INF values in logl
 *** WARNING *** GMRFLib_2order_approx: rescue NAN/INF values in logl for idx=0
 *** WARNING *** GMRFLib_2order_approx: reset counter for 252 NAN/INF values in logl
 *** WARNING *** GMRFLib_2order_approx: rescue NAN/INF values in logl for idx=0
 *** WARNING *** GMRFLib_2order_approx: reset counter for 153 NAN/INF values in logl
 *** WARNING *** GMRFLib_2order_approx: rescue NAN/INF values in logl for idx=301
 *** WARNING *** GMRFLib_2order_approx: reset counter for 317 NAN/INF values in logl
 *** WARNING *** GMRFLib_2order_approx: rescue NAN/INF values in logl for idx=246
 *** WARNING *** GMRFLib_2order_approx: reset counter for 18 NAN/INF values in logl
 *** WARNING *** GMRFLib_2order_approx: rescue NAN/INF values in logl for idx=1108
 *** WARNING *** GMRFLib_2order_approx: reset counter for 3 NAN/INF values in logl
 *** WARNING *** GMRFLib_2order_approx: rescue NAN/INF values in logl for idx=825
 *** WARNING *** GMRFLib_2order_approx: reset counter for 4 NAN/INF values in logl
 *** WARNING *** GMRFLib_2order_approx: rescue NAN/INF values in logl for idx=0
 *** WARNING *** GMRFLib_2order_approx: reset counter for 396 NAN/INF values in logl
 *** WARNING *** GMRFLib_2order_approx: rescue NAN/INF values in logl for idx=0
 *** WARNING *** GMRFLib_2order_approx: reset counter for 282 NAN/INF values in logl
 *** WARNING *** GMRFLib_2order_approx: rescue NAN/INF values in logl for idx=572
 *** WARNING *** GMRFLib_2order_approx: reset counter for 185 NAN/INF values in logl
 *** WARNING *** GMRFLib_2order_approx: rescue NAN/INF values in logl for idx=0
 *** WARNING *** GMRFLib_2order_approx: reset counter for 406 NAN/INF values in logl
 *** WARNING *** GMRFLib_2order_approx: rescue NAN/INF values in logl for idx=905
 *** WARNING *** GMRFLib_2order_approx: reset counter for 61 NAN/INF values in logl
 *** WARNING *** GMRFLib_2order_approx: rescue NAN/INF values in logl for idx=377
 *** WARNING *** GMRFLib_2order_approx: reset counter for 6 NAN/INF values in logl
 *** WARNING *** GMRFLib_2order_approx: rescue NAN/INF values in logl for idx=440
 *** WARNING *** GMRFLib_2order_approx: reset counter for 4 NAN/INF values in logl
 *** WARNING *** GMRFLib_2order_approx: rescue NAN/INF values in logl for idx=652
 *** WARNING *** GMRFLib_2order_approx: reset counter for 24 NAN/INF values in logl
 *** WARNING *** GMRFLib_2order_approx: rescue NAN/INF values in logl for idx=440
 *** WARNING *** GMRFLib_2order_approx: reset counter for 9 NAN/INF values in logl
 *** WARNING *** GMRFLib_2order_approx: rescue NAN/INF values in logl for idx=0
 *** WARNING *** GMRFLib_2order_approx: reset counter for 464 NAN/INF values in logl
 *** WARNING *** GMRFLib_2order_approx: rescue NAN/INF values in logl for idx=0
 *** WARNING *** GMRFLib_2order_approx: reset counter for 516 NAN/INF values in logl
 *** WARNING *** GMRFLib_2order_approx: rescue NAN/INF values in logl for idx=0
 *** WARNING *** GMRFLib_2order_approx: reset counter for 535 NAN/INF values in logl
 *** WARNING *** GMRFLib_2order_approx: rescue NAN/INF values in logl for idx=833
 *** WARNING *** GMRFLib_2order_approx: reset counter for 111 NAN/INF values in logl
 *** WARNING *** GMRFLib_2order_approx: rescue NAN/INF values in logl for idx=560
 *** WARNING *** GMRFLib_2order_approx: reset counter for 3 NAN/INF values in logl
 *** WARNING *** GMRFLib_2order_approx: rescue NAN/INF values in logl for idx=560
 *** WARNING *** GMRFLib_2order_approx: reset counter for 3 NAN/INF values in logl
 *** WARNING *** GMRFLib_2order_approx: rescue NAN/INF values in logl for idx=1052
 *** WARNING *** GMRFLib_2order_approx: reset counter for 5 NAN/INF values in logl
 *** WARNING *** GMRFLib_2order_approx: rescue NAN/INF values in logl for idx=1
 *** WARNING *** GMRFLib_2order_approx: reset counter for 420 NAN/INF values in logl
 *** WARNING *** GMRFLib_2order_approx: rescue NAN/INF values in logl for idx=0
 *** WARNING *** GMRFLib_2order_approx: reset counter for 208 NAN/INF values in logl
 *** WARNING *** GMRFLib_2order_approx: rescue NAN/INF values in logl for idx=377
 *** WARNING *** GMRFLib_2order_approx: reset counter for 6 NAN/INF values in logl
 *** WARNING *** GMRFLib_2order_approx: rescue NAN/INF values in logl for idx=427
 *** WARNING *** GMRFLib_2order_approx: reset counter for 39 NAN/INF values in logl
 *** WARNING *** GMRFLib_2order_approx: rescue NAN/INF values in logl for idx=35
 *** WARNING *** GMRFLib_2order_approx: reset counter for 12 NAN/INF values in logl
 *** WARNING *** GMRFLib_2order_approx: rescue NAN/INF values in logl for idx=0
 *** WARNING *** GMRFLib_2order_approx: reset counter for 350 NAN/INF values in logl
 *** WARNING *** GMRFLib_2order_approx: rescue NAN/INF values in logl for idx=377
 *** WARNING *** GMRFLib_2order_approx: reset counter for 15 NAN/INF values in logl
 *** WARNING *** GMRFLib_2order_approx: rescue NAN/INF values in logl for idx=9
 *** WARNING *** GMRFLib_2order_approx: reset counter for 4 NAN/INF values in logl
 *** WARNING *** GMRFLib_2order_approx: rescue NAN/INF values in logl for idx=365
 *** WARNING *** GMRFLib_2order_approx: reset counter for 71 NAN/INF values in logl
 *** WARNING *** GMRFLib_2order_approx: rescue NAN/INF values in logl for idx=0
 *** WARNING *** GMRFLib_2order_approx: reset counter for 293 NAN/INF values in logl
 *** WARNING *** GMRFLib_2order_approx: rescue NAN/INF values in logl for idx=440
 *** WARNING *** GMRFLib_2order_approx: reset counter for 64 NAN/INF values in logl
 *** WARNING *** GMRFLib_2order_approx: rescue NAN/INF values in logl for idx=0
 *** WARNING *** GMRFLib_2order_approx: reset counter for 324 NAN/INF values in logl
 *** WARNING *** GMRFLib_2order_approx: rescue NAN/INF values in logl for idx=377
 *** WARNING *** GMRFLib_2order_approx: reset counter for 9 NAN/INF values in logl
 *** WARNING *** GMRFLib_2order_approx: rescue NAN/INF values in logl for idx=365
 *** WARNING *** GMRFLib_2order_approx: reset counter for 115 NAN/INF values in logl
 *** WARNING *** GMRFLib_2order_approx: rescue NAN/INF values in logl for idx=0
 *** WARNING *** GMRFLib_2order_approx: reset counter for 355 NAN/INF values in logl
 *** WARNING *** GMRFLib_2order_approx: rescue NAN/INF values in logl for idx=440
 *** WARNING *** GMRFLib_2order_approx: reset counter for 2 NAN/INF values in logl
 *** WARNING *** GMRFLib_2order_approx: rescue NAN/INF values in logl for idx=311
 *** WARNING *** GMRFLib_2order_approx: reset counter for 114 NAN/INF values in logl
 *** WARNING *** GMRFLib_2order_approx: rescue NAN/INF values in logl for idx=3
 *** WARNING *** GMRFLib_2order_approx: reset counter for 102 NAN/INF values in logl
 *** WARNING *** GMRFLib_2order_approx: rescue NAN/INF values in logl for idx=365
 *** WARNING *** GMRFLib_2order_approx: reset counter for 144 NAN/INF values in logl
 *** WARNING *** GMRFLib_2order_approx: rescue NAN/INF values in logl for idx=0
 *** WARNING *** GMRFLib_2order_approx: reset counter for 314 NAN/INF values in logl
 *** WARNING *** GMRFLib_2order_approx: rescue NAN/INF values in logl for idx=105
 *** WARNING *** GMRFLib_2order_approx: reset counter for 49 NAN/INF values in logl
 *** WARNING *** GMRFLib_2order_approx: rescue NAN/INF values in logl for idx=21
 *** WARNING *** GMRFLib_2order_approx: reset counter for 60 NAN/INF values in logl
 *** WARNING *** GMRFLib_2order_approx: rescue NAN/INF values in logl for idx=365
 *** WARNING *** GMRFLib_2order_approx: reset counter for 36 NAN/INF values in logl
 *** WARNING *** GMRFLib_2order_approx: rescue NAN/INF values in logl for idx=0
 *** WARNING *** GMRFLib_2order_approx: reset counter for 153 NAN/INF values in logl
 *** WARNING *** GMRFLib_2order_approx: rescue NAN/INF values in logl for idx=377
 *** WARNING *** GMRFLib_2order_approx: reset counter for 24 NAN/INF values in logl
 *** WARNING *** GMRFLib_2order_approx: rescue NAN/INF values in logl for idx=440
 *** WARNING *** GMRFLib_2order_approx: reset counter for 6 NAN/INF values in logl
 *** WARNING *** GMRFLib_2order_approx: rescue NAN/INF values in logl for idx=6
 *** WARNING *** GMRFLib_2order_approx: reset counter for 37 NAN/INF values in logl
 *** WARNING *** GMRFLib_2order_approx: rescue NAN/INF values in logl for idx=4
 *** WARNING *** GMRFLib_2order_approx: reset counter for 36 NAN/INF values in logl
 *** WARNING *** GMRFLib_2order_approx: rescue NAN/INF values in logl for idx=377
 *** WARNING *** GMRFLib_2order_approx: reset counter for 4 NAN/INF values in logl
 *** WARNING *** GMRFLib_2order_approx: rescue NAN/INF values in logl for idx=377
 *** WARNING *** GMRFLib_2order_approx: reset counter for 19 NAN/INF values in logl
 *** WARNING *** GMRFLib_2order_approx: rescue NAN/INF values in logl for idx=0
 *** WARNING *** GMRFLib_2order_approx: reset counter for 165 NAN/INF values in logl
 *** WARNING *** GMRFLib_2order_approx: rescue NAN/INF values in logl for idx=365
 *** WARNING *** GMRFLib_2order_approx: reset counter for 39 NAN/INF values in logl
 *** WARNING *** GMRFLib_2order_approx: rescue NAN/INF values in logl for idx=652
 *** WARNING *** GMRFLib_2order_approx: reset counter for 69 NAN/INF values in logl
 *** WARNING *** GMRFLib_2order_approx: rescue NAN/INF values in logl for idx=440
 *** WARNING *** GMRFLib_2order_approx: reset counter for 39 NAN/INF values in logl
 *** WARNING *** GMRFLib_2order_approx: rescue NAN/INF values in logl for idx=0
 *** WARNING *** GMRFLib_2order_approx: reset counter for 162 NAN/INF values in logl
 *** WARNING *** GMRFLib_2order_approx: rescue NAN/INF values in logl for idx=365
 *** WARNING *** GMRFLib_2order_approx: reset counter for 34 NAN/INF values in logl
 *** WARNING *** GMRFLib_2order_approx: rescue NAN/INF values in logl for idx=377
 *** WARNING *** GMRFLib_2order_approx: reset counter for 5 NAN/INF values in logl
 *** WARNING *** GMRFLib_2order_approx: rescue NAN/INF values in logl for idx=50
 *** WARNING *** GMRFLib_2order_approx: reset counter for 18 NAN/INF values in logl
 *** WARNING *** GMRFLib_2order_approx: rescue NAN/INF values in logl for idx=4
 *** WARNING *** GMRFLib_2order_approx: reset counter for 75 NAN/INF values in logl
 *** WARNING *** GMRFLib_2order_approx: rescue NAN/INF values in logl for idx=365
 *** WARNING *** GMRFLib_2order_approx: reset counter for 41 NAN/INF values in logl
 *** WARNING *** GMRFLib_2order_approx: rescue NAN/INF values in logl for idx=20
 *** WARNING *** GMRFLib_2order_approx: reset counter for 84 NAN/INF values in logl
 *** WARNING *** GMRFLib_2order_approx: rescue NAN/INF values in logl for idx=652
 *** WARNING *** GMRFLib_2order_approx: reset counter for 8 NAN/INF values in logl
 *** WARNING *** GMRFLib_2order_approx: rescue NAN/INF values in logl for idx=51
 *** WARNING *** GMRFLib_2order_approx: reset counter for 11 NAN/INF values in logl
 *** WARNING *** GMRFLib_2order_approx: rescue NAN/INF values in logl for idx=377
 *** WARNING *** GMRFLib_2order_approx: reset counter for 3 NAN/INF values in logl
 *** WARNING *** GMRFLib_2order_approx: rescue NAN/INF values in logl for idx=36
 *** WARNING *** GMRFLib_2order_approx: reset counter for 51 NAN/INF values in logl
 *** WARNING *** GMRFLib_2order_approx: rescue NAN/INF values in logl for idx=377
 *** WARNING *** GMRFLib_2order_approx: reset counter for 3 NAN/INF values in logl
 *** WARNING *** GMRFLib_2order_approx: rescue NAN/INF values in logl for idx=21
 *** WARNING *** GMRFLib_2order_approx: reset counter for 75 NAN/INF values in logl
 *** WARNING *** GMRFLib_2order_approx: rescue NAN/INF values in logl for idx=377
 *** WARNING *** GMRFLib_2order_approx: reset counter for 3 NAN/INF values in logl
 *** WARNING *** GMRFLib_2order_approx: rescue NAN/INF values in logl for idx=36
 *** WARNING *** GMRFLib_2order_approx: reset counter for 50 NAN/INF values in logl
 *** WARNING *** GMRFLib_2order_approx: rescue NAN/INF values in logl for idx=377
 *** WARNING *** GMRFLib_2order_approx: reset counter for 3 NAN/INF values in logl
 *** WARNING *** GMRFLib_2order_approx: rescue NAN/INF values in logl for idx=50
 *** WARNING *** GMRFLib_2order_approx: reset counter for 13 NAN/INF values in logl
 *** WARNING *** GMRFLib_2order_approx: rescue NAN/INF values in logl for idx=1091
 *** WARNING *** GMRFLib_2order_approx: reset counter for 17 NAN/INF values in logl
 *** WARNING *** GMRFLib_2order_approx: rescue NAN/INF values in logl for idx=652
 *** WARNING *** GMRFLib_2order_approx: reset counter for 54 NAN/INF values in logl
 *** WARNING *** GMRFLib_2order_approx: rescue NAN/INF values in logl for idx=652
 *** WARNING *** GMRFLib_2order_approx: reset counter for 9 NAN/INF values in logl
 *** WARNING *** GMRFLib_2order_approx: rescue NAN/INF values in logl for idx=75
 *** WARNING *** GMRFLib_2order_approx: reset counter for 70 NAN/INF values in logl
 *** WARNING *** GMRFLib_2order_approx: rescue NAN/INF values in logl for idx=28
 *** WARNING *** GMRFLib_2order_approx: reset counter for 13 NAN/INF values in logl
 *** WARNING *** GMRFLib_2order_approx: rescue NAN/INF values in logl for idx=0
 *** WARNING *** GMRFLib_2order_approx: reset counter for 235 NAN/INF values in logl
 *** WARNING *** GMRFLib_2order_approx: rescue NAN/INF values in logl for idx=365
 *** WARNING *** GMRFLib_2order_approx: reset counter for 42 NAN/INF values in logl
 *** WARNING *** GMRFLib_2order_approx: rescue NAN/INF values in logl for idx=652
 *** WARNING *** GMRFLib_2order_approx: reset counter for 4 NAN/INF values in logl
 *** WARNING *** GMRFLib_2order_approx: rescue NAN/INF values in logl for idx=6
 *** WARNING *** GMRFLib_2order_approx: reset counter for 39 NAN/INF values in logl
 *** WARNING *** GMRFLib_2order_approx: rescue NAN/INF values in logl for idx=164
 *** WARNING *** GMRFLib_2order_approx: reset counter for 5 NAN/INF values in logl
 *** WARNING *** GMRFLib_2order_approx: rescue NAN/INF values in logl for idx=365
 *** WARNING *** GMRFLib_2order_approx: reset counter for 50 NAN/INF values in logl
 *** WARNING *** GMRFLib_2order_approx: rescue NAN/INF values in logl for idx=0
 *** WARNING *** GMRFLib_2order_approx: reset counter for 207 NAN/INF values in logl
 *** WARNING *** GMRFLib_2order_approx: rescue NAN/INF values in logl for idx=365
 *** WARNING *** GMRFLib_2order_approx: reset counter for 30 NAN/INF values in logl
 *** WARNING *** GMRFLib_2order_approx: rescue NAN/INF values in logl for idx=3
 *** WARNING *** GMRFLib_2order_approx: reset counter for 107 NAN/INF values in logl
 *** WARNING *** GMRFLib_2order_approx: rescue NAN/INF values in logl for idx=365
 *** WARNING *** GMRFLib_2order_approx: reset counter for 77 NAN/INF values in logl
 *** WARNING *** GMRFLib_2order_approx: rescue NAN/INF values in logl for idx=0
 *** WARNING *** GMRFLib_2order_approx: reset counter for 221 NAN/INF values in logl
 *** WARNING *** GMRFLib_2order_approx: rescue NAN/INF values in logl for idx=440
 *** WARNING *** GMRFLib_2order_approx: reset counter for 2 NAN/INF values in logl
 *** WARNING *** GMRFLib_2order_approx: rescue NAN/INF values in logl for idx=365
 *** WARNING *** GMRFLib_2order_approx: reset counter for 59 NAN/INF values in logl
 *** WARNING *** GMRFLib_2order_approx: rescue NAN/INF values in logl for idx=377
 *** WARNING *** GMRFLib_2order_approx: reset counter for 9 NAN/INF values in logl
 *** WARNING *** GMRFLib_2order_approx: rescue NAN/INF values in logl for idx=110
 *** WARNING *** GMRFLib_2order_approx: reset counter for 2 NAN/INF values in logl
 *** WARNING *** GMRFLib_2order_approx: rescue NAN/INF values in logl for idx=0
 *** WARNING *** GMRFLib_2order_approx: reset counter for 242 NAN/INF values in logl
 *** WARNING *** GMRFLib_2order_approx: rescue NAN/INF values in logl for idx=440
 *** WARNING *** GMRFLib_2order_approx: reset counter for 2 NAN/INF values in logl
 *** WARNING *** GMRFLib_2order_approx: rescue NAN/INF values in logl for idx=365
 *** WARNING *** GMRFLib_2order_approx: reset counter for 57 NAN/INF values in logl
 *** WARNING *** GMRFLib_2order_approx: rescue NAN/INF values in logl for idx=1
 *** WARNING *** GMRFLib_2order_approx: reset counter for 146 NAN/INF values in logl
 *** WARNING *** GMRFLib_2order_approx: rescue NAN/INF values in logl for idx=440
 *** WARNING *** GMRFLib_2order_approx: reset counter for 75 NAN/INF values in logl
 *** WARNING *** GMRFLib_2order_approx: rescue NAN/INF values in logl for idx=0
 *** WARNING *** GMRFLib_2order_approx: reset counter for 217 NAN/INF values in logl
 *** WARNING *** GMRFLib_2order_approx: rescue NAN/INF values in logl for idx=19
 *** WARNING *** GMRFLib_2order_approx: reset counter for 27 NAN/INF values in logl
 *** WARNING *** GMRFLib_2order_approx: rescue NAN/INF values in logl for idx=377
 *** WARNING *** GMRFLib_2order_approx: reset counter for 17 NAN/INF values in logl
 *** WARNING *** GMRFLib_2order_approx: rescue NAN/INF values in logl for idx=365
 *** WARNING *** GMRFLib_2order_approx: reset counter for 67 NAN/INF values in logl
 *** WARNING *** GMRFLib_2order_approx: rescue NAN/INF values in logl for idx=823
 *** WARNING *** GMRFLib_2order_approx: reset counter for 2 NAN/INF values in logl
 *** WARNING *** GMRFLib_2order_approx: rescue NAN/INF values in logl for idx=0
 *** WARNING *** GMRFLib_2order_approx: reset counter for 283 NAN/INF values in logl
 *** WARNING *** GMRFLib_2order_approx: rescue NAN/INF values in logl for idx=365
 *** WARNING *** GMRFLib_2order_approx: reset counter for 114 NAN/INF values in logl
 *** WARNING *** GMRFLib_2order_approx: rescue NAN/INF values in logl for idx=0
 *** WARNING *** GMRFLib_2order_approx: reset counter for 317 NAN/INF values in logl
 *** WARNING *** GMRFLib_2order_approx: rescue NAN/INF values in logl for idx=377
 *** WARNING *** GMRFLib_2order_approx: reset counter for 19 NAN/INF values in logl
 *** WARNING *** GMRFLib_2order_approx: rescue NAN/INF values in logl for idx=310
 *** WARNING *** GMRFLib_2order_approx: reset counter for 77 NAN/INF values in logl
 *** WARNING *** GMRFLib_2order_approx: rescue NAN/INF values in logl for idx=2
 *** WARNING *** GMRFLib_2order_approx: reset counter for 159 NAN/INF values in logl
 *** WARNING *** GMRFLib_2order_approx: rescue NAN/INF values in logl for idx=365
 *** WARNING *** GMRFLib_2order_approx: reset counter for 68 NAN/INF values in logl
 *** WARNING *** GMRFLib_2order_approx: rescue NAN/INF values in logl for idx=653
 *** WARNING *** GMRFLib_2order_approx: reset counter for 3 NAN/INF values in logl
 *** WARNING *** GMRFLib_2order_approx: rescue NAN/INF values in logl for idx=1
 *** WARNING *** GMRFLib_2order_approx: reset counter for 263 NAN/INF values in logl
 *** WARNING *** GMRFLib_2order_approx: rescue NAN/INF values in logl for idx=377
 *** WARNING *** GMRFLib_2order_approx: reset counter for 10 NAN/INF values in logl
 *** WARNING *** GMRFLib_2order_approx: rescue NAN/INF values in logl for idx=432
 *** WARNING *** GMRFLib_2order_approx: reset counter for 11 NAN/INF values in logl
 *** WARNING *** GMRFLib_2order_approx: rescue NAN/INF values in logl for idx=437
 *** WARNING *** GMRFLib_2order_approx: reset counter for 25 NAN/INF values in logl
 *** WARNING *** GMRFLib_2order_approx: rescue NAN/INF values in logl for idx=0
 *** WARNING *** GMRFLib_2order_approx: reset counter for 57 NAN/INF values in logl
 *** WARNING *** GMRFLib_2order_approx: rescue NAN/INF values in logl for idx=3
 *** WARNING *** GMRFLib_2order_approx: reset counter for 158 NAN/INF values in logl
 *** WARNING *** GMRFLib_2order_approx: rescue NAN/INF values in logl for idx=365
 *** WARNING *** GMRFLib_2order_approx: reset counter for 34 NAN/INF values in logl
 *** WARNING *** GMRFLib_2order_approx: rescue NAN/INF values in logl for idx=236
 *** WARNING *** GMRFLib_2order_approx: reset counter for 220 NAN/INF values in logl
 *** WARNING *** GMRFLib_2order_approx: rescue NAN/INF values in logl for idx=652
 *** WARNING *** GMRFLib_2order_approx: reset counter for 20 NAN/INF values in logl
 *** WARNING *** GMRFLib_2order_approx: rescue NAN/INF values in logl for idx=365
 *** WARNING *** GMRFLib_2order_approx: reset counter for 26 NAN/INF values in logl
 *** WARNING *** GMRFLib_2order_approx: rescue NAN/INF values in logl for idx=437
 *** WARNING *** GMRFLib_2order_approx: reset counter for 5 NAN/INF values in logl
 *** WARNING *** GMRFLib_2order_approx: rescue NAN/INF values in logl for idx=0
 *** WARNING *** GMRFLib_2order_approx: reset counter for 306 NAN/INF values in logl
 *** WARNING *** GMRFLib_2order_approx: rescue NAN/INF values in logl for idx=377
 *** WARNING *** GMRFLib_2order_approx: reset counter for 15 NAN/INF values in logl
 *** WARNING *** GMRFLib_2order_approx: rescue NAN/INF values in logl for idx=330
 *** WARNING *** GMRFLib_2order_approx: reset counter for 117 NAN/INF values in logl
 *** WARNING *** GMRFLib_2order_approx: rescue NAN/INF values in logl for idx=0
 *** WARNING *** GMRFLib_2order_approx: reset counter for 194 NAN/INF values in logl
 *** WARNING *** GMRFLib_2order_approx: rescue NAN/INF values in logl for idx=378
 *** WARNING *** GMRFLib_2order_approx: reset counter for 7 NAN/INF values in logl
 *** WARNING *** GMRFLib_2order_approx: rescue NAN/INF values in logl for idx=365
 *** WARNING *** GMRFLib_2order_approx: reset counter for 98 NAN/INF values in logl
 *** WARNING *** GMRFLib_2order_approx: rescue NAN/INF values in logl for idx=0
 *** WARNING *** GMRFLib_2order_approx: reset counter for 375 NAN/INF values in logl
 *** WARNING *** GMRFLib_2order_approx: rescue NAN/INF values in logl for idx=377
 *** WARNING *** GMRFLib_2order_approx: reset counter for 6 NAN/INF values in logl
 *** WARNING *** GMRFLib_2order_approx: rescue NAN/INF values in logl for idx=311
 *** WARNING *** GMRFLib_2order_approx: reset counter for 101 NAN/INF values in logl
 *** WARNING *** GMRFLib_2order_approx: rescue NAN/INF values in logl for idx=0
 *** WARNING *** GMRFLib_2order_approx: reset counter for 263 NAN/INF values in logl
 *** WARNING *** GMRFLib_2order_approx: rescue NAN/INF values in logl for idx=365
 *** WARNING *** GMRFLib_2order_approx: reset counter for 75 NAN/INF values in logl
 *** WARNING *** GMRFLib_2order_approx: rescue NAN/INF values in logl for idx=0
 *** WARNING *** GMRFLib_2order_approx: reset counter for 325 NAN/INF values in logl
 *** WARNING *** GMRFLib_2order_approx: rescue NAN/INF values in logl for idx=377
 *** WARNING *** GMRFLib_2order_approx: reset counter for 14 NAN/INF values in logl
 *** WARNING *** GMRFLib_2order_approx: rescue NAN/INF values in logl for idx=365
 *** WARNING *** GMRFLib_2order_approx: reset counter for 89 NAN/INF values in logl
 *** WARNING *** GMRFLib_2order_approx: rescue NAN/INF values in logl for idx=0
 *** WARNING *** GMRFLib_2order_approx: reset counter for 324 NAN/INF values in logl
 *** WARNING *** GMRFLib_2order_approx: rescue NAN/INF values in logl for idx=50
 *** WARNING *** GMRFLib_2order_approx: reset counter for 88 NAN/INF values in logl
 *** WARNING *** GMRFLib_2order_approx: rescue NAN/INF values in logl for idx=377
 *** WARNING *** GMRFLib_2order_approx: reset counter for 14 NAN/INF values in logl
 *** WARNING *** GMRFLib_2order_approx: rescue NAN/INF values in logl for idx=0
 *** WARNING *** GMRFLib_2order_approx: reset counter for 268 NAN/INF values in logl
 *** WARNING *** GMRFLib_2order_approx: rescue NAN/INF values in logl for idx=377
 *** WARNING *** GMRFLib_2order_approx: reset counter for 19 NAN/INF values in logl
 *** WARNING *** GMRFLib_2order_approx: rescue NAN/INF values in logl for idx=2
 *** WARNING *** GMRFLib_2order_approx: reset counter for 86 NAN/INF values in logl
 *** WARNING *** GMRFLib_2order_approx: rescue NAN/INF values in logl for idx=365
 *** WARNING *** GMRFLib_2order_approx: reset counter for 86 NAN/INF values in logl
 *** WARNING *** GMRFLib_2order_approx: rescue NAN/INF values in logl for idx=0
 *** WARNING *** GMRFLib_2order_approx: reset counter for 274 NAN/INF values in logl
 *** WARNING *** GMRFLib_2order_approx: rescue NAN/INF values in logl for idx=377
 *** WARNING *** GMRFLib_2order_approx: reset counter for 4 NAN/INF values in logl
 *** WARNING *** GMRFLib_2order_approx: rescue NAN/INF values in logl for idx=365
 *** WARNING *** GMRFLib_2order_approx: reset counter for 67 NAN/INF values in logl
 *** WARNING *** GMRFLib_2order_approx: rescue NAN/INF values in logl for idx=0
 *** WARNING *** GMRFLib_2order_approx: reset counter for 286 NAN/INF values in logl
 *** WARNING *** GMRFLib_2order_approx: rescue NAN/INF values in logl for idx=365
 *** WARNING *** GMRFLib_2order_approx: reset counter for 49 NAN/INF values in logl
 *** WARNING *** GMRFLib_2order_approx: rescue NAN/INF values in logl for idx=1
 *** WARNING *** GMRFLib_2order_approx: reset counter for 180 NAN/INF values in logl
 *** WARNING *** GMRFLib_2order_approx: rescue NAN/INF values in logl for idx=377
 *** WARNING *** GMRFLib_2order_approx: reset counter for 3 NAN/INF values in logl
 *** WARNING *** GMRFLib_2order_approx: rescue NAN/INF values in logl for idx=365
 *** WARNING *** GMRFLib_2order_approx: reset counter for 94 NAN/INF values in logl
 *** WARNING *** GMRFLib_2order_approx: rescue NAN/INF values in logl for idx=652
 *** WARNING *** GMRFLib_2order_approx: reset counter for 2 NAN/INF values in logl
 *** WARNING *** GMRFLib_2order_approx: rescue NAN/INF values in logl for idx=0
 *** WARNING *** GMRFLib_2order_approx: reset counter for 146 NAN/INF values in logl
 *** WARNING *** GMRFLib_2order_approx: rescue NAN/INF values in logl for idx=440
 *** WARNING *** GMRFLib_2order_approx: reset counter for 2 NAN/INF values in logl
 *** WARNING *** GMRFLib_2order_approx: rescue NAN/INF values in logl for idx=365
 *** WARNING *** GMRFLib_2order_approx: reset counter for 110 NAN/INF values in logl
 *** WARNING *** GMRFLib_2order_approx: rescue NAN/INF values in logl for idx=2
 *** WARNING *** GMRFLib_2order_approx: reset counter for 124 NAN/INF values in logl
 *** WARNING *** GMRFLib_2order_approx: rescue NAN/INF values in logl for idx=365
 *** WARNING *** GMRFLib_2order_approx: reset counter for 94 NAN/INF values in logl
 *** WARNING *** GMRFLib_2order_approx: rescue NAN/INF values in logl for idx=0
 *** WARNING *** GMRFLib_2order_approx: reset counter for 214 NAN/INF values in logl
 *** WARNING *** GMRFLib_2order_approx: rescue NAN/INF values in logl for idx=447
 *** WARNING *** GMRFLib_2order_approx: reset counter for 3 NAN/INF values in logl
 *** WARNING *** GMRFLib_2order_approx: rescue NAN/INF values in logl for idx=39
 *** WARNING *** GMRFLib_2order_approx: reset counter for 8 NAN/INF values in logl
 *** WARNING *** GMRFLib_2order_approx: rescue NAN/INF values in logl for idx=3
 *** WARNING *** GMRFLib_2order_approx: reset counter for 128 NAN/INF values in logl
 *** WARNING *** GMRFLib_2order_approx: rescue NAN/INF values in logl for idx=377
 *** WARNING *** GMRFLib_2order_approx: reset counter for 10 NAN/INF values in logl
 *** WARNING *** GMRFLib_2order_approx: rescue NAN/INF values in logl for idx=365
 *** WARNING *** GMRFLib_2order_approx: reset counter for 132 NAN/INF values in logl
 *** WARNING *** GMRFLib_2order_approx: rescue NAN/INF values in logl for idx=0
 *** WARNING *** GMRFLib_2order_approx: reset counter for 365 NAN/INF values in logl
 *** WARNING *** GMRFLib_2order_approx: rescue NAN/INF values in logl for idx=377
 *** WARNING *** GMRFLib_2order_approx: reset counter for 5 NAN/INF values in logl
 *** WARNING *** GMRFLib_2order_approx: rescue NAN/INF values in logl for idx=281
 *** WARNING *** GMRFLib_2order_approx: reset counter for 91 NAN/INF values in logl
 *** WARNING *** GMRFLib_2order_approx: rescue NAN/INF values in logl for idx=4
 *** WARNING *** GMRFLib_2order_approx: reset counter for 78 NAN/INF values in logl
 *** WARNING *** GMRFLib_2order_approx: rescue NAN/INF values in logl for idx=365
 *** WARNING *** GMRFLib_2order_approx: reset counter for 104 NAN/INF values in logl
 *** WARNING *** GMRFLib_2order_approx: rescue NAN/INF values in logl for idx=0
 *** WARNING *** GMRFLib_2order_approx: reset counter for 366 NAN/INF values in logl
 *** WARNING *** GMRFLib_2order_approx: rescue NAN/INF values in logl for idx=377
 *** WARNING *** GMRFLib_2order_approx: reset counter for 7 NAN/INF values in logl
 *** WARNING *** GMRFLib_2order_approx: rescue NAN/INF values in logl for idx=310
 *** WARNING *** GMRFLib_2order_approx: reset counter for 135 NAN/INF values in logl
 *** WARNING *** GMRFLib_2order_approx: rescue NAN/INF values in logl for idx=0
 *** WARNING *** GMRFLib_2order_approx: reset counter for 220 NAN/INF values in logl
 *** WARNING *** GMRFLib_2order_approx: rescue NAN/INF values in logl for idx=365
 *** WARNING *** GMRFLib_2order_approx: reset counter for 56 NAN/INF values in logl
 *** WARNING *** GMRFLib_2order_approx: rescue NAN/INF values in logl for idx=653
 *** WARNING *** GMRFLib_2order_approx: reset counter for 4 NAN/INF values in logl
 *** WARNING *** GMRFLib_2order_approx: rescue NAN/INF values in logl for idx=1
 *** WARNING *** GMRFLib_2order_approx: reset counter for 72 NAN/INF values in logl
 *** WARNING *** GMRFLib_2order_approx: rescue NAN/INF values in logl for idx=365
 *** WARNING *** GMRFLib_2order_approx: reset counter for 122 NAN/INF values in logl
 *** WARNING *** GMRFLib_2order_approx: rescue NAN/INF values in logl for idx=0
 *** WARNING *** GMRFLib_2order_approx: reset counter for 366 NAN/INF values in logl
 *** WARNING *** GMRFLib_2order_approx: rescue NAN/INF values in logl for idx=0
 *** WARNING *** GMRFLib_2order_approx: reset counter for 216 NAN/INF values in logl
 *** WARNING *** GMRFLib_2order_approx: rescue NAN/INF values in logl for idx=365
 *** WARNING *** GMRFLib_2order_approx: reset counter for 22 NAN/INF values in logl
 *** WARNING *** GMRFLib_2order_approx: rescue NAN/INF values in logl for idx=377
 *** WARNING *** GMRFLib_2order_approx: reset counter for 21 NAN/INF values in logl
 *** WARNING *** GMRFLib_2order_approx: rescue NAN/INF values in logl for idx=20
 *** WARNING *** GMRFLib_2order_approx: reset counter for 30 NAN/INF values in logl
 *** WARNING *** GMRFLib_2order_approx: rescue NAN/INF values in logl for idx=0
 *** WARNING *** GMRFLib_2order_approx: reset counter for 289 NAN/INF values in logl
 *** WARNING *** GMRFLib_2order_approx: rescue NAN/INF values in logl for idx=440
 *** WARNING *** GMRFLib_2order_approx: reset counter for 69 NAN/INF values in logl
 *** WARNING *** GMRFLib_2order_approx: rescue NAN/INF values in logl for idx=0
 *** WARNING *** GMRFLib_2order_approx: reset counter for 336 NAN/INF values in logl
 *** WARNING *** GMRFLib_2order_approx: rescue NAN/INF values in logl for idx=440
 *** WARNING *** GMRFLib_2order_approx: reset counter for 2 NAN/INF values in logl
 *** WARNING *** GMRFLib_2order_approx: rescue NAN/INF values in logl for idx=365
 *** WARNING *** GMRFLib_2order_approx: reset counter for 93 NAN/INF values in logl
 *** WARNING *** GMRFLib_2order_approx: rescue NAN/INF values in logl for idx=3
 *** WARNING *** GMRFLib_2order_approx: reset counter for 145 NAN/INF values in logl
 *** WARNING *** GMRFLib_2order_approx: rescue NAN/INF values in logl for idx=365
 *** WARNING *** GMRFLib_2order_approx: reset counter for 145 NAN/INF values in logl
 *** WARNING *** GMRFLib_2order_approx: rescue NAN/INF values in logl for idx=0
 *** WARNING *** GMRFLib_2order_approx: reset counter for 364 NAN/INF values in logl
 *** WARNING *** GMRFLib_2order_approx: rescue NAN/INF values in logl for idx=377
 *** WARNING *** GMRFLib_2order_approx: reset counter for 4 NAN/INF values in logl
 *** WARNING *** GMRFLib_2order_approx: rescue NAN/INF values in logl for idx=311
 *** WARNING *** GMRFLib_2order_approx: reset counter for 132 NAN/INF values in logl
 *** WARNING *** GMRFLib_2order_approx: rescue NAN/INF values in logl for idx=0
 *** WARNING *** GMRFLib_2order_approx: reset counter for 311 NAN/INF values in logl
 *** WARNING *** GMRFLib_2order_approx: rescue NAN/INF values in logl for idx=365
 *** WARNING *** GMRFLib_2order_approx: reset counter for 34 NAN/INF values in logl
 *** WARNING *** GMRFLib_2order_approx: rescue NAN/INF values in logl for idx=438
 *** WARNING *** GMRFLib_2order_approx: reset counter for 16 NAN/INF values in logl
 *** WARNING *** GMRFLib_2order_approx: rescue NAN/INF values in logl for idx=50
 *** WARNING *** GMRFLib_2order_approx: reset counter for 10 NAN/INF values in logl
 *** WARNING *** GMRFLib_2order_approx: rescue NAN/INF values in logl for idx=0
 *** WARNING *** GMRFLib_2order_approx: reset counter for 370 NAN/INF values in logl
 *** WARNING *** GMRFLib_2order_approx: rescue NAN/INF values in logl for idx=377
 *** WARNING *** GMRFLib_2order_approx: reset counter for 9 NAN/INF values in logl
 *** WARNING *** GMRFLib_2order_approx: rescue NAN/INF values in logl for idx=365
 *** WARNING *** GMRFLib_2order_approx: reset counter for 78 NAN/INF values in logl
 *** WARNING *** GMRFLib_2order_approx: rescue NAN/INF values in logl for idx=0
 *** WARNING *** GMRFLib_2order_approx: reset counter for 215 NAN/INF values in logl
 *** WARNING *** GMRFLib_2order_approx: rescue NAN/INF values in logl for idx=447
 *** WARNING *** GMRFLib_2order_approx: reset counter for 3 NAN/INF values in logl
 *** WARNING *** GMRFLib_2order_approx: rescue NAN/INF values in logl for idx=39
 *** WARNING *** GMRFLib_2order_approx: reset counter for 8 NAN/INF values in logl
 *** WARNING *** GMRFLib_2order_approx: rescue NAN/INF values in logl for idx=377
 *** WARNING *** GMRFLib_2order_approx: reset counter for 7 NAN/INF values in logl
 *** WARNING *** GMRFLib_2order_approx: rescue NAN/INF values in logl for idx=24
 *** WARNING *** GMRFLib_2order_approx: reset counter for 14 NAN/INF values in logl
 *** WARNING *** GMRFLib_2order_approx: rescue NAN/INF values in logl for idx=377
 *** WARNING *** GMRFLib_2order_approx: reset counter for 2 NAN/INF values in logl
 *** WARNING *** GMRFLib_2order_approx: rescue NAN/INF values in logl for idx=19
 *** WARNING *** GMRFLib_2order_approx: reset counter for 20 NAN/INF values in logl
 *** WARNING *** GMRFLib_2order_approx: rescue NAN/INF values in logl for idx=365
 *** WARNING *** GMRFLib_2order_approx: reset counter for 25 NAN/INF values in logl
 *** WARNING *** GMRFLib_2order_approx: rescue NAN/INF values in logl for idx=438
 *** WARNING *** GMRFLib_2order_approx: reset counter for 17 NAN/INF values in logl
 *** WARNING *** GMRFLib_2order_approx: rescue NAN/INF values in logl for idx=6
 *** WARNING *** GMRFLib_2order_approx: reset counter for 25 NAN/INF values in logl
 *** WARNING *** GMRFLib_2order_approx: rescue NAN/INF values in logl for idx=0
 *** WARNING *** GMRFLib_2order_approx: reset counter for 298 NAN/INF values in logl
 *** WARNING *** GMRFLib_2order_approx: rescue NAN/INF values in logl for idx=440
 *** WARNING *** GMRFLib_2order_approx: reset counter for 2 NAN/INF values in logl
 *** WARNING *** GMRFLib_2order_approx: rescue NAN/INF values in logl for idx=365
 *** WARNING *** GMRFLib_2order_approx: reset counter for 104 NAN/INF values in logl
 *** WARNING *** GMRFLib_2order_approx: rescue NAN/INF values in logl for idx=2
 *** WARNING *** GMRFLib_2order_approx: reset counter for 221 NAN/INF values in logl
 *** WARNING *** GMRFLib_2order_approx: rescue NAN/INF values in logl for idx=330
 *** WARNING *** GMRFLib_2order_approx: reset counter for 119 NAN/INF values in logl
 *** WARNING *** GMRFLib_2order_approx: rescue NAN/INF values in logl for idx=3
 *** WARNING *** GMRFLib_2order_approx: reset counter for 132 NAN/INF values in logl
 *** WARNING *** GMRFLib_2order_approx: rescue NAN/INF values in logl for idx=365
 *** WARNING *** GMRFLib_2order_approx: reset counter for 117 NAN/INF values in logl
 *** WARNING *** GMRFLib_2order_approx: rescue NAN/INF values in logl for idx=0
 *** WARNING *** GMRFLib_2order_approx: reset counter for 374 NAN/INF values in logl
 *** WARNING *** GMRFLib_2order_approx: rescue NAN/INF values in logl for idx=440
 *** WARNING *** GMRFLib_2order_approx: reset counter for 2 NAN/INF values in logl
 *** WARNING *** GMRFLib_2order_approx: rescue NAN/INF values in logl for idx=311
 *** WARNING *** GMRFLib_2order_approx: reset counter for 132 NAN/INF values in logl
 *** WARNING *** GMRFLib_2order_approx: rescue NAN/INF values in logl for idx=0
 *** WARNING *** GMRFLib_2order_approx: reset counter for 198 NAN/INF values in logl
 *** WARNING *** GMRFLib_2order_approx: rescue NAN/INF values in logl for idx=365
 *** WARNING *** GMRFLib_2order_approx: reset counter for 116 NAN/INF values in logl
 *** WARNING *** GMRFLib_2order_approx: rescue NAN/INF values in logl for idx=0
 *** WARNING *** GMRFLib_2order_approx: reset counter for 342 NAN/INF values in logl
 *** WARNING *** GMRFLib_2order_approx: rescue NAN/INF values in logl for idx=0
 *** WARNING *** GMRFLib_2order_approx: reset counter for 214 NAN/INF values in logl
 *** WARNING *** GMRFLib_2order_approx: rescue NAN/INF values in logl for idx=377
 *** WARNING *** GMRFLib_2order_approx: reset counter for 13 NAN/INF values in logl
 *** WARNING *** GMRFLib_2order_approx: rescue NAN/INF values in logl for idx=365
 *** WARNING *** GMRFLib_2order_approx: reset counter for 57 NAN/INF values in logl
 *** WARNING *** GMRFLib_2order_approx: rescue NAN/INF values in logl for idx=0
 *** WARNING *** GMRFLib_2order_approx: reset counter for 365 NAN/INF values in logl
 *** WARNING *** GMRFLib_2order_approx: rescue NAN/INF values in logl for idx=377
 *** WARNING *** GMRFLib_2order_approx: reset counter for 4 NAN/INF values in logl
 *** WARNING *** GMRFLib_2order_approx: rescue NAN/INF values in logl for idx=311
 *** WARNING *** GMRFLib_2order_approx: reset counter for 112 NAN/INF values in logl
 *** WARNING *** GMRFLib_2order_approx: rescue NAN/INF values in logl for idx=0
 *** WARNING *** GMRFLib_2order_approx: reset counter for 364 NAN/INF values in logl
 *** WARNING *** GMRFLib_2order_approx: rescue NAN/INF values in logl for idx=377
 *** WARNING *** GMRFLib_2order_approx: reset counter for 10 NAN/INF values in logl
 *** WARNING *** GMRFLib_2order_approx: rescue NAN/INF values in logl for idx=311
 *** WARNING *** GMRFLib_2order_approx: reset counter for 67 NAN/INF values in logl
 *** WARNING *** GMRFLib_2order_approx: rescue NAN/INF values in logl for idx=0
 *** WARNING *** GMRFLib_2order_approx: reset counter for 252 NAN/INF values in logl
 *** WARNING *** GMRFLib_2order_approx: rescue NAN/INF values in logl for idx=365
 *** WARNING *** GMRFLib_2order_approx: reset counter for 93 NAN/INF values in logl
 *** WARNING *** GMRFLib_2order_approx: rescue NAN/INF values in logl for idx=0
 *** WARNING *** GMRFLib_2order_approx: reset counter for 364 NAN/INF values in logl
 *** WARNING *** GMRFLib_2order_approx: rescue NAN/INF values in logl for idx=377
 *** WARNING *** GMRFLib_2order_approx: reset counter for 6 NAN/INF values in logl
 *** WARNING *** GMRFLib_2order_approx: rescue NAN/INF values in logl for idx=310
 *** WARNING *** GMRFLib_2order_approx: reset counter for 107 NAN/INF values in logl
 *** WARNING *** GMRFLib_2order_approx: rescue NAN/INF values in logl for idx=2
 *** WARNING *** GMRFLib_2order_approx: reset counter for 173 NAN/INF values in logl
 *** WARNING *** GMRFLib_2order_approx: rescue NAN/INF values in logl for idx=365
 *** WARNING *** GMRFLib_2order_approx: reset counter for 85 NAN/INF values in logl
 *** WARNING *** GMRFLib_2order_approx: rescue NAN/INF values in logl for idx=0
 *** WARNING *** GMRFLib_2order_approx: reset counter for 374 NAN/INF values in logl
 *** WARNING *** GMRFLib_2order_approx: rescue NAN/INF values in logl for idx=377
 *** WARNING *** GMRFLib_2order_approx: reset counter for 9 NAN/INF values in logl
 *** WARNING *** GMRFLib_2order_approx: rescue NAN/INF values in logl for idx=0
 *** WARNING *** GMRFLib_2order_approx: reset counter for 219 NAN/INF values in logl
 *** WARNING *** GMRFLib_2order_approx: rescue NAN/INF values in logl for idx=652
 *** WARNING *** GMRFLib_2order_approx: reset counter for 26 NAN/INF values in logl
 *** WARNING *** GMRFLib_2order_approx: rescue NAN/INF values in logl for idx=365
 *** WARNING *** GMRFLib_2order_approx: reset counter for 24 NAN/INF values in logl
 *** WARNING *** GMRFLib_2order_approx: rescue NAN/INF values in logl for idx=432
 *** WARNING *** GMRFLib_2order_approx: reset counter for 15 NAN/INF values in logl
 *** WARNING *** GMRFLib_2order_approx: rescue NAN/INF values in logl for idx=20
 *** WARNING *** GMRFLib_2order_approx: reset counter for 17 NAN/INF values in logl
 *** WARNING *** GMRFLib_2order_approx: rescue NAN/INF values in logl for idx=1
 *** WARNING *** GMRFLib_2order_approx: reset counter for 260 NAN/INF values in logl
 *** WARNING *** GMRFLib_2order_approx: rescue NAN/INF values in logl for idx=440
 *** WARNING *** GMRFLib_2order_approx: reset counter for 2 NAN/INF values in logl
 *** WARNING *** GMRFLib_2order_approx: rescue NAN/INF values in logl for idx=246
 *** WARNING *** GMRFLib_2order_approx: reset counter for 150 NAN/INF values in logl
 *** WARNING *** GMRFLib_2order_approx: rescue NAN/INF values in logl for idx=0
 *** WARNING *** GMRFLib_2order_approx: reset counter for 333 NAN/INF values in logl
 *** WARNING *** GMRFLib_2order_approx: rescue NAN/INF values in logl for idx=377
 *** WARNING *** GMRFLib_2order_approx: reset counter for 18 NAN/INF values in logl
 *** WARNING *** GMRFLib_2order_approx: rescue NAN/INF values in logl for idx=663
 *** WARNING *** GMRFLib_2order_approx: reset counter for 7 NAN/INF values in logl
 *** WARNING *** GMRFLib_2order_approx: rescue NAN/INF values in logl for idx=39
 *** WARNING *** GMRFLib_2order_approx: reset counter for 9 NAN/INF values in logl
 *** WARNING *** GMRFLib_2order_approx: rescue NAN/INF values in logl for idx=365
 *** WARNING *** GMRFLib_2order_approx: reset counter for 25 NAN/INF values in logl
 *** WARNING *** GMRFLib_2order_approx: rescue NAN/INF values in logl for idx=438
 *** WARNING *** GMRFLib_2order_approx: reset counter for 18 NAN/INF values in logl
 *** WARNING *** GMRFLib_2order_approx: rescue NAN/INF values in logl for idx=0
 *** WARNING *** GMRFLib_2order_approx: reset counter for 66 NAN/INF values in logl
 *** WARNING *** GMRFLib_2order_approx: rescue NAN/INF values in logl for idx=28
 *** WARNING *** GMRFLib_2order_approx: reset counter for 30 NAN/INF values in logl
 *** WARNING *** GMRFLib_2order_approx: rescue NAN/INF values in logl for idx=377
 *** WARNING *** GMRFLib_2order_approx: reset counter for 5 NAN/INF values in logl
 *** WARNING *** GMRFLib_2order_approx: rescue NAN/INF values in logl for idx=0
 *** WARNING *** GMRFLib_2order_approx: reset counter for 72 NAN/INF values in logl
 *** WARNING *** GMRFLib_2order_approx: rescue NAN/INF values in logl for idx=365
 *** WARNING *** GMRFLib_2order_approx: reset counter for 123 NAN/INF values in logl
 *** WARNING *** GMRFLib_2order_approx: rescue NAN/INF values in logl for idx=0
 *** WARNING *** GMRFLib_2order_approx: reset counter for 374 NAN/INF values in logl
 *** WARNING *** GMRFLib_2order_approx: rescue NAN/INF values in logl for idx=377
 *** WARNING *** GMRFLib_2order_approx: reset counter for 6 NAN/INF values in logl
 *** WARNING *** GMRFLib_2order_approx: rescue NAN/INF values in logl for idx=310
 *** WARNING *** GMRFLib_2order_approx: reset counter for 113 NAN/INF values in logl
 *** WARNING *** GMRFLib_2order_approx: rescue NAN/INF values in logl for idx=3
 *** WARNING *** GMRFLib_2order_approx: reset counter for 115 NAN/INF values in logl
 *** WARNING *** GMRFLib_2order_approx: rescue NAN/INF values in logl for idx=365
 *** WARNING *** GMRFLib_2order_approx: reset counter for 139 NAN/INF values in logl
 *** WARNING *** GMRFLib_2order_approx: rescue NAN/INF values in logl for idx=75
 *** WARNING *** GMRFLib_2order_approx: reset counter for 72 NAN/INF values in logl
 *** WARNING *** GMRFLib_2order_approx: rescue NAN/INF values in logl for idx=58
 *** WARNING *** GMRFLib_2order_approx: reset counter for 7 NAN/INF values in logl
 *** WARNING *** GMRFLib_2order_approx: rescue NAN/INF values in logl for idx=0
 *** WARNING *** GMRFLib_2order_approx: reset counter for 223 NAN/INF values in logl
 *** WARNING *** GMRFLib_2order_approx: rescue NAN/INF values in logl for idx=365
 *** WARNING *** GMRFLib_2order_approx: reset counter for 35 NAN/INF values in logl
 *** WARNING *** GMRFLib_2order_approx: rescue NAN/INF values in logl for idx=2
 *** WARNING *** GMRFLib_2order_approx: reset counter for 129 NAN/INF values in logl
 *** WARNING *** GMRFLib_2order_approx: rescue NAN/INF values in logl for idx=440
 *** WARNING *** GMRFLib_2order_approx: reset counter for 97 NAN/INF values in logl
 *** WARNING *** GMRFLib_2order_approx: rescue NAN/INF values in logl for idx=0
 *** WARNING *** GMRFLib_2order_approx: reset counter for 221 NAN/INF values in logl
 *** WARNING *** GMRFLib_2order_approx: rescue NAN/INF values in logl for idx=377
 *** WARNING *** GMRFLib_2order_approx: reset counter for 17 NAN/INF values in logl
 *** WARNING *** GMRFLib_2order_approx: rescue NAN/INF values in logl for idx=377
 *** WARNING *** GMRFLib_2order_approx: reset counter for 35 NAN/INF values in logl
 *** WARNING *** GMRFLib_2order_approx: rescue NAN/INF values in logl for idx=0
 *** WARNING *** GMRFLib_2order_approx: reset counter for 236 NAN/INF values in logl
 *** WARNING *** GMRFLib_2order_approx: rescue NAN/INF values in logl for idx=377
 *** WARNING *** GMRFLib_2order_approx: reset counter for 6 NAN/INF values in logl
 *** WARNING *** GMRFLib_2order_approx: rescue NAN/INF values in logl for idx=365
 *** WARNING *** GMRFLib_2order_approx: reset counter for 65 NAN/INF values in logl
 *** WARNING *** GMRFLib_2order_approx: rescue NAN/INF values in logl for idx=0
 *** WARNING *** GMRFLib_2order_approx: reset counter for 203 NAN/INF values in logl
 *** WARNING *** GMRFLib_2order_approx: rescue NAN/INF values in logl for idx=377
 *** WARNING *** GMRFLib_2order_approx: reset counter for 20 NAN/INF values in logl
 *** WARNING *** GMRFLib_2order_approx: rescue NAN/INF values in logl for idx=377
 *** WARNING *** GMRFLib_2order_approx: reset counter for 10 NAN/INF values in logl
 *** WARNING *** GMRFLib_2order_approx: rescue NAN/INF values in logl for idx=50
 *** WARNING *** GMRFLib_2order_approx: reset counter for 2 NAN/INF values in logl
 *** WARNING *** GMRFLib_2order_approx: rescue NAN/INF values in logl for idx=377
 *** WARNING *** GMRFLib_2order_approx: reset counter for 5 NAN/INF values in logl
 *** WARNING *** GMRFLib_2order_approx: rescue NAN/INF values in logl for idx=6
 *** WARNING *** GMRFLib_2order_approx: reset counter for 45 NAN/INF values in logl
 *** WARNING *** GMRFLib_2order_approx: rescue NAN/INF values in logl for idx=1
 *** WARNING *** GMRFLib_2order_approx: reset counter for 110 NAN/INF values in logl
 *** WARNING *** GMRFLib_2order_approx: rescue NAN/INF values in logl for idx=377
 *** WARNING *** GMRFLib_2order_approx: reset counter for 8 NAN/INF values in logl
 *** WARNING *** GMRFLib_2order_approx: rescue NAN/INF values in logl for idx=365
 *** WARNING *** GMRFLib_2order_approx: reset counter for 37 NAN/INF values in logl
 *** WARNING *** GMRFLib_2order_approx: rescue NAN/INF values in logl for idx=0
 *** WARNING *** GMRFLib_2order_approx: reset counter for 214 NAN/INF values in logl
 *** WARNING *** GMRFLib_2order_approx: rescue NAN/INF values in logl for idx=377
 *** WARNING *** GMRFLib_2order_approx: reset counter for 7 NAN/INF values in logl
 *** WARNING *** GMRFLib_2order_approx: rescue NAN/INF values in logl for idx=377
 *** WARNING *** GMRFLib_2order_approx: reset counter for 42 NAN/INF values in logl
 *** WARNING *** GMRFLib_2order_approx: rescue NAN/INF values in logl for idx=0
 *** WARNING *** GMRFLib_2order_approx: reset counter for 371 NAN/INF values in logl
 *** WARNING *** GMRFLib_2order_approx: rescue NAN/INF values in logl for idx=377
 *** WARNING *** GMRFLib_2order_approx: reset counter for 7 NAN/INF values in logl
 *** WARNING *** GMRFLib_2order_approx: rescue NAN/INF values in logl for idx=365
 *** WARNING *** GMRFLib_2order_approx: reset counter for 113 NAN/INF values in logl
 *** WARNING *** GMRFLib_2order_approx: rescue NAN/INF values in logl for idx=2
 *** WARNING *** GMRFLib_2order_approx: reset counter for 168 NAN/INF values in logl
 *** WARNING *** GMRFLib_2order_approx: rescue NAN/INF values in logl for idx=365
 *** WARNING *** GMRFLib_2order_approx: reset counter for 72 NAN/INF values in logl
 *** WARNING *** GMRFLib_2order_approx: rescue NAN/INF values in logl for idx=0
 *** WARNING *** GMRFLib_2order_approx: reset counter for 340 NAN/INF values in logl
 *** WARNING *** GMRFLib_2order_approx: rescue NAN/INF values in logl for idx=440
 *** WARNING *** GMRFLib_2order_approx: reset counter for 41 NAN/INF values in logl
 *** WARNING *** GMRFLib_2order_approx: rescue NAN/INF values in logl for idx=462
 *** WARNING *** GMRFLib_2order_approx: reset counter for 3 NAN/INF values in logl
 *** WARNING *** GMRFLib_2order_approx: rescue NAN/INF values in logl for idx=4
 *** WARNING *** GMRFLib_2order_approx: reset counter for 15 NAN/INF values in logl
 *** WARNING *** GMRFLib_2order_approx: rescue NAN/INF values in logl for idx=377
 *** WARNING *** GMRFLib_2order_approx: reset counter for 3 NAN/INF values in logl
 *** WARNING *** GMRFLib_2order_approx: rescue NAN/INF values in logl for idx=15
 *** WARNING *** GMRFLib_2order_approx: reset counter for 40 NAN/INF values in logl
 *** WARNING *** GMRFLib_2order_approx: rescue NAN/INF values in logl for idx=377
 *** WARNING *** GMRFLib_2order_approx: reset counter for 6 NAN/INF values in logl
 *** WARNING *** GMRFLib_2order_approx: rescue NAN/INF values in logl for idx=6
 *** WARNING *** GMRFLib_2order_approx: reset counter for 17 NAN/INF values in logl
 *** WARNING *** GMRFLib_2order_approx: rescue NAN/INF values in logl for idx=4
 *** WARNING *** GMRFLib_2order_approx: reset counter for 186 NAN/INF values in logl
 *** WARNING *** GMRFLib_2order_approx: rescue NAN/INF values in logl for idx=377
 *** WARNING *** GMRFLib_2order_approx: reset counter for 6 NAN/INF values in logl
 *** WARNING *** GMRFLib_2order_approx: rescue NAN/INF values in logl for idx=365
 *** WARNING *** GMRFLib_2order_approx: reset counter for 116 NAN/INF values in logl
 *** WARNING *** GMRFLib_2order_approx: rescue NAN/INF values in logl for idx=0
 *** WARNING *** GMRFLib_2order_approx: reset counter for 321 NAN/INF values in logl
 *** WARNING *** GMRFLib_2order_approx: rescue NAN/INF values in logl for idx=365
 *** WARNING *** GMRFLib_2order_approx: reset counter for 65 NAN/INF values in logl
 *** WARNING *** GMRFLib_2order_approx: rescue NAN/INF values in logl for idx=0
 *** WARNING *** GMRFLib_2order_approx: reset counter for 237 NAN/INF values in logl
 *** WARNING *** GMRFLib_2order_approx: rescue NAN/INF values in logl for idx=0
 *** WARNING *** GMRFLib_2order_approx: reset counter for 214 NAN/INF values in logl
 *** WARNING *** GMRFLib_2order_approx: rescue NAN/INF values in logl for idx=652
 *** WARNING *** GMRFLib_2order_approx: reset counter for 3 NAN/INF values in logl
 *** WARNING *** GMRFLib_2order_approx: rescue NAN/INF values in logl for idx=39
 *** WARNING *** GMRFLib_2order_approx: reset counter for 8 NAN/INF values in logl
 *** WARNING *** GMRFLib_2order_approx: rescue NAN/INF values in logl for idx=377
 *** WARNING *** GMRFLib_2order_approx: reset counter for 8 NAN/INF values in logl
 *** WARNING *** GMRFLib_2order_approx: rescue NAN/INF values in logl for idx=15
 *** WARNING *** GMRFLib_2order_approx: reset counter for 25 NAN/INF values in logl
 *** WARNING *** GMRFLib_2order_approx: rescue NAN/INF values in logl for idx=377
 *** WARNING *** GMRFLib_2order_approx: reset counter for 2 NAN/INF values in logl
 *** WARNING *** GMRFLib_2order_approx: rescue NAN/INF values in logl for idx=365
 *** WARNING *** GMRFLib_2order_approx: reset counter for 105 NAN/INF values in logl
 *** WARNING *** GMRFLib_2order_approx: rescue NAN/INF values in logl for idx=0
 *** WARNING *** GMRFLib_2order_approx: reset counter for 370 NAN/INF values in logl
 *** WARNING *** GMRFLib_2order_approx: rescue NAN/INF values in logl for idx=440
 *** WARNING *** GMRFLib_2order_approx: reset counter for 138 NAN/INF values in logl
 *** WARNING *** GMRFLib_2order_approx: rescue NAN/INF values in logl for idx=2
 *** WARNING *** GMRFLib_2order_approx: reset counter for 170 NAN/INF values in logl
 *** WARNING *** GMRFLib_2order_approx: rescue NAN/INF values in logl for idx=377
 *** WARNING *** GMRFLib_2order_approx: reset counter for 38 NAN/INF values in logl
 *** WARNING *** GMRFLib_2order_approx: rescue NAN/INF values in logl for idx=652
 *** WARNING *** GMRFLib_2order_approx: reset counter for 4 NAN/INF values in logl
 *** WARNING *** GMRFLib_2order_approx: rescue NAN/INF values in logl for idx=0
 *** WARNING *** GMRFLib_2order_approx: reset counter for 241 NAN/INF values in logl
 *** WARNING *** GMRFLib_2order_approx: rescue NAN/INF values in logl for idx=114
 *** WARNING *** GMRFLib_2order_approx: reset counter for 2 NAN/INF values in logl
 *** WARNING *** GMRFLib_2order_approx: rescue NAN/INF values in logl for idx=377
 *** WARNING *** GMRFLib_2order_approx: reset counter for 7 NAN/INF values in logl
 *** WARNING *** GMRFLib_2order_approx: rescue NAN/INF values in logl for idx=39
 *** WARNING *** GMRFLib_2order_approx: reset counter for 15 NAN/INF values in logl
 *** WARNING *** GMRFLib_2order_approx: rescue NAN/INF values in logl for idx=377
 *** WARNING *** GMRFLib_2order_approx: reset counter for 3 NAN/INF values in logl
 *** WARNING *** GMRFLib_2order_approx: rescue NAN/INF values in logl for idx=54
 *** WARNING *** GMRFLib_2order_approx: reset counter for 4 NAN/INF values in logl
 *** WARNING *** GMRFLib_2order_approx: rescue NAN/INF values in logl for idx=365
 *** WARNING *** GMRFLib_2order_approx: reset counter for 33 NAN/INF values in logl
 *** WARNING *** GMRFLib_2order_approx: rescue NAN/INF values in logl for idx=51
 *** WARNING *** GMRFLib_2order_approx: reset counter for 3 NAN/INF values in logl
 *** WARNING *** GMRFLib_2order_approx: rescue NAN/INF values in logl for idx=0
 *** WARNING *** GMRFLib_2order_approx: reset counter for 341 NAN/INF values in logl
 *** WARNING *** GMRFLib_2order_approx: rescue NAN/INF values in logl for idx=440
 *** WARNING *** GMRFLib_2order_approx: reset counter for 2 NAN/INF values in logl
 *** WARNING *** GMRFLib_2order_approx: rescue NAN/INF values in logl for idx=365
 *** WARNING *** GMRFLib_2order_approx: reset counter for 94 NAN/INF values in logl
 *** WARNING *** GMRFLib_2order_approx: rescue NAN/INF values in logl for idx=0
 *** WARNING *** GMRFLib_2order_approx: reset counter for 332 NAN/INF values in logl
 *** WARNING *** GMRFLib_2order_approx: rescue NAN/INF values in logl for idx=377
 *** WARNING *** GMRFLib_2order_approx: reset counter for 16 NAN/INF values in logl
 *** WARNING *** GMRFLib_2order_approx: rescue NAN/INF values in logl for idx=0
 *** WARNING *** GMRFLib_2order_approx: reset counter for 214 NAN/INF values in logl
 *** WARNING *** GMRFLib_2order_approx: rescue NAN/INF values in logl for idx=377
 *** WARNING *** GMRFLib_2order_approx: reset counter for 19 NAN/INF values in logl
 *** WARNING *** GMRFLib_2order_approx: rescue NAN/INF values in logl for idx=2
 *** WARNING *** GMRFLib_2order_approx: reset counter for 223 NAN/INF values in logl
 *** WARNING *** GMRFLib_2order_approx: rescue NAN/INF values in logl for idx=365
 *** WARNING *** GMRFLib_2order_approx: reset counter for 52 NAN/INF values in logl
 *** WARNING *** GMRFLib_2order_approx: rescue NAN/INF values in logl for idx=0
 *** WARNING *** GMRFLib_2order_approx: reset counter for 338 NAN/INF values in logl
 *** WARNING *** GMRFLib_2order_approx: rescue NAN/INF values in logl for idx=440
 *** WARNING *** GMRFLib_2order_approx: reset counter for 41 NAN/INF values in logl
 *** WARNING *** GMRFLib_2order_approx: rescue NAN/INF values in logl for idx=823
 *** WARNING *** GMRFLib_2order_approx: reset counter for 145 NAN/INF values in logl
 *** WARNING *** GMRFLib_2order_approx: rescue NAN/INF values in logl for idx=330
 *** WARNING *** GMRFLib_2order_approx: reset counter for 163 NAN/INF values in logl
 *** WARNING *** GMRFLib_2order_approx: rescue NAN/INF values in logl for idx=0
 *** WARNING *** GMRFLib_2order_approx: reset counter for 301 NAN/INF values in logl
 *** WARNING *** GMRFLib_2order_approx: rescue NAN/INF values in logl for idx=377
 *** WARNING *** GMRFLib_2order_approx: reset counter for 10 NAN/INF values in logl
 *** WARNING *** GMRFLib_2order_approx: rescue NAN/INF values in logl for idx=377
 *** WARNING *** GMRFLib_2order_approx: reset counter for 23 NAN/INF values in logl
 *** WARNING *** GMRFLib_2order_approx: rescue NAN/INF values in logl for idx=822
 *** WARNING *** GMRFLib_2order_approx: reset counter for 265 NAN/INF values in logl
 *** WARNING *** GMRFLib_2order_approx: rescue NAN/INF values in logl for idx=365
 *** WARNING *** GMRFLib_2order_approx: reset counter for 58 NAN/INF values in logl
 *** WARNING *** GMRFLib_2order_approx: rescue NAN/INF values in logl for idx=0
 *** WARNING *** GMRFLib_2order_approx: reset counter for 260 NAN/INF values in logl
 *** WARNING *** GMRFLib_2order_approx: rescue NAN/INF values in logl for idx=377
 *** WARNING *** GMRFLib_2order_approx: reset counter for 17 NAN/INF values in logl
 *** WARNING *** GMRFLib_2order_approx: rescue NAN/INF values in logl for idx=365
 *** WARNING *** GMRFLib_2order_approx: reset counter for 39 NAN/INF values in logl
 *** WARNING *** GMRFLib_2order_approx: rescue NAN/INF values in logl for idx=0
 *** WARNING *** GMRFLib_2order_approx: reset counter for 370 NAN/INF values in logl
 *** WARNING *** GMRFLib_2order_approx: rescue NAN/INF values in logl for idx=0
 *** WARNING *** GMRFLib_2order_approx: reset counter for 163 NAN/INF values in logl
 *** WARNING *** GMRFLib_2order_approx: rescue NAN/INF values in logl for idx=377
 *** WARNING *** GMRFLib_2order_approx: reset counter for 13 NAN/INF values in logl
 *** WARNING *** GMRFLib_2order_approx: rescue NAN/INF values in logl for idx=20
 *** WARNING *** GMRFLib_2order_approx: reset counter for 43 NAN/INF values in logl
 *** WARNING *** GMRFLib_2order_approx: rescue NAN/INF values in logl for idx=0
 *** WARNING *** GMRFLib_2order_approx: reset counter for 236 NAN/INF values in logl
 *** WARNING *** GMRFLib_2order_approx: rescue NAN/INF values in logl for idx=365
 *** WARNING *** GMRFLib_2order_approx: reset counter for 46 NAN/INF values in logl
 *** WARNING *** GMRFLib_2order_approx: rescue NAN/INF values in logl for idx=0
 *** WARNING *** GMRFLib_2order_approx: reset counter for 285 NAN/INF values in logl
 *** WARNING *** GMRFLib_2order_approx: rescue NAN/INF values in logl for idx=377
 *** WARNING *** GMRFLib_2order_approx: reset counter for 19 NAN/INF values in logl
 *** WARNING *** GMRFLib_2order_approx: rescue NAN/INF values in logl for idx=377
 *** WARNING *** GMRFLib_2order_approx: reset counter for 11 NAN/INF values in logl
 *** WARNING *** GMRFLib_2order_approx: rescue NAN/INF values in logl for idx=108
 *** WARNING *** GMRFLib_2order_approx: reset counter for 3 NAN/INF values in logl
 *** WARNING *** GMRFLib_2order_approx: rescue NAN/INF values in logl for idx=0
 *** WARNING *** GMRFLib_2order_approx: reset counter for 305 NAN/INF values in logl
 *** WARNING *** GMRFLib_2order_approx: rescue NAN/INF values in logl for idx=365
 *** WARNING *** GMRFLib_2order_approx: reset counter for 67 NAN/INF values in logl
 *** WARNING *** GMRFLib_2order_approx: rescue NAN/INF values in logl for idx=4
 *** WARNING *** GMRFLib_2order_approx: reset counter for 62 NAN/INF values in logl
 *** WARNING *** GMRFLib_2order_approx: rescue NAN/INF values in logl for idx=440
 *** WARNING *** GMRFLib_2order_approx: reset counter for 5 NAN/INF values in logl
 *** WARNING *** GMRFLib_2order_approx: rescue NAN/INF values in logl for idx=377
 *** WARNING *** GMRFLib_2order_approx: reset counter for 59 NAN/INF values in logl
 *** WARNING *** GMRFLib_2order_approx: rescue NAN/INF values in logl for idx=0
 *** WARNING *** GMRFLib_2order_approx: reset counter for 336 NAN/INF values in logl
 *** WARNING *** GMRFLib_2order_approx: rescue NAN/INF values in logl for idx=377
 *** WARNING *** GMRFLib_2order_approx: reset counter for 9 NAN/INF values in logl
 *** WARNING *** GMRFLib_2order_approx: rescue NAN/INF values in logl for idx=377
 *** WARNING *** GMRFLib_2order_approx: reset counter for 50 NAN/INF values in logl
 *** WARNING *** GMRFLib_2order_approx: rescue NAN/INF values in logl for idx=0
 *** WARNING *** GMRFLib_2order_approx: reset counter for 276 NAN/INF values in logl
 *** WARNING *** GMRFLib_2order_approx: rescue NAN/INF values in logl for idx=377
 *** WARNING *** GMRFLib_2order_approx: reset counter for 11 NAN/INF values in logl
 *** WARNING *** GMRFLib_2order_approx: rescue NAN/INF values in logl for idx=365
 *** WARNING *** GMRFLib_2order_approx: reset counter for 103 NAN/INF values in logl
 *** WARNING *** GMRFLib_2order_approx: rescue NAN/INF values in logl for idx=0
 *** WARNING *** GMRFLib_2order_approx: reset counter for 214 NAN/INF values in logl
 *** WARNING *** GMRFLib_2order_approx: rescue NAN/INF values in logl for idx=0
 *** WARNING *** GMRFLib_2order_approx: reset counter for 216 NAN/INF values in logl
 *** WARNING *** GMRFLib_2order_approx: rescue NAN/INF values in logl for idx=0
 *** WARNING *** GMRFLib_2order_approx: reset counter for 215 NAN/INF values in logl
 *** WARNING *** GMRFLib_2order_approx: rescue NAN/INF values in logl for idx=0
 *** WARNING *** GMRFLib_2order_approx: reset counter for 165 NAN/INF values in logl
 *** WARNING *** GMRFLib_2order_approx: rescue NAN/INF values in logl for idx=962
 *** WARNING *** GMRFLib_2order_approx: reset counter for 50 NAN/INF values in logl
 *** WARNING *** GMRFLib_2order_approx: rescue NAN/INF values in logl for idx=377
 *** WARNING *** GMRFLib_2order_approx: reset counter for 17 NAN/INF values in logl
 *** WARNING *** GMRFLib_2order_approx: rescue NAN/INF values in logl for idx=447
 *** WARNING *** GMRFLib_2order_approx: reset counter for 5 NAN/INF values in logl
 *** WARNING *** GMRFLib_2order_approx: rescue NAN/INF values in logl for idx=39
 *** WARNING *** GMRFLib_2order_approx: reset counter for 18 NAN/INF values in logl
 *** WARNING *** GMRFLib_2order_approx: rescue NAN/INF values in logl for idx=19
 *** WARNING *** GMRFLib_2order_approx: reset counter for 21 NAN/INF values in logl
 *** WARNING *** GMRFLib_2order_approx: rescue NAN/INF values in logl for idx=1071
 *** WARNING *** GMRFLib_2order_approx: reset counter for 42 NAN/INF values in logl
 *** WARNING *** GMRFLib_2order_approx: rescue NAN/INF values in logl for idx=3
 *** WARNING *** GMRFLib_2order_approx: reset counter for 155 NAN/INF values in logl
 *** WARNING *** GMRFLib_2order_approx: rescue NAN/INF values in logl for idx=4
 *** WARNING *** GMRFLib_2order_approx: reset counter for 71 NAN/INF values in logl
 *** WARNING *** GMRFLib_2order_approx: rescue NAN/INF values in logl for idx=1091
 *** WARNING *** GMRFLib_2order_approx: reset counter for 3 NAN/INF values in logl
 *** WARNING *** GMRFLib_2order_approx: rescue NAN/INF values in logl for idx=377
 *** WARNING *** GMRFLib_2order_approx: reset counter for 4 NAN/INF values in logl
 *** WARNING *** GMRFLib_2order_approx: rescue NAN/INF values in logl for idx=1082
 *** WARNING *** GMRFLib_2order_approx: reset counter for 3 NAN/INF values in logl
 *** WARNING *** GMRFLib_2order_approx: rescue NAN/INF values in logl for idx=377
 *** WARNING *** GMRFLib_2order_approx: reset counter for 31 NAN/INF values in logl
 *** WARNING *** GMRFLib_2order_approx: rescue NAN/INF values in logl for idx=0
 *** WARNING *** GMRFLib_2order_approx: reset counter for 275 NAN/INF values in logl
 *** WARNING *** GMRFLib_2order_approx: rescue NAN/INF values in logl for idx=365
 *** WARNING *** GMRFLib_2order_approx: reset counter for 159 NAN/INF values in logl
 *** WARNING *** GMRFLib_2order_approx: reset counter for 159 NAN/INF values in logl
 *** WARNING *** GMRFLib_2order_approx: rescue NAN/INF values in logl for idx=365
 *** WARNING *** GMRFLib_2order_approx: reset counter for 147 NAN/INF values in logl
 *** WARNING *** GMRFLib_2order_approx: rescue NAN/INF values in logl for idx=0
 *** WARNING *** GMRFLib_2order_approx: reset counter for 340 NAN/INF values in logl
 *** WARNING *** GMRFLib_2order_approx: rescue NAN/INF values in logl for idx=440
 *** WARNING *** GMRFLib_2order_approx: reset counter for 4 NAN/INF values in logl
 *** WARNING *** GMRFLib_2order_approx: rescue NAN/INF values in logl for idx=0
 *** WARNING *** GMRFLib_2order_approx: reset counter for 314 NAN/INF values in logl
 *** WARNING *** GMRFLib_2order_approx: rescue NAN/INF values in logl for idx=1037
 *** WARNING *** GMRFLib_2order_approx: reset counter for 42 NAN/INF values in logl
 *** WARNING *** GMRFLib_2order_approx: rescue NAN/INF values in logl for idx=1
 *** WARNING *** GMRFLib_2order_approx: reset counter for 287 NAN/INF values in logl
 *** WARNING *** GMRFLib_2order_approx: rescue NAN/INF values in logl for idx=377
 *** WARNING *** GMRFLib_2order_approx: reset counter for 95 NAN/INF values in logl
 *** WARNING *** GMRFLib_2order_approx: rescue NAN/INF values in logl for idx=377
 *** WARNING *** GMRFLib_2order_approx: reset counter for 6 NAN/INF values in logl
 *** WARNING *** GMRFLib_2order_approx: rescue NAN/INF values in logl for idx=1082
 *** WARNING *** GMRFLib_2order_approx: reset counter for 3 NAN/INF values in logl
 *** WARNING *** GMRFLib_2order_approx: rescue NAN/INF values in logl for idx=377
 *** WARNING *** GMRFLib_2order_approx: reset counter for 18 NAN/INF values in logl
 *** WARNING *** GMRFLib_2order_approx: rescue NAN/INF values in logl for idx=377
 *** WARNING *** GMRFLib_2order_approx: reset counter for 13 NAN/INF values in logl
 *** WARNING *** GMRFLib_2order_approx: rescue NAN/INF values in logl for idx=0
 *** WARNING *** GMRFLib_2order_approx: reset counter for 493 NAN/INF values in logl
 *** WARNING *** GMRFLib_2order_approx: rescue NAN/INF values in logl for idx=438
 *** WARNING *** GMRFLib_2order_approx: reset counter for 16 NAN/INF values in logl
 *** WARNING *** GMRFLib_2order_approx: rescue NAN/INF values in logl for idx=365
 *** WARNING *** GMRFLib_2order_approx: reset counter for 41 NAN/INF values in logl
 *** WARNING *** GMRFLib_2order_approx: rescue NAN/INF values in logl for idx=377
 *** WARNING *** GMRFLib_2order_approx: reset counter for 3 NAN/INF values in logl
 *** WARNING *** GMRFLib_2order_approx: rescue NAN/INF values in logl for idx=602
 *** WARNING *** GMRFLib_2order_approx: reset counter for 22 NAN/INF values in logl
 *** WARNING *** GMRFLib_2order_approx: rescue NAN/INF values in logl for idx=2
 *** WARNING *** GMRFLib_2order_approx: reset counter for 194 NAN/INF values in logl
 *** WARNING *** GMRFLib_2order_approx: rescue NAN/INF values in logl for idx=652
 *** WARNING *** GMRFLib_2order_approx: reset counter for 10 NAN/INF values in logl
 *** WARNING *** GMRFLib_2order_approx: rescue NAN/INF values in logl for idx=0
 *** WARNING *** GMRFLib_2order_approx: reset counter for 54 NAN/INF values in logl
 *** WARNING *** GMRFLib_2order_approx: rescue NAN/INF values in logl for idx=1057
 *** WARNING *** GMRFLib_2order_approx: reset counter for 9 NAN/INF values in logl
 *** WARNING *** GMRFLib_2order_approx: rescue NAN/INF values in logl for idx=1
 *** WARNING *** GMRFLib_2order_approx: reset counter for 110 NAN/INF values in logl
 *** WARNING *** GMRFLib_2order_approx: rescue NAN/INF values in logl for idx=365
 *** WARNING *** GMRFLib_2order_approx: reset counter for 60 NAN/INF values in logl
 *** WARNING *** GMRFLib_2order_approx: rescue NAN/INF values in logl for idx=948
 *** WARNING *** GMRFLib_2order_approx: reset counter for 8 NAN/INF values in logl
 *** WARNING *** GMRFLib_2order_approx: rescue NAN/INF values in logl for idx=28
 *** WARNING *** GMRFLib_2order_approx: reset counter for 16 NAN/INF values in logl
 *** WARNING *** GMRFLib_2order_approx: rescue NAN/INF values in logl for idx=124
 *** WARNING *** GMRFLib_2order_approx: reset counter for 25 NAN/INF values in logl
 *** WARNING *** GMRFLib_2order_approx: rescue NAN/INF values in logl for idx=1038
 *** WARNING *** GMRFLib_2order_approx: reset counter for 103 NAN/INF values in logl
 *** WARNING *** GMRFLib_2order_approx: rescue NAN/INF values in logl for idx=365
 *** WARNING *** GMRFLib_2order_approx: reset counter for 76 NAN/INF values in logl
 *** WARNING *** GMRFLib_2order_approx: rescue NAN/INF values in logl for idx=0
 *** WARNING *** GMRFLib_2order_approx: reset counter for 88 NAN/INF values in logl
 *** WARNING *** GMRFLib_2order_approx: rescue NAN/INF values in logl for idx=3
 *** WARNING *** GMRFLib_2order_approx: reset counter for 108 NAN/INF values in logl
 *** WARNING *** GMRFLib_2order_approx: rescue NAN/INF values in logl for idx=377
 *** WARNING *** GMRFLib_2order_approx: reset counter for 5 NAN/INF values in logl
 *** WARNING *** GMRFLib_2order_approx: rescue NAN/INF values in logl for idx=0
 *** WARNING *** GMRFLib_2order_approx: reset counter for 325 NAN/INF values in logl
 *** WARNING *** GMRFLib_2order_approx: rescue NAN/INF values in logl for idx=757
 *** WARNING *** GMRFLib_2order_approx: reset counter for 50 NAN/INF values in logl
 *** WARNING *** GMRFLib_2order_approx: rescue NAN/INF values in logl for idx=0
 *** WARNING *** GMRFLib_2order_approx: reset counter for 375 NAN/INF values in logl
 *** WARNING *** GMRFLib_2order_approx: rescue NAN/INF values in logl for idx=286
 *** WARNING *** GMRFLib_2order_approx: reset counter for 56 NAN/INF values in logl
 *** WARNING *** GMRFLib_2order_approx: rescue NAN/INF values in logl for idx=747
 *** WARNING *** GMRFLib_2order_approx: reset counter for 30 NAN/INF values in logl
 *** WARNING *** GMRFLib_2order_approx: rescue NAN/INF values in logl for idx=330
 *** WARNING *** GMRFLib_2order_approx: reset counter for 150 NAN/INF values in logl
 *** WARNING *** GMRFLib_2order_approx: rescue NAN/INF values in logl for idx=440
 *** WARNING *** GMRFLib_2order_approx: reset counter for 2 NAN/INF values in logl
 *** WARNING *** GMRFLib_2order_approx: rescue NAN/INF values in logl for idx=377
 *** WARNING *** GMRFLib_2order_approx: reset counter for 4 NAN/INF values in logl
 *** WARNING *** GMRFLib_2order_approx: rescue NAN/INF values in logl for idx=0
 *** WARNING *** GMRFLib_2order_approx: reset counter for 364 NAN/INF values in logl
 *** WARNING *** GMRFLib_2order_approx: rescue NAN/INF values in logl for idx=0
 *** WARNING *** GMRFLib_2order_approx: reset counter for 484 NAN/INF values in logl
 *** WARNING *** GMRFLib_2order_approx: rescue NAN/INF values in logl for idx=310
 *** WARNING *** GMRFLib_2order_approx: reset counter for 108 NAN/INF values in logl
 *** WARNING *** GMRFLib_2order_approx: rescue NAN/INF values in logl for idx=377
 *** WARNING *** GMRFLib_2order_approx: reset counter for 9 NAN/INF values in logl
 *** WARNING *** GMRFLib_2order_approx: rescue NAN/INF values in logl for idx=440
 *** WARNING *** GMRFLib_2order_approx: reset counter for 2 NAN/INF values in logl
 *** WARNING *** GMRFLib_2order_approx: rescue NAN/INF values in logl for idx=0
 *** WARNING *** GMRFLib_2order_approx: reset counter for 358 NAN/INF values in logl
 *** WARNING *** GMRFLib_2order_approx: rescue NAN/INF values in logl for idx=2
 *** WARNING *** GMRFLib_2order_approx: reset counter for 168 NAN/INF values in logl
 *** WARNING *** GMRFLib_2order_approx: rescue NAN/INF values in logl for idx=310
 *** WARNING *** GMRFLib_2order_approx: reset counter for 97 NAN/INF values in logl
 *** WARNING *** GMRFLib_2order_approx: rescue NAN/INF values in logl for idx=365
 *** WARNING *** GMRFLib_2order_approx: reset counter for 46 NAN/INF values in logl
 *** WARNING *** GMRFLib_2order_approx: rescue NAN/INF values in logl for idx=1053
 *** WARNING *** GMRFLib_2order_approx: reset counter for 5 NAN/INF values in logl
 *** WARNING *** GMRFLib_2order_approx: rescue NAN/INF values in logl for idx=377
 *** WARNING *** GMRFLib_2order_approx: reset counter for 3 NAN/INF values in logl
 *** WARNING *** GMRFLib_2order_approx: rescue NAN/INF values in logl for idx=365
 *** WARNING *** GMRFLib_2order_approx: reset counter for 71 NAN/INF values in logl
 *** WARNING *** GMRFLib_2order_approx: rescue NAN/INF values in logl for idx=0
 *** WARNING *** GMRFLib_2order_approx: reset counter for 244 NAN/INF values in logl
 *** WARNING *** GMRFLib_2order_approx: rescue NAN/INF values in logl for idx=0
 *** WARNING *** GMRFLib_2order_approx: reset counter for 321 NAN/INF values in logl
 *** WARNING *** GMRFLib_2order_approx: rescue NAN/INF values in logl for idx=365
 *** WARNING *** GMRFLib_2order_approx: reset counter for 47 NAN/INF values in logl
 *** WARNING *** GMRFLib_2order_approx: rescue NAN/INF values in logl for idx=572
 *** WARNING *** GMRFLib_2order_approx: reset counter for 95 NAN/INF values in logl
 *** WARNING *** GMRFLib_2order_approx: rescue NAN/INF values in logl for idx=0
 *** WARNING *** GMRFLib_2order_approx: reset counter for 308 NAN/INF values in logl
 *** WARNING *** GMRFLib_2order_approx: rescue NAN/INF values in logl for idx=1037
 *** WARNING *** GMRFLib_2order_approx: reset counter for 71 NAN/INF values in logl
 *** WARNING *** GMRFLib_2order_approx: rescue NAN/INF values in logl for idx=377
 *** WARNING *** GMRFLib_2order_approx: reset counter for 3 NAN/INF values in logl
 *** WARNING *** GMRFLib_2order_approx: rescue NAN/INF values in logl for idx=0
 *** WARNING *** GMRFLib_2order_approx: reset counter for 349 NAN/INF values in logl
 *** WARNING *** GMRFLib_2order_approx: rescue NAN/INF values in logl for idx=377
 *** WARNING *** GMRFLib_2order_approx: reset counter for 29 NAN/INF values in logl
 *** WARNING *** GMRFLib_2order_approx: rescue NAN/INF values in logl for idx=365
 *** WARNING *** GMRFLib_2order_approx: reset counter for 123 NAN/INF values in logl
 *** WARNING *** GMRFLib_2order_approx: rescue NAN/INF values in logl for idx=365
 *** WARNING *** GMRFLib_2order_approx: reset counter for 47 NAN/INF values in logl
 *** WARNING *** GMRFLib_2order_approx: rescue NAN/INF values in logl for idx=873
 *** WARNING *** GMRFLib_2order_approx: rescue NAN/INF values in logl for idx=20
 *** WARNING *** GMRFLib_2order_approx: reset counter for 62 NAN/INF values in logl
 *** WARNING *** GMRFLib_2order_approx: rescue NAN/INF values in logl for idx=377
 *** WARNING *** GMRFLib_2order_approx: reset counter for 7 NAN/INF values in logl
 *** WARNING *** GMRFLib_2order_approx: rescue NAN/INF values in logl for idx=1082
 *** WARNING *** GMRFLib_2order_approx: reset counter for 2 NAN/INF values in logl
 *** WARNING *** GMRFLib_2order_approx: rescue NAN/INF values in logl for idx=0
 *** WARNING *** GMRFLib_2order_approx: reset counter for 173 NAN/INF values in logl
 *** WARNING *** GMRFLib_2order_approx: rescue NAN/INF values in logl for idx=0
 *** WARNING *** GMRFLib_2order_approx: reset counter for 311 NAN/INF values in logl
 *** WARNING *** GMRFLib_2order_approx: rescue NAN/INF values in logl for idx=757
 *** WARNING *** GMRFLib_2order_approx: reset counter for 87 NAN/INF values in logl
 *** WARNING *** GMRFLib_2order_approx: rescue NAN/INF values in logl for idx=3
 *** WARNING *** GMRFLib_2order_approx: reset counter for 110 NAN/INF values in logl
 *** WARNING *** GMRFLib_2order_approx: rescue NAN/INF values in logl for idx=440
 *** WARNING *** GMRFLib_2order_approx: reset counter for 2 NAN/INF values in logl
 *** WARNING *** GMRFLib_2order_approx: rescue NAN/INF values in logl for idx=377
 *** WARNING *** GMRFLib_2order_approx: reset counter for 4 NAN/INF values in logl
 *** WARNING *** GMRFLib_2order_approx: rescue NAN/INF values in logl for idx=0
 *** WARNING *** GMRFLib_2order_approx: reset counter for 215 NAN/INF values in logl
 *** WARNING *** GMRFLib_2order_approx: rescue NAN/INF values in logl for idx=377
 *** WARNING *** GMRFLib_2order_approx: reset counter for 7 NAN/INF values in logl
 *** WARNING *** GMRFLib_2order_approx: rescue NAN/INF values in logl for idx=437
 *** WARNING *** GMRFLib_2order_approx: reset counter for 22 NAN/INF values in logl
 *** WARNING *** GMRFLib_2order_approx: rescue NAN/INF values in logl for idx=50
 *** WARNING *** GMRFLib_2order_approx: reset counter for 11 NAN/INF values in logl
 *** WARNING *** GMRFLib_2order_approx: rescue NAN/INF values in logl for idx=0
 *** WARNING *** GMRFLib_2order_approx: reset counter for 364 NAN/INF values in logl
 *** WARNING *** GMRFLib_2order_approx: rescue NAN/INF values in logl for idx=377
 *** WARNING *** GMRFLib_2order_approx: reset counter for 29 NAN/INF values in logl
 *** WARNING *** GMRFLib_2order_approx: rescue NAN/INF values in logl for idx=365
 *** WARNING *** GMRFLib_2order_approx: reset counter for 111 NAN/INF values in logl
 *** WARNING *** GMRFLib_2order_approx: rescue NAN/INF values in logl for idx=0
 *** WARNING *** GMRFLib_2order_approx: reset counter for 382 NAN/INF values in logl
 *** WARNING *** GMRFLib_2order_approx: rescue NAN/INF values in logl for idx=377
 *** WARNING *** GMRFLib_2order_approx: reset counter for 5 NAN/INF values in logl
 *** WARNING *** GMRFLib_2order_approx: rescue NAN/INF values in logl for idx=365
 *** WARNING *** GMRFLib_2order_approx: reset counter for 112 NAN/INF values in logl
 *** WARNING *** GMRFLib_2order_approx: rescue NAN/INF values in logl for idx=0
 *** WARNING *** GMRFLib_2order_approx: reset counter for 215 NAN/INF values in logl
 *** WARNING *** GMRFLib_2order_approx: rescue NAN/INF values in logl for idx=365
 *** WARNING *** GMRFLib_2order_approx: reset counter for 69 NAN/INF values in logl
 *** WARNING *** GMRFLib_2order_approx: rescue NAN/INF values in logl for idx=822
 *** WARNING *** GMRFLib_2order_approx: reset counter for 2 NAN/INF values in logl
 *** WARNING *** GMRFLib_2order_approx: rescue NAN/INF values in logl for idx=0
 *** WARNING *** GMRFLib_2order_approx: reset counter for 248 NAN/INF values in logl
 *** WARNING *** GMRFLib_2order_approx: rescue NAN/INF values in logl for idx=440
 *** WARNING *** GMRFLib_2order_approx: reset counter for 95 NAN/INF values in logl
 *** WARNING *** GMRFLib_2order_approx: rescue NAN/INF values in logl for idx=1
 *** WARNING *** GMRFLib_2order_approx: reset counter for 238 NAN/INF values in logl
 *** WARNING *** GMRFLib_2order_approx: rescue NAN/INF values in logl for idx=365
 *** WARNING *** GMRFLib_2order_approx: reset counter for 61 NAN/INF values in logl
 *** WARNING *** GMRFLib_2order_approx: rescue NAN/INF values in logl for idx=440
 *** WARNING *** GMRFLib_2order_approx: reset counter for 12 NAN/INF values in logl
 *** WARNING *** GMRFLib_2order_approx: rescue NAN/INF values in logl for idx=6
 *** WARNING *** GMRFLib_2order_approx: reset counter for 71 NAN/INF values in logl
 *** WARNING *** GMRFLib_2order_approx: rescue NAN/INF values in logl for idx=1071
 *** WARNING *** GMRFLib_2order_approx: reset counter for 63 NAN/INF values in logl
 *** WARNING *** GMRFLib_2order_approx: rescue NAN/INF values in logl for idx=50
 *** WARNING *** GMRFLib_2order_approx: reset counter for 13 NAN/INF values in logl
 *** WARNING *** GMRFLib_2order_approx: rescue NAN/INF values in logl for idx=50
 *** WARNING *** GMRFLib_2order_approx: reset counter for 17 NAN/INF values in logl
 *** WARNING *** GMRFLib_2order_approx: rescue NAN/INF values in logl for idx=1064
 *** WARNING *** GMRFLib_2order_approx: reset counter for 8 NAN/INF values in logl
 *** WARNING *** GMRFLib_2order_approx: rescue NAN/INF values in logl for idx=377
 *** WARNING *** GMRFLib_2order_approx: reset counter for 4 NAN/INF values in logl
 *** WARNING *** GMRFLib_2order_approx: reset counter for 4 NAN/INF values in logl
 *** WARNING *** GMRFLib_2order_approx: rescue NAN/INF values in logl for idx=440
 *** WARNING *** GMRFLib_2order_approx: reset counter for 2 NAN/INF values in logl
 *** WARNING *** GMRFLib_2order_approx: rescue NAN/INF values in logl for idx=377
 *** WARNING *** GMRFLib_2order_approx: reset counter for 14 NAN/INF values in logl
 *** WARNING *** GMRFLib_2order_approx: rescue NAN/INF values in logl for idx=632
 *** WARNING *** GMRFLib_2order_approx: reset counter for 9 NAN/INF values in logl
 *** WARNING *** GMRFLib_2order_approx: rescue NAN/INF values in logl for idx=50
 *** WARNING *** GMRFLib_2order_approx: reset counter for 6 NAN/INF values in logl
 *** WARNING *** GMRFLib_2order_approx: rescue NAN/INF values in logl for idx=440
 *** WARNING *** GMRFLib_2order_approx: reset counter for 7 NAN/INF values in logl
 *** WARNING *** GMRFLib_2order_approx: rescue NAN/INF values in logl for idx=51
 *** WARNING *** GMRFLib_2order_approx: reset counter for 3 NAN/INF values in logl
 *** WARNING *** GMRFLib_2order_approx: rescue NAN/INF values in logl for idx=377
 *** WARNING *** GMRFLib_2order_approx: rescue NAN/INF values in logl for idx=377
 *** WARNING *** GMRFLib_2order_approx: reset counter for 11 NAN/INF values in logl
 *** WARNING *** GMRFLib_2order_approx: rescue NAN/INF values in logl for idx=440
 *** WARNING *** GMRFLib_2order_approx: reset counter for 2 NAN/INF values in logl
 *** WARNING *** GMRFLib_2order_approx: rescue NAN/INF values in logl for idx=377
 *** WARNING *** GMRFLib_2order_approx: reset counter for 6 NAN/INF values in logl
 *** WARNING *** GMRFLib_2order_approx: rescue NAN/INF values in logl for idx=377
 *** WARNING *** GMRFLib_2order_approx: reset counter for 5 NAN/INF values in logl
 *** WARNING *** GMRFLib_2order_approx: reset counter for 5 NAN/INF values in logl
 *** WARNING *** GMRFLib_2order_approx: rescue NAN/INF values in logl for idx=440
 *** WARNING *** GMRFLib_2order_approx: reset counter for 6 NAN/INF values in logl
 *** WARNING *** GMRFLib_2order_approx: rescue NAN/INF values in logl for idx=377
 *** WARNING *** GMRFLib_2order_approx: reset counter for 3 NAN/INF values in logl
 *** WARNING *** GMRFLib_2order_approx: rescue NAN/INF values in logl for idx=440
 *** WARNING *** GMRFLib_2order_approx: reset counter for 3 NAN/INF values in logl
 *** WARNING *** GMRFLib_2order_approx: rescue NAN/INF values in logl for idx=50
 *** WARNING *** GMRFLib_2order_approx: reset counter for 8 NAN/INF values in logl
 *** WARNING *** GMRFLib_2order_approx: rescue NAN/INF values in logl for idx=440
 *** WARNING *** GMRFLib_2order_approx: reset counter for 2 NAN/INF values in logl
 *** WARNING *** GMRFLib_2order_approx: rescue NAN/INF values in logl for idx=440
 *** WARNING *** GMRFLib_2order_approx: reset counter for 2 NAN/INF values in logl
 *** WARNING *** GMRFLib_2order_approx: rescue NAN/INF values in logl for idx=377
 *** WARNING *** GMRFLib_2order_approx: reset counter for 3 NAN/INF values in logl
 *** WARNING *** GMRFLib_2order_approx: rescue NAN/INF values in logl for idx=377
 *** WARNING *** GMRFLib_2order_approx: reset counter for 13 NAN/INF values in logl
 *** WARNING *** GMRFLib_2order_approx: rescue NAN/INF values in logl for idx=51
 *** WARNING *** GMRFLib_2order_approx: reset counter for 5 NAN/INF values in logl
 *** WARNING *** GMRFLib_2order_approx: rescue NAN/INF values in logl for idx=440
 *** WARNING *** GMRFLib_2order_approx: reset counter for 3 NAN/INF values in logl
 *** WARNING *** GMRFLib_2order_approx: rescue NAN/INF values in logl for idx=440
 *** WARNING *** GMRFLib_2order_approx: reset counter for 4 NAN/INF values in logl
 *** WARNING *** GMRFLib_2order_approx: rescue NAN/INF values in logl for idx=377
 *** WARNING *** GMRFLib_2order_approx: reset counter for 3 NAN/INF values in logl
 *** WARNING *** GMRFLib_2order_approx: rescue NAN/INF values in logl for idx=440
 *** WARNING *** GMRFLib_2order_approx: reset counter for 6 NAN/INF values in logl
 *** WARNING *** GMRFLib_2order_approx: rescue NAN/INF values in logl for idx=440
 *** WARNING *** GMRFLib_2order_approx: reset counter for 6 NAN/INF values in logl
 *** WARNING *** GMRFLib_2order_approx: rescue NAN/INF values in logl for idx=377
 *** WARNING *** GMRFLib_2order_approx: reset counter for 4 NAN/INF values in logl
 *** WARNING *** GMRFLib_2order_approx: rescue NAN/INF values in logl for idx=377
 *** WARNING *** GMRFLib_2order_approx: reset counter for 4 NAN/INF values in logl
 *** WARNING *** GMRFLib_2order_approx: rescue NAN/INF values in logl for idx=377
 *** WARNING *** GMRFLib_2order_approx: reset counter for 4 NAN/INF values in logl
 *** WARNING *** GMRFLib_2order_approx: rescue NAN/INF values in logl for idx=377
 *** WARNING *** GMRFLib_2order_approx: reset counter for 6 NAN/INF values in logl
 *** WARNING *** GMRFLib_2order_approx: rescue NAN/INF values in logl for idx=440
 *** WARNING *** GMRFLib_2order_approx: reset counter for 2 NAN/INF values in logl
 *** WARNING *** GMRFLib_2order_approx: rescue NAN/INF values in logl for idx=377
 *** WARNING *** GMRFLib_2order_approx: reset counter for 4 NAN/INF values in logl
 *** WARNING *** GMRFLib_2order_approx: rescue NAN/INF values in logl for idx=377
 *** WARNING *** GMRFLib_2order_approx: reset counter for 4 NAN/INF values in logl
 *** WARNING *** GMRFLib_2order_approx: rescue NAN/INF values in logl for idx=440
 *** WARNING *** GMRFLib_2order_approx: reset counter for 10 NAN/INF values in logl
 *** WARNING *** GMRFLib_2order_approx: rescue NAN/INF values in logl for idx=440
 *** WARNING *** GMRFLib_2order_approx: reset counter for 7 NAN/INF values in logl
 *** WARNING *** GMRFLib_2order_approx: rescue NAN/INF values in logl for idx=440
 *** WARNING *** GMRFLib_2order_approx: reset counter for 2 NAN/INF values in logl
 *** WARNING *** GMRFLib_2order_approx: rescue NAN/INF values in logl for idx=377
 *** WARNING *** GMRFLib_2order_approx: reset counter for 4 NAN/INF values in logl
 *** WARNING *** GMRFLib_2order_approx: rescue NAN/INF values in logl for idx=51
 *** WARNING *** GMRFLib_2order_approx: reset counter for 15 NAN/INF values in logl
 *** WARNING *** GMRFLib_2order_approx: rescue NAN/INF values in logl for idx=1082
 *** WARNING *** GMRFLib_2order_approx: reset counter for 2 NAN/INF values in logl
 *** WARNING *** GMRFLib_2order_approx: rescue NAN/INF values in logl for idx=377
 *** WARNING *** GMRFLib_2order_approx: reset counter for 3 NAN/INF values in logl
 *** WARNING *** GMRFLib_2order_approx: rescue NAN/INF values in logl for idx=440
 *** WARNING *** GMRFLib_2order_approx: reset counter for 6 NAN/INF values in logl
 *** WARNING *** GMRFLib_2order_approx: rescue NAN/INF values in logl for idx=377
 *** WARNING *** GMRFLib_2order_approx: reset counter for 7 NAN/INF values in logl
 *** WARNING *** GMRFLib_2order_approx: rescue NAN/INF values in logl for idx=633
 *** WARNING *** GMRFLib_2order_approx: rescue NAN/INF values in logl for idx=51
 *** WARNING *** GMRFLib_2order_approx: reset counter for 7 NAN/INF values in logl
 *** WARNING *** GMRFLib_2order_approx: rescue NAN/INF values in logl for idx=440
 *** WARNING *** GMRFLib_2order_approx: reset counter for 3 NAN/INF values in logl
 *** WARNING *** GMRFLib_2order_approx: rescue NAN/INF values in logl for idx=377
 *** WARNING *** GMRFLib_2order_approx: reset counter for 4 NAN/INF values in logl
 *** WARNING *** GMRFLib_2order_approx: rescue NAN/INF values in logl for idx=377
 *** WARNING *** GMRFLib_2order_approx: reset counter for 3 NAN/INF values in logl
 *** WARNING *** GMRFLib_2order_approx: rescue NAN/INF values in logl for idx=50
 *** WARNING *** GMRFLib_2order_approx: reset counter for 2 NAN/INF values in logl
 *** WARNING *** GMRFLib_2order_approx: rescue NAN/INF values in logl for idx=377
 *** WARNING *** GMRFLib_2order_approx: reset counter for 5 NAN/INF values in logl
 *** WARNING *** GMRFLib_2order_approx: rescue NAN/INF values in logl for idx=653
 *** WARNING *** GMRFLib_2order_approx: reset counter for 3 NAN/INF values in logl
 *** WARNING *** GMRFLib_2order_approx: rescue NAN/INF values in logl for idx=440
 *** WARNING *** GMRFLib_2order_approx: reset counter for 2 NAN/INF values in logl
 *** WARNING *** GMRFLib_2order_approx: rescue NAN/INF values in logl for idx=377
 *** WARNING *** GMRFLib_2order_approx: reset counter for 3 NAN/INF values in logl
 *** WARNING *** GMRFLib_2order_approx: reset counter for 3 NAN/INF values in logl
 *** WARNING *** GMRFLib_2order_approx: rescue NAN/INF values in logl for idx=440
 *** WARNING *** GMRFLib_2order_approx: reset counter for 9 NAN/INF values in logl
 *** WARNING *** GMRFLib_2order_approx: rescue NAN/INF values in logl for idx=50
 *** WARNING *** GMRFLib_2order_approx: reset counter for 29 NAN/INF values in logl
 *** WARNING *** GMRFLib_2order_approx: rescue NAN/INF values in logl for idx=377
 *** WARNING *** GMRFLib_2order_approx: reset counter for 6 NAN/INF values in logl
 *** WARNING *** GMRFLib_2order_approx: rescue NAN/INF values in logl for idx=440
 *** WARNING *** GMRFLib_2order_approx: reset counter for 2 NAN/INF values in logl
 *** WARNING *** GMRFLib_2order_approx: rescue NAN/INF values in logl for idx=377
 *** WARNING *** GMRFLib_2order_approx: reset counter for 3 NAN/INF values in logl
 *** WARNING *** GMRFLib_2order_approx: rescue NAN/INF values in logl for idx=51
 *** WARNING *** GMRFLib_2order_approx: reset counter for 5 NAN/INF values in logl
 *** WARNING *** GMRFLib_2order_approx: rescue NAN/INF values in logl for idx=377
 *** WARNING *** GMRFLib_2order_approx: reset counter for 4 NAN/INF values in logl
 *** WARNING *** GMRFLib_2order_approx: rescue NAN/INF values in logl for idx=21
 *** WARNING *** GMRFLib_2order_approx: reset counter for 30 NAN/INF values in logl
 *** WARNING *** GMRFLib_2order_approx: rescue NAN/INF values in logl for idx=377
 *** WARNING *** GMRFLib_2order_approx: reset counter for 7 NAN/INF values in logl
 *** WARNING *** GMRFLib_2order_approx: rescue NAN/INF values in logl for idx=51
 *** WARNING *** GMRFLib_2order_approx: reset counter for 19 NAN/INF values in logl
 *** WARNING *** GMRFLib_2order_approx: rescue NAN/INF values in logl for idx=377
 *** WARNING *** GMRFLib_2order_approx: reset counter for 15 NAN/INF values in logl
 *** WARNING *** GMRFLib_2order_approx: rescue NAN/INF values in logl for idx=54
 *** WARNING *** GMRFLib_2order_approx: reset counter for 3 NAN/INF values in logl
 *** WARNING *** GMRFLib_2order_approx: rescue NAN/INF values in logl for idx=377
 *** WARNING *** GMRFLib_2order_approx: reset counter for 5 NAN/INF values in logl
 *** WARNING *** GMRFLib_2order_approx: rescue NAN/INF values in logl for idx=377
 *** WARNING *** GMRFLib_2order_approx: reset counter for 5 NAN/INF values in logl
 *** WARNING *** GMRFLib_2order_approx: rescue NAN/INF values in logl for idx=440
 *** WARNING *** GMRFLib_2order_approx: reset counter for 2 NAN/INF values in logl
 model     DIC    WAIC
    M1 6119.87 6121.70
    M2 5754.11 5763.08
    M3 5755.69 5764.57
    M4 5737.95 5751.97
    M5 5731.63 5740.27
    M6 5712.31 5728.34

## [8] Global Moran's I (Table S4)
  crude    I = +0.7394 (p = 2.46e-65)
  residual I = +0.0536 (p = 0.0886)
  high-risk districts = 87 | low-risk districts = 72

Core reproducibility run complete. Extended sections were not executed in this archived core run.
