## [3] Loading data
  HAV: 1145 district-years | 229 districts | 14950 cases
  parquet health indicators: 15 variables
  csv 생활용지하수이용현황_전처리.csv 2 variables
  csv merged_지하수수질.csv     1 variables
  csv merged_하수관로개보수.csv 1 variables
  csv merged_하수도보급률.csv  3 variables
  csv 가축두수_전처리.csv     3 variables
  csv 고령인구_전처리.csv     1 variables
  csv 국토이용현황_전처리_수정.csv 3 variables
  csv 어패류_패류_전처리.csv 1 variables
  merged: 1145 rows x 35 columns
  data repair log:
                      variable zeros_set_NA_study_years
           건강생활실천율_조율                        2
                  상수도보급률                      382
                  독거노인비율                      233
            기초생활수급자수율                      684
                    재정자립도                       10
                    재정자주도                       10
                          성비                        1
                  고령인구비율                        1
              도시지역인구비율                        3
                    순이동인구                        0
               관내진료비_입원                       96
         우울감경험률_표준화율                        1
     식품안정성확보율_표준화율                      913
                폐수배출업소수                      684
                 가정용_개소수                        0
           간이상수도용_개소수                        0
                      검사합계                      687
 공공하수처리구역인구보급률(%)                       10
               농가수(호)_젖소                        0
               농가수(호)_돼지                        0
               농가수(호)_가금                        0
               1인가구_80~84세                        0
        굴_자연채묘 생산량(kg)                        0
 over100_set_NA_study_years noncomparable_years NA_study_years_after_fill
                          0                                             0
                          0                                             0
                          1                2024                         0
                          0                                             0
                          0                                            10
                          0                                            10
                          0                                             0
                          0                                             0
                         10                                             0
                          0                                             0
                          0                                             0
                          0                                             0
                          0                                             0
                          0                                             0
                          0                                             0
                          0                                             0
                          0                                             0
                          0                                            10
                          0                                             0
                          0                                             0
                          0                                             0
                          0                                             0
                          0                                             0

## [4] Final selected covariates: 27 (forced confounders: 4)
경고메시지(들):
poly2nb(shp_main, snap = 0.01)에서: neighbour object has 2 sub-graphs;
if this sub-graph count seems unexpected, try increasing the snap argument.
  districts in spatial model: 223
  covariates entering INLA: 27 (VIF < 10)
  analysis frame: N = 1100 district-years | EPV = 40.7
 *** WARNING *** GMRFLib_2order_approx: rescue NAN/INF values in logl for idx=0
 *** WARNING *** GMRFLib_2order_approx: reset counter for 307 NAN/INF values in logl
 *** WARNING *** GMRFLib_2order_approx: reset counter for 307 NAN/INF values in logl
 *** WARNING *** GMRFLib_2order_approx: rescue NAN/INF values in logl for idx=0
 *** WARNING *** GMRFLib_2order_approx: reset counter for 244 NAN/INF values in logl
 *** WARNING *** GMRFLib_2order_approx: rescue NAN/INF values in logl for idx=0
 *** WARNING *** GMRFLib_2order_approx: reset counter for 132 NAN/INF values in logl
 *** WARNING *** GMRFLib_2order_approx: reset counter for 132 NAN/INF values in logl
 *** WARNING *** GMRFLib_2order_approx: rescue NAN/INF values in logl for idx=90
 *** WARNING *** GMRFLib_2order_approx: reset counter for 42 NAN/INF values in logl
 *** WARNING *** GMRFLib_2order_approx: reset counter for 42 NAN/INF values in logl
 *** WARNING *** GMRFLib_2order_approx: rescue NAN/INF values in logl for idx=1070
 *** WARNING *** GMRFLib_2order_approx: reset counter for 23 NAN/INF values in logl
 *** WARNING *** GMRFLib_2order_approx: rescue NAN/INF values in logl for idx=385
 *** WARNING *** GMRFLib_2order_approx: reset counter for 54 NAN/INF values in logl
 *** WARNING *** GMRFLib_2order_approx: rescue NAN/INF values in logl for idx=0
 *** WARNING *** GMRFLib_2order_approx: reset counter for 135 NAN/INF values in logl
 *** WARNING *** GMRFLib_2order_approx: rescue NAN/INF values in logl for idx=248
 *** WARNING *** GMRFLib_2order_approx: reset counter for 138 NAN/INF values in logl
 *** WARNING *** GMRFLib_2order_approx: reset counter for 10 NAN/INF values in logl
 *** WARNING *** GMRFLib_2order_approx: rescue NAN/INF values in logl for idx=838
 *** WARNING *** GMRFLib_2order_approx: reset counter for 84 NAN/INF values in logl
 *** WARNING *** GMRFLib_2order_approx: rescue NAN/INF values in logl for idx=645
 *** WARNING *** GMRFLib_2order_approx: reset counter for 18 NAN/INF values in logl
 *** WARNING *** GMRFLib_2order_approx: rescue NAN/INF values in logl for idx=0
 *** WARNING *** GMRFLib_2order_approx: reset counter for 145 NAN/INF values in logl
 *** WARNING *** GMRFLib_2order_approx: rescue NAN/INF values in logl for idx=385
 *** WARNING *** GMRFLib_2order_approx: reset counter for 110 NAN/INF values in logl
 *** WARNING *** GMRFLib_2order_approx: rescue NAN/INF values in logl for idx=0
 *** WARNING *** GMRFLib_2order_approx: reset counter for 106 NAN/INF values in logl
 *** WARNING *** GMRFLib_2order_approx: rescue NAN/INF values in logl for idx=438
 *** WARNING *** GMRFLib_2order_approx: reset counter for 4 NAN/INF values in logl
 *** WARNING *** GMRFLib_2order_approx: rescue NAN/INF values in logl for idx=1075
 *** WARNING *** GMRFLib_2order_approx: reset counter for 5 NAN/INF values in logl
 *** WARNING *** GMRFLib_2order_approx: rescue NAN/INF values in logl for idx=54
 *** WARNING *** GMRFLib_2order_approx: reset counter for 3 NAN/INF values in logl
 *** WARNING *** GMRFLib_2order_approx: rescue NAN/INF values in logl for idx=1040
 *** WARNING *** GMRFLib_2order_approx: reset counter for 18 NAN/INF values in logl
 *** WARNING *** GMRFLib_2order_approx: rescue NAN/INF values in logl for idx=140
 *** WARNING *** GMRFLib_2order_approx: reset counter for 104 NAN/INF values in logl
 *** WARNING *** GMRFLib_2order_approx: rescue NAN/INF values in logl for idx=0
 *** WARNING *** GMRFLib_2order_approx: reset counter for 575 NAN/INF values in logl
 *** WARNING *** GMRFLib_2order_approx: rescue NAN/INF values in logl for idx=5
 *** WARNING *** GMRFLib_2order_approx: reset counter for 103 NAN/INF values in logl
 *** WARNING *** GMRFLib_2order_approx: rescue NAN/INF values in logl for idx=0
 *** WARNING *** GMRFLib_2order_approx: reset counter for 333 NAN/INF values in logl
 *** WARNING *** GMRFLib_2order_approx: rescue NAN/INF values in logl for idx=0
 *** WARNING *** GMRFLib_2order_approx: reset counter for 154 NAN/INF values in logl
 *** WARNING *** GMRFLib_2order_approx: rescue NAN/INF values in logl for idx=75
 *** WARNING *** GMRFLib_2order_approx: reset counter for 569 NAN/INF values in logl
 *** WARNING *** GMRFLib_2order_approx: rescue NAN/INF values in logl for idx=375
 *** WARNING *** GMRFLib_2order_approx: reset counter for 24 NAN/INF values in logl
 *** WARNING *** GMRFLib_2order_approx: rescue NAN/INF values in logl for idx=8
 *** WARNING *** GMRFLib_2order_approx: reset counter for 16 NAN/INF values in logl
 *** WARNING *** GMRFLib_2order_approx: rescue NAN/INF values in logl for idx=0
 *** WARNING *** GMRFLib_2order_approx: reset counter for 647 NAN/INF values in logl
 *** WARNING *** GMRFLib_2order_approx: rescue NAN/INF values in logl for idx=0
 *** WARNING *** GMRFLib_2order_approx: reset counter for 481 NAN/INF values in logl
 *** WARNING *** GMRFLib_2order_approx: rescue NAN/INF values in logl for idx=650
 *** WARNING *** GMRFLib_2order_approx: reset counter for 2 NAN/INF values in logl
 *** WARNING *** GMRFLib_2order_approx: rescue NAN/INF values in logl for idx=1040
 *** WARNING *** GMRFLib_2order_approx: reset counter for 22 NAN/INF values in logl
 *** WARNING *** GMRFLib_2order_approx: rescue NAN/INF values in logl for idx=0
 *** WARNING *** GMRFLib_2order_approx: reset counter for 565 NAN/INF values in logl
 *** WARNING *** GMRFLib_2order_approx: rescue NAN/INF values in logl for idx=565
 *** WARNING *** GMRFLib_2order_approx: reset counter for 8 NAN/INF values in logl

## [6] Principal model M6: DIC = 5703.39 | WAIC = 5716.06
  Table 2: 27 covariates, 4 credible (95% CrI excludes 1)
    covariate      IRR       lo       hi credible
   dairy_farm 1.044912 1.005806 1.085405        1
 gw_household 1.079257 1.006137 1.156547        1
       forest 0.828762 0.751503 0.915377        1
 fiscal_indep 0.861405 0.791429 0.937504        1

## [7] Model comparison (Table S3, Multimedia Appendix 1)
 *** WARNING *** GMRFLib_2order_approx: rescue NAN/INF values in logl for idx=10
 *** WARNING *** GMRFLib_2order_approx: reset counter for 353 NAN/INF values in logl
 *** WARNING *** GMRFLib_2order_approx: rescue NAN/INF values in logl for idx=24
 *** WARNING *** GMRFLib_2order_approx: reset counter for 157 NAN/INF values in logl
 *** WARNING *** GMRFLib_2order_approx: rescue NAN/INF values in logl for idx=1040
 *** WARNING *** GMRFLib_2order_approx: reset counter for 52 NAN/INF values in logl
 *** WARNING *** GMRFLib_2order_approx: rescue NAN/INF values in logl for idx=51
 *** WARNING *** GMRFLib_2order_approx: reset counter for 12 NAN/INF values in logl
 *** WARNING *** GMRFLib_2order_approx: rescue NAN/INF values in logl for idx=1041
 *** WARNING *** GMRFLib_2order_approx: reset counter for 29 NAN/INF values in logl
 *** WARNING *** GMRFLib_2order_approx: rescue NAN/INF values in logl for idx=438
 *** WARNING *** GMRFLib_2order_approx: reset counter for 3 NAN/INF values in logl
 *** WARNING *** GMRFLib_2order_approx: rescue NAN/INF values in logl for idx=22
 *** WARNING *** GMRFLib_2order_approx: reset counter for 282 NAN/INF values in logl
 *** WARNING *** GMRFLib_2order_approx: rescue NAN/INF values in logl for idx=32
 *** WARNING *** GMRFLib_2order_approx: reset counter for 64 NAN/INF values in logl
 *** WARNING *** GMRFLib_2order_approx: rescue NAN/INF values in logl for idx=692
 *** WARNING *** GMRFLib_2order_approx: reset counter for 3 NAN/INF values in logl
 *** WARNING *** GMRFLib_2order_approx: rescue NAN/INF values in logl for idx=1043
 *** WARNING *** GMRFLib_2order_approx: reset counter for 3 NAN/INF values in logl
 *** WARNING *** GMRFLib_2order_approx: rescue NAN/INF values in logl for idx=385
 *** WARNING *** GMRFLib_2order_approx: reset counter for 7 NAN/INF values in logl
 *** WARNING *** GMRFLib_2order_approx: rescue NAN/INF values in logl for idx=0
 *** WARNING *** GMRFLib_2order_approx: reset counter for 508 NAN/INF values in logl
 *** WARNING *** GMRFLib_2order_approx: rescue NAN/INF values in logl for idx=4
 *** WARNING *** GMRFLib_2order_approx: reset counter for 279 NAN/INF values in logl
 *** WARNING *** GMRFLib_2order_approx: rescue NAN/INF values in logl for idx=0
 *** WARNING *** GMRFLib_2order_approx: reset counter for 87 NAN/INF values in logl
 *** WARNING *** GMRFLib_2order_approx: rescue NAN/INF values in logl for idx=105
 *** WARNING *** GMRFLib_2order_approx: reset counter for 9 NAN/INF values in logl
 *** WARNING *** GMRFLib_2order_approx: rescue NAN/INF values in logl for idx=360
 *** WARNING *** GMRFLib_2order_approx: reset counter for 11 NAN/INF values in logl
 *** WARNING *** GMRFLib_2order_approx: rescue NAN/INF values in logl for idx=645
 *** WARNING *** GMRFLib_2order_approx: reset counter for 18 NAN/INF values in logl
 *** WARNING *** GMRFLib_2order_approx: rescue NAN/INF values in logl for idx=1040
 *** WARNING *** GMRFLib_2order_approx: reset counter for 8 NAN/INF values in logl
 *** WARNING *** GMRFLib_2order_approx: rescue NAN/INF values in logl for idx=399
 *** WARNING *** GMRFLib_2order_approx: reset counter for 2 NAN/INF values in logl
 *** WARNING *** GMRFLib_2order_approx: rescue NAN/INF values in logl for idx=51
 *** WARNING *** GMRFLib_2order_approx: reset counter for 38 NAN/INF values in logl
 *** WARNING *** GMRFLib_2order_approx: rescue NAN/INF values in logl for idx=438
 *** WARNING *** GMRFLib_2order_approx: reset counter for 3 NAN/INF values in logl
 *** WARNING *** GMRFLib_2order_approx: rescue NAN/INF values in logl for idx=1040
 *** WARNING *** GMRFLib_2order_approx: reset counter for 19 NAN/INF values in logl
 *** WARNING *** GMRFLib_2order_approx: rescue NAN/INF values in logl for idx=0
 *** WARNING *** GMRFLib_2order_approx: reset counter for 203 NAN/INF values in logl
 *** WARNING *** GMRFLib_2order_approx: rescue NAN/INF values in logl for idx=0
 *** WARNING *** GMRFLib_2order_approx: reset counter for 376 NAN/INF values in logl
 *** WARNING *** GMRFLib_2order_approx: rescue NAN/INF values in logl for idx=438
 *** WARNING *** GMRFLib_2order_approx: reset counter for 2 NAN/INF values in logl
 *** WARNING *** GMRFLib_2order_approx: rescue NAN/INF values in logl for idx=75
 *** WARNING *** GMRFLib_2order_approx: reset counter for 80 NAN/INF values in logl
 *** WARNING *** GMRFLib_2order_approx: rescue NAN/INF values in logl for idx=1046
 *** WARNING *** GMRFLib_2order_approx: reset counter for 411 NAN/INF values in logl
 *** WARNING *** GMRFLib_2order_approx: rescue NAN/INF values in logl for idx=505
 *** WARNING *** GMRFLib_2order_approx: reset counter for 78 NAN/INF values in logl
 *** WARNING *** GMRFLib_2order_approx: rescue NAN/INF values in logl for idx=0
 *** WARNING *** GMRFLib_2order_approx: reset counter for 187 NAN/INF values in logl
 *** WARNING *** GMRFLib_2order_approx: rescue NAN/INF values in logl for idx=280
 *** WARNING *** GMRFLib_2order_approx: reset counter for 341 NAN/INF values in logl
 *** WARNING *** GMRFLib_2order_approx: rescue NAN/INF values in logl for idx=0
 *** WARNING *** GMRFLib_2order_approx: reset counter for 281 NAN/INF values in logl
 *** WARNING *** GMRFLib_2order_approx: rescue NAN/INF values in logl for idx=438
 *** WARNING *** GMRFLib_2order_approx: reset counter for 2 NAN/INF values in logl
 *** WARNING *** GMRFLib_2order_approx: rescue NAN/INF values in logl for idx=0
 *** WARNING *** GMRFLib_2order_approx: reset counter for 387 NAN/INF values in logl
 *** WARNING *** GMRFLib_2order_approx: rescue NAN/INF values in logl for idx=506
 *** WARNING *** GMRFLib_2order_approx: reset counter for 100 NAN/INF values in logl
 *** WARNING *** GMRFLib_2order_approx: rescue NAN/INF values in logl for idx=205
 *** WARNING *** GMRFLib_2order_approx: reset counter for 624 NAN/INF values in logl
 *** WARNING *** GMRFLib_2order_approx: rescue NAN/INF values in logl for idx=0
 *** WARNING *** GMRFLib_2order_approx: reset counter for 259 NAN/INF values in logl
 *** WARNING *** GMRFLib_2order_approx: rescue NAN/INF values in logl for idx=1040
 *** WARNING *** GMRFLib_2order_approx: reset counter for 9 NAN/INF values in logl
 *** WARNING *** GMRFLib_2order_approx: rescue NAN/INF values in logl for idx=280
 *** WARNING *** GMRFLib_2order_approx: reset counter for 362 NAN/INF values in logl
 *** WARNING *** GMRFLib_2order_approx: reset counter for 362 NAN/INF values in logl
 *** WARNING *** GMRFLib_2order_approx: rescue NAN/INF values in logl for idx=0
 *** WARNING *** GMRFLib_2order_approx: reset counter for 390 NAN/INF values in logl
 *** WARNING *** GMRFLib_2order_approx: rescue NAN/INF values in logl for idx=75
 *** WARNING *** GMRFLib_2order_approx: reset counter for 516 NAN/INF values in logl
 *** WARNING *** GMRFLib_2order_approx: rescue NAN/INF values in logl for idx=360
 *** WARNING *** GMRFLib_2order_approx: reset counter for 10 NAN/INF values in logl
 *** WARNING *** GMRFLib_2order_approx: rescue NAN/INF values in logl for idx=0
 *** WARNING *** GMRFLib_2order_approx: reset counter for 75 NAN/INF values in logl
 *** WARNING *** GMRFLib_2order_approx: rescue NAN/INF values in logl for idx=137
 *** WARNING *** GMRFLib_2order_approx: reset counter for 95 NAN/INF values in logl
 *** WARNING *** GMRFLib_2order_approx: rescue NAN/INF values in logl for idx=166
 *** WARNING *** GMRFLib_2order_approx: reset counter for 136 NAN/INF values in logl
 *** WARNING *** GMRFLib_2order_approx: rescue NAN/INF values in logl for idx=0
 *** WARNING *** GMRFLib_2order_approx: reset counter for 531 NAN/INF values in logl
 *** WARNING *** GMRFLib_2order_approx: reset counter for 531 NAN/INF values in logl
 *** WARNING *** GMRFLib_2order_approx: rescue NAN/INF values in logl for idx=438
 *** WARNING *** GMRFLib_2order_approx: reset counter for 10 NAN/INF values in logl
 *** WARNING *** GMRFLib_2order_approx: rescue NAN/INF values in logl for idx=438
 *** WARNING *** GMRFLib_2order_approx: reset counter for 2 NAN/INF values in logl
 *** WARNING *** GMRFLib_2order_approx: reset counter for 2 NAN/INF values in logl
 *** WARNING *** GMRFLib_2order_approx: rescue NAN/INF values in logl for idx=1075
 *** WARNING *** GMRFLib_2order_approx: reset counter for 4 NAN/INF values in logl
 *** WARNING *** GMRFLib_2order_approx: rescue NAN/INF values in logl for idx=108
 *** WARNING *** GMRFLib_2order_approx: reset counter for 226 NAN/INF values in logl
 *** WARNING *** GMRFLib_2order_approx: rescue NAN/INF values in logl for idx=10
 *** WARNING *** GMRFLib_2order_approx: reset counter for 506 NAN/INF values in logl
 *** WARNING *** GMRFLib_2order_approx: rescue NAN/INF values in logl for idx=0
 *** WARNING *** GMRFLib_2order_approx: reset counter for 575 NAN/INF values in logl
 *** WARNING *** GMRFLib_2order_approx: rescue NAN/INF values in logl for idx=558
 *** WARNING *** GMRFLib_2order_approx: reset counter for 2 NAN/INF values in logl
 *** WARNING *** GMRFLib_2order_approx: rescue NAN/INF values in logl for idx=0
 *** WARNING *** GMRFLib_2order_approx: reset counter for 586 NAN/INF values in logl
 *** WARNING *** GMRFLib_2order_approx: rescue NAN/INF values in logl for idx=438
 *** WARNING *** GMRFLib_2order_approx: reset counter for 3 NAN/INF values in logl
 *** WARNING *** GMRFLib_2order_approx: rescue NAN/INF values in logl for idx=0
 *** WARNING *** GMRFLib_2order_approx: reset counter for 511 NAN/INF values in logl
 *** WARNING *** GMRFLib_2order_approx: rescue NAN/INF values in logl for idx=535
 *** WARNING *** GMRFLib_2order_approx: reset counter for 3 NAN/INF values in logl
 model     DIC    WAIC    pD
    M1 6468.28 6473.67  28.8
    M2 6341.80 6352.10  89.5
    M3 6339.46 6352.31  98.7
    M4 5811.50 5701.56 709.6
    M5 5715.88 5724.01 103.2
    M6 5703.39 5716.06 145.9

## [8] Global Moran's I (Table S4, Multimedia Appendix 1)
  Pearson-residual I = +0.0840 (p = 0.0206)
  crude    I = +0.7348 (p = 3.58e-65)
  residual I = +0.1714 (p = 1.9e-05)
  analysed districts = 220 | high-risk = 80 | low-risk = 59 (all 223 graph nodes: 80 / 60)

## [9] 8-graph neighbourhood sensitivity (Table S6, Multimedia Appendix 1)
경고메시지(들):
1: poly2nb(shp_main, queen = TRUE, snap = 0.01)에서:
  neighbour object has 2 sub-graphs;
if this sub-graph count seems unexpected, try increasing the snap argument.
2: poly2nb(shp_main, queen = FALSE, snap = 0.01)에서:
  neighbour object has 2 sub-graphs;
if this sub-graph count seems unexpected, try increasing the snap argument.
 *** WARNING *** GMRFLib_2order_approx: rescue NAN/INF values in logl for idx=0
 *** WARNING *** GMRFLib_2order_approx: reset counter for 90 NAN/INF values in logl
 *** WARNING *** GMRFLib_2order_approx: rescue NAN/INF values in logl for idx=225
 *** WARNING *** GMRFLib_2order_approx: reset counter for 180 NAN/INF values in logl
 *** WARNING *** GMRFLib_2order_approx: rescue NAN/INF values in logl for idx=0
 *** WARNING *** GMRFLib_2order_approx: reset counter for 212 NAN/INF values in logl
 *** WARNING *** GMRFLib_2order_approx: rescue NAN/INF values in logl for idx=0
 *** WARNING *** GMRFLib_2order_approx: reset counter for 63 NAN/INF values in logl
 *** WARNING *** GMRFLib_2order_approx: rescue NAN/INF values in logl for idx=645
 *** WARNING *** GMRFLib_2order_approx: reset counter for 34 NAN/INF values in logl
 *** WARNING *** GMRFLib_2order_approx: reset counter for 34 NAN/INF values in logl
 *** WARNING *** GMRFLib_2order_approx: rescue NAN/INF values in logl for idx=105
 *** WARNING *** GMRFLib_2order_approx: reset counter for 33 NAN/INF values in logl
 *** WARNING *** GMRFLib_2order_approx: rescue NAN/INF values in logl for idx=558
 *** WARNING *** GMRFLib_2order_approx: reset counter for 2 NAN/INF values in logl
 *** WARNING *** GMRFLib_2order_approx: rescue NAN/INF values in logl for idx=0
 *** WARNING *** GMRFLib_2order_approx: reset counter for 531 NAN/INF values in logl
 *** WARNING *** GMRFLib_2order_approx: rescue NAN/INF values in logl for idx=0
 *** WARNING *** GMRFLib_2order_approx: reset counter for 443 NAN/INF values in logl
 *** WARNING *** GMRFLib_2order_approx: rescue NAN/INF values in logl for idx=0
 *** WARNING *** GMRFLib_2order_approx: reset counter for 268 NAN/INF values in logl
 *** WARNING *** GMRFLib_2order_approx: reset counter for 268 NAN/INF values in logl
 *** WARNING *** GMRFLib_2order_approx: rescue NAN/INF values in logl for idx=90
 *** WARNING *** GMRFLib_2order_approx: reset counter for 29 NAN/INF values in logl
  Queen  DIC = 5703.37
 *** WARNING *** GMRFLib_2order_approx: rescue NAN/INF values in logl for idx=445
 *** WARNING *** GMRFLib_2order_approx: reset counter for 11 NAN/INF values in logl
 *** WARNING *** GMRFLib_2order_approx: reset counter for 11 NAN/INF values in logl
 *** WARNING *** GMRFLib_2order_approx: reset counter for 11 NAN/INF values in logl
 *** WARNING *** GMRFLib_2order_approx: rescue NAN/INF values in logl for idx=1070
 *** WARNING *** GMRFLib_2order_approx: reset counter for 3 NAN/INF values in logl
 *** WARNING *** GMRFLib_2order_approx: rescue NAN/INF values in logl for idx=0
 *** WARNING *** GMRFLib_2order_approx: reset counter for 121 NAN/INF values in logl
 *** WARNING *** GMRFLib_2order_approx: rescue NAN/INF values in logl for idx=418
 *** WARNING *** GMRFLib_2order_approx: reset counter for 93 NAN/INF values in logl
 *** WARNING *** GMRFLib_2order_approx: rescue NAN/INF values in logl for idx=0
 *** WARNING *** GMRFLib_2order_approx: reset counter for 287 NAN/INF values in logl
 *** WARNING *** GMRFLib_2order_approx: rescue NAN/INF values in logl for idx=375
 *** WARNING *** GMRFLib_2order_approx: reset counter for 26 NAN/INF values in logl
 *** WARNING *** GMRFLib_2order_approx: rescue NAN/INF values in logl for idx=0
 *** WARNING *** GMRFLib_2order_approx: reset counter for 105 NAN/INF values in logl
 *** WARNING *** GMRFLib_2order_approx: rescue NAN/INF values in logl for idx=375
 *** WARNING *** GMRFLib_2order_approx: reset counter for 18 NAN/INF values in logl
 *** WARNING *** GMRFLib_2order_approx: rescue NAN/INF values in logl for idx=111
 *** WARNING *** GMRFLib_2order_approx: reset counter for 20 NAN/INF values in logl
 *** WARNING *** GMRFLib_2order_approx: rescue NAN/INF values in logl for idx=360
 *** WARNING *** GMRFLib_2order_approx: reset counter for 134 NAN/INF values in logl
 *** WARNING *** GMRFLib_2order_approx: rescue NAN/INF values in logl for idx=0
 *** WARNING *** GMRFLib_2order_approx: reset counter for 461 NAN/INF values in logl
 *** WARNING *** GMRFLib_2order_approx: reset counter for 461 NAN/INF values in logl
 *** WARNING *** GMRFLib_2order_approx: rescue NAN/INF values in logl for idx=375
 *** WARNING *** GMRFLib_2order_approx: reset counter for 51 NAN/INF values in logl
 *** WARNING *** GMRFLib_2order_approx: rescue NAN/INF values in logl for idx=0
 *** WARNING *** GMRFLib_2order_approx: reset counter for 367 NAN/INF values in logl
 *** WARNING *** GMRFLib_2order_approx: rescue NAN/INF values in logl for idx=438
 *** WARNING *** GMRFLib_2order_approx: reset counter for 184 NAN/INF values in logl
 *** WARNING *** GMRFLib_2order_approx: rescue NAN/INF values in logl for idx=20
 *** WARNING *** GMRFLib_2order_approx: reset counter for 322 NAN/INF values in logl
 *** WARNING *** GMRFLib_2order_approx: rescue NAN/INF values in logl for idx=108
 *** WARNING *** GMRFLib_2order_approx: reset counter for 20 NAN/INF values in logl
 *** WARNING *** GMRFLib_2order_approx: rescue NAN/INF values in logl for idx=1040
 *** WARNING *** GMRFLib_2order_approx: reset counter for 9 NAN/INF values in logl
 *** WARNING *** GMRFLib_2order_approx: rescue NAN/INF values in logl for idx=375
 *** WARNING *** GMRFLib_2order_approx: reset counter for 105 NAN/INF values in logl
 *** WARNING *** GMRFLib_2order_approx: rescue NAN/INF values in logl for idx=46
 *** WARNING *** GMRFLib_2order_approx: reset counter for 52 NAN/INF values in logl
 *** WARNING *** GMRFLib_2order_approx: rescue NAN/INF values in logl for idx=0
 *** WARNING *** GMRFLib_2order_approx: reset counter for 499 NAN/INF values in logl
 *** WARNING *** GMRFLib_2order_approx: rescue NAN/INF values in logl for idx=111
 *** WARNING *** GMRFLib_2order_approx: reset counter for 185 NAN/INF values in logl
 *** WARNING *** GMRFLib_2order_approx: rescue NAN/INF values in logl for idx=375
 *** WARNING *** GMRFLib_2order_approx: reset counter for 31 NAN/INF values in logl
 *** WARNING *** GMRFLib_2order_approx: reset counter for 31 NAN/INF values in logl
 *** WARNING *** GMRFLib_2order_approx: rescue NAN/INF values in logl for idx=438
 *** WARNING *** GMRFLib_2order_approx: reset counter for 2 NAN/INF values in logl
 *** WARNING *** GMRFLib_2order_approx: rescue NAN/INF values in logl for idx=545
 *** WARNING *** GMRFLib_2order_approx: reset counter for 7 NAN/INF values in logl
 *** WARNING *** GMRFLib_2order_approx: rescue NAN/INF values in logl for idx=42
 *** WARNING *** GMRFLib_2order_approx: reset counter for 43 NAN/INF values in logl
 *** WARNING *** GMRFLib_2order_approx: rescue NAN/INF values in logl for idx=0
 *** WARNING *** GMRFLib_2order_approx: reset counter for 808 NAN/INF values in logl
 *** WARNING *** GMRFLib_2order_approx: rescue NAN/INF values in logl for idx=0
 *** WARNING *** GMRFLib_2order_approx: reset counter for 616 NAN/INF values in logl
 *** WARNING *** GMRFLib_2order_approx: rescue NAN/INF values in logl for idx=126
 *** WARNING *** GMRFLib_2order_approx: rescue NAN/INF values in logl for idx=0
 *** WARNING *** GMRFLib_2order_approx: reset counter for 769 NAN/INF values in logl
 *** WARNING *** GMRFLib_2order_approx: rescue NAN/INF values in logl for idx=0
 *** WARNING *** GMRFLib_2order_approx: reset counter for 716 NAN/INF values in logl
 *** WARNING *** GMRFLib_2order_approx: rescue NAN/INF values in logl for idx=525
 *** WARNING *** GMRFLib_2order_approx: reset counter for 45 NAN/INF values in logl
 *** WARNING *** GMRFLib_2order_approx: rescue NAN/INF values in logl for idx=0
 *** WARNING *** GMRFLib_2order_approx: rescue NAN/INF values in logl for idx=720
 *** WARNING *** GMRFLib_2order_approx: reset counter for 715 NAN/INF values in logl
 *** WARNING *** GMRFLib_2order_approx: rescue NAN/INF values in logl for idx=0
 *** WARNING *** GMRFLib_2order_approx: reset counter for 644 NAN/INF values in logl
 *** WARNING *** GMRFLib_2order_approx: rescue NAN/INF values in logl for idx=15
 *** WARNING *** GMRFLib_2order_approx: reset counter for 800 NAN/INF values in logl
 *** WARNING *** GMRFLib_2order_approx: reset counter for 800 NAN/INF values in logl
 *** WARNING *** GMRFLib_2order_approx: rescue NAN/INF values in logl for idx=0
 *** WARNING *** GMRFLib_2order_approx: reset counter for 474 NAN/INF values in logl
 *** WARNING *** GMRFLib_2order_approx: rescue NAN/INF values in logl for idx=8
 *** WARNING *** GMRFLib_2order_approx: reset counter for 41 NAN/INF values in logl
 *** WARNING *** GMRFLib_2order_approx: rescue NAN/INF values in logl for idx=125
 *** WARNING *** GMRFLib_2order_approx: reset counter for 33 NAN/INF values in logl
 *** WARNING *** GMRFLib_2order_approx: rescue NAN/INF values in logl for idx=621
 *** WARNING *** GMRFLib_2order_approx: reset counter for 502 NAN/INF values in logl
 *** WARNING *** GMRFLib_2order_approx: rescue NAN/INF values in logl for idx=363
 *** WARNING *** GMRFLib_2order_approx: reset counter for 3 NAN/INF values in logl
 *** WARNING *** GMRFLib_2order_approx: rescue NAN/INF values in logl for idx=1040
 *** WARNING *** GMRFLib_2order_approx: reset counter for 41 NAN/INF values in logl
 *** WARNING *** GMRFLib_2order_approx: rescue NAN/INF values in logl for idx=208
 *** WARNING *** GMRFLib_2order_approx: reset counter for 14 NAN/INF values in logl
 *** WARNING *** GMRFLib_2order_approx: reset counter for 14 NAN/INF values in logl
 *** WARNING *** GMRFLib_2order_approx: rescue NAN/INF values in logl for idx=737
 *** WARNING *** GMRFLib_2order_approx: reset counter for 34 NAN/INF values in logl
 *** WARNING *** GMRFLib_2order_approx: rescue NAN/INF values in logl for idx=0
 *** WARNING *** GMRFLib_2order_approx: reset counter for 413 NAN/INF values in logl
 *** WARNING *** GMRFLib_2order_approx: rescue NAN/INF values in logl for idx=755
 *** WARNING *** GMRFLib_2order_approx: reset counter for 65 NAN/INF values in logl
 *** WARNING *** GMRFLib_2order_approx: rescue NAN/INF values in logl for idx=280
 *** WARNING *** GMRFLib_2order_approx: reset counter for 104 NAN/INF values in logl
 *** WARNING *** GMRFLib_2order_approx: reset counter for 104 NAN/INF values in logl
 *** WARNING *** GMRFLib_2order_approx: rescue NAN/INF values in logl for idx=780
 *** WARNING *** GMRFLib_2order_approx: reset counter for 180 NAN/INF values in logl
 *** WARNING *** GMRFLib_2order_approx: reset counter for 180 NAN/INF values in logl
 *** WARNING *** GMRFLib_2order_approx: rescue NAN/INF values in logl for idx=0
 *** WARNING *** GMRFLib_2order_approx: reset counter for 270 NAN/INF values in logl
 *** WARNING *** GMRFLib_2order_approx: rescue NAN/INF values in logl for idx=75
 *** WARNING *** GMRFLib_2order_approx: reset counter for 603 NAN/INF values in logl
 *** WARNING *** GMRFLib_2order_approx: rescue NAN/INF values in logl for idx=565
 *** WARNING *** GMRFLib_2order_approx: reset counter for 5 NAN/INF values in logl
 *** WARNING *** GMRFLib_2order_approx: rescue NAN/INF values in logl for idx=0
 *** WARNING *** GMRFLib_2order_approx: reset counter for 493 NAN/INF values in logl
 *** WARNING *** GMRFLib_2order_approx: rescue NAN/INF values in logl for idx=0
 *** WARNING *** GMRFLib_2order_approx: reset counter for 556 NAN/INF values in logl
 *** WARNING *** GMRFLib_2order_approx: rescue NAN/INF values in logl for idx=0
 *** WARNING *** GMRFLib_2order_approx: reset counter for 526 NAN/INF values in logl
  Rook   DIC = 5702.97
 *** WARNING *** GMRFLib_2order_approx: rescue NAN/INF values in logl for idx=0
 *** WARNING *** GMRFLib_2order_approx: reset counter for 197 NAN/INF values in logl
 *** WARNING *** GMRFLib_2order_approx: rescue NAN/INF values in logl for idx=631
 *** WARNING *** GMRFLib_2order_approx: reset counter for 58 NAN/INF values in logl
 *** WARNING *** GMRFLib_2order_approx: rescue NAN/INF values in logl for idx=0
 *** WARNING *** GMRFLib_2order_approx: reset counter for 136 NAN/INF values in logl
 *** WARNING *** GMRFLib_2order_approx: rescue NAN/INF values in logl for idx=1040
 *** WARNING *** GMRFLib_2order_approx: reset counter for 40 NAN/INF values in logl
 *** WARNING *** GMRFLib_2order_approx: rescue NAN/INF values in logl for idx=0
 *** WARNING *** GMRFLib_2order_approx: reset counter for 20 NAN/INF values in logl
 *** WARNING *** GMRFLib_2order_approx: rescue NAN/INF values in logl for idx=360
 *** WARNING *** GMRFLib_2order_approx: reset counter for 48 NAN/INF values in logl
 *** WARNING *** GMRFLib_2order_approx: rescue NAN/INF values in logl for idx=113
 *** WARNING *** GMRFLib_2order_approx: reset counter for 12 NAN/INF values in logl
 *** WARNING *** GMRFLib_2order_approx: rescue NAN/INF values in logl for idx=438
 *** WARNING *** GMRFLib_2order_approx: reset counter for 11 NAN/INF values in logl
 *** WARNING *** GMRFLib_2order_approx: rescue NAN/INF values in logl for idx=10
 *** WARNING *** GMRFLib_2order_approx: reset counter for 40 NAN/INF values in logl
 *** WARNING *** GMRFLib_2order_approx: rescue NAN/INF values in logl for idx=360
 *** WARNING *** GMRFLib_2order_approx: reset counter for 97 NAN/INF values in logl
 *** WARNING *** GMRFLib_2order_approx: rescue NAN/INF values in logl for idx=105
 *** WARNING *** GMRFLib_2order_approx: reset counter for 10 NAN/INF values in logl
 *** WARNING *** GMRFLib_2order_approx: rescue NAN/INF values in logl for idx=360
 *** WARNING *** GMRFLib_2order_approx: reset counter for 37 NAN/INF values in logl
 *** WARNING *** GMRFLib_2order_approx: rescue NAN/INF values in logl for idx=438
 *** WARNING *** GMRFLib_2order_approx: reset counter for 3 NAN/INF values in logl
 *** WARNING *** GMRFLib_2order_approx: rescue NAN/INF values in logl for idx=539
 *** WARNING *** GMRFLib_2order_approx: reset counter for 23 NAN/INF values in logl
 *** WARNING *** GMRFLib_2order_approx: rescue NAN/INF values in logl for idx=0
 *** WARNING *** GMRFLib_2order_approx: reset counter for 390 NAN/INF values in logl
 *** WARNING *** GMRFLib_2order_approx: rescue NAN/INF values in logl for idx=595
 *** WARNING *** GMRFLib_2order_approx: rescue NAN/INF values in logl for idx=0
 *** WARNING *** GMRFLib_2order_approx: reset counter for 429 NAN/INF values in logl
 *** WARNING *** GMRFLib_2order_approx: rescue NAN/INF values in logl for idx=1041
 *** WARNING *** GMRFLib_2order_approx: reset counter for 29 NAN/INF values in logl
 *** WARNING *** GMRFLib_2order_approx: reset counter for 29 NAN/INF values in logl
 *** WARNING *** GMRFLib_2order_approx: reset counter for 29 NAN/INF values in logl
 *** WARNING *** GMRFLib_2order_approx: rescue NAN/INF values in logl for idx=0
 *** WARNING *** GMRFLib_2order_approx: reset counter for 114 NAN/INF values in logl
 *** WARNING *** GMRFLib_2order_approx: rescue NAN/INF values in logl for idx=395
 *** WARNING *** GMRFLib_2order_approx: reset counter for 82 NAN/INF values in logl
 *** WARNING *** GMRFLib_2order_approx: reset counter for 82 NAN/INF values in logl
 *** WARNING *** GMRFLib_2order_approx: rescue NAN/INF values in logl for idx=545
 *** WARNING *** GMRFLib_2order_approx: reset counter for 15 NAN/INF values in logl
 *** WARNING *** GMRFLib_2order_approx: reset counter for 15 NAN/INF values in logl
 *** WARNING *** GMRFLib_2order_approx: reset counter for 15 NAN/INF values in logl
 *** WARNING *** GMRFLib_2order_approx: rescue NAN/INF values in logl for idx=140
 *** WARNING *** GMRFLib_2order_approx: rescue NAN/INF values in logl for idx=0
 *** WARNING *** GMRFLib_2order_approx: reset counter for 702 NAN/INF values in logl
 *** WARNING *** GMRFLib_2order_approx: reset counter for 702 NAN/INF values in logl
 *** WARNING *** GMRFLib_2order_approx: reset counter for 702 NAN/INF values in logl
 *** WARNING *** GMRFLib_2order_approx: rescue NAN/INF values in logl for idx=0
 *** WARNING *** GMRFLib_2order_approx: reset counter for 394 NAN/INF values in logl
 *** WARNING *** GMRFLib_2order_approx: rescue NAN/INF values in logl for idx=566
 *** WARNING *** GMRFLib_2order_approx: reset counter for 87 NAN/INF values in logl
 *** WARNING *** GMRFLib_2order_approx: reset counter for 87 NAN/INF values in logl
 *** WARNING *** GMRFLib_2order_approx: rescue NAN/INF values in logl for idx=280
 *** WARNING *** GMRFLib_2order_approx: rescue NAN/INF values in logl for idx=0
 *** WARNING *** GMRFLib_2order_approx: reset counter for 972 NAN/INF values in logl
 *** WARNING *** GMRFLib_2order_approx: rescue NAN/INF values in logl for idx=0
 *** WARNING *** GMRFLib_2order_approx: reset counter for 331 NAN/INF values in logl
 *** WARNING *** GMRFLib_2order_approx: rescue NAN/INF values in logl for idx=645
 *** WARNING *** GMRFLib_2order_approx: reset counter for 48 NAN/INF values in logl
 *** WARNING *** GMRFLib_2order_approx: rescue NAN/INF values in logl for idx=174
 *** WARNING *** GMRFLib_2order_approx: reset counter for 349 NAN/INF values in logl
 *** WARNING *** GMRFLib_2order_approx: rescue NAN/INF values in logl for idx=0
 *** WARNING *** GMRFLib_2order_approx: rescue NAN/INF values in logl for idx=890
 *** WARNING *** GMRFLib_2order_approx: reset counter for 717 NAN/INF values in logl
 *** WARNING *** GMRFLib_2order_approx: rescue NAN/INF values in logl for idx=0
 *** WARNING *** GMRFLib_2order_approx: reset counter for 84 NAN/INF values in logl
 *** WARNING *** GMRFLib_2order_approx: rescue NAN/INF values in logl for idx=310
 *** WARNING *** GMRFLib_2order_approx: reset counter for 34 NAN/INF values in logl
 *** WARNING *** GMRFLib_2order_approx: rescue NAN/INF values in logl for idx=762
 *** WARNING *** GMRFLib_2order_approx: reset counter for 7 NAN/INF values in logl
 *** WARNING *** GMRFLib_2order_approx: rescue NAN/INF values in logl for idx=0
 *** WARNING *** GMRFLib_2order_approx: reset counter for 449 NAN/INF values in logl
 *** WARNING *** GMRFLib_2order_approx: rescue NAN/INF values in logl for idx=375
 *** WARNING *** GMRFLib_2order_approx: reset counter for 15 NAN/INF values in logl
 *** WARNING *** GMRFLib_2order_approx: reset counter for 15 NAN/INF values in logl
 *** WARNING *** GMRFLib_2order_approx: rescue NAN/INF values in logl for idx=280
 *** WARNING *** GMRFLib_2order_approx: reset counter for 4 NAN/INF values in logl
 *** WARNING *** GMRFLib_2order_approx: reset counter for 4 NAN/INF values in logl
 *** WARNING *** GMRFLib_2order_approx: rescue NAN/INF values in logl for idx=0
 *** WARNING *** GMRFLib_2order_approx: reset counter for 227 NAN/INF values in logl
 *** WARNING *** GMRFLib_2order_approx: rescue NAN/INF values in logl for idx=425
 *** WARNING *** GMRFLib_2order_approx: reset counter for 26 NAN/INF values in logl
 *** WARNING *** GMRFLib_2order_approx: rescue NAN/INF values in logl for idx=242
 *** WARNING *** GMRFLib_2order_approx: reset counter for 238 NAN/INF values in logl
 *** WARNING *** GMRFLib_2order_approx: rescue NAN/INF values in logl for idx=463
 *** WARNING *** GMRFLib_2order_approx: reset counter for 88 NAN/INF values in logl
 *** WARNING *** GMRFLib_2order_approx: rescue NAN/INF values in logl for idx=0
 *** WARNING *** GMRFLib_2order_approx: reset counter for 334 NAN/INF values in logl
 *** WARNING *** GMRFLib_2order_approx: rescue NAN/INF values in logl for idx=375
 *** WARNING *** GMRFLib_2order_approx: reset counter for 52 NAN/INF values in logl
 *** WARNING *** GMRFLib_2order_approx: rescue NAN/INF values in logl for idx=500
 *** WARNING *** GMRFLib_2order_approx: reset counter for 22 NAN/INF values in logl
 *** WARNING *** GMRFLib_2order_approx: rescue NAN/INF values in logl for idx=50
 *** WARNING *** GMRFLib_2order_approx: reset counter for 317 NAN/INF values in logl
 *** WARNING *** GMRFLib_2order_approx: rescue NAN/INF values in logl for idx=0
 *** WARNING *** GMRFLib_2order_approx: reset counter for 382 NAN/INF values in logl
 *** WARNING *** GMRFLib_2order_approx: rescue NAN/INF values in logl for idx=1075
 *** WARNING *** GMRFLib_2order_approx: reset counter for 2 NAN/INF values in logl
 *** WARNING *** GMRFLib_2order_approx: rescue NAN/INF values in logl for idx=54
 *** WARNING *** GMRFLib_2order_approx: reset counter for 95 NAN/INF values in logl
 *** WARNING *** GMRFLib_2order_approx: rescue NAN/INF values in logl for idx=20
 *** WARNING *** GMRFLib_2order_approx: reset counter for 143 NAN/INF values in logl
  knn2   DIC = 5700.52
 *** WARNING *** GMRFLib_2order_approx: rescue NAN/INF values in logl for idx=0
 *** WARNING *** GMRFLib_2order_approx: reset counter for 85 NAN/INF values in logl
 *** WARNING *** GMRFLib_2order_approx: reset counter for 324 NAN/INF values in logl
 *** WARNING *** GMRFLib_2order_approx: rescue NAN/INF values in logl for idx=0
 *** WARNING *** GMRFLib_2order_approx: reset counter for 32 NAN/INF values in logl
 *** WARNING *** GMRFLib_2order_approx: rescue NAN/INF values in logl for idx=0
 *** WARNING *** GMRFLib_2order_approx: reset counter for 273 NAN/INF values in logl
 *** WARNING *** GMRFLib_2order_approx: rescue NAN/INF values in logl for idx=0
 *** WARNING *** GMRFLib_2order_approx: rescue NAN/INF values in logl for idx=105
 *** WARNING *** GMRFLib_2order_approx: reset counter for 126 NAN/INF values in logl
 *** WARNING *** GMRFLib_2order_approx: rescue NAN/INF values in logl for idx=105
 *** WARNING *** GMRFLib_2order_approx: reset counter for 32 NAN/INF values in logl
 *** WARNING *** GMRFLib_2order_approx: rescue NAN/INF values in logl for idx=0
 *** WARNING *** GMRFLib_2order_approx: reset counter for 92 NAN/INF values in logl
 *** WARNING *** GMRFLib_2order_approx: rescue NAN/INF values in logl for idx=175
 *** WARNING *** GMRFLib_2order_approx: reset counter for 125 NAN/INF values in logl
 *** WARNING *** GMRFLib_2order_approx: rescue NAN/INF values in logl for idx=0
 *** WARNING *** GMRFLib_2order_approx: reset counter for 44 NAN/INF values in logl
 *** WARNING *** GMRFLib_2order_approx: rescue NAN/INF values in logl for idx=0
 *** WARNING *** GMRFLib_2order_approx: reset counter for 525 NAN/INF values in logl
 *** WARNING *** GMRFLib_2order_approx: rescue NAN/INF values in logl for idx=108
 *** WARNING *** GMRFLib_2order_approx: reset counter for 2 NAN/INF values in logl
 *** WARNING *** GMRFLib_2order_approx: rescue NAN/INF values in logl for idx=0
 *** WARNING *** GMRFLib_2order_approx: reset counter for 101 NAN/INF values in logl
 *** WARNING *** GMRFLib_2order_approx: rescue NAN/INF values in logl for idx=195
 *** WARNING *** GMRFLib_2order_approx: reset counter for 204 NAN/INF values in logl
 *** WARNING *** GMRFLib_2order_approx: rescue NAN/INF values in logl for idx=855
 *** WARNING *** GMRFLib_2order_approx: reset counter for 84 NAN/INF values in logl
 *** WARNING *** GMRFLib_2order_approx: rescue NAN/INF values in logl for idx=0
 *** WARNING *** GMRFLib_2order_approx: reset counter for 190 NAN/INF values in logl
 *** WARNING *** GMRFLib_2order_approx: rescue NAN/INF values in logl for idx=0
 *** WARNING *** GMRFLib_2order_approx: reset counter for 180 NAN/INF values in logl
 *** WARNING *** GMRFLib_2order_approx: rescue NAN/INF values in logl for idx=424
 *** WARNING *** GMRFLib_2order_approx: reset counter for 214 NAN/INF values in logl
 *** WARNING *** GMRFLib_2order_approx: rescue NAN/INF values in logl for idx=10
 *** WARNING *** GMRFLib_2order_approx: reset counter for 93 NAN/INF values in logl
 *** WARNING *** GMRFLib_2order_approx: rescue NAN/INF values in logl for idx=630
 *** WARNING *** GMRFLib_2order_approx: reset counter for 60 NAN/INF values in logl
 *** WARNING *** GMRFLib_2order_approx: rescue NAN/INF values in logl for idx=438
 *** WARNING *** GMRFLib_2order_approx: reset counter for 3 NAN/INF values in logl
 *** WARNING *** GMRFLib_2order_approx: rescue NAN/INF values in logl for idx=15
 *** WARNING *** GMRFLib_2order_approx: reset counter for 266 NAN/INF values in logl
 *** WARNING *** GMRFLib_2order_approx: rescue NAN/INF values in logl for idx=125
 *** WARNING *** GMRFLib_2order_approx: reset counter for 4 NAN/INF values in logl
 *** WARNING *** GMRFLib_2order_approx: rescue NAN/INF values in logl for idx=245
 *** WARNING *** GMRFLib_2order_approx: reset counter for 114 NAN/INF values in logl
 *** WARNING *** GMRFLib_2order_approx: rescue NAN/INF values in logl for idx=1075
 *** WARNING *** GMRFLib_2order_approx: reset counter for 4 NAN/INF values in logl
 *** WARNING *** GMRFLib_2order_approx: rescue NAN/INF values in logl for idx=0
 *** WARNING *** GMRFLib_2order_approx: reset counter for 124 NAN/INF values in logl
 *** WARNING *** GMRFLib_2order_approx: reset counter for 9 NAN/INF values in logl
 *** WARNING *** GMRFLib_2order_approx: rescue NAN/INF values in logl for idx=205
 *** WARNING *** GMRFLib_2order_approx: reset counter for 77 NAN/INF values in logl
 *** WARNING *** GMRFLib_2order_approx: rescue NAN/INF values in logl for idx=475
 *** WARNING *** GMRFLib_2order_approx: reset counter for 196 NAN/INF values in logl
 *** WARNING *** GMRFLib_2order_approx: rescue NAN/INF values in logl for idx=111
 *** WARNING *** GMRFLib_2order_approx: reset counter for 4 NAN/INF values in logl
 *** WARNING *** GMRFLib_2order_approx: reset counter for 4 NAN/INF values in logl
 *** WARNING *** GMRFLib_2order_approx: rescue NAN/INF values in logl for idx=646
 *** WARNING *** GMRFLib_2order_approx: reset counter for 19 NAN/INF values in logl
 *** WARNING *** GMRFLib_2order_approx: rescue NAN/INF values in logl for idx=385
 *** WARNING *** GMRFLib_2order_approx: reset counter for 7 NAN/INF values in logl
 *** WARNING *** GMRFLib_2order_approx: rescue NAN/INF values in logl for idx=0
 *** WARNING *** GMRFLib_2order_approx: reset counter for 674 NAN/INF values in logl
 *** WARNING *** GMRFLib_2order_approx: rescue NAN/INF values in logl for idx=280
 *** WARNING *** GMRFLib_2order_approx: reset counter for 140 NAN/INF values in logl
 *** WARNING *** GMRFLib_2order_approx: reset counter for 140 NAN/INF values in logl
 *** WARNING *** GMRFLib_2order_approx: rescue NAN/INF values in logl for idx=0
 *** WARNING *** GMRFLib_2order_approx: reset counter for 742 NAN/INF values in logl
 *** WARNING *** GMRFLib_2order_approx: rescue NAN/INF values in logl for idx=280
 *** WARNING *** GMRFLib_2order_approx: reset counter for 311 NAN/INF values in logl
 *** WARNING *** GMRFLib_2order_approx: rescue NAN/INF values in logl for idx=0
 *** WARNING *** GMRFLib_2order_approx: reset counter for 676 NAN/INF values in logl
 *** WARNING *** GMRFLib_2order_approx: reset counter for 676 NAN/INF values in logl
 *** WARNING *** GMRFLib_2order_approx: rescue NAN/INF values in logl for idx=280
 *** WARNING *** GMRFLib_2order_approx: reset counter for 285 NAN/INF values in logl
 *** WARNING *** GMRFLib_2order_approx: rescue NAN/INF values in logl for idx=0
 *** WARNING *** GMRFLib_2order_approx: reset counter for 496 NAN/INF values in logl
 *** WARNING *** GMRFLib_2order_approx: rescue NAN/INF values in logl for idx=280
 *** WARNING *** GMRFLib_2order_approx: reset counter for 492 NAN/INF values in logl
 *** WARNING *** GMRFLib_2order_approx: rescue NAN/INF values in logl for idx=375
 *** WARNING *** GMRFLib_2order_approx: reset counter for 42 NAN/INF values in logl
 *** WARNING *** GMRFLib_2order_approx: reset counter for 42 NAN/INF values in logl
 *** WARNING *** GMRFLib_2order_approx: rescue NAN/INF values in logl for idx=0
 *** WARNING *** GMRFLib_2order_approx: reset counter for 468 NAN/INF values in logl
 *** WARNING *** GMRFLib_2order_approx: rescue NAN/INF values in logl for idx=660
 *** WARNING *** GMRFLib_2order_approx: reset counter for 98 NAN/INF values in logl
 *** WARNING *** GMRFLib_2order_approx: reset counter for 45 NAN/INF values in logl
 *** WARNING *** GMRFLib_2order_approx: rescue NAN/INF values in logl for idx=280
 *** WARNING *** GMRFLib_2order_approx: reset counter for 263 NAN/INF values in logl
 *** WARNING *** GMRFLib_2order_approx: rescue NAN/INF values in logl for idx=0
 *** WARNING *** GMRFLib_2order_approx: reset counter for 621 NAN/INF values in logl
 *** WARNING *** GMRFLib_2order_approx: rescue NAN/INF values in logl for idx=280
 *** WARNING *** GMRFLib_2order_approx: reset counter for 345 NAN/INF values in logl
 *** WARNING *** GMRFLib_2order_approx: rescue NAN/INF values in logl for idx=0
 *** WARNING *** GMRFLib_2order_approx: reset counter for 474 NAN/INF values in logl
 *** WARNING *** GMRFLib_2order_approx: rescue NAN/INF values in logl for idx=280
 *** WARNING *** GMRFLib_2order_approx: reset counter for 504 NAN/INF values in logl
 *** WARNING *** GMRFLib_2order_approx: rescue NAN/INF values in logl for idx=0
 *** WARNING *** GMRFLib_2order_approx: reset counter for 289 NAN/INF values in logl
 *** WARNING *** GMRFLib_2order_approx: rescue NAN/INF values in logl for idx=75
 *** WARNING *** GMRFLib_2order_approx: reset counter for 517 NAN/INF values in logl
 *** WARNING *** GMRFLib_2order_approx: rescue NAN/INF values in logl for idx=546
 *** WARNING *** GMRFLib_2order_approx: reset counter for 44 NAN/INF values in logl
  knn3   DIC = 5691.61
 *** WARNING *** GMRFLib_2order_approx: rescue NAN/INF values in logl for idx=828
 *** WARNING *** GMRFLib_2order_approx: reset counter for 87 NAN/INF values in logl
 *** WARNING *** GMRFLib_2order_approx: rescue NAN/INF values in logl for idx=111
 *** WARNING *** GMRFLib_2order_approx: reset counter for 19 NAN/INF values in logl
 *** WARNING *** GMRFLib_2order_approx: rescue NAN/INF values in logl for idx=0
 *** WARNING *** GMRFLib_2order_approx: reset counter for 350 NAN/INF values in logl
 *** WARNING *** GMRFLib_2order_approx: rescue NAN/INF values in logl for idx=105
 *** WARNING *** GMRFLib_2order_approx: reset counter for 38 NAN/INF values in logl
 *** WARNING *** GMRFLib_2order_approx: rescue NAN/INF values in logl for idx=1040
 *** WARNING *** GMRFLib_2order_approx: reset counter for 6 NAN/INF values in logl
 *** WARNING *** GMRFLib_2order_approx: rescue NAN/INF values in logl for idx=0
 *** WARNING *** GMRFLib_2order_approx: reset counter for 291 NAN/INF values in logl
 *** WARNING *** GMRFLib_2order_approx: rescue NAN/INF values in logl for idx=1040
 *** WARNING *** GMRFLib_2order_approx: reset counter for 7 NAN/INF values in logl
 *** WARNING *** GMRFLib_2order_approx: rescue NAN/INF values in logl for idx=0
 *** WARNING *** GMRFLib_2order_approx: reset counter for 191 NAN/INF values in logl
 *** WARNING *** GMRFLib_2order_approx: reset counter for 191 NAN/INF values in logl
 *** WARNING *** GMRFLib_2order_approx: rescue NAN/INF values in logl for idx=438
 *** WARNING *** GMRFLib_2order_approx: reset counter for 2 NAN/INF values in logl
 *** WARNING *** GMRFLib_2order_approx: reset counter for 2 NAN/INF values in logl
 *** WARNING *** GMRFLib_2order_approx: reset counter for 2 NAN/INF values in logl
 *** WARNING *** GMRFLib_2order_approx: rescue NAN/INF values in logl for idx=90
 *** WARNING *** GMRFLib_2order_approx: reset counter for 57 NAN/INF values in logl
 *** WARNING *** GMRFLib_2order_approx: reset counter for 57 NAN/INF values in logl
 *** WARNING *** GMRFLib_2order_approx: rescue NAN/INF values in logl for idx=0
 *** WARNING *** GMRFLib_2order_approx: reset counter for 148 NAN/INF values in logl
 *** WARNING *** GMRFLib_2order_approx: rescue NAN/INF values in logl for idx=1040
 *** WARNING *** GMRFLib_2order_approx: reset counter for 12 NAN/INF values in logl
 *** WARNING *** GMRFLib_2order_approx: rescue NAN/INF values in logl for idx=1070
 *** WARNING *** GMRFLib_2order_approx: reset counter for 3 NAN/INF values in logl
 *** WARNING *** GMRFLib_2order_approx: rescue NAN/INF values in logl for idx=6
 *** WARNING *** GMRFLib_2order_approx: reset counter for 42 NAN/INF values in logl
 *** WARNING *** GMRFLib_2order_approx: rescue NAN/INF values in logl for idx=75
 *** WARNING *** GMRFLib_2order_approx: reset counter for 40 NAN/INF values in logl
 *** WARNING *** GMRFLib_2order_approx: reset counter for 40 NAN/INF values in logl
 *** WARNING *** GMRFLib_2order_approx: rescue NAN/INF values in logl for idx=645
 *** WARNING *** GMRFLib_2order_approx: reset counter for 4 NAN/INF values in logl
 *** WARNING *** GMRFLib_2order_approx: reset counter for 4 NAN/INF values in logl
 *** WARNING *** GMRFLib_2order_approx: rescue NAN/INF values in logl for idx=0
 *** WARNING *** GMRFLib_2order_approx: reset counter for 446 NAN/INF values in logl
 *** WARNING *** GMRFLib_2order_approx: rescue NAN/INF values in logl for idx=0
 *** WARNING *** GMRFLib_2order_approx: reset counter for 288 NAN/INF values in logl
 *** WARNING *** GMRFLib_2order_approx: rescue NAN/INF values in logl for idx=645
 *** WARNING *** GMRFLib_2order_approx: reset counter for 45 NAN/INF values in logl
 *** WARNING *** GMRFLib_2order_approx: rescue NAN/INF values in logl for idx=0
 *** WARNING *** GMRFLib_2order_approx: reset counter for 348 NAN/INF values in logl
 *** WARNING *** GMRFLib_2order_approx: rescue NAN/INF values in logl for idx=0
 *** WARNING *** GMRFLib_2order_approx: reset counter for 102 NAN/INF values in logl
 *** WARNING *** GMRFLib_2order_approx: reset counter for 102 NAN/INF values in logl
 *** WARNING *** GMRFLib_2order_approx: rescue NAN/INF values in logl for idx=1045
 *** WARNING *** GMRFLib_2order_approx: reset counter for 19 NAN/INF values in logl
 *** WARNING *** GMRFLib_2order_approx: rescue NAN/INF values in logl for idx=2
 *** WARNING *** GMRFLib_2order_approx: reset counter for 409 NAN/INF values in logl
 *** WARNING *** GMRFLib_2order_approx: rescue NAN/INF values in logl for idx=0
 *** WARNING *** GMRFLib_2order_approx: reset counter for 146 NAN/INF values in logl
 *** WARNING *** GMRFLib_2order_approx: rescue NAN/INF values in logl for idx=110
 *** WARNING *** GMRFLib_2order_approx: reset counter for 5 NAN/INF values in logl
 *** WARNING *** GMRFLib_2order_approx: rescue NAN/INF values in logl for idx=762
 *** WARNING *** GMRFLib_2order_approx: reset counter for 14 NAN/INF values in logl
 *** WARNING *** GMRFLib_2order_approx: rescue NAN/INF values in logl for idx=4
 *** WARNING *** GMRFLib_2order_approx: reset counter for 296 NAN/INF values in logl
 *** WARNING *** GMRFLib_2order_approx: rescue NAN/INF values in logl for idx=113
 *** WARNING *** GMRFLib_2order_approx: reset counter for 77 NAN/INF values in logl
 *** WARNING *** GMRFLib_2order_approx: rescue NAN/INF values in logl for idx=140
 *** WARNING *** GMRFLib_2order_approx: reset counter for 58 NAN/INF values in logl
 *** WARNING *** GMRFLib_2order_approx: rescue NAN/INF values in logl for idx=0
 *** WARNING *** GMRFLib_2order_approx: reset counter for 456 NAN/INF values in logl
 *** WARNING *** GMRFLib_2order_approx: rescue NAN/INF values in logl for idx=934
 *** WARNING *** GMRFLib_2order_approx: reset counter for 50 NAN/INF values in logl
 *** WARNING *** GMRFLib_2order_approx: rescue NAN/INF values in logl for idx=0
 *** WARNING *** GMRFLib_2order_approx: reset counter for 484 NAN/INF values in logl
 *** WARNING *** GMRFLib_2order_approx: rescue NAN/INF values in logl for idx=830
 *** WARNING *** GMRFLib_2order_approx: rescue NAN/INF values in logl for idx=18
 *** WARNING *** GMRFLib_2order_approx: reset counter for 230 NAN/INF values in logl
 *** WARNING *** GMRFLib_2order_approx: rescue NAN/INF values in logl for idx=1046
 *** WARNING *** GMRFLib_2order_approx: reset counter for 3 NAN/INF values in logl
 *** WARNING *** GMRFLib_2order_approx: rescue NAN/INF values in logl for idx=129
 *** WARNING *** GMRFLib_2order_approx: reset counter for 85 NAN/INF values in logl
 *** WARNING *** GMRFLib_2order_approx: rescue NAN/INF values in logl for idx=790
 *** WARNING *** GMRFLib_2order_approx: reset counter for 50 NAN/INF values in logl
 *** WARNING *** GMRFLib_2order_approx: rescue NAN/INF values in logl for idx=110
 *** WARNING *** GMRFLib_2order_approx: reset counter for 22 NAN/INF values in logl
 *** WARNING *** GMRFLib_2order_approx: rescue NAN/INF values in logl for idx=1040
 *** WARNING *** GMRFLib_2order_approx: reset counter for 30 NAN/INF values in logl
 *** WARNING *** GMRFLib_2order_approx: rescue NAN/INF values in logl for idx=0
 *** WARNING *** GMRFLib_2order_approx: reset counter for 362 NAN/INF values in logl
 *** WARNING *** GMRFLib_2order_approx: rescue NAN/INF values in logl for idx=845
 *** WARNING *** GMRFLib_2order_approx: reset counter for 74 NAN/INF values in logl
 *** WARNING *** GMRFLib_2order_approx: rescue NAN/INF values in logl for idx=0
 *** WARNING *** GMRFLib_2order_approx: reset counter for 222 NAN/INF values in logl
 *** WARNING *** GMRFLib_2order_approx: rescue NAN/INF values in logl for idx=724
 *** WARNING *** GMRFLib_2order_approx: reset counter for 228 NAN/INF values in logl
 *** WARNING *** GMRFLib_2order_approx: rescue NAN/INF values in logl for idx=820
 *** WARNING *** GMRFLib_2order_approx: reset counter for 228 NAN/INF values in logl
 *** WARNING *** GMRFLib_2order_approx: rescue NAN/INF values in logl for idx=895
 *** WARNING *** GMRFLib_2order_approx: reset counter for 112 NAN/INF values in logl
 *** WARNING *** GMRFLib_2order_approx: rescue NAN/INF values in logl for idx=375
 *** WARNING *** GMRFLib_2order_approx: reset counter for 2 NAN/INF values in logl
 *** WARNING *** GMRFLib_2order_approx: rescue NAN/INF values in logl for idx=650
 *** WARNING *** GMRFLib_2order_approx: reset counter for 419 NAN/INF values in logl
 *** WARNING *** GMRFLib_2order_approx: rescue NAN/INF values in logl for idx=571
 *** WARNING *** GMRFLib_2order_approx: reset counter for 80 NAN/INF values in logl
 *** WARNING *** GMRFLib_2order_approx: rescue NAN/INF values in logl for idx=280
 *** WARNING *** GMRFLib_2order_approx: reset counter for 138 NAN/INF values in logl
 *** WARNING *** GMRFLib_2order_approx: rescue NAN/INF values in logl for idx=724
 *** WARNING *** GMRFLib_2order_approx: reset counter for 215 NAN/INF values in logl
 *** WARNING *** GMRFLib_2order_approx: rescue NAN/INF values in logl for idx=762
 *** WARNING *** GMRFLib_2order_approx: reset counter for 20 NAN/INF values in logl
 *** WARNING *** GMRFLib_2order_approx: rescue NAN/INF values in logl for idx=0
 *** WARNING *** GMRFLib_2order_approx: reset counter for 177 NAN/INF values in logl
 *** WARNING *** GMRFLib_2order_approx: rescue NAN/INF values in logl for idx=249
 *** WARNING *** GMRFLib_2order_approx: reset counter for 310 NAN/INF values in logl
 *** WARNING *** GMRFLib_2order_approx: rescue NAN/INF values in logl for idx=493
 *** WARNING *** GMRFLib_2order_approx: reset counter for 63 NAN/INF values in logl
 *** WARNING *** GMRFLib_2order_approx: rescue NAN/INF values in logl for idx=0
 *** WARNING *** GMRFLib_2order_approx: reset counter for 700 NAN/INF values in logl
 *** WARNING *** GMRFLib_2order_approx: rescue NAN/INF values in logl for idx=140
 *** WARNING *** GMRFLib_2order_approx: reset counter for 525 NAN/INF values in logl
 *** WARNING *** GMRFLib_2order_approx: rescue NAN/INF values in logl for idx=0
 *** WARNING *** GMRFLib_2order_approx: reset counter for 333 NAN/INF values in logl
 *** WARNING *** GMRFLib_2order_approx: rescue NAN/INF values in logl for idx=528
 *** WARNING *** GMRFLib_2order_approx: reset counter for 91 NAN/INF values in logl
 *** WARNING *** GMRFLib_2order_approx: rescue NAN/INF values in logl for idx=140
 *** WARNING *** GMRFLib_2order_approx: reset counter for 373 NAN/INF values in logl
 *** WARNING *** GMRFLib_2order_approx: rescue NAN/INF values in logl for idx=435
 *** WARNING *** GMRFLib_2order_approx: reset counter for 190 NAN/INF values in logl
 *** WARNING *** GMRFLib_2order_approx: rescue NAN/INF values in logl for idx=0
 *** WARNING *** GMRFLib_2order_approx: reset counter for 401 NAN/INF values in logl
 *** WARNING *** GMRFLib_2order_approx: rescue NAN/INF values in logl for idx=471
 *** WARNING *** GMRFLib_2order_approx: reset counter for 126 NAN/INF values in logl
 *** WARNING *** GMRFLib_2order_approx: reset counter for 126 NAN/INF values in logl
 *** WARNING *** GMRFLib_2order_approx: reset counter for 126 NAN/INF values in logl
 *** WARNING *** GMRFLib_2order_approx: rescue NAN/INF values in logl for idx=0
 *** WARNING *** GMRFLib_2order_approx: reset counter for 234 NAN/INF values in logl
 *** WARNING *** GMRFLib_2order_approx: rescue NAN/INF values in logl for idx=438
 *** WARNING *** GMRFLib_2order_approx: reset counter for 59 NAN/INF values in logl
 *** WARNING *** GMRFLib_2order_approx: reset counter for 59 NAN/INF values in logl
 *** WARNING *** GMRFLib_2order_approx: rescue NAN/INF values in logl for idx=280
 *** WARNING *** GMRFLib_2order_approx: reset counter for 189 NAN/INF values in logl
 *** WARNING *** GMRFLib_2order_approx: rescue NAN/INF values in logl for idx=0
 *** WARNING *** GMRFLib_2order_approx: reset counter for 194 NAN/INF values in logl
 *** WARNING *** GMRFLib_2order_approx: rescue NAN/INF values in logl for idx=403
 *** WARNING *** GMRFLib_2order_approx: reset counter for 196 NAN/INF values in logl
 *** WARNING *** GMRFLib_2order_approx: rescue NAN/INF values in logl for idx=467
 *** WARNING *** GMRFLib_2order_approx: reset counter for 26 NAN/INF values in logl
 *** WARNING *** GMRFLib_2order_approx: rescue NAN/INF values in logl for idx=637
 *** WARNING *** GMRFLib_2order_approx: reset counter for 48 NAN/INF values in logl
 *** WARNING *** GMRFLib_2order_approx: rescue NAN/INF values in logl for idx=895
 *** WARNING *** GMRFLib_2order_approx: reset counter for 86 NAN/INF values in logl
 *** WARNING *** GMRFLib_2order_approx: reset counter for 86 NAN/INF values in logl
 *** WARNING *** GMRFLib_2order_approx: rescue NAN/INF values in logl for idx=280
 *** WARNING *** GMRFLib_2order_approx: reset counter for 293 NAN/INF values in logl
 *** WARNING *** GMRFLib_2order_approx: reset counter for 293 NAN/INF values in logl
 *** WARNING *** GMRFLib_2order_approx: rescue NAN/INF values in logl for idx=1051
 *** WARNING *** GMRFLib_2order_approx: reset counter for 12 NAN/INF values in logl
  knn4   DIC = 5694.52
 *** WARNING *** GMRFLib_2order_approx: rescue NAN/INF values in logl for idx=0
 *** WARNING *** GMRFLib_2order_approx: reset counter for 96 NAN/INF values in logl
 *** WARNING *** GMRFLib_2order_approx: rescue NAN/INF values in logl for idx=105
 *** WARNING *** GMRFLib_2order_approx: reset counter for 44 NAN/INF values in logl
 *** WARNING *** GMRFLib_2order_approx: rescue NAN/INF values in logl for idx=1040
 *** WARNING *** GMRFLib_2order_approx: reset counter for 10 NAN/INF values in logl
 *** WARNING *** GMRFLib_2order_approx: rescue NAN/INF values in logl for idx=0
 *** WARNING *** GMRFLib_2order_approx: reset counter for 338 NAN/INF values in logl
 *** WARNING *** GMRFLib_2order_approx: reset counter for 338 NAN/INF values in logl
 *** WARNING *** GMRFLib_2order_approx: rescue NAN/INF values in logl for idx=0
 *** WARNING *** GMRFLib_2order_approx: rescue NAN/INF values in logl for idx=438
 *** WARNING *** GMRFLib_2order_approx: reset counter for 281 NAN/INF values in logl
 *** WARNING *** GMRFLib_2order_approx: rescue NAN/INF values in logl for idx=52
 *** WARNING *** GMRFLib_2order_approx: rescue NAN/INF values in logl for idx=0
 *** WARNING *** GMRFLib_2order_approx: reset counter for 99 NAN/INF values in logl
 *** WARNING *** GMRFLib_2order_approx: rescue NAN/INF values in logl for idx=409
 *** WARNING *** GMRFLib_2order_approx: reset counter for 112 NAN/INF values in logl
 *** WARNING *** GMRFLib_2order_approx: reset counter for 112 NAN/INF values in logl
 *** WARNING *** GMRFLib_2order_approx: rescue NAN/INF values in logl for idx=645
 *** WARNING *** GMRFLib_2order_approx: reset counter for 64 NAN/INF values in logl
 *** WARNING *** GMRFLib_2order_approx: reset counter for 64 NAN/INF values in logl
 *** WARNING *** GMRFLib_2order_approx: rescue NAN/INF values in logl for idx=650
 *** WARNING *** GMRFLib_2order_approx: reset counter for 4 NAN/INF values in logl
 *** WARNING *** GMRFLib_2order_approx: rescue NAN/INF values in logl for idx=1070
 *** WARNING *** GMRFLib_2order_approx: reset counter for 2 NAN/INF values in logl
 *** WARNING *** GMRFLib_2order_approx: rescue NAN/INF values in logl for idx=0
 *** WARNING *** GMRFLib_2order_approx: reset counter for 244 NAN/INF values in logl
 *** WARNING *** GMRFLib_2order_approx: rescue NAN/INF values in logl for idx=1083
 *** WARNING *** GMRFLib_2order_approx: reset counter for 141 NAN/INF values in logl
 *** WARNING *** GMRFLib_2order_approx: rescue NAN/INF values in logl for idx=0
 *** WARNING *** GMRFLib_2order_approx: reset counter for 558 NAN/INF values in logl
 *** WARNING *** GMRFLib_2order_approx: rescue NAN/INF values in logl for idx=105
 *** WARNING *** GMRFLib_2order_approx: reset counter for 3 NAN/INF values in logl
 *** WARNING *** GMRFLib_2order_approx: rescue NAN/INF values in logl for idx=0
 *** WARNING *** GMRFLib_2order_approx: reset counter for 513 NAN/INF values in logl
 *** WARNING *** GMRFLib_2order_approx: rescue NAN/INF values in logl for idx=0
 *** WARNING *** GMRFLib_2order_approx: reset counter for 292 NAN/INF values in logl
 *** WARNING *** GMRFLib_2order_approx: rescue NAN/INF values in logl for idx=859
 *** WARNING *** GMRFLib_2order_approx: reset counter for 69 NAN/INF values in logl
 *** WARNING *** GMRFLib_2order_approx: rescue NAN/INF values in logl for idx=2
 *** WARNING *** GMRFLib_2order_approx: reset counter for 66 NAN/INF values in logl
 *** WARNING *** GMRFLib_2order_approx: reset counter for 66 NAN/INF values in logl
 *** WARNING *** GMRFLib_2order_approx: rescue NAN/INF values in logl for idx=762
 *** WARNING *** GMRFLib_2order_approx: reset counter for 19 NAN/INF values in logl
 *** WARNING *** GMRFLib_2order_approx: rescue NAN/INF values in logl for idx=134
 *** WARNING *** GMRFLib_2order_approx: reset counter for 19 NAN/INF values in logl
 *** WARNING *** GMRFLib_2order_approx: rescue NAN/INF values in logl for idx=330
 *** WARNING *** GMRFLib_2order_approx: reset counter for 2 NAN/INF values in logl
 *** WARNING *** GMRFLib_2order_approx: rescue NAN/INF values in logl for idx=504
 *** WARNING *** GMRFLib_2order_approx: reset counter for 4 NAN/INF values in logl
 *** WARNING *** GMRFLib_2order_approx: rescue NAN/INF values in logl for idx=0
 *** WARNING *** GMRFLib_2order_approx: reset counter for 450 NAN/INF values in logl
 *** WARNING *** GMRFLib_2order_approx: rescue NAN/INF values in logl for idx=55
 *** WARNING *** GMRFLib_2order_approx: reset counter for 98 NAN/INF values in logl
  knn5   DIC = 5696.37
 *** WARNING *** GMRFLib_2order_approx: rescue NAN/INF values in logl for idx=0
 *** WARNING *** GMRFLib_2order_approx: reset counter for 78 NAN/INF values in logl
 *** WARNING *** GMRFLib_2order_approx: rescue NAN/INF values in logl for idx=105
 *** WARNING *** GMRFLib_2order_approx: reset counter for 33 NAN/INF values in logl
 *** WARNING *** GMRFLib_2order_approx: rescue NAN/INF values in logl for idx=0
 *** WARNING *** GMRFLib_2order_approx: reset counter for 71 NAN/INF values in logl
 *** WARNING *** GMRFLib_2order_approx: rescue NAN/INF values in logl for idx=175
 *** WARNING *** GMRFLib_2order_approx: reset counter for 179 NAN/INF values in logl
 *** WARNING *** GMRFLib_2order_approx: rescue NAN/INF values in logl for idx=0
 *** WARNING *** GMRFLib_2order_approx: reset counter for 201 NAN/INF values in logl
 *** WARNING *** GMRFLib_2order_approx: rescue NAN/INF values in logl for idx=0
 *** WARNING *** GMRFLib_2order_approx: rescue NAN/INF values in logl for idx=108
 *** WARNING *** GMRFLib_2order_approx: reset counter for 109 NAN/INF values in logl
 *** WARNING *** GMRFLib_2order_approx: rescue NAN/INF values in logl for idx=105
 *** WARNING *** GMRFLib_2order_approx: rescue NAN/INF values in logl for idx=360
 *** WARNING *** GMRFLib_2order_approx: reset counter for 45 NAN/INF values in logl
 *** WARNING *** GMRFLib_2order_approx: rescue NAN/INF values in logl for idx=438
 *** WARNING *** GMRFLib_2order_approx: reset counter for 2 NAN/INF values in logl
 *** WARNING *** GMRFLib_2order_approx: rescue NAN/INF values in logl for idx=140
 *** WARNING *** GMRFLib_2order_approx: reset counter for 6 NAN/INF values in logl
 *** WARNING *** GMRFLib_2order_approx: rescue NAN/INF values in logl for idx=6
 *** WARNING *** GMRFLib_2order_approx: reset counter for 347 NAN/INF values in logl
 *** WARNING *** GMRFLib_2order_approx: rescue NAN/INF values in logl for idx=108
 *** WARNING *** GMRFLib_2order_approx: reset counter for 156 NAN/INF values in logl
 *** WARNING *** GMRFLib_2order_approx: rescue NAN/INF values in logl for idx=360
 *** WARNING *** GMRFLib_2order_approx: reset counter for 39 NAN/INF values in logl
 *** WARNING *** GMRFLib_2order_approx: rescue NAN/INF values in logl for idx=438
 *** WARNING *** GMRFLib_2order_approx: reset counter for 2 NAN/INF values in logl
 *** WARNING *** GMRFLib_2order_approx: rescue NAN/INF values in logl for idx=967
 *** WARNING *** GMRFLib_2order_approx: reset counter for 12 NAN/INF values in logl
  knn6   DIC = 5696.29
 *** WARNING *** GMRFLib_2order_approx: rescue NAN/INF values in logl for idx=0
 *** WARNING *** GMRFLib_2order_approx: reset counter for 124 NAN/INF values in logl
 *** WARNING *** GMRFLib_2order_approx: reset counter for 171 NAN/INF values in logl
 *** WARNING *** GMRFLib_2order_approx: rescue NAN/INF values in logl for idx=0
 *** WARNING *** GMRFLib_2order_approx: reset counter for 101 NAN/INF values in logl
 *** WARNING *** GMRFLib_2order_approx: rescue NAN/INF values in logl for idx=1040
 *** WARNING *** GMRFLib_2order_approx: reset counter for 39 NAN/INF values in logl
 *** WARNING *** GMRFLib_2order_approx: reset counter for 39 NAN/INF values in logl
 *** WARNING *** GMRFLib_2order_approx: rescue NAN/INF values in logl for idx=0
 *** WARNING *** GMRFLib_2order_approx: reset counter for 46 NAN/INF values in logl
 *** WARNING *** GMRFLib_2order_approx: rescue NAN/INF values in logl for idx=440
 *** WARNING *** GMRFLib_2order_approx: reset counter for 6 NAN/INF values in logl
 *** WARNING *** GMRFLib_2order_approx: rescue NAN/INF values in logl for idx=645
 *** WARNING *** GMRFLib_2order_approx: rescue NAN/INF values in logl for idx=105
 *** WARNING *** GMRFLib_2order_approx: reset counter for 11 NAN/INF values in logl
 *** WARNING *** GMRFLib_2order_approx: rescue NAN/INF values in logl for idx=360
 *** WARNING *** GMRFLib_2order_approx: reset counter for 73 NAN/INF values in logl
 *** WARNING *** GMRFLib_2order_approx: reset counter for 73 NAN/INF values in logl
 *** WARNING *** GMRFLib_2order_approx: rescue NAN/INF values in logl for idx=105
 *** WARNING *** GMRFLib_2order_approx: reset counter for 9 NAN/INF values in logl
 *** WARNING *** GMRFLib_2order_approx: rescue NAN/INF values in logl for idx=360
 *** WARNING *** GMRFLib_2order_approx: reset counter for 11 NAN/INF values in logl
 *** WARNING *** GMRFLib_2order_approx: reset counter for 11 NAN/INF values in logl
 *** WARNING *** GMRFLib_2order_approx: rescue NAN/INF values in logl for idx=645
 *** WARNING *** GMRFLib_2order_approx: reset counter for 32 NAN/INF values in logl
 *** WARNING *** GMRFLib_2order_approx: rescue NAN/INF values in logl for idx=1051
 *** WARNING *** GMRFLib_2order_approx: reset counter for 4 NAN/INF values in logl
 *** WARNING *** GMRFLib_2order_approx: rescue NAN/INF values in logl for idx=0
 *** WARNING *** GMRFLib_2order_approx: reset counter for 59 NAN/INF values in logl
 *** WARNING *** GMRFLib_2order_approx: rescue NAN/INF values in logl for idx=359
 *** WARNING *** GMRFLib_2order_approx: reset counter for 73 NAN/INF values in logl
 *** WARNING *** GMRFLib_2order_approx: rescue NAN/INF values in logl for idx=684
 *** WARNING *** GMRFLib_2order_approx: reset counter for 4 NAN/INF values in logl
 *** WARNING *** GMRFLib_2order_approx: rescue NAN/INF values in logl for idx=0
 *** WARNING *** GMRFLib_2order_approx: reset counter for 254 NAN/INF values in logl
 *** WARNING *** GMRFLib_2order_approx: rescue NAN/INF values in logl for idx=960
 *** WARNING *** GMRFLib_2order_approx: reset counter for 69 NAN/INF values in logl
 *** WARNING *** GMRFLib_2order_approx: rescue NAN/INF values in logl for idx=6
 *** WARNING *** GMRFLib_2order_approx: reset counter for 20 NAN/INF values in logl
 *** WARNING *** GMRFLib_2order_approx: rescue NAN/INF values in logl for idx=360
 *** WARNING *** GMRFLib_2order_approx: reset counter for 24 NAN/INF values in logl
 *** WARNING *** GMRFLib_2order_approx: rescue NAN/INF values in logl for idx=646
 *** WARNING *** GMRFLib_2order_approx: reset counter for 187 NAN/INF values in logl
 *** WARNING *** GMRFLib_2order_approx: reset counter for 187 NAN/INF values in logl
 *** WARNING *** GMRFLib_2order_approx: rescue NAN/INF values in logl for idx=438
 *** WARNING *** GMRFLib_2order_approx: reset counter for 3 NAN/INF values in logl
 *** WARNING *** GMRFLib_2order_approx: rescue NAN/INF values in logl for idx=111
 *** WARNING *** GMRFLib_2order_approx: reset counter for 43 NAN/INF values in logl
 *** WARNING *** GMRFLib_2order_approx: reset counter for 43 NAN/INF values in logl
 *** WARNING *** GMRFLib_2order_approx: reset counter for 43 NAN/INF values in logl
 *** WARNING *** GMRFLib_2order_approx: rescue NAN/INF values in logl for idx=140
 *** WARNING *** GMRFLib_2order_approx: reset counter for 50 NAN/INF values in logl
 *** WARNING *** GMRFLib_2order_approx: rescue NAN/INF values in logl for idx=496
 *** WARNING *** GMRFLib_2order_approx: reset counter for 5 NAN/INF values in logl
 *** WARNING *** GMRFLib_2order_approx: rescue NAN/INF values in logl for idx=1049
 *** WARNING *** GMRFLib_2order_approx: reset counter for 4 NAN/INF values in logl
 *** WARNING *** GMRFLib_2order_approx: reset counter for 4 NAN/INF values in logl
 *** WARNING *** GMRFLib_2order_approx: rescue NAN/INF values in logl for idx=15
 *** WARNING *** GMRFLib_2order_approx: reset counter for 112 NAN/INF values in logl
 *** WARNING *** GMRFLib_2order_approx: rescue NAN/INF values in logl for idx=2
 *** WARNING *** GMRFLib_2order_approx: reset counter for 352 NAN/INF values in logl
 *** WARNING *** GMRFLib_2order_approx: rescue NAN/INF values in logl for idx=39
 *** WARNING *** GMRFLib_2order_approx: reset counter for 19 NAN/INF values in logl
 *** WARNING *** GMRFLib_2order_approx: rescue NAN/INF values in logl for idx=360
 *** WARNING *** GMRFLib_2order_approx: reset counter for 183 NAN/INF values in logl
 *** WARNING *** GMRFLib_2order_approx: rescue NAN/INF values in logl for idx=0
 *** WARNING *** GMRFLib_2order_approx: reset counter for 272 NAN/INF values in logl
 *** WARNING *** GMRFLib_2order_approx: rescue NAN/INF values in logl for idx=129
 *** WARNING *** GMRFLib_2order_approx: reset counter for 267 NAN/INF values in logl
 *** WARNING *** GMRFLib_2order_approx: rescue NAN/INF values in logl for idx=0
 *** WARNING *** GMRFLib_2order_approx: reset counter for 100 NAN/INF values in logl
 *** WARNING *** GMRFLib_2order_approx: rescue NAN/INF values in logl for idx=145
 *** WARNING *** GMRFLib_2order_approx: reset counter for 921 NAN/INF values in logl
 *** WARNING *** GMRFLib_2order_approx: rescue NAN/INF values in logl for idx=362
 *** WARNING *** GMRFLib_2order_approx: reset counter for 17 NAN/INF values in logl
 *** WARNING *** GMRFLib_2order_approx: rescue NAN/INF values in logl for idx=245
 *** WARNING *** GMRFLib_2order_approx: reset counter for 371 NAN/INF values in logl
 *** WARNING *** GMRFLib_2order_approx: rescue NAN/INF values in logl for idx=0
 *** WARNING *** GMRFLib_2order_approx: reset counter for 125 NAN/INF values in logl
 *** WARNING *** GMRFLib_2order_approx: rescue NAN/INF values in logl for idx=206
 *** WARNING *** GMRFLib_2order_approx: rescue NAN/INF values in logl for idx=0
 *** WARNING *** GMRFLib_2order_approx: reset counter for 1062 NAN/INF values in logl
 *** WARNING *** GMRFLib_2order_approx: rescue NAN/INF values in logl for idx=280
 *** WARNING *** GMRFLib_2order_approx: reset counter for 427 NAN/INF values in logl
 *** WARNING *** GMRFLib_2order_approx: rescue NAN/INF values in logl for idx=27
 *** WARNING *** GMRFLib_2order_approx: reset counter for 93 NAN/INF values in logl
 *** WARNING *** GMRFLib_2order_approx: rescue NAN/INF values in logl for idx=1040
 *** WARNING *** GMRFLib_2order_approx: reset counter for 59 NAN/INF values in logl
 *** WARNING *** GMRFLib_2order_approx: rescue NAN/INF values in logl for idx=0
 *** WARNING *** GMRFLib_2order_approx: reset counter for 540 NAN/INF values in logl
  knn7   DIC = 5695.97
  credible across graphs (out of 8):
    dairy_farm_z       8/8
    gw_household_z     8/8
    forest_z           8/8
    fiscal_indep_z     8/8

## [10] Getis-Ord Gi* (Figure S2, Multimedia Appendix 3)
  Gi* z-scores: hot spots (z > 1.96) = 51 | cold spots (z < -1.96) = 56

## [11] Robustness checks (Table S7, Multimedia Appendix 1)
 *** WARNING *** GMRFLib_2order_approx: rescue NAN/INF values in logl for idx=0
 *** WARNING *** GMRFLib_2order_approx: rescue NAN/INF values in logl for idx=0
 *** WARNING *** GMRFLib_2order_approx: reset counter for 220 NAN/INF values in logl
 *** WARNING *** GMRFLib_2order_approx: rescue NAN/INF values in logl for idx=251
 *** WARNING *** GMRFLib_2order_approx: reset counter for 249 NAN/INF values in logl
 *** WARNING *** GMRFLib_2order_approx: rescue NAN/INF values in logl for idx=0
 *** WARNING *** GMRFLib_2order_approx: reset counter for 28 NAN/INF values in logl
 *** WARNING *** GMRFLib_2order_approx: rescue NAN/INF values in logl for idx=90
 *** WARNING *** GMRFLib_2order_approx: rescue NAN/INF values in logl for idx=0
 *** WARNING *** GMRFLib_2order_approx: reset counter for 426 NAN/INF values in logl
 *** WARNING *** GMRFLib_2order_approx: rescue NAN/INF values in logl for idx=0
 *** WARNING *** GMRFLib_2order_approx: reset counter for 65 NAN/INF values in logl
 *** WARNING *** GMRFLib_2order_approx: rescue NAN/INF values in logl for idx=0
 *** WARNING *** GMRFLib_2order_approx: reset counter for 65 NAN/INF values in logl
 *** WARNING *** GMRFLib_2order_approx: rescue NAN/INF values in logl for idx=0
 *** WARNING *** GMRFLib_2order_approx: reset counter for 456 NAN/INF values in logl
 *** WARNING *** GMRFLib_2order_approx: rescue NAN/INF values in logl for idx=0
 *** WARNING *** GMRFLib_2order_approx: reset counter for 149 NAN/INF values in logl
 *** WARNING *** GMRFLib_2order_approx: rescue NAN/INF values in logl for idx=0
 *** WARNING *** GMRFLib_2order_approx: reset counter for 41 NAN/INF values in logl
 *** WARNING *** GMRFLib_2order_approx: rescue NAN/INF values in logl for idx=0
 *** WARNING *** GMRFLib_2order_approx: reset counter for 292 NAN/INF values in logl
 *** WARNING *** GMRFLib_2order_approx: rescue NAN/INF values in logl for idx=90
 *** WARNING *** GMRFLib_2order_approx: reset counter for 2 NAN/INF values in logl
 *** WARNING *** GMRFLib_2order_approx: rescue NAN/INF values in logl for idx=90
 *** WARNING *** GMRFLib_2order_approx: reset counter for 17 NAN/INF values in logl
 *** WARNING *** GMRFLib_2order_approx: rescue NAN/INF values in logl for idx=0
 *** WARNING *** GMRFLib_2order_approx: reset counter for 216 NAN/INF values in logl
 *** WARNING *** GMRFLib_2order_approx: rescue NAN/INF values in logl for idx=0
 *** WARNING *** GMRFLib_2order_approx: reset counter for 123 NAN/INF values in logl
 *** WARNING *** GMRFLib_2order_approx: reset counter for 123 NAN/INF values in logl
 *** WARNING *** GMRFLib_2order_approx: rescue NAN/INF values in logl for idx=90
 *** WARNING *** GMRFLib_2order_approx: reset counter for 134 NAN/INF values in logl
 *** WARNING *** GMRFLib_2order_approx: rescue NAN/INF values in logl for idx=108
 *** WARNING *** GMRFLib_2order_approx: reset counter for 3 NAN/INF values in logl
 *** WARNING *** GMRFLib_2order_approx: rescue NAN/INF values in logl for idx=108
 *** WARNING *** GMRFLib_2order_approx: reset counter for 3 NAN/INF values in logl
 *** WARNING *** GMRFLib_2order_approx: rescue NAN/INF values in logl for idx=90
 *** WARNING *** GMRFLib_2order_approx: reset counter for 53 NAN/INF values in logl
 *** WARNING *** GMRFLib_2order_approx: rescue NAN/INF values in logl for idx=90
 *** WARNING *** GMRFLib_2order_approx: reset counter for 17 NAN/INF values in logl
 *** WARNING *** GMRFLib_2order_approx: rescue NAN/INF values in logl for idx=108
 *** WARNING *** GMRFLib_2order_approx: rescue NAN/INF values in logl for idx=360
 *** WARNING *** GMRFLib_2order_approx: reset counter for 43 NAN/INF values in logl
 *** WARNING *** GMRFLib_2order_approx: rescue NAN/INF values in logl for idx=108
 *** WARNING *** GMRFLib_2order_approx: reset counter for 5 NAN/INF values in logl
 *** WARNING *** GMRFLib_2order_approx: rescue NAN/INF values in logl for idx=108
 *** WARNING *** GMRFLib_2order_approx: reset counter for 6 NAN/INF values in logl
 *** WARNING *** GMRFLib_2order_approx: rescue NAN/INF values in logl for idx=205
 *** WARNING *** GMRFLib_2order_approx: reset counter for 5 NAN/INF values in logl
 *** WARNING *** GMRFLib_2order_approx: rescue NAN/INF values in logl for idx=224
 *** WARNING *** GMRFLib_2order_approx: reset counter for 55 NAN/INF values in logl
 *** WARNING *** GMRFLib_2order_approx: rescue NAN/INF values in logl for idx=31
 *** WARNING *** GMRFLib_2order_approx: reset counter for 19 NAN/INF values in logl
 *** WARNING *** GMRFLib_2order_approx: rescue NAN/INF values in logl for idx=205
 *** WARNING *** GMRFLib_2order_approx: reset counter for 168 NAN/INF values in logl
 *** WARNING *** GMRFLib_2order_approx: reset counter for 168 NAN/INF values in logl
 *** WARNING *** GMRFLib_2order_approx: rescue NAN/INF values in logl for idx=50
 *** WARNING *** GMRFLib_2order_approx: reset counter for 86 NAN/INF values in logl
 *** WARNING *** GMRFLib_2order_approx: rescue NAN/INF values in logl for idx=166
 *** WARNING *** GMRFLib_2order_approx: reset counter for 2 NAN/INF values in logl
 *** WARNING *** GMRFLib_2order_approx: rescue NAN/INF values in logl for idx=79
 *** WARNING *** GMRFLib_2order_approx: rescue NAN/INF values in logl for idx=205
 *** WARNING *** GMRFLib_2order_approx: reset counter for 192 NAN/INF values in logl
 *** WARNING *** GMRFLib_2order_approx: rescue NAN/INF values in logl for idx=1099
 *** WARNING *** GMRFLib_2order_approx: reset counter for 214 NAN/INF values in logl
 *** WARNING *** GMRFLib_2order_approx: rescue NAN/INF values in logl for idx=50
 *** WARNING *** GMRFLib_2order_approx: reset counter for 90 NAN/INF values in logl
 *** WARNING *** GMRFLib_2order_approx: rescue NAN/INF values in logl for idx=376
 *** WARNING *** GMRFLib_2order_approx: rescue NAN/INF values in logl for idx=18
 *** WARNING *** GMRFLib_2order_approx: reset counter for 490 NAN/INF values in logl
 *** WARNING *** GMRFLib_2order_approx: rescue NAN/INF values in logl for idx=545
 *** WARNING *** GMRFLib_2order_approx: reset counter for 120 NAN/INF values in logl
 *** WARNING *** GMRFLib_2order_approx: rescue NAN/INF values in logl for idx=250
 *** WARNING *** GMRFLib_2order_approx: reset counter for 111 NAN/INF values in logl
 *** WARNING *** GMRFLib_2order_approx: rescue NAN/INF values in logl for idx=77
 *** WARNING *** GMRFLib_2order_approx: reset counter for 124 NAN/INF values in logl
 *** WARNING *** GMRFLib_2order_approx: rescue NAN/INF values in logl for idx=50
 *** WARNING *** GMRFLib_2order_approx: reset counter for 142 NAN/INF values in logl
 *** WARNING *** GMRFLib_2order_approx: rescue NAN/INF values in logl for idx=0
 *** WARNING *** GMRFLib_2order_approx: reset counter for 421 NAN/INF values in logl
 *** WARNING *** GMRFLib_2order_approx: rescue NAN/INF values in logl for idx=31
 *** WARNING *** GMRFLib_2order_approx: reset counter for 67 NAN/INF values in logl
 *** WARNING *** GMRFLib_2order_approx: rescue NAN/INF values in logl for idx=290
 *** WARNING *** GMRFLib_2order_approx: reset counter for 97 NAN/INF values in logl
 *** WARNING *** GMRFLib_2order_approx: rescue NAN/INF values in logl for idx=4
 *** WARNING *** GMRFLib_2order_approx: reset counter for 178 NAN/INF values in logl
 *** WARNING *** GMRFLib_2order_approx: rescue NAN/INF values in logl for idx=280
 *** WARNING *** GMRFLib_2order_approx: reset counter for 12 NAN/INF values in logl
 *** WARNING *** GMRFLib_2order_approx: rescue NAN/INF values in logl for idx=610
 *** WARNING *** GMRFLib_2order_approx: reset counter for 76 NAN/INF values in logl
 *** WARNING *** GMRFLib_2order_approx: reset counter for 76 NAN/INF values in logl
 *** WARNING *** GMRFLib_2order_approx: reset counter for 76 NAN/INF values in logl
 *** WARNING *** GMRFLib_2order_approx: rescue NAN/INF values in logl for idx=990
 *** WARNING *** GMRFLib_2order_approx: rescue NAN/INF values in logl for idx=385
 *** WARNING *** GMRFLib_2order_approx: reset counter for 444 NAN/INF values in logl
 *** WARNING *** GMRFLib_2order_approx: rescue NAN/INF values in logl for idx=27
 *** WARNING *** GMRFLib_2order_approx: reset counter for 157 NAN/INF values in logl
 *** WARNING *** GMRFLib_2order_approx: rescue NAN/INF values in logl for idx=480
 *** WARNING *** GMRFLib_2order_approx: rescue NAN/INF values in logl for idx=25
 *** WARNING *** GMRFLib_2order_approx: reset counter for 213 NAN/INF values in logl
 *** WARNING *** GMRFLib_2order_approx: reset counter for 220 NAN/INF values in logl
 *** WARNING *** GMRFLib_2order_approx: rescue NAN/INF values in logl for idx=0
 *** WARNING *** GMRFLib_2order_approx: rescue NAN/INF values in logl for idx=365
 *** WARNING *** GMRFLib_2order_approx: reset counter for 137 NAN/INF values in logl
 *** WARNING *** GMRFLib_2order_approx: rescue NAN/INF values in logl for idx=188
 *** WARNING *** GMRFLib_2order_approx: rescue NAN/INF values in logl for idx=856
 *** WARNING *** GMRFLib_2order_approx: reset counter for 401 NAN/INF values in logl
 *** WARNING *** GMRFLib_2order_approx: rescue NAN/INF values in logl for idx=280
 *** WARNING *** GMRFLib_2order_approx: reset counter for 211 NAN/INF values in logl
 *** WARNING *** GMRFLib_2order_approx: rescue NAN/INF values in logl for idx=1040
 *** WARNING *** GMRFLib_2order_approx: reset counter for 10 NAN/INF values in logl
 *** WARNING *** GMRFLib_2order_approx: rescue NAN/INF values in logl for idx=2
 *** WARNING *** GMRFLib_2order_approx: reset counter for 615 NAN/INF values in logl
 *** WARNING *** GMRFLib_2order_approx: rescue NAN/INF values in logl for idx=0
 *** WARNING *** GMRFLib_2order_approx: reset counter for 535 NAN/INF values in logl
 *** WARNING *** GMRFLib_2order_approx: rescue NAN/INF values in logl for idx=563
 *** WARNING *** GMRFLib_2order_approx: reset counter for 22 NAN/INF values in logl
 *** WARNING *** GMRFLib_2order_approx: rescue NAN/INF values in logl for idx=30
 *** WARNING *** GMRFLib_2order_approx: reset counter for 1236 NAN/INF values in logl
 *** WARNING *** GMRFLib_2order_approx: rescue NAN/INF values in logl for idx=1041
 *** WARNING *** GMRFLib_2order_approx: reset counter for 14 NAN/INF values in logl
 *** WARNING *** GMRFLib_2order_approx: rescue NAN/INF values in logl for idx=0
 *** WARNING *** GMRFLib_2order_approx: reset counter for 549 NAN/INF values in logl
 *** WARNING *** GMRFLib_2order_approx: rescue NAN/INF values in logl for idx=22
 *** WARNING *** GMRFLib_2order_approx: reset counter for 114 NAN/INF values in logl
 *** WARNING *** GMRFLib_2order_approx: rescue NAN/INF values in logl for idx=252
 *** WARNING *** GMRFLib_2order_approx: reset counter for 19 NAN/INF values in logl
 *** WARNING *** GMRFLib_2order_approx: rescue NAN/INF values in logl for idx=334
 *** WARNING *** GMRFLib_2order_approx: reset counter for 19 NAN/INF values in logl
 *** WARNING *** GMRFLib_2order_approx: rescue NAN/INF values in logl for idx=366
 *** WARNING *** GMRFLib_2order_approx: reset counter for 228 NAN/INF values in logl
 *** WARNING *** GMRFLib_2order_approx: rescue NAN/INF values in logl for idx=280
 *** WARNING *** GMRFLib_2order_approx: reset counter for 339 NAN/INF values in logl
 *** WARNING *** GMRFLib_2order_approx: rescue NAN/INF values in logl for idx=0
 *** WARNING *** GMRFLib_2order_approx: reset counter for 562 NAN/INF values in logl
 *** WARNING *** GMRFLib_2order_approx: rescue NAN/INF values in logl for idx=0
 *** WARNING *** GMRFLib_2order_approx: reset counter for 592 NAN/INF values in logl
 *** WARNING *** GMRFLib_2order_approx: rescue NAN/INF values in logl for idx=502
 *** WARNING *** GMRFLib_2order_approx: reset counter for 121 NAN/INF values in logl
 *** WARNING *** GMRFLib_2order_approx: rescue NAN/INF values in logl for idx=6
 *** WARNING *** GMRFLib_2order_approx: reset counter for 302 NAN/INF values in logl
 *** WARNING *** GMRFLib_2order_approx: rescue NAN/INF values in logl for idx=365
 *** WARNING *** GMRFLib_2order_approx: rescue NAN/INF values in logl for idx=0
 *** WARNING *** GMRFLib_2order_approx: rescue NAN/INF values in logl for idx=175
 *** WARNING *** GMRFLib_2order_approx: reset counter for 822 NAN/INF values in logl
 *** WARNING *** GMRFLib_2order_approx: rescue NAN/INF values in logl for idx=0
 *** WARNING *** GMRFLib_2order_approx: reset counter for 702 NAN/INF values in logl
 *** WARNING *** GMRFLib_2order_approx: rescue NAN/INF values in logl for idx=438
 *** WARNING *** GMRFLib_2order_approx: reset counter for 4 NAN/INF values in logl
 *** WARNING *** GMRFLib_2order_approx: rescue NAN/INF values in logl for idx=280
 *** WARNING *** GMRFLib_2order_approx: reset counter for 120 NAN/INF values in logl
 *** WARNING *** GMRFLib_2order_approx: rescue NAN/INF values in logl for idx=653
 *** WARNING *** GMRFLib_2order_approx: reset counter for 314 NAN/INF values in logl
 *** WARNING *** GMRFLib_2order_approx: rescue NAN/INF values in logl for idx=0
 *** WARNING *** GMRFLib_2order_approx: reset counter for 671 NAN/INF values in logl
 *** WARNING *** GMRFLib_2order_approx: rescue NAN/INF values in logl for idx=528
 *** WARNING *** GMRFLib_2order_approx: reset counter for 51 NAN/INF values in logl
 *** WARNING *** GMRFLib_2order_approx: rescue NAN/INF values in logl for idx=0
 *** WARNING *** GMRFLib_2order_approx: reset counter for 471 NAN/INF values in logl
 *** WARNING *** GMRFLib_2order_approx: rescue NAN/INF values in logl for idx=0
 *** WARNING *** GMRFLib_2order_approx: reset counter for 280 NAN/INF values in logl
 *** WARNING *** GMRFLib_2order_approx: rescue NAN/INF values in logl for idx=338
 *** WARNING *** GMRFLib_2order_approx: reset counter for 71 NAN/INF values in logl
 *** WARNING *** GMRFLib_2order_approx: rescue NAN/INF values in logl for idx=0
 *** WARNING *** GMRFLib_2order_approx: reset counter for 73 NAN/INF values in logl
 *** WARNING *** GMRFLib_2order_approx: rescue NAN/INF values in logl for idx=79
 *** WARNING *** GMRFLib_2order_approx: rescue NAN/INF values in logl for idx=0
 *** WARNING *** GMRFLib_2order_approx: rescue NAN/INF values in logl for idx=495
 *** WARNING *** GMRFLib_2order_approx: reset counter for 1217 NAN/INF values in logl
 *** WARNING *** GMRFLib_2order_approx: rescue NAN/INF values in logl for idx=518
 *** WARNING *** GMRFLib_2order_approx: reset counter for 196 NAN/INF values in logl
 *** WARNING *** GMRFLib_2order_approx: rescue NAN/INF values in logl for idx=280
 *** WARNING *** GMRFLib_2order_approx: reset counter for 434 NAN/INF values in logl
 *** WARNING *** GMRFLib_2order_approx: rescue NAN/INF values in logl for idx=105
 *** WARNING *** GMRFLib_2order_approx: reset counter for 16 NAN/INF values in logl
 *** WARNING *** GMRFLib_2order_approx: reset counter for 16 NAN/INF values in logl
 *** WARNING *** GMRFLib_2order_approx: rescue NAN/INF values in logl for idx=0
 *** WARNING *** GMRFLib_2order_approx: rescue NAN/INF values in logl for idx=220
 *** WARNING *** GMRFLib_2order_approx: rescue NAN/INF values in logl for idx=35
 *** WARNING *** GMRFLib_2order_approx: reset counter for 1353 NAN/INF values in logl
 *** WARNING *** GMRFLib_2order_approx: rescue NAN/INF values in logl for idx=375
 *** WARNING *** GMRFLib_2order_approx: reset counter for 22 NAN/INF values in logl
 *** WARNING *** GMRFLib_2order_approx: rescue NAN/INF values in logl for idx=438
 *** WARNING *** GMRFLib_2order_approx: reset counter for 2 NAN/INF values in logl
 *** WARNING *** GMRFLib_2order_approx: rescue NAN/INF values in logl for idx=0
 *** WARNING *** GMRFLib_2order_approx: reset counter for 588 NAN/INF values in logl
 *** WARNING *** GMRFLib_2order_approx: rescue NAN/INF values in logl for idx=0
 *** WARNING *** GMRFLib_2order_approx: reset counter for 496 NAN/INF values in logl
 *** WARNING *** GMRFLib_2order_approx: rescue NAN/INF values in logl for idx=933
 *** WARNING *** GMRFLib_2order_approx: reset counter for 496 NAN/INF values in logl
 *** WARNING *** GMRFLib_2order_approx: rescue NAN/INF values in logl for idx=975
 *** WARNING *** GMRFLib_2order_approx: rescue NAN/INF values in logl for idx=0
 *** WARNING *** GMRFLib_2order_approx: reset counter for 989 NAN/INF values in logl
 *** WARNING *** GMRFLib_2order_approx: rescue NAN/INF values in logl for idx=0
 *** WARNING *** GMRFLib_2order_approx: reset counter for 510 NAN/INF values in logl
 *** WARNING *** GMRFLib_2order_approx: rescue NAN/INF values in logl for idx=0
 *** WARNING *** GMRFLib_2order_approx: reset counter for 606 NAN/INF values in logl
 *** WARNING *** GMRFLib_2order_approx: rescue NAN/INF values in logl for idx=0
 *** WARNING *** GMRFLib_2order_approx: reset counter for 458 NAN/INF values in logl
 *** WARNING *** GMRFLib_2order_approx: rescue NAN/INF values in logl for idx=0
 *** WARNING *** GMRFLib_2order_approx: reset counter for 629 NAN/INF values in logl
 *** WARNING *** GMRFLib_2order_approx: rescue NAN/INF values in logl for idx=558
 *** WARNING *** GMRFLib_2order_approx: reset counter for 2 NAN/INF values in logl
 *** WARNING *** GMRFLib_2order_approx: rescue NAN/INF values in logl for idx=558
 *** WARNING *** GMRFLib_2order_approx: reset counter for 4 NAN/INF values in logl
 *** WARNING *** GMRFLib_2order_approx: rescue NAN/INF values in logl for idx=0
 *** WARNING *** GMRFLib_2order_approx: reset counter for 514 NAN/INF values in logl
 *** WARNING *** GMRFLib_2order_approx: rescue NAN/INF values in logl for idx=16
 *** WARNING *** GMRFLib_2order_approx: reset counter for 216 NAN/INF values in logl
 *** WARNING *** GMRFLib_2order_approx: rescue NAN/INF values in logl for idx=37
 *** WARNING *** GMRFLib_2order_approx: reset counter for 10 NAN/INF values in logl
 *** WARNING *** GMRFLib_2order_approx: rescue NAN/INF values in logl for idx=0
 *** WARNING *** GMRFLib_2order_approx: reset counter for 193 NAN/INF values in logl
 *** WARNING *** GMRFLib_2order_approx: rescue NAN/INF values in logl for idx=335
 *** WARNING *** GMRFLib_2order_approx: reset counter for 83 NAN/INF values in logl
 *** WARNING *** GMRFLib_2order_approx: rescue NAN/INF values in logl for idx=36
 *** WARNING *** GMRFLib_2order_approx: reset counter for 54 NAN/INF values in logl
 *** WARNING *** GMRFLib_2order_approx: rescue NAN/INF values in logl for idx=1077
 *** WARNING *** GMRFLib_2order_approx: reset counter for 3 NAN/INF values in logl
 *** WARNING *** GMRFLib_2order_approx: rescue NAN/INF values in logl for idx=2
 *** WARNING *** GMRFLib_2order_approx: reset counter for 133 NAN/INF values in logl
 *** WARNING *** GMRFLib_2order_approx: rescue NAN/INF values in logl for idx=58
 *** WARNING *** GMRFLib_2order_approx: reset counter for 7 NAN/INF values in logl
 *** WARNING *** GMRFLib_2order_approx: rescue NAN/INF values in logl for idx=1040
 *** WARNING *** GMRFLib_2order_approx: reset counter for 2 NAN/INF values in logl
 *** WARNING *** GMRFLib_2order_approx: rescue NAN/INF values in logl for idx=0
 *** WARNING *** GMRFLib_2order_approx: reset counter for 36 NAN/INF values in logl
 *** WARNING *** GMRFLib_2order_approx: reset counter for 504 NAN/INF values in logl
 *** WARNING *** GMRFLib_2order_approx: rescue NAN/INF values in logl for idx=438
 *** WARNING *** GMRFLib_2order_approx: reset counter for 2 NAN/INF values in logl
 *** WARNING *** GMRFLib_2order_approx: rescue NAN/INF values in logl for idx=645
 *** WARNING *** GMRFLib_2order_approx: reset counter for 2 NAN/INF values in logl
 *** WARNING *** GMRFLib_2order_approx: rescue NAN/INF values in logl for idx=6
 *** WARNING *** GMRFLib_2order_approx: reset counter for 52 NAN/INF values in logl
 *** WARNING *** GMRFLib_2order_approx: rescue NAN/INF values in logl for idx=0
 *** WARNING *** GMRFLib_2order_approx: reset counter for 299 NAN/INF values in logl
 *** WARNING *** GMRFLib_2order_approx: rescue NAN/INF values in logl for idx=405
 *** WARNING *** GMRFLib_2order_approx: reset counter for 101 NAN/INF values in logl
 *** WARNING *** GMRFLib_2order_approx: rescue NAN/INF values in logl for idx=280
 *** WARNING *** GMRFLib_2order_approx: reset counter for 17 NAN/INF values in logl
 *** WARNING *** GMRFLib_2order_approx: rescue NAN/INF values in logl for idx=605
 *** WARNING *** GMRFLib_2order_approx: reset counter for 86 NAN/INF values in logl
 *** WARNING *** GMRFLib_2order_approx: rescue NAN/INF values in logl for idx=2
 *** WARNING *** GMRFLib_2order_approx: reset counter for 110 NAN/INF values in logl
 *** WARNING *** GMRFLib_2order_approx: rescue NAN/INF values in logl for idx=0
 *** WARNING *** GMRFLib_2order_approx: reset counter for 556 NAN/INF values in logl
 *** WARNING *** GMRFLib_2order_approx: rescue NAN/INF values in logl for idx=0
 *** WARNING *** GMRFLib_2order_approx: reset counter for 296 NAN/INF values in logl
 *** WARNING *** GMRFLib_2order_approx: rescue NAN/INF values in logl for idx=695
 *** WARNING *** GMRFLib_2order_approx: reset counter for 53 NAN/INF values in logl
 *** WARNING *** GMRFLib_2order_approx: rescue NAN/INF values in logl for idx=0
 *** WARNING *** GMRFLib_2order_approx: reset counter for 168 NAN/INF values in logl
 *** WARNING *** GMRFLib_2order_approx: rescue NAN/INF values in logl for idx=320
 *** WARNING *** GMRFLib_2order_approx: reset counter for 161 NAN/INF values in logl
 *** WARNING *** GMRFLib_2order_approx: rescue NAN/INF values in logl for idx=0
 *** WARNING *** GMRFLib_2order_approx: reset counter for 184 NAN/INF values in logl
 *** WARNING *** GMRFLib_2order_approx: rescue NAN/INF values in logl for idx=1040
 *** WARNING *** GMRFLib_2order_approx: reset counter for 27 NAN/INF values in logl
 *** WARNING *** GMRFLib_2order_approx: rescue NAN/INF values in logl for idx=0
 *** WARNING *** GMRFLib_2order_approx: reset counter for 129 NAN/INF values in logl
 *** WARNING *** GMRFLib_2order_approx: rescue NAN/INF values in logl for idx=255
 *** WARNING *** GMRFLib_2order_approx: rescue NAN/INF values in logl for idx=2
 *** WARNING *** GMRFLib_2order_approx: reset counter for 97 NAN/INF values in logl
 *** WARNING *** GMRFLib_2order_approx: rescue NAN/INF values in logl for idx=280
 *** WARNING *** GMRFLib_2order_approx: reset counter for 560 NAN/INF values in logl
 *** WARNING *** GMRFLib_2order_approx: rescue NAN/INF values in logl for idx=0
 *** WARNING *** GMRFLib_2order_approx: reset counter for 4 NAN/INF values in logl
 *** WARNING *** GMRFLib_2order_approx: rescue NAN/INF values in logl for idx=68
 *** WARNING *** GMRFLib_2order_approx: rescue NAN/INF values in logl for idx=0
 *** WARNING *** GMRFLib_2order_approx: reset counter for 460 NAN/INF values in logl
 *** WARNING *** GMRFLib_2order_approx: rescue NAN/INF values in logl for idx=645
 *** WARNING *** GMRFLib_2order_approx: reset counter for 86 NAN/INF values in logl
 *** WARNING *** GMRFLib_2order_approx: rescue NAN/INF values in logl for idx=675
 *** WARNING *** GMRFLib_2order_approx: reset counter for 5 NAN/INF values in logl
 *** WARNING *** GMRFLib_2order_approx: rescue NAN/INF values in logl for idx=0
 *** WARNING *** GMRFLib_2order_approx: reset counter for 539 NAN/INF values in logl
 *** WARNING *** GMRFLib_2order_approx: rescue NAN/INF values in logl for idx=0
 *** WARNING *** GMRFLib_2order_approx: reset counter for 350 NAN/INF values in logl
 *** WARNING *** GMRFLib_2order_approx: rescue NAN/INF values in logl for idx=0
 *** WARNING *** GMRFLib_2order_approx: reset counter for 452 NAN/INF values in logl
 *** WARNING *** GMRFLib_2order_approx: rescue NAN/INF values in logl for idx=175
 *** WARNING *** GMRFLib_2order_approx: reset counter for 2 NAN/INF values in logl
 *** WARNING *** GMRFLib_2order_approx: rescue NAN/INF values in logl for idx=280
 *** WARNING *** GMRFLib_2order_approx: reset counter for 447 NAN/INF values in logl
 *** WARNING *** GMRFLib_2order_approx: rescue NAN/INF values in logl for idx=960
 *** WARNING *** GMRFLib_2order_approx: rescue NAN/INF values in logl for idx=510
 *** WARNING *** GMRFLib_2order_approx: reset counter for 526 NAN/INF values in logl
 *** WARNING *** GMRFLib_2order_approx: rescue NAN/INF values in logl for idx=0
 *** WARNING *** GMRFLib_2order_approx: reset counter for 75 NAN/INF values in logl
 *** WARNING *** GMRFLib_2order_approx: rescue NAN/INF values in logl for idx=185
 *** WARNING *** GMRFLib_2order_approx: reset counter for 109 NAN/INF values in logl
 *** WARNING *** GMRFLib_2order_approx: rescue NAN/INF values in logl for idx=0
 *** WARNING *** GMRFLib_2order_approx: reset counter for 281 NAN/INF values in logl
 *** WARNING *** GMRFLib_2order_approx: rescue NAN/INF values in logl for idx=280
 *** WARNING *** GMRFLib_2order_approx: reset counter for 357 NAN/INF values in logl
 *** WARNING *** GMRFLib_2order_approx: rescue NAN/INF values in logl for idx=790
 *** WARNING *** GMRFLib_2order_approx: reset counter for 10 NAN/INF values in logl
 *** WARNING *** GMRFLib_2order_approx: rescue NAN/INF values in logl for idx=565
 *** WARNING *** GMRFLib_2order_approx: reset counter for 13 NAN/INF values in logl
 *** WARNING *** GMRFLib_2order_approx: rescue NAN/INF values in logl for idx=0
 *** WARNING *** GMRFLib_2order_approx: reset counter for 397 NAN/INF values in logl
 *** WARNING *** GMRFLib_2order_approx: rescue NAN/INF values in logl for idx=0
 *** WARNING *** GMRFLib_2order_approx: reset counter for 487 NAN/INF values in logl
 *** WARNING *** GMRFLib_2order_approx: rescue NAN/INF values in logl for idx=0
 *** WARNING *** GMRFLib_2order_approx: reset counter for 487 NAN/INF values in logl
 *** WARNING *** GMRFLib_2order_approx: reset counter for 487 NAN/INF values in logl
 *** WARNING *** GMRFLib_2order_approx: rescue NAN/INF values in logl for idx=75
 *** WARNING *** GMRFLib_2order_approx: reset counter for 209 NAN/INF values in logl
 *** WARNING *** GMRFLib_2order_approx: rescue NAN/INF values in logl for idx=540
 *** WARNING *** GMRFLib_2order_approx: reset counter for 710 NAN/INF values in logl
 *** WARNING *** GMRFLib_2order_approx: rescue NAN/INF values in logl for idx=695
 *** WARNING *** GMRFLib_2order_approx: reset counter for 236 NAN/INF values in logl
 *** WARNING *** GMRFLib_2order_approx: rescue NAN/INF values in logl for idx=20
 *** WARNING *** GMRFLib_2order_approx: reset counter for 171 NAN/INF values in logl
 *** WARNING *** GMRFLib_2order_approx: rescue NAN/INF values in logl for idx=35
 *** WARNING *** GMRFLib_2order_approx: reset counter for 81 NAN/INF values in logl
 *** WARNING *** GMRFLib_2order_approx: rescue NAN/INF values in logl for idx=0
 *** WARNING *** GMRFLib_2order_approx: reset counter for 432 NAN/INF values in logl
 *** WARNING *** GMRFLib_2order_approx: rescue NAN/INF values in logl for idx=0
 *** WARNING *** GMRFLib_2order_approx: reset counter for 402 NAN/INF values in logl
 *** WARNING *** GMRFLib_2order_approx: rescue NAN/INF values in logl for idx=438
 *** WARNING *** GMRFLib_2order_approx: reset counter for 3 NAN/INF values in logl
 *** WARNING *** GMRFLib_2order_approx: rescue NAN/INF values in logl for idx=650
 *** WARNING *** GMRFLib_2order_approx: reset counter for 8 NAN/INF values in logl
 *** WARNING *** GMRFLib_2order_approx: reset counter for 8 NAN/INF values in logl
 *** WARNING *** GMRFLib_2order_approx: rescue NAN/INF values in logl for idx=175
 *** WARNING *** GMRFLib_2order_approx: reset counter for 55 NAN/INF values in logl
 *** WARNING *** GMRFLib_2order_approx: rescue NAN/INF values in logl for idx=650
 *** WARNING *** GMRFLib_2order_approx: reset counter for 8 NAN/INF values in logl
 *** WARNING *** GMRFLib_2order_approx: rescue NAN/INF values in logl for idx=375
 *** WARNING *** GMRFLib_2order_approx: reset counter for 4 NAN/INF values in logl
 *** WARNING *** GMRFLib_2order_approx: rescue NAN/INF values in logl for idx=90
 *** WARNING *** GMRFLib_2order_approx: reset counter for 283 NAN/INF values in logl
 *** WARNING *** GMRFLib_2order_approx: rescue NAN/INF values in logl for idx=438
 *** WARNING *** GMRFLib_2order_approx: reset counter for 9 NAN/INF values in logl
 *** WARNING *** GMRFLib_2order_approx: rescue NAN/INF values in logl for idx=280
 *** WARNING *** GMRFLib_2order_approx: reset counter for 325 NAN/INF values in logl
 *** WARNING *** GMRFLib_2order_approx: rescue NAN/INF values in logl for idx=53
 *** WARNING *** GMRFLib_2order_approx: reset counter for 171 NAN/INF values in logl
 *** WARNING *** GMRFLib_2order_approx: rescue NAN/INF values in logl for idx=1085
 *** WARNING *** GMRFLib_2order_approx: reset counter for 14 NAN/INF values in logl
 *** WARNING *** GMRFLib_2order_approx: rescue NAN/INF values in logl for idx=0
 *** WARNING *** GMRFLib_2order_approx: reset counter for 303 NAN/INF values in logl
 *** WARNING *** GMRFLib_2order_approx: rescue NAN/INF values in logl for idx=762
 *** WARNING *** GMRFLib_2order_approx: reset counter for 16 NAN/INF values in logl
 *** WARNING *** GMRFLib_2order_approx: rescue NAN/INF values in logl for idx=438
 *** WARNING *** GMRFLib_2order_approx: reset counter for 2 NAN/INF values in logl
 *** WARNING *** GMRFLib_2order_approx: rescue NAN/INF values in logl for idx=230
 *** WARNING *** GMRFLib_2order_approx: reset counter for 14 NAN/INF values in logl
 *** WARNING *** GMRFLib_2order_approx: rescue NAN/INF values in logl for idx=425
 *** WARNING *** GMRFLib_2order_approx: reset counter for 13 NAN/INF values in logl
 *** WARNING *** GMRFLib_2order_approx: rescue NAN/INF values in logl for idx=140
 *** WARNING *** GMRFLib_2order_approx: reset counter for 117 NAN/INF values in logl
 *** WARNING *** GMRFLib_2order_approx: rescue NAN/INF values in logl for idx=0
 *** WARNING *** GMRFLib_2order_approx: reset counter for 313 NAN/INF values in logl
 *** WARNING *** GMRFLib_2order_approx: rescue NAN/INF values in logl for idx=0
 *** WARNING *** GMRFLib_2order_approx: reset counter for 348 NAN/INF values in logl
 *** WARNING *** GMRFLib_2order_approx: rescue NAN/INF values in logl for idx=10
 *** WARNING *** GMRFLib_2order_approx: reset counter for 57 NAN/INF values in logl
 *** WARNING *** GMRFLib_2order_approx: rescue NAN/INF values in logl for idx=360
 *** WARNING *** GMRFLib_2order_approx: reset counter for 134 NAN/INF values in logl
 *** WARNING *** GMRFLib_2order_approx: rescue NAN/INF values in logl for idx=5
 *** WARNING *** GMRFLib_2order_approx: reset counter for 183 NAN/INF values in logl
 *** WARNING *** GMRFLib_2order_approx: rescue NAN/INF values in logl for idx=438
 *** WARNING *** GMRFLib_2order_approx: reset counter for 2 NAN/INF values in logl
 *** WARNING *** GMRFLib_2order_approx: rescue NAN/INF values in logl for idx=762
 *** WARNING *** GMRFLib_2order_approx: reset counter for 7 NAN/INF values in logl
 *** WARNING *** GMRFLib_2order_approx: rescue NAN/INF values in logl for idx=799
 *** WARNING *** GMRFLib_2order_approx: reset counter for 14 NAN/INF values in logl
 *** WARNING *** GMRFLib_2order_approx: rescue NAN/INF values in logl for idx=396
 *** WARNING *** GMRFLib_2order_approx: reset counter for 26 NAN/INF values in logl
 *** WARNING *** GMRFLib_2order_approx: rescue NAN/INF values in logl for idx=280
 *** WARNING *** GMRFLib_2order_approx: reset counter for 114 NAN/INF values in logl
 *** WARNING *** GMRFLib_2order_approx: rescue NAN/INF values in logl for idx=667
 *** WARNING *** GMRFLib_2order_approx: reset counter for 546 NAN/INF values in logl
 *** WARNING *** GMRFLib_2order_approx: rescue NAN/INF values in logl for idx=0
 *** WARNING *** GMRFLib_2order_approx: reset counter for 383 NAN/INF values in logl
 *** WARNING *** GMRFLib_2order_approx: reset counter for 383 NAN/INF values in logl
 *** WARNING *** GMRFLib_2order_approx: rescue NAN/INF values in logl for idx=438
 *** WARNING *** GMRFLib_2order_approx: reset counter for 2 NAN/INF values in logl
 *** WARNING *** GMRFLib_2order_approx: rescue NAN/INF values in logl for idx=50
 *** WARNING *** GMRFLib_2order_approx: reset counter for 332 NAN/INF values in logl
 *** WARNING *** GMRFLib_2order_approx: rescue NAN/INF values in logl for idx=60
 *** WARNING *** GMRFLib_2order_approx: reset counter for 16 NAN/INF values in logl
 *** WARNING *** GMRFLib_2order_approx: rescue NAN/INF values in logl for idx=0
 *** WARNING *** GMRFLib_2order_approx: reset counter for 370 NAN/INF values in logl
 *** WARNING *** GMRFLib_2order_approx: rescue NAN/INF values in logl for idx=2
 *** WARNING *** GMRFLib_2order_approx: reset counter for 370 NAN/INF values in logl
 *** WARNING *** GMRFLib_2order_approx: rescue NAN/INF values in logl for idx=51
 *** WARNING *** GMRFLib_2order_approx: reset counter for 414 NAN/INF values in logl
 *** WARNING *** GMRFLib_2order_approx: rescue NAN/INF values in logl for idx=238
 *** WARNING *** GMRFLib_2order_approx: reset counter for 363 NAN/INF values in logl
 *** WARNING *** GMRFLib_2order_approx: rescue NAN/INF values in logl for idx=431
 *** WARNING *** GMRFLib_2order_approx: reset counter for 12 NAN/INF values in logl
 *** WARNING *** GMRFLib_2order_approx: rescue NAN/INF values in logl for idx=375
 *** WARNING *** GMRFLib_2order_approx: reset counter for 60 NAN/INF values in logl
 *** WARNING *** GMRFLib_2order_approx: rescue NAN/INF values in logl for idx=75
 *** WARNING *** GMRFLib_2order_approx: reset counter for 144 NAN/INF values in logl
 *** WARNING *** GMRFLib_2order_approx: rescue NAN/INF values in logl for idx=4
 *** WARNING *** GMRFLib_2order_approx: reset counter for 139 NAN/INF values in logl
 *** WARNING *** GMRFLib_2order_approx: rescue NAN/INF values in logl for idx=759
 *** WARNING *** GMRFLib_2order_approx: reset counter for 63 NAN/INF values in logl
 *** WARNING *** GMRFLib_2order_approx: rescue NAN/INF values in logl for idx=0
 *** WARNING *** GMRFLib_2order_approx: reset counter for 561 NAN/INF values in logl
 *** WARNING *** GMRFLib_2order_approx: rescue NAN/INF values in logl for idx=6
 *** WARNING *** GMRFLib_2order_approx: reset counter for 37 NAN/INF values in logl
 *** WARNING *** GMRFLib_2order_approx: rescue NAN/INF values in logl for idx=0
 *** WARNING *** GMRFLib_2order_approx: reset counter for 36 NAN/INF values in logl
 *** WARNING *** GMRFLib_2order_approx: rescue NAN/INF values in logl for idx=375
 *** WARNING *** GMRFLib_2order_approx: reset counter for 77 NAN/INF values in logl
 *** WARNING *** GMRFLib_2order_approx: rescue NAN/INF values in logl for idx=360
 *** WARNING *** GMRFLib_2order_approx: reset counter for 135 NAN/INF values in logl
 *** WARNING *** GMRFLib_2order_approx: rescue NAN/INF values in logl for idx=360
 *** WARNING *** GMRFLib_2order_approx: reset counter for 26 NAN/INF values in logl
 *** WARNING *** GMRFLib_2order_approx: rescue NAN/INF values in logl for idx=605
 *** WARNING *** GMRFLib_2order_approx: reset counter for 64 NAN/INF values in logl
 *** WARNING *** GMRFLib_2order_approx: rescue NAN/INF values in logl for idx=0
 *** WARNING *** GMRFLib_2order_approx: reset counter for 227 NAN/INF values in logl
 *** WARNING *** GMRFLib_2order_approx: rescue NAN/INF values in logl for idx=0
 *** WARNING *** GMRFLib_2order_approx: reset counter for 387 NAN/INF values in logl
 *** WARNING *** GMRFLib_2order_approx: rescue NAN/INF values in logl for idx=4
 *** WARNING *** GMRFLib_2order_approx: reset counter for 304 NAN/INF values in logl
 *** WARNING *** GMRFLib_2order_approx: rescue NAN/INF values in logl for idx=105
 *** WARNING *** GMRFLib_2order_approx: reset counter for 370 NAN/INF values in logl
 *** WARNING *** GMRFLib_2order_approx: rescue NAN/INF values in logl for idx=279
 *** WARNING *** GMRFLib_2order_approx: reset counter for 11 NAN/INF values in logl
 *** WARNING *** GMRFLib_2order_approx: rescue NAN/INF values in logl for idx=76
 *** WARNING *** GMRFLib_2order_approx: reset counter for 22 NAN/INF values in logl
 *** WARNING *** GMRFLib_2order_approx: rescue NAN/INF values in logl for idx=438
 *** WARNING *** GMRFLib_2order_approx: reset counter for 3 NAN/INF values in logl
 *** WARNING *** GMRFLib_2order_approx: rescue NAN/INF values in logl for idx=60
 *** WARNING *** GMRFLib_2order_approx: reset counter for 259 NAN/INF values in logl
 *** WARNING *** GMRFLib_2order_approx: rescue NAN/INF values in logl for idx=0
 *** WARNING *** GMRFLib_2order_approx: reset counter for 545 NAN/INF values in logl
 *** WARNING *** GMRFLib_2order_approx: rescue NAN/INF values in logl for idx=75
 *** WARNING *** GMRFLib_2order_approx: reset counter for 49 NAN/INF values in logl
 *** WARNING *** GMRFLib_2order_approx: rescue NAN/INF values in logl for idx=235
 *** WARNING *** GMRFLib_2order_approx: reset counter for 323 NAN/INF values in logl
 *** WARNING *** GMRFLib_2order_approx: rescue NAN/INF values in logl for idx=0
 *** WARNING *** GMRFLib_2order_approx: reset counter for 31 NAN/INF values in logl
 *** WARNING *** GMRFLib_2order_approx: rescue NAN/INF values in logl for idx=370
 *** WARNING *** GMRFLib_2order_approx: reset counter for 38 NAN/INF values in logl
 *** WARNING *** GMRFLib_2order_approx: rescue NAN/INF values in logl for idx=30
 *** WARNING *** GMRFLib_2order_approx: reset counter for 45 NAN/INF values in logl
 *** WARNING *** GMRFLib_2order_approx: rescue NAN/INF values in logl for idx=250
 *** WARNING *** GMRFLib_2order_approx: reset counter for 401 NAN/INF values in logl
 *** WARNING *** GMRFLib_2order_approx: rescue NAN/INF values in logl for idx=1040
 *** WARNING *** GMRFLib_2order_approx: reset counter for 26 NAN/INF values in logl
 *** WARNING *** GMRFLib_2order_approx: rescue NAN/INF values in logl for idx=280
 *** WARNING *** GMRFLib_2order_approx: reset counter for 311 NAN/INF values in logl
 *** WARNING *** GMRFLib_2order_approx: rescue NAN/INF values in logl for idx=436
 *** WARNING *** GMRFLib_2order_approx: reset counter for 12 NAN/INF values in logl
 *** WARNING *** GMRFLib_2order_approx: rescue NAN/INF values in logl for idx=130
 *** WARNING *** GMRFLib_2order_approx: reset counter for 5 NAN/INF values in logl
 *** WARNING *** GMRFLib_2order_approx: rescue NAN/INF values in logl for idx=16
 *** WARNING *** GMRFLib_2order_approx: reset counter for 419 NAN/INF values in logl
 *** WARNING *** GMRFLib_2order_approx: rescue NAN/INF values in logl for idx=645
 *** WARNING *** GMRFLib_2order_approx: rescue NAN/INF values in logl for idx=645
 *** WARNING *** GMRFLib_2order_approx: reset counter for 6 NAN/INF values in logl
 *** WARNING *** GMRFLib_2order_approx: rescue NAN/INF values in logl for idx=645
 *** WARNING *** GMRFLib_2order_approx: reset counter for 4 NAN/INF values in logl
 *** WARNING *** GMRFLib_2order_approx: rescue NAN/INF values in logl for idx=645
 *** WARNING *** GMRFLib_2order_approx: reset counter for 3 NAN/INF values in logl
 *** WARNING *** GMRFLib_2order_approx: rescue NAN/INF values in logl for idx=438
 *** WARNING *** GMRFLib_2order_approx: reset counter for 4 NAN/INF values in logl
 *** WARNING *** GMRFLib_2order_approx: rescue NAN/INF values in logl for idx=15
 *** WARNING *** GMRFLib_2order_approx: reset counter for 246 NAN/INF values in logl
 *** WARNING *** GMRFLib_2order_approx: rescue NAN/INF values in logl for idx=630
 *** WARNING *** GMRFLib_2order_approx: reset counter for 31 NAN/INF values in logl
 *** WARNING *** GMRFLib_2order_approx: rescue NAN/INF values in logl for idx=975
 *** WARNING *** GMRFLib_2order_approx: reset counter for 4 NAN/INF values in logl
 *** WARNING *** GMRFLib_2order_approx: rescue NAN/INF values in logl for idx=1085
 *** WARNING *** GMRFLib_2order_approx: reset counter for 66 NAN/INF values in logl
 *** WARNING *** GMRFLib_2order_approx: rescue NAN/INF values in logl for idx=356
 *** WARNING *** GMRFLib_2order_approx: reset counter for 165 NAN/INF values in logl
 *** WARNING *** GMRFLib_2order_approx: reset counter for 165 NAN/INF values in logl
 *** WARNING *** GMRFLib_2order_approx: reset counter for 165 NAN/INF values in logl
 *** WARNING *** GMRFLib_2order_approx: rescue NAN/INF values in logl for idx=438
 *** WARNING *** GMRFLib_2order_approx: reset counter for 186 NAN/INF values in logl
 *** WARNING *** GMRFLib_2order_approx: reset counter for 186 NAN/INF values in logl
 *** WARNING *** GMRFLib_2order_approx: rescue NAN/INF values in logl for idx=0
 *** WARNING *** GMRFLib_2order_approx: rescue NAN/INF values in logl for idx=0
 *** WARNING *** GMRFLib_2order_approx: rescue NAN/INF values in logl for idx=0
 *** WARNING *** GMRFLib_2order_approx: reset counter for 87 NAN/INF values in logl
 *** WARNING *** GMRFLib_2order_approx: reset counter for 1116 NAN/INF values in logl
 *** WARNING *** GMRFLib_2order_approx: rescue NAN/INF values in logl for idx=1
 *** WARNING *** GMRFLib_2order_approx: reset counter for 361 NAN/INF values in logl
 *** WARNING *** GMRFLib_2order_approx: rescue NAN/INF values in logl for idx=0
 *** WARNING *** GMRFLib_2order_approx: reset counter for 2 NAN/INF values in logl
 *** WARNING *** GMRFLib_2order_approx: rescue NAN/INF values in logl for idx=66
 *** WARNING *** GMRFLib_2order_approx: rescue NAN/INF values in logl for idx=0
 *** WARNING *** GMRFLib_2order_approx: rescue NAN/INF values in logl for idx=0
 *** WARNING *** GMRFLib_2order_approx: reset counter for 1516 NAN/INF values in logl
 *** WARNING *** GMRFLib_2order_approx: rescue NAN/INF values in logl for idx=0
 *** WARNING *** GMRFLib_2order_approx: reset counter for 393 NAN/INF values in logl
 *** WARNING *** GMRFLib_2order_approx: rescue NAN/INF values in logl for idx=0
 *** WARNING *** GMRFLib_2order_approx: rescue NAN/INF values in logl for idx=0
 *** WARNING *** GMRFLib_2order_approx: reset counter for 328 NAN/INF values in logl
 *** WARNING *** GMRFLib_2order_approx: reset counter for 596 NAN/INF values in logl
 *** WARNING *** GMRFLib_2order_approx: rescue NAN/INF values in logl for idx=940
 *** WARNING *** GMRFLib_2order_approx: reset counter for 59 NAN/INF values in logl
 *** WARNING *** GMRFLib_2order_approx: rescue NAN/INF values in logl for idx=438
 *** WARNING *** GMRFLib_2order_approx: reset counter for 2 NAN/INF values in logl
 *** WARNING *** GMRFLib_2order_approx: rescue NAN/INF values in logl for idx=105
 *** WARNING *** GMRFLib_2order_approx: reset counter for 6 NAN/INF values in logl
 *** WARNING *** GMRFLib_2order_approx: rescue NAN/INF values in logl for idx=360
 *** WARNING *** GMRFLib_2order_approx: reset counter for 57 NAN/INF values in logl
 *** WARNING *** GMRFLib_2order_approx: rescue NAN/INF values in logl for idx=90
 *** WARNING *** GMRFLib_2order_approx: reset counter for 282 NAN/INF values in logl
 *** WARNING *** GMRFLib_2order_approx: rescue NAN/INF values in logl for idx=385
 *** WARNING *** GMRFLib_2order_approx: reset counter for 3 NAN/INF values in logl
 *** WARNING *** GMRFLib_2order_approx: rescue NAN/INF values in logl for idx=650
 *** WARNING *** GMRFLib_2order_approx: reset counter for 6 NAN/INF values in logl
 *** WARNING *** GMRFLib_2order_approx: rescue NAN/INF values in logl for idx=75
 *** WARNING *** GMRFLib_2order_approx: reset counter for 293 NAN/INF values in logl
 *** WARNING *** GMRFLib_2order_approx: rescue NAN/INF values in logl for idx=385
 *** WARNING *** GMRFLib_2order_approx: reset counter for 8 NAN/INF values in logl
 *** WARNING *** GMRFLib_2order_approx: rescue NAN/INF values in logl for idx=0
 *** WARNING *** GMRFLib_2order_approx: reset counter for 394 NAN/INF values in logl
 *** WARNING *** GMRFLib_2order_approx: rescue NAN/INF values in logl for idx=0
 *** WARNING *** GMRFLib_2order_approx: reset counter for 477 NAN/INF values in logl
 *** WARNING *** GMRFLib_2order_approx: rescue NAN/INF values in logl for idx=0
 *** WARNING *** GMRFLib_2order_approx: reset counter for 198 NAN/INF values in logl
 *** WARNING *** GMRFLib_2order_approx: reset counter for 198 NAN/INF values in logl
 *** WARNING *** GMRFLib_2order_approx: rescue NAN/INF values in logl for idx=113
 *** WARNING *** GMRFLib_2order_approx: reset counter for 2 NAN/INF values in logl
 *** WARNING *** GMRFLib_2order_approx: rescue NAN/INF values in logl for idx=360
 *** WARNING *** GMRFLib_2order_approx: reset counter for 112 NAN/INF values in logl
 *** WARNING *** GMRFLib_2order_approx: rescue NAN/INF values in logl for idx=375
 *** WARNING *** GMRFLib_2order_approx: reset counter for 89 NAN/INF values in logl
 *** WARNING *** GMRFLib_2order_approx: rescue NAN/INF values in logl for idx=281
 *** WARNING *** GMRFLib_2order_approx: reset counter for 81 NAN/INF values in logl
 *** WARNING *** GMRFLib_2order_approx: rescue NAN/INF values in logl for idx=280
 *** WARNING *** GMRFLib_2order_approx: reset counter for 221 NAN/INF values in logl
 *** WARNING *** GMRFLib_2order_approx: rescue NAN/INF values in logl for idx=0
 *** WARNING *** GMRFLib_2order_approx: reset counter for 293 NAN/INF values in logl
 *** WARNING *** GMRFLib_2order_approx: rescue NAN/INF values in logl for idx=755
 *** WARNING *** GMRFLib_2order_approx: reset counter for 25 NAN/INF values in logl
 *** WARNING *** GMRFLib_2order_approx: rescue NAN/INF values in logl for idx=0
 *** WARNING *** GMRFLib_2order_approx: reset counter for 347 NAN/INF values in logl
 *** WARNING *** GMRFLib_2order_approx: rescue NAN/INF values in logl for idx=755
 *** WARNING *** GMRFLib_2order_approx: reset counter for 31 NAN/INF values in logl
 *** WARNING *** GMRFLib_2order_approx: rescue NAN/INF values in logl for idx=1
 *** WARNING *** GMRFLib_2order_approx: reset counter for 50 NAN/INF values in logl
 *** WARNING *** GMRFLib_2order_approx: reset counter for 50 NAN/INF values in logl
 *** WARNING *** GMRFLib_2order_approx: rescue NAN/INF values in logl for idx=0
 *** WARNING *** GMRFLib_2order_approx: reset counter for 62 NAN/INF values in logl
 *** WARNING *** GMRFLib_2order_approx: rescue NAN/INF values in logl for idx=114
 *** WARNING *** GMRFLib_2order_approx: reset counter for 338 NAN/INF values in logl
 *** WARNING *** GMRFLib_2order_approx: reset counter for 113 NAN/INF values in logl
 *** WARNING *** GMRFLib_2order_approx: rescue NAN/INF values in logl for idx=375
 *** WARNING *** GMRFLib_2order_approx: reset counter for 21 NAN/INF values in logl
 *** WARNING *** GMRFLib_2order_approx: rescue NAN/INF values in logl for idx=75
 *** WARNING *** GMRFLib_2order_approx: reset counter for 287 NAN/INF values in logl
 *** WARNING *** GMRFLib_2order_approx: rescue NAN/INF values in logl for idx=50
 *** WARNING *** GMRFLib_2order_approx: reset counter for 230 NAN/INF values in logl
 *** WARNING *** GMRFLib_2order_approx: rescue NAN/INF values in logl for idx=375
 *** WARNING *** GMRFLib_2order_approx: reset counter for 5 NAN/INF values in logl
 *** WARNING *** GMRFLib_2order_approx: rescue NAN/INF values in logl for idx=360
 *** WARNING *** GMRFLib_2order_approx: reset counter for 13 NAN/INF values in logl
 *** WARNING *** GMRFLib_2order_approx: rescue NAN/INF values in logl for idx=630
 *** WARNING *** GMRFLib_2order_approx: reset counter for 33 NAN/INF values in logl
 *** WARNING *** GMRFLib_2order_approx: rescue NAN/INF values in logl for idx=0
 *** WARNING *** GMRFLib_2order_approx: reset counter for 225 NAN/INF values in logl
 *** WARNING *** GMRFLib_2order_approx: rescue NAN/INF values in logl for idx=286
 *** WARNING *** GMRFLib_2order_approx: reset counter for 263 NAN/INF values in logl
 *** WARNING *** GMRFLib_2order_approx: rescue NAN/INF values in logl for idx=0
 *** WARNING *** GMRFLib_2order_approx: rescue NAN/INF values in logl for idx=1060
 *** WARNING *** GMRFLib_2order_approx: reset counter for 87 NAN/INF values in logl
 *** WARNING *** GMRFLib_2order_approx: rescue NAN/INF values in logl for idx=227
 *** WARNING *** GMRFLib_2order_approx: reset counter for 47 NAN/INF values in logl
 *** WARNING *** GMRFLib_2order_approx: rescue NAN/INF values in logl for idx=645
 *** WARNING *** GMRFLib_2order_approx: reset counter for 28 NAN/INF values in logl
 *** WARNING *** GMRFLib_2order_approx: rescue NAN/INF values in logl for idx=440
 *** WARNING *** GMRFLib_2order_approx: reset counter for 4 NAN/INF values in logl
 *** WARNING *** GMRFLib_2order_approx: rescue NAN/INF values in logl for idx=0
 *** WARNING *** GMRFLib_2order_approx: reset counter for 378 NAN/INF values in logl
 *** WARNING *** GMRFLib_2order_approx: rescue NAN/INF values in logl for idx=755
 *** WARNING *** GMRFLib_2order_approx: reset counter for 40 NAN/INF values in logl
 *** WARNING *** GMRFLib_2order_approx: rescue NAN/INF values in logl for idx=558
 *** WARNING *** GMRFLib_2order_approx: reset counter for 2 NAN/INF values in logl
 *** WARNING *** GMRFLib_2order_approx: rescue NAN/INF values in logl for idx=1007
 *** WARNING *** GMRFLib_2order_approx: reset counter for 96 NAN/INF values in logl
 *** WARNING *** GMRFLib_2order_approx: rescue NAN/INF values in logl for idx=595
 *** WARNING *** GMRFLib_2order_approx: reset counter for 55 NAN/INF values in logl
 *** WARNING *** GMRFLib_2order_approx: rescue NAN/INF values in logl for idx=438
 *** WARNING *** GMRFLib_2order_approx: reset counter for 4 NAN/INF values in logl
 *** WARNING *** GMRFLib_2order_approx: rescue NAN/INF values in logl for idx=0
 *** WARNING *** GMRFLib_2order_approx: reset counter for 415 NAN/INF values in logl
 *** WARNING *** GMRFLib_2order_approx: rescue NAN/INF values in logl for idx=645
 *** WARNING *** GMRFLib_2order_approx: reset counter for 10 NAN/INF values in logl
 *** WARNING *** GMRFLib_2order_approx: rescue NAN/INF values in logl for idx=967
 *** WARNING *** GMRFLib_2order_approx: reset counter for 68 NAN/INF values in logl
 *** WARNING *** GMRFLib_2order_approx: rescue NAN/INF values in logl for idx=75
 *** WARNING *** GMRFLib_2order_approx: reset counter for 173 NAN/INF values in logl
 *** WARNING *** GMRFLib_2order_approx: rescue NAN/INF values in logl for idx=176
 *** WARNING *** GMRFLib_2order_approx: reset counter for 4 NAN/INF values in logl
 *** WARNING *** GMRFLib_2order_approx: rescue NAN/INF values in logl for idx=325
 *** WARNING *** GMRFLib_2order_approx: reset counter for 126 NAN/INF values in logl
 *** WARNING *** GMRFLib_2order_approx: rescue NAN/INF values in logl for idx=820
 *** WARNING *** GMRFLib_2order_approx: reset counter for 36 NAN/INF values in logl
 *** WARNING *** GMRFLib_2order_approx: rescue NAN/INF values in logl for idx=1075
 *** WARNING *** GMRFLib_2order_approx: reset counter for 5 NAN/INF values in logl
 *** WARNING *** GMRFLib_2order_approx: rescue NAN/INF values in logl for idx=767
 *** WARNING *** GMRFLib_2order_approx: reset counter for 16 NAN/INF values in logl
 *** WARNING *** GMRFLib_2order_approx: rescue NAN/INF values in logl for idx=20
 *** WARNING *** GMRFLib_2order_approx: reset counter for 93 NAN/INF values in logl
 *** WARNING *** GMRFLib_2order_approx: rescue NAN/INF values in logl for idx=410
 *** WARNING *** GMRFLib_2order_approx: reset counter for 95 NAN/INF values in logl
 *** WARNING *** GMRFLib_2order_approx: rescue NAN/INF values in logl for idx=1072
 *** WARNING *** GMRFLib_2order_approx: reset counter for 2 NAN/INF values in logl
 *** WARNING *** GMRFLib_2order_approx: rescue NAN/INF values in logl for idx=375
 *** WARNING *** GMRFLib_2order_approx: reset counter for 52 NAN/INF values in logl
 *** WARNING *** GMRFLib_2order_approx: rescue NAN/INF values in logl for idx=650
 *** WARNING *** GMRFLib_2order_approx: reset counter for 4 NAN/INF values in logl
 *** WARNING *** GMRFLib_2order_approx: rescue NAN/INF values in logl for idx=0
 *** WARNING *** GMRFLib_2order_approx: reset counter for 408 NAN/INF values in logl
 *** WARNING *** GMRFLib_2order_approx: rescue NAN/INF values in logl for idx=595
 *** WARNING *** GMRFLib_2order_approx: reset counter for 410 NAN/INF values in logl
 *** WARNING *** GMRFLib_2order_approx: rescue NAN/INF values in logl for idx=755
 *** WARNING *** GMRFLib_2order_approx: reset counter for 22 NAN/INF values in logl
 *** WARNING *** GMRFLib_2order_approx: rescue NAN/INF values in logl for idx=964
 *** WARNING *** GMRFLib_2order_approx: reset counter for 69 NAN/INF values in logl
 *** WARNING *** GMRFLib_2order_approx: rescue NAN/INF values in logl for idx=0
 *** WARNING *** GMRFLib_2order_approx: reset counter for 449 NAN/INF values in logl
 *** WARNING *** GMRFLib_2order_approx: rescue NAN/INF values in logl for idx=0
 *** WARNING *** GMRFLib_2order_approx: reset counter for 150 NAN/INF values in logl
 *** WARNING *** GMRFLib_2order_approx: rescue NAN/INF values in logl for idx=0
 *** WARNING *** GMRFLib_2order_approx: reset counter for 311 NAN/INF values in logl
 *** WARNING *** GMRFLib_2order_approx: rescue NAN/INF values in logl for idx=416
 *** WARNING *** GMRFLib_2order_approx: reset counter for 27 NAN/INF values in logl
 *** WARNING *** GMRFLib_2order_approx: reset counter for 27 NAN/INF values in logl
 *** WARNING *** GMRFLib_2order_approx: rescue NAN/INF values in logl for idx=619
 *** WARNING *** GMRFLib_2order_approx: rescue NAN/INF values in logl for idx=1040
 *** WARNING *** GMRFLib_2order_approx: reset counter for 91 NAN/INF values in logl
 *** WARNING *** GMRFLib_2order_approx: rescue NAN/INF values in logl for idx=90
 *** WARNING *** GMRFLib_2order_approx: reset counter for 18 NAN/INF values in logl
 *** WARNING *** GMRFLib_2order_approx: rescue NAN/INF values in logl for idx=0
 *** WARNING *** GMRFLib_2order_approx: reset counter for 69 NAN/INF values in logl
 *** WARNING *** GMRFLib_2order_approx: rescue NAN/INF values in logl for idx=1050
 *** WARNING *** GMRFLib_2order_approx: reset counter for 4 NAN/INF values in logl
 *** WARNING *** GMRFLib_2order_approx: rescue NAN/INF values in logl for idx=787
 *** WARNING *** GMRFLib_2order_approx: reset counter for 9 NAN/INF values in logl
 *** WARNING *** GMRFLib_2order_approx: rescue NAN/INF values in logl for idx=992
 *** WARNING *** GMRFLib_2order_approx: reset counter for 7 NAN/INF values in logl
 *** WARNING *** GMRFLib_2order_approx: rescue NAN/INF values in logl for idx=0
 *** WARNING *** GMRFLib_2order_approx: reset counter for 440 NAN/INF values in logl
 *** WARNING *** GMRFLib_2order_approx: rescue NAN/INF values in logl for idx=0
 *** WARNING *** GMRFLib_2order_approx: reset counter for 304 NAN/INF values in logl
 *** WARNING *** GMRFLib_2order_approx: reset counter for 304 NAN/INF values in logl
 *** WARNING *** GMRFLib_2order_approx: rescue NAN/INF values in logl for idx=630
 *** WARNING *** GMRFLib_2order_approx: reset counter for 20 NAN/INF values in logl
 *** WARNING *** GMRFLib_2order_approx: rescue NAN/INF values in logl for idx=1
 *** WARNING *** GMRFLib_2order_approx: rescue NAN/INF values in logl for idx=960
 *** WARNING *** GMRFLib_2order_approx: reset counter for 555 NAN/INF values in logl
 *** WARNING *** GMRFLib_2order_approx: rescue NAN/INF values in logl for idx=438
 *** WARNING *** GMRFLib_2order_approx: reset counter for 3 NAN/INF values in logl
 *** WARNING *** GMRFLib_2order_approx: reset counter for 3 NAN/INF values in logl
 *** WARNING *** GMRFLib_2order_approx: reset counter for 3 NAN/INF values in logl
 *** WARNING *** GMRFLib_2order_approx: rescue NAN/INF values in logl for idx=558
 *** WARNING *** GMRFLib_2order_approx: reset counter for 2 NAN/INF values in logl
 *** WARNING *** GMRFLib_2order_approx: rescue NAN/INF values in logl for idx=558
 *** WARNING *** GMRFLib_2order_approx: reset counter for 113 NAN/INF values in logl
 *** WARNING *** GMRFLib_2order_approx: rescue NAN/INF values in logl for idx=0
 *** WARNING *** GMRFLib_2order_approx: reset counter for 574 NAN/INF values in logl
 *** WARNING *** GMRFLib_2order_approx: rescue NAN/INF values in logl for idx=0
 *** WARNING *** GMRFLib_2order_approx: reset counter for 318 NAN/INF values in logl
 *** WARNING *** GMRFLib_2order_approx: rescue NAN/INF values in logl for idx=423
 *** WARNING *** GMRFLib_2order_approx: rescue NAN/INF values in logl for idx=0
 *** WARNING *** GMRFLib_2order_approx: reset counter for 708 NAN/INF values in logl
 *** WARNING *** GMRFLib_2order_approx: rescue NAN/INF values in logl for idx=527
 *** WARNING *** GMRFLib_2order_approx: reset counter for 7 NAN/INF values in logl
 *** WARNING *** GMRFLib_2order_approx: rescue NAN/INF values in logl for idx=513
 *** WARNING *** GMRFLib_2order_approx: reset counter for 107 NAN/INF values in logl
 *** WARNING *** GMRFLib_2order_approx: rescue NAN/INF values in logl for idx=0
 *** WARNING *** GMRFLib_2order_approx: reset counter for 415 NAN/INF values in logl
 *** WARNING *** GMRFLib_2order_approx: rescue NAN/INF values in logl for idx=0
 *** WARNING *** GMRFLib_2order_approx: reset counter for 180 NAN/INF values in logl
 *** WARNING *** GMRFLib_2order_approx: rescue NAN/INF values in logl for idx=360
 *** WARNING *** GMRFLib_2order_approx: reset counter for 282 NAN/INF values in logl
 *** WARNING *** GMRFLib_2order_approx: rescue NAN/INF values in logl for idx=0
 *** WARNING *** GMRFLib_2order_approx: reset counter for 394 NAN/INF values in logl
 *** WARNING *** GMRFLib_2order_approx: rescue NAN/INF values in logl for idx=106
 *** WARNING *** GMRFLib_2order_approx: reset counter for 444 NAN/INF values in logl
 *** WARNING *** GMRFLib_2order_approx: rescue NAN/INF values in logl for idx=558
 *** WARNING *** GMRFLib_2order_approx: reset counter for 11 NAN/INF values in logl
 *** WARNING *** GMRFLib_2order_approx: rescue NAN/INF values in logl for idx=130
 *** WARNING *** GMRFLib_2order_approx: reset counter for 18 NAN/INF values in logl
 *** WARNING *** GMRFLib_2order_approx: rescue NAN/INF values in logl for idx=438
 *** WARNING *** GMRFLib_2order_approx: reset counter for 2 NAN/INF values in logl
 *** WARNING *** GMRFLib_2order_approx: rescue NAN/INF values in logl for idx=55
 *** WARNING *** GMRFLib_2order_approx: reset counter for 46 NAN/INF values in logl
 *** WARNING *** GMRFLib_2order_approx: rescue NAN/INF values in logl for idx=4
 *** WARNING *** GMRFLib_2order_approx: reset counter for 4 NAN/INF values in logl
 *** WARNING *** GMRFLib_2order_approx: rescue NAN/INF values in logl for idx=110
 *** WARNING *** GMRFLib_2order_approx: reset counter for 80 NAN/INF values in logl
 *** WARNING *** GMRFLib_2order_approx: rescue NAN/INF values in logl for idx=630
 *** WARNING *** GMRFLib_2order_approx: reset counter for 13 NAN/INF values in logl
 *** WARNING *** GMRFLib_2order_approx: rescue NAN/INF values in logl for idx=310
 *** WARNING *** GMRFLib_2order_approx: reset counter for 110 NAN/INF values in logl
 *** WARNING *** GMRFLib_2order_approx: rescue NAN/INF values in logl for idx=1015
 *** WARNING *** GMRFLib_2order_approx: reset counter for 4 NAN/INF values in logl
 *** WARNING *** GMRFLib_2order_approx: rescue NAN/INF values in logl for idx=2
 *** WARNING *** GMRFLib_2order_approx: reset counter for 16 NAN/INF values in logl
 *** WARNING *** GMRFLib_2order_approx: rescue NAN/INF values in logl for idx=240
 *** WARNING *** GMRFLib_2order_approx: reset counter for 5 NAN/INF values in logl
 *** WARNING *** GMRFLib_2order_approx: rescue NAN/INF values in logl for idx=0
 *** WARNING *** GMRFLib_2order_approx: reset counter for 421 NAN/INF values in logl
 *** WARNING *** GMRFLib_2order_approx: rescue NAN/INF values in logl for idx=0
 *** WARNING *** GMRFLib_2order_approx: reset counter for 331 NAN/INF values in logl
 *** WARNING *** GMRFLib_2order_approx: rescue NAN/INF values in logl for idx=690
 *** WARNING *** GMRFLib_2order_approx: reset counter for 7 NAN/INF values in logl
 *** WARNING *** GMRFLib_2order_approx: rescue NAN/INF values in logl for idx=1040
 *** WARNING *** GMRFLib_2order_approx: reset counter for 14 NAN/INF values in logl
 *** WARNING *** GMRFLib_2order_approx: rescue NAN/INF values in logl for idx=378
 *** WARNING *** GMRFLib_2order_approx: reset counter for 28 NAN/INF values in logl
 *** WARNING *** GMRFLib_2order_approx: rescue NAN/INF values in logl for idx=15
 *** WARNING *** GMRFLib_2order_approx: reset counter for 305 NAN/INF values in logl
 *** WARNING *** GMRFLib_2order_approx: rescue NAN/INF values in logl for idx=617
 *** WARNING *** GMRFLib_2order_approx: reset counter for 14 NAN/INF values in logl
 *** WARNING *** GMRFLib_2order_approx: rescue NAN/INF values in logl for idx=375
 *** WARNING *** GMRFLib_2order_approx: reset counter for 16 NAN/INF values in logl
 *** WARNING *** GMRFLib_2order_approx: rescue NAN/INF values in logl for idx=1070
 *** WARNING *** GMRFLib_2order_approx: rescue NAN/INF values in logl for idx=360
 *** WARNING *** GMRFLib_2order_approx: reset counter for 157 NAN/INF values in logl
 *** WARNING *** GMRFLib_2order_approx: rescue NAN/INF values in logl for idx=360
 *** WARNING *** GMRFLib_2order_approx: reset counter for 47 NAN/INF values in logl
 *** WARNING *** GMRFLib_2order_approx: rescue NAN/INF values in logl for idx=760
 *** WARNING *** GMRFLib_2order_approx: reset counter for 30 NAN/INF values in logl
 *** WARNING *** GMRFLib_2order_approx: rescue NAN/INF values in logl for idx=1022
 *** WARNING *** GMRFLib_2order_approx: reset counter for 32 NAN/INF values in logl
 *** WARNING *** GMRFLib_2order_approx: rescue NAN/INF values in logl for idx=0
 *** WARNING *** GMRFLib_2order_approx: reset counter for 61 NAN/INF values in logl
 *** WARNING *** GMRFLib_2order_approx: reset counter for 3 NAN/INF values in logl
 *** WARNING *** GMRFLib_2order_approx: rescue NAN/INF values in logl for idx=5
 *** WARNING *** GMRFLib_2order_approx: rescue NAN/INF values in logl for idx=285
 *** WARNING *** GMRFLib_2order_approx: reset counter for 97 NAN/INF values in logl
 *** WARNING *** GMRFLib_2order_approx: rescue NAN/INF values in logl for idx=355
 *** WARNING *** GMRFLib_2order_approx: reset counter for 126 NAN/INF values in logl
 *** WARNING *** GMRFLib_2order_approx: rescue NAN/INF values in logl for idx=30
 *** WARNING *** GMRFLib_2order_approx: reset counter for 191 NAN/INF values in logl
 *** WARNING *** GMRFLib_2order_approx: rescue NAN/INF values in logl for idx=25
 *** WARNING *** GMRFLib_2order_approx: reset counter for 95 NAN/INF values in logl
 *** WARNING *** GMRFLib_2order_approx: rescue NAN/INF values in logl for idx=75
 *** WARNING *** GMRFLib_2order_approx: reset counter for 14 NAN/INF values in logl
 *** WARNING *** GMRFLib_2order_approx: rescue NAN/INF values in logl for idx=175
 *** WARNING *** GMRFLib_2order_approx: reset counter for 60 NAN/INF values in logl
 *** WARNING *** GMRFLib_2order_approx: rescue NAN/INF values in logl for idx=375
 *** WARNING *** GMRFLib_2order_approx: reset counter for 22 NAN/INF values in logl
 *** WARNING *** GMRFLib_2order_approx: rescue NAN/INF values in logl for idx=0
 *** WARNING *** GMRFLib_2order_approx: reset counter for 260 NAN/INF values in logl
 *** WARNING *** GMRFLib_2order_approx: rescue NAN/INF values in logl for idx=0
 *** WARNING *** GMRFLib_2order_approx: reset counter for 323 NAN/INF values in logl
 *** WARNING *** GMRFLib_2order_approx: rescue NAN/INF values in logl for idx=0
 *** WARNING *** GMRFLib_2order_approx: reset counter for 264 NAN/INF values in logl
 *** WARNING *** GMRFLib_2order_approx: rescue NAN/INF values in logl for idx=360
 *** WARNING *** GMRFLib_2order_approx: reset counter for 149 NAN/INF values in logl
 *** WARNING *** GMRFLib_2order_approx: rescue NAN/INF values in logl for idx=438
 *** WARNING *** GMRFLib_2order_approx: reset counter for 2 NAN/INF values in logl
 *** WARNING *** GMRFLib_2order_approx: rescue NAN/INF values in logl for idx=280
 *** WARNING *** GMRFLib_2order_approx: reset counter for 224 NAN/INF values in logl
 *** WARNING *** GMRFLib_2order_approx: rescue NAN/INF values in logl for idx=76
 *** WARNING *** GMRFLib_2order_approx: reset counter for 181 NAN/INF values in logl
 *** WARNING *** GMRFLib_2order_approx: rescue NAN/INF values in logl for idx=399
 *** WARNING *** GMRFLib_2order_approx: reset counter for 26 NAN/INF values in logl
 *** WARNING *** GMRFLib_2order_approx: rescue NAN/INF values in logl for idx=375
 *** WARNING *** GMRFLib_2order_approx: reset counter for 10 NAN/INF values in logl
 *** WARNING *** GMRFLib_2order_approx: rescue NAN/INF values in logl for idx=0
 *** WARNING *** GMRFLib_2order_approx: reset counter for 191 NAN/INF values in logl
 *** WARNING *** GMRFLib_2order_approx: reset counter for 167 NAN/INF values in logl
 *** WARNING *** GMRFLib_2order_approx: rescue NAN/INF values in logl for idx=15
 *** WARNING *** GMRFLib_2order_approx: reset counter for 388 NAN/INF values in logl
 *** WARNING *** GMRFLib_2order_approx: rescue NAN/INF values in logl for idx=0
 *** WARNING *** GMRFLib_2order_approx: reset counter for 163 NAN/INF values in logl
 *** WARNING *** GMRFLib_2order_approx: rescue NAN/INF values in logl for idx=320
 *** WARNING *** GMRFLib_2order_approx: reset counter for 171 NAN/INF values in logl
 *** WARNING *** GMRFLib_2order_approx: rescue NAN/INF values in logl for idx=375
 *** WARNING *** GMRFLib_2order_approx: reset counter for 24 NAN/INF values in logl
 *** WARNING *** GMRFLib_2order_approx: rescue NAN/INF values in logl for idx=105
 *** WARNING *** GMRFLib_2order_approx: reset counter for 244 NAN/INF values in logl
 *** WARNING *** GMRFLib_2order_approx: rescue NAN/INF values in logl for idx=281
 *** WARNING *** GMRFLib_2order_approx: reset counter for 138 NAN/INF values in logl
 *** WARNING *** GMRFLib_2order_approx: rescue NAN/INF values in logl for idx=280
 *** WARNING *** GMRFLib_2order_approx: reset counter for 39 NAN/INF values in logl
 *** WARNING *** GMRFLib_2order_approx: rescue NAN/INF values in logl for idx=1040
 *** WARNING *** GMRFLib_2order_approx: reset counter for 3 NAN/INF values in logl
 *** WARNING *** GMRFLib_2order_approx: rescue NAN/INF values in logl for idx=914
 *** WARNING *** GMRFLib_2order_approx: reset counter for 3 NAN/INF values in logl
 *** WARNING *** GMRFLib_2order_approx: rescue NAN/INF values in logl for idx=375
 *** WARNING *** GMRFLib_2order_approx: reset counter for 36 NAN/INF values in logl
         covariate                     principal                excl_2020_2021
          oyster_z  1.010712 (0.959952-1.064956)  0.978202 (0.920809-1.040030)
      dairy_farm_z 1.044912 (1.005806-1.085405)*  1.039479 (0.998698-1.081856)
    gw_household_z 1.079257 (1.006137-1.156547)* 1.098454 (1.005126-1.199931)*
       gw_simple_z  1.058485 (0.997447-1.123308)  1.063229 (0.987329-1.144430)
    water_supply_z  1.012742 (0.933058-1.099159)  0.991923 (0.893092-1.101398)
      septic_pop_z  1.005834 (0.960934-1.052986)  0.997460 (0.940413-1.058234)
     ww_facility_z  0.990436 (0.934636-1.049730)  0.972600 (0.904047-1.046478)
      pub_sewage_z  1.001136 (0.909423-1.102434)  0.979315 (0.867722-1.105142)
      test_total_z  0.987199 (0.936881-1.040120)  0.983129 (0.919745-1.050806)
    sewer_repair_z  0.910535 (0.828727-1.000447)  0.918725 (0.835655-1.010067)
           paddy_z  0.961330 (0.885378-1.043307)  0.992581 (0.896764-1.097838)
          forest_z 0.828762 (0.751503-0.915377)* 0.859500 (0.759840-0.973514)*
     residential_z  1.062441 (0.983041-1.148300)  1.073871 (0.972156-1.185846)
 health_practice_z  0.970724 (0.918739-1.025764)  1.013879 (0.939117-1.094939)
     food_safety_z  1.032085 (0.991552-1.074290) 1.055095 (1.005555-1.107029)*
   elderly_alone_z  0.968313 (0.914831-1.024767)  1.107939 (0.970438-1.264909)
     alone_80_84_z  0.958898 (0.909734-1.010137)  0.970935 (0.915664-1.029195)
         welfare_z  1.009579 (0.956715-1.065083)  1.004350 (0.937316-1.075954)
    fiscal_indep_z 0.861405 (0.791429-0.937504)*  0.945520 (0.843595-1.059806)
     fiscal_auto_z  1.079458 (0.990987-1.176097)  1.016209 (0.912574-1.131762)
       sex_ratio_z  1.005656 (0.958185-1.055414)  0.965599 (0.917391-1.016725)
    elderly_rate_z  1.020142 (0.937246-1.110336)  0.987116 (0.887645-1.097372)
  urban_pop_rate_z  0.952615 (0.886761-1.023285)  0.917991 (0.835190-1.008686)
   net_migration_z  1.009559 (0.973789-1.046611)  0.993258 (0.946270-1.042494)
          med_in_z  1.042681 (0.959022-1.134288)  0.992293 (0.881099-1.118523)
   clinic_family_z  1.005127 (0.952266-1.060749)  0.993586 (0.934958-1.055303)
      depression_z  1.022936 (0.986901-1.060310)  1.015128 (0.967937-1.064794)
         covid_era                             -                             -
      swine_farm_z                             -                             -
    poultry_farm_z                             -                             -
  N_district_years                          1100                           660
               covid_indicator                drop_inpatient
  1.011104 (0.960251-1.065440)  1.010402 (0.959813-1.064435)
 1.044683 (1.005553-1.085203)* 1.044495 (1.005500-1.084860)*
 1.078633 (1.005436-1.156018)* 1.078449 (1.005772-1.155261)*
  1.058281 (0.997160-1.123194)  1.057139 (0.996448-1.121499)
  1.012970 (0.933176-1.099520)  1.013337 (0.933888-1.099488)
  1.005585 (0.960649-1.052772)  1.006569 (0.961761-1.053629)
  0.990550 (0.934662-1.049947)  0.993228 (0.937755-1.052220)
  1.001153 (0.909326-1.102594)  1.001184 (0.909739-1.102148)
  0.987128 (0.936739-1.040124)  0.987902 (0.937781-1.040631)
  0.910314 (0.828478-1.000261)  0.911194 (0.829461-1.001010)
  0.960896 (0.884859-1.042967)  0.965980 (0.890499-1.047466)
 0.829076 (0.751667-0.915860)* 0.823600 (0.747718-0.908448)*
  1.063241 (0.983676-1.149299)  1.072211 (0.994718-1.156028)
  0.972632 (0.920529-1.027805)  0.971358 (0.919451-1.026312)
  1.032252 (0.991674-1.074507)  1.030301 (0.990082-1.072152)
  0.969691 (0.916082-1.026296)  0.970235 (0.916916-1.026517)
  0.959517 (0.910269-1.010859)  0.963045 (0.914544-1.013641)
  1.009096 (0.956175-1.064657)  1.008854 (0.956262-1.064067)
 0.860378 (0.790389-0.936484)* 0.859871 (0.790343-0.935445)*
  1.080788 (0.992140-1.177648)  1.074341 (0.987062-1.169476)
  1.005864 (0.958332-1.055694)  1.002413 (0.955584-1.051437)
  1.020023 (0.937083-1.110268)  1.016911 (0.934681-1.106309)
  0.952421 (0.886504-1.023156)  0.960389 (0.895924-1.029539)
  1.009880 (0.974071-1.046978)  1.009384 (0.973682-1.046361)
  1.042382 (0.958678-1.134045)                             -
  1.005513 (0.952595-1.061201)  1.008109 (0.955559-1.063415)
  1.023668 (0.987574-1.061110)  1.024615 (0.988706-1.061862)
 3.037295 (1.568325-5.880207)*                             -
                             -                             -
                             -                             -
                          1100                          1100
                 swine_poultry
  1.007679 (0.956793-1.062109)
 1.041887 (1.001844-1.083438)*
 1.083136 (1.009436-1.160979)*
  1.057646 (0.996809-1.122271)
  1.006991 (0.927351-1.093500)
  1.004726 (0.959253-1.052510)
  0.990899 (0.935136-1.050119)
  0.998646 (0.907114-1.099824)
  0.986380 (0.936224-1.039143)
  0.912039 (0.830450-1.001667)
  0.963513 (0.886162-1.047005)
 0.830487 (0.753206-0.917063)*
  1.059991 (0.980440-1.146088)
  0.969872 (0.917867-1.024943)
  1.033978 (0.993251-1.076364)
  0.970368 (0.916697-1.026999)
  0.960468 (0.911222-1.011772)
  1.009534 (0.956808-1.064889)
 0.859622 (0.789763-0.935654)*
  1.084558 (0.995043-1.182245)
  1.006009 (0.958588-1.055714)
  1.019159 (0.936378-1.109235)
  0.953244 (0.887248-1.024046)
  1.009958 (0.974071-1.047138)
  1.047848 (0.963179-1.140500)
  1.005700 (0.952490-1.061709)
  1.023790 (0.987648-1.061278)
                             -
  1.006643 (0.962007-1.053370)
  0.972608 (0.922625-1.025617)
                          1100
 *** WARNING *** GMRFLib_2order_approx: rescue NAN/INF values in logl for idx=0
 *** WARNING *** GMRFLib_2order_approx: reset counter for 183 NAN/INF values in logl
 *** WARNING *** GMRFLib_2order_approx: rescue NAN/INF values in logl for idx=0
 *** WARNING *** GMRFLib_2order_approx: reset counter for 220 NAN/INF values in logl
 *** WARNING *** GMRFLib_2order_approx: rescue NAN/INF values in logl for idx=0
 *** WARNING *** GMRFLib_2order_approx: reset counter for 301 NAN/INF values in logl
 *** WARNING *** GMRFLib_2order_approx: rescue NAN/INF values in logl for idx=111
 *** WARNING *** GMRFLib_2order_approx: reset counter for 7 NAN/INF values in logl
 *** WARNING *** GMRFLib_2order_approx: rescue NAN/INF values in logl for idx=107
 *** WARNING *** GMRFLib_2order_approx: reset counter for 2 NAN/INF values in logl
 *** WARNING *** GMRFLib_2order_approx: rescue NAN/INF values in logl for idx=0
 *** WARNING *** GMRFLib_2order_approx: reset counter for 94 NAN/INF values in logl
 *** WARNING *** GMRFLib_2order_approx: rescue NAN/INF values in logl for idx=335
 *** WARNING *** GMRFLib_2order_approx: reset counter for 22 NAN/INF values in logl
 *** WARNING *** GMRFLib_2order_approx: rescue NAN/INF values in logl for idx=640
 *** WARNING *** GMRFLib_2order_approx: reset counter for 10 NAN/INF values in logl
 *** WARNING *** GMRFLib_2order_approx: rescue NAN/INF values in logl for idx=2
 *** WARNING *** GMRFLib_2order_approx: rescue NAN/INF values in logl for idx=0
 *** WARNING *** GMRFLib_2order_approx: reset counter for 596 NAN/INF values in logl
 *** WARNING *** GMRFLib_2order_approx: rescue NAN/INF values in logl for idx=0
 *** WARNING *** GMRFLib_2order_approx: reset counter for 121 NAN/INF values in logl
 *** WARNING *** GMRFLib_2order_approx: rescue NAN/INF values in logl for idx=0
 *** WARNING *** GMRFLib_2order_approx: reset counter for 373 NAN/INF values in logl
 *** WARNING *** GMRFLib_2order_approx: rescue NAN/INF values in logl for idx=619
 *** WARNING *** GMRFLib_2order_approx: reset counter for 46 NAN/INF values in logl
 *** WARNING *** GMRFLib_2order_approx: rescue NAN/INF values in logl for idx=110
 *** WARNING *** GMRFLib_2order_approx: reset counter for 4 NAN/INF values in logl
 *** WARNING *** GMRFLib_2order_approx: rescue NAN/INF values in logl for idx=526
 *** WARNING *** GMRFLib_2order_approx: reset counter for 14 NAN/INF values in logl
 *** WARNING *** GMRFLib_2order_approx: rescue NAN/INF values in logl for idx=0
 *** WARNING *** GMRFLib_2order_approx: reset counter for 140 NAN/INF values in logl
 *** WARNING *** GMRFLib_2order_approx: rescue NAN/INF values in logl for idx=0
 *** WARNING *** GMRFLib_2order_approx: reset counter for 306 NAN/INF values in logl
 *** WARNING *** GMRFLib_2order_approx: rescue NAN/INF values in logl for idx=0
 *** WARNING *** GMRFLib_2order_approx: reset counter for 182 NAN/INF values in logl
 *** WARNING *** GMRFLib_2order_approx: rescue NAN/INF values in logl for idx=90
 *** WARNING *** GMRFLib_2order_approx: reset counter for 83 NAN/INF values in logl
 *** WARNING *** GMRFLib_2order_approx: rescue NAN/INF values in logl for idx=595
 *** WARNING *** GMRFLib_2order_approx: reset counter for 72 NAN/INF values in logl
 *** WARNING *** GMRFLib_2order_approx: rescue NAN/INF values in logl for idx=820
 *** WARNING *** GMRFLib_2order_approx: reset counter for 15 NAN/INF values in logl
 *** WARNING *** GMRFLib_2order_approx: rescue NAN/INF values in logl for idx=375
 *** WARNING *** GMRFLib_2order_approx: reset counter for 2 NAN/INF values in logl
 *** WARNING *** GMRFLib_2order_approx: rescue NAN/INF values in logl for idx=445
 *** WARNING *** GMRFLib_2order_approx: reset counter for 5 NAN/INF values in logl
 *** WARNING *** GMRFLib_2order_approx: rescue NAN/INF values in logl for idx=0
 *** WARNING *** GMRFLib_2order_approx: reset counter for 268 NAN/INF values in logl
 *** WARNING *** GMRFLib_2order_approx: rescue NAN/INF values in logl for idx=0
 *** WARNING *** GMRFLib_2order_approx: reset counter for 391 NAN/INF values in logl
 *** WARNING *** GMRFLib_2order_approx: rescue NAN/INF values in logl for idx=0
 *** WARNING *** GMRFLib_2order_approx: reset counter for 439 NAN/INF values in logl
 *** WARNING *** GMRFLib_2order_approx: rescue NAN/INF values in logl for idx=0
 *** WARNING *** GMRFLib_2order_approx: reset counter for 258 NAN/INF values in logl
 *** WARNING *** GMRFLib_2order_approx: rescue NAN/INF values in logl for idx=570
 *** WARNING *** GMRFLib_2order_approx: reset counter for 129 NAN/INF values in logl
 *** WARNING *** GMRFLib_2order_approx: rescue NAN/INF values in logl for idx=558
 *** WARNING *** GMRFLib_2order_approx: reset counter for 2 NAN/INF values in logl
 *** WARNING *** GMRFLib_2order_approx: rescue NAN/INF values in logl for idx=0
 *** WARNING *** GMRFLib_2order_approx: reset counter for 100 NAN/INF values in logl
 *** WARNING *** GMRFLib_2order_approx: rescue NAN/INF values in logl for idx=139
 *** WARNING *** GMRFLib_2order_approx: reset counter for 434 NAN/INF values in logl
 *** WARNING *** GMRFLib_2order_approx: rescue NAN/INF values in logl for idx=560
 *** WARNING *** GMRFLib_2order_approx: reset counter for 93 NAN/INF values in logl
 *** WARNING *** GMRFLib_2order_approx: rescue NAN/INF values in logl for idx=0
 *** WARNING *** GMRFLib_2order_approx: reset counter for 518 NAN/INF values in logl
 *** WARNING *** GMRFLib_2order_approx: rescue NAN/INF values in logl for idx=500
 *** WARNING *** GMRFLib_2order_approx: reset counter for 162 NAN/INF values in logl
 *** WARNING *** GMRFLib_2order_approx: rescue NAN/INF values in logl for idx=0
 *** WARNING *** GMRFLib_2order_approx: reset counter for 477 NAN/INF values in logl
 *** WARNING *** GMRFLib_2order_approx: rescue NAN/INF values in logl for idx=0
 *** WARNING *** GMRFLib_2order_approx: reset counter for 347 NAN/INF values in logl
 *** WARNING *** GMRFLib_2order_approx: rescue NAN/INF values in logl for idx=692
 *** WARNING *** GMRFLib_2order_approx: reset counter for 88 NAN/INF values in logl
 *** WARNING *** GMRFLib_2order_approx: rescue NAN/INF values in logl for idx=0
 *** WARNING *** GMRFLib_2order_approx: reset counter for 514 NAN/INF values in logl
 *** WARNING *** GMRFLib_2order_approx: rescue NAN/INF values in logl for idx=11
 *** WARNING *** GMRFLib_2order_approx: reset counter for 200 NAN/INF values in logl
 *** WARNING *** GMRFLib_2order_approx: rescue NAN/INF values in logl for idx=140
 *** WARNING *** GMRFLib_2order_approx: reset counter for 367 NAN/INF values in logl
 *** WARNING *** GMRFLib_2order_approx: rescue NAN/INF values in logl for idx=0
 *** WARNING *** GMRFLib_2order_approx: reset counter for 295 NAN/INF values in logl
 *** WARNING *** GMRFLib_2order_approx: rescue NAN/INF values in logl for idx=50
 *** WARNING *** GMRFLib_2order_approx: reset counter for 57 NAN/INF values in logl
 *** WARNING *** GMRFLib_2order_approx: rescue NAN/INF values in logl for idx=438
 *** WARNING *** GMRFLib_2order_approx: reset counter for 7 NAN/INF values in logl
 *** WARNING *** GMRFLib_2order_approx: rescue NAN/INF values in logl for idx=1060
 *** WARNING *** GMRFLib_2order_approx: reset counter for 3 NAN/INF values in logl
 *** WARNING *** GMRFLib_2order_approx: rescue NAN/INF values in logl for idx=130
 *** WARNING *** GMRFLib_2order_approx: reset counter for 6 NAN/INF values in logl
 *** WARNING *** GMRFLib_2order_approx: rescue NAN/INF values in logl for idx=0
 *** WARNING *** GMRFLib_2order_approx: reset counter for 198 NAN/INF values in logl
 *** WARNING *** GMRFLib_2order_approx: rescue NAN/INF values in logl for idx=0
 *** WARNING *** GMRFLib_2order_approx: reset counter for 215 NAN/INF values in logl
 *** WARNING *** GMRFLib_2order_approx: rescue NAN/INF values in logl for idx=375
 *** WARNING *** GMRFLib_2order_approx: reset counter for 5 NAN/INF values in logl
 *** WARNING *** GMRFLib_2order_approx: rescue NAN/INF values in logl for idx=375
 *** WARNING *** GMRFLib_2order_approx: reset counter for 57 NAN/INF values in logl
 *** WARNING *** GMRFLib_2order_approx: rescue NAN/INF values in logl for idx=75
 *** WARNING *** GMRFLib_2order_approx: reset counter for 16 NAN/INF values in logl
 *** WARNING *** GMRFLib_2order_approx: rescue NAN/INF values in logl for idx=275
 *** WARNING *** GMRFLib_2order_approx: reset counter for 47 NAN/INF values in logl
 *** WARNING *** GMRFLib_2order_approx: rescue NAN/INF values in logl for idx=1045
 *** WARNING *** GMRFLib_2order_approx: reset counter for 392 NAN/INF values in logl
 *** WARNING *** GMRFLib_2order_approx: rescue NAN/INF values in logl for idx=438
 *** WARNING *** GMRFLib_2order_approx: reset counter for 4 NAN/INF values in logl
 *** WARNING *** GMRFLib_2order_approx: rescue NAN/INF values in logl for idx=0
 *** WARNING *** GMRFLib_2order_approx: reset counter for 264 NAN/INF values in logl
 *** WARNING *** GMRFLib_2order_approx: rescue NAN/INF values in logl for idx=37
 *** WARNING *** GMRFLib_2order_approx: reset counter for 88 NAN/INF values in logl
 *** WARNING *** GMRFLib_2order_approx: rescue NAN/INF values in logl for idx=0
 *** WARNING *** GMRFLib_2order_approx: reset counter for 272 NAN/INF values in logl
 *** WARNING *** GMRFLib_2order_approx: rescue NAN/INF values in logl for idx=75
 *** WARNING *** GMRFLib_2order_approx: reset counter for 200 NAN/INF values in logl
 *** WARNING *** GMRFLib_2order_approx: rescue NAN/INF values in logl for idx=375
 *** WARNING *** GMRFLib_2order_approx: reset counter for 18 NAN/INF values in logl
 *** WARNING *** GMRFLib_2order_approx: rescue NAN/INF values in logl for idx=438
 *** WARNING *** GMRFLib_2order_approx: reset counter for 3 NAN/INF values in logl
 *** WARNING *** GMRFLib_2order_approx: rescue NAN/INF values in logl for idx=0
 *** WARNING *** GMRFLib_2order_approx: reset counter for 366 NAN/INF values in logl
 *** WARNING *** GMRFLib_2order_approx: rescue NAN/INF values in logl for idx=65
 *** WARNING *** GMRFLib_2order_approx: reset counter for 16 NAN/INF values in logl
 *** WARNING *** GMRFLib_2order_approx: rescue NAN/INF values in logl for idx=18
 *** WARNING *** GMRFLib_2order_approx: reset counter for 179 NAN/INF values in logl
 *** WARNING *** GMRFLib_2order_approx: rescue NAN/INF values in logl for idx=46
 *** WARNING *** GMRFLib_2order_approx: reset counter for 305 NAN/INF values in logl
 *** WARNING *** GMRFLib_2order_approx: rescue NAN/INF values in logl for idx=0
 *** WARNING *** GMRFLib_2order_approx: reset counter for 424 NAN/INF values in logl
 *** WARNING *** GMRFLib_2order_approx: rescue NAN/INF values in logl for idx=360
 *** WARNING *** GMRFLib_2order_approx: reset counter for 145 NAN/INF values in logl
 *** WARNING *** GMRFLib_2order_approx: rescue NAN/INF values in logl for idx=105
 *** WARNING *** GMRFLib_2order_approx: reset counter for 291 NAN/INF values in logl
 *** WARNING *** GMRFLib_2order_approx: rescue NAN/INF values in logl for idx=460
 *** WARNING *** GMRFLib_2order_approx: reset counter for 108 NAN/INF values in logl
 *** WARNING *** GMRFLib_2order_approx: rescue NAN/INF values in logl for idx=0
 *** WARNING *** GMRFLib_2order_approx: reset counter for 269 NAN/INF values in logl
 *** WARNING *** GMRFLib_2order_approx: rescue NAN/INF values in logl for idx=0
 *** WARNING *** GMRFLib_2order_approx: reset counter for 406 NAN/INF values in logl
 *** WARNING *** GMRFLib_2order_approx: rescue NAN/INF values in logl for idx=438
 *** WARNING *** GMRFLib_2order_approx: reset counter for 2 NAN/INF values in logl
 *** WARNING *** GMRFLib_2order_approx: rescue NAN/INF values in logl for idx=75
 *** WARNING *** GMRFLib_2order_approx: reset counter for 96 NAN/INF values in logl
 *** WARNING *** GMRFLib_2order_approx: rescue NAN/INF values in logl for idx=375
 *** WARNING *** GMRFLib_2order_approx: reset counter for 8 NAN/INF values in logl
 *** WARNING *** GMRFLib_2order_approx: rescue NAN/INF values in logl for idx=1060
 *** WARNING *** GMRFLib_2order_approx: reset counter for 4 NAN/INF values in logl
 *** WARNING *** GMRFLib_2order_approx: rescue NAN/INF values in logl for idx=281
 *** WARNING *** GMRFLib_2order_approx: reset counter for 221 NAN/INF values in logl
 *** WARNING *** GMRFLib_2order_approx: rescue NAN/INF values in logl for idx=0
 *** WARNING *** GMRFLib_2order_approx: reset counter for 27 NAN/INF values in logl
 *** WARNING *** GMRFLib_2order_approx: reset counter for 27 NAN/INF values in logl
 *** WARNING *** GMRFLib_2order_approx: rescue NAN/INF values in logl for idx=360
 *** WARNING *** GMRFLib_2order_approx: reset counter for 30 NAN/INF values in logl
 *** WARNING *** GMRFLib_2order_approx: rescue NAN/INF values in logl for idx=0
 *** WARNING *** GMRFLib_2order_approx: reset counter for 304 NAN/INF values in logl
 *** WARNING *** GMRFLib_2order_approx: rescue NAN/INF values in logl for idx=0
 *** WARNING *** GMRFLib_2order_approx: reset counter for 406 NAN/INF values in logl
 *** WARNING *** GMRFLib_2order_approx: rescue NAN/INF values in logl for idx=375
 *** WARNING *** GMRFLib_2order_approx: reset counter for 40 NAN/INF values in logl
 *** WARNING *** GMRFLib_2order_approx: rescue NAN/INF values in logl for idx=308
 *** WARNING *** GMRFLib_2order_approx: reset counter for 145 NAN/INF values in logl
 *** WARNING *** GMRFLib_2order_approx: rescue NAN/INF values in logl for idx=820
 *** WARNING *** GMRFLib_2order_approx: reset counter for 136 NAN/INF values in logl
  (f) extreme_values_recoded   N = 1090 | credible: dairy_farm,gw_household,sewer_repair,forest,fiscal_indep
 *** WARNING *** GMRFLib_2order_approx: rescue NAN/INF values in logl for idx=0
 *** WARNING *** GMRFLib_2order_approx: reset counter for 184 NAN/INF values in logl
 *** WARNING *** GMRFLib_2order_approx: rescue NAN/INF values in logl for idx=0
 *** WARNING *** GMRFLib_2order_approx: reset counter for 94 NAN/INF values in logl
 *** WARNING *** GMRFLib_2order_approx: rescue NAN/INF values in logl for idx=105
 *** WARNING *** GMRFLib_2order_approx: reset counter for 9 NAN/INF values in logl
 *** WARNING *** GMRFLib_2order_approx: rescue NAN/INF values in logl for idx=360
 *** WARNING *** GMRFLib_2order_approx: reset counter for 9 NAN/INF values in logl
 *** WARNING *** GMRFLib_2order_approx: rescue NAN/INF values in logl for idx=645
 *** WARNING *** GMRFLib_2order_approx: reset counter for 17 NAN/INF values in logl
 *** WARNING *** GMRFLib_2order_approx: rescue NAN/INF values in logl for idx=1070
 *** WARNING *** GMRFLib_2order_approx: reset counter for 2 NAN/INF values in logl
 *** WARNING *** GMRFLib_2order_approx: rescue NAN/INF values in logl for idx=5
 *** WARNING *** GMRFLib_2order_approx: reset counter for 161 NAN/INF values in logl
 *** WARNING *** GMRFLib_2order_approx: rescue NAN/INF values in logl for idx=0
 *** WARNING *** GMRFLib_2order_approx: reset counter for 213 NAN/INF values in logl
 *** WARNING *** GMRFLib_2order_approx: rescue NAN/INF values in logl for idx=645
 *** WARNING *** GMRFLib_2order_approx: reset counter for 7 NAN/INF values in logl
 *** WARNING *** GMRFLib_2order_approx: rescue NAN/INF values in logl for idx=830
 *** WARNING *** GMRFLib_2order_approx: reset counter for 38 NAN/INF values in logl
 *** WARNING *** GMRFLib_2order_approx: rescue NAN/INF values in logl for idx=110
 *** WARNING *** GMRFLib_2order_approx: reset counter for 97 NAN/INF values in logl
 *** WARNING *** GMRFLib_2order_approx: rescue NAN/INF values in logl for idx=0
 *** WARNING *** GMRFLib_2order_approx: reset counter for 155 NAN/INF values in logl
 *** WARNING *** GMRFLib_2order_approx: reset counter for 155 NAN/INF values in logl
 *** WARNING *** GMRFLib_2order_approx: rescue NAN/INF values in logl for idx=645
 *** WARNING *** GMRFLib_2order_approx: reset counter for 155 NAN/INF values in logl
 *** WARNING *** GMRFLib_2order_approx: rescue NAN/INF values in logl for idx=870
 *** WARNING *** GMRFLib_2order_approx: reset counter for 14 NAN/INF values in logl
 *** WARNING *** GMRFLib_2order_approx: rescue NAN/INF values in logl for idx=360
 *** WARNING *** GMRFLib_2order_approx: reset counter for 37 NAN/INF values in logl
 *** WARNING *** GMRFLib_2order_approx: rescue NAN/INF values in logl for idx=0
 *** WARNING *** GMRFLib_2order_approx: reset counter for 26 NAN/INF values in logl
 *** WARNING *** GMRFLib_2order_approx: rescue NAN/INF values in logl for idx=360
 *** WARNING *** GMRFLib_2order_approx: reset counter for 9 NAN/INF values in logl
 *** WARNING *** GMRFLib_2order_approx: rescue NAN/INF values in logl for idx=645
 *** WARNING *** GMRFLib_2order_approx: reset counter for 2 NAN/INF values in logl
 *** WARNING *** GMRFLib_2order_approx: rescue NAN/INF values in logl for idx=438
 *** WARNING *** GMRFLib_2order_approx: reset counter for 5 NAN/INF values in logl
 *** WARNING *** GMRFLib_2order_approx: rescue NAN/INF values in logl for idx=537
 *** WARNING *** GMRFLib_2order_approx: reset counter for 9 NAN/INF values in logl
 *** WARNING *** GMRFLib_2order_approx: rescue NAN/INF values in logl for idx=850
 *** WARNING *** GMRFLib_2order_approx: reset counter for 6 NAN/INF values in logl
 *** WARNING *** GMRFLib_2order_approx: rescue NAN/INF values in logl for idx=361
 *** WARNING *** GMRFLib_2order_approx: reset counter for 11 NAN/INF values in logl
 *** WARNING *** GMRFLib_2order_approx: rescue NAN/INF values in logl for idx=0
 *** WARNING *** GMRFLib_2order_approx: reset counter for 195 NAN/INF values in logl
 *** WARNING *** GMRFLib_2order_approx: rescue NAN/INF values in logl for idx=501
 *** WARNING *** GMRFLib_2order_approx: reset counter for 12 NAN/INF values in logl
 *** WARNING *** GMRFLib_2order_approx: reset counter for 25 NAN/INF values in logl
 *** WARNING *** GMRFLib_2order_approx: rescue NAN/INF values in logl for idx=715
 *** WARNING *** GMRFLib_2order_approx: reset counter for 58 NAN/INF values in logl
 *** WARNING *** GMRFLib_2order_approx: rescue NAN/INF values in logl for idx=26
 *** WARNING *** GMRFLib_2order_approx: reset counter for 30 NAN/INF values in logl
 *** WARNING *** GMRFLib_2order_approx: rescue NAN/INF values in logl for idx=651
 *** WARNING *** GMRFLib_2order_approx: reset counter for 13 NAN/INF values in logl
 *** WARNING *** GMRFLib_2order_approx: rescue NAN/INF values in logl for idx=10
 *** WARNING *** GMRFLib_2order_approx: reset counter for 32 NAN/INF values in logl
 *** WARNING *** GMRFLib_2order_approx: rescue NAN/INF values in logl for idx=461
 *** WARNING *** GMRFLib_2order_approx: reset counter for 24 NAN/INF values in logl
 *** WARNING *** GMRFLib_2order_approx: rescue NAN/INF values in logl for idx=399
 *** WARNING *** GMRFLib_2order_approx: reset counter for 2 NAN/INF values in logl
 *** WARNING *** GMRFLib_2order_approx: rescue NAN/INF values in logl for idx=75
 *** WARNING *** GMRFLib_2order_approx: reset counter for 229 NAN/INF values in logl
 *** WARNING *** GMRFLib_2order_approx: rescue NAN/INF values in logl for idx=883
 *** WARNING *** GMRFLib_2order_approx: reset counter for 24 NAN/INF values in logl
 *** WARNING *** GMRFLib_2order_approx: rescue NAN/INF values in logl for idx=0
 *** WARNING *** GMRFLib_2order_approx: reset counter for 12 NAN/INF values in logl
 *** WARNING *** GMRFLib_2order_approx: rescue NAN/INF values in logl for idx=175
 *** WARNING *** GMRFLib_2order_approx: reset counter for 149 NAN/INF values in logl
 *** WARNING *** GMRFLib_2order_approx: rescue NAN/INF values in logl for idx=360
 *** WARNING *** GMRFLib_2order_approx: reset counter for 71 NAN/INF values in logl
 *** WARNING *** GMRFLib_2order_approx: rescue NAN/INF values in logl for idx=1040
 *** WARNING *** GMRFLib_2order_approx: reset counter for 2 NAN/INF values in logl
 *** WARNING *** GMRFLib_2order_approx: rescue NAN/INF values in logl for idx=0
 *** WARNING *** GMRFLib_2order_approx: reset counter for 595 NAN/INF values in logl
 *** WARNING *** GMRFLib_2order_approx: rescue NAN/INF values in logl for idx=438
 *** WARNING *** GMRFLib_2order_approx: reset counter for 2 NAN/INF values in logl
 *** WARNING *** GMRFLib_2order_approx: rescue NAN/INF values in logl for idx=0
 *** WARNING *** GMRFLib_2order_approx: reset counter for 673 NAN/INF values in logl
 *** WARNING *** GMRFLib_2order_approx: rescue NAN/INF values in logl for idx=0
 *** WARNING *** GMRFLib_2order_approx: reset counter for 532 NAN/INF values in logl
 *** WARNING *** GMRFLib_2order_approx: reset counter for 590 NAN/INF values in logl
 *** WARNING *** GMRFLib_2order_approx: rescue NAN/INF values in logl for idx=0
 *** WARNING *** GMRFLib_2order_approx: reset counter for 590 NAN/INF values in logl
 *** WARNING *** GMRFLib_2order_approx: rescue NAN/INF values in logl for idx=0
 *** WARNING *** GMRFLib_2order_approx: reset counter for 414 NAN/INF values in logl
 *** WARNING *** GMRFLib_2order_approx: rescue NAN/INF values in logl for idx=831
 *** WARNING *** GMRFLib_2order_approx: reset counter for 105 NAN/INF values in logl
 *** WARNING *** GMRFLib_2order_approx: rescue NAN/INF values in logl for idx=0
 *** WARNING *** GMRFLib_2order_approx: reset counter for 570 NAN/INF values in logl
 *** WARNING *** GMRFLib_2order_approx: rescue NAN/INF values in logl for idx=0
 *** WARNING *** GMRFLib_2order_approx: reset counter for 578 NAN/INF values in logl
 *** WARNING *** GMRFLib_2order_approx: rescue NAN/INF values in logl for idx=0
 *** WARNING *** GMRFLib_2order_approx: reset counter for 574 NAN/INF values in logl
 *** WARNING *** GMRFLib_2order_approx: rescue NAN/INF values in logl for idx=0
 *** WARNING *** GMRFLib_2order_approx: reset counter for 543 NAN/INF values in logl
 *** WARNING *** GMRFLib_2order_approx: rescue NAN/INF values in logl for idx=762
 *** WARNING *** GMRFLib_2order_approx: reset counter for 21 NAN/INF values in logl
 *** WARNING *** GMRFLib_2order_approx: rescue NAN/INF values in logl for idx=0
 *** WARNING *** GMRFLib_2order_approx: reset counter for 559 NAN/INF values in logl
 *** WARNING *** GMRFLib_2order_approx: rescue NAN/INF values in logl for idx=762
 *** WARNING *** GMRFLib_2order_approx: reset counter for 16 NAN/INF values in logl
 *** WARNING *** GMRFLib_2order_approx: rescue NAN/INF values in logl for idx=10
 *** WARNING *** GMRFLib_2order_approx: reset counter for 501 NAN/INF values in logl
  (f) sewer_repair_log         N = 1100 | credible: dairy_farm,forest,fiscal_indep
 *** WARNING *** GMRFLib_2order_approx: rescue NAN/INF values in logl for idx=11
 *** WARNING *** GMRFLib_2order_approx: reset counter for 26 NAN/INF values in logl
 *** WARNING *** GMRFLib_2order_approx: rescue NAN/INF values in logl for idx=438
 *** WARNING *** GMRFLib_2order_approx: reset counter for 82 NAN/INF values in logl
 *** WARNING *** GMRFLib_2order_approx: rescue NAN/INF values in logl for idx=385
 *** WARNING *** GMRFLib_2order_approx: rescue NAN/INF values in logl for idx=386
 *** WARNING *** GMRFLib_2order_approx: reset counter for 22 NAN/INF values in logl
 *** WARNING *** GMRFLib_2order_approx: rescue NAN/INF values in logl for idx=1067
 *** WARNING *** GMRFLib_2order_approx: reset counter for 3 NAN/INF values in logl
 *** WARNING *** GMRFLib_2order_approx: rescue NAN/INF values in logl for idx=439
 *** WARNING *** GMRFLib_2order_approx: reset counter for 292 NAN/INF values in logl
 *** WARNING *** GMRFLib_2order_approx: reset counter for 292 NAN/INF values in logl
 *** WARNING *** GMRFLib_2order_approx: rescue NAN/INF values in logl for idx=0
 *** WARNING *** GMRFLib_2order_approx: reset counter for 106 NAN/INF values in logl
 *** WARNING *** GMRFLib_2order_approx: rescue NAN/INF values in logl for idx=191
 *** WARNING *** GMRFLib_2order_approx: reset counter for 66 NAN/INF values in logl
 *** WARNING *** GMRFLib_2order_approx: rescue NAN/INF values in logl for idx=332
 *** WARNING *** GMRFLib_2order_approx: reset counter for 53 NAN/INF values in logl
 *** WARNING *** GMRFLib_2order_approx: rescue NAN/INF values in logl for idx=10
 *** WARNING *** GMRFLib_2order_approx: reset counter for 138 NAN/INF values in logl
 *** WARNING *** GMRFLib_2order_approx: rescue NAN/INF values in logl for idx=11
 *** WARNING *** GMRFLib_2order_approx: reset counter for 57 NAN/INF values in logl
 *** WARNING *** GMRFLib_2order_approx: rescue NAN/INF values in logl for idx=0
 *** WARNING *** GMRFLib_2order_approx: reset counter for 59 NAN/INF values in logl
 *** WARNING *** GMRFLib_2order_approx: rescue NAN/INF values in logl for idx=0
 *** WARNING *** GMRFLib_2order_approx: rescue NAN/INF values in logl for idx=186
 *** WARNING *** GMRFLib_2order_approx: rescue NAN/INF values in logl for idx=145
 *** WARNING *** GMRFLib_2order_approx: reset counter for 442 NAN/INF values in logl
 *** WARNING *** GMRFLib_2order_approx: rescue NAN/INF values in logl for idx=438
 *** WARNING *** GMRFLib_2order_approx: reset counter for 3 NAN/INF values in logl
 *** WARNING *** GMRFLib_2order_approx: rescue NAN/INF values in logl for idx=0
 *** WARNING *** GMRFLib_2order_approx: reset counter for 17 NAN/INF values in logl
 *** WARNING *** GMRFLib_2order_approx: rescue NAN/INF values in logl for idx=90
 *** WARNING *** GMRFLib_2order_approx: reset counter for 5 NAN/INF values in logl
 *** WARNING *** GMRFLib_2order_approx: rescue NAN/INF values in logl for idx=0
 *** WARNING *** GMRFLib_2order_approx: reset counter for 122 NAN/INF values in logl
 *** WARNING *** GMRFLib_2order_approx: rescue NAN/INF values in logl for idx=973
 *** WARNING *** GMRFLib_2order_approx: reset counter for 6 NAN/INF values in logl
 *** WARNING *** GMRFLib_2order_approx: rescue NAN/INF values in logl for idx=0
 *** WARNING *** GMRFLib_2order_approx: reset counter for 336 NAN/INF values in logl
 *** WARNING *** GMRFLib_2order_approx: rescue NAN/INF values in logl for idx=0
 *** WARNING *** GMRFLib_2order_approx: reset counter for 413 NAN/INF values in logl
 *** WARNING *** GMRFLib_2order_approx: rescue NAN/INF values in logl for idx=0
 *** WARNING *** GMRFLib_2order_approx: reset counter for 203 NAN/INF values in logl
 *** WARNING *** GMRFLib_2order_approx: rescue NAN/INF values in logl for idx=0
 *** WARNING *** GMRFLib_2order_approx: reset counter for 312 NAN/INF values in logl
 *** WARNING *** GMRFLib_2order_approx: reset counter for 312 NAN/INF values in logl
 *** WARNING *** GMRFLib_2order_approx: rescue NAN/INF values in logl for idx=0
 *** WARNING *** GMRFLib_2order_approx: rescue NAN/INF values in logl for idx=25
 *** WARNING *** GMRFLib_2order_approx: reset counter for 362 NAN/INF values in logl
 *** WARNING *** GMRFLib_2order_approx: rescue NAN/INF values in logl for idx=438
 *** WARNING *** GMRFLib_2order_approx: reset counter for 2 NAN/INF values in logl
 *** WARNING *** GMRFLib_2order_approx: rescue NAN/INF values in logl for idx=0
 *** WARNING *** GMRFLib_2order_approx: reset counter for 92 NAN/INF values in logl
 *** WARNING *** GMRFLib_2order_approx: rescue NAN/INF values in logl for idx=0
 *** WARNING *** GMRFLib_2order_approx: reset counter for 92 NAN/INF values in logl
 *** WARNING *** GMRFLib_2order_approx: rescue NAN/INF values in logl for idx=65
 *** WARNING *** GMRFLib_2order_approx: reset counter for 91 NAN/INF values in logl
 *** WARNING *** GMRFLib_2order_approx: reset counter for 91 NAN/INF values in logl
 *** WARNING *** GMRFLib_2order_approx: rescue NAN/INF values in logl for idx=301
 *** WARNING *** GMRFLib_2order_approx: reset counter for 104 NAN/INF values in logl
 *** WARNING *** GMRFLib_2order_approx: rescue NAN/INF values in logl for idx=50
 *** WARNING *** GMRFLib_2order_approx: reset counter for 313 NAN/INF values in logl
 *** WARNING *** GMRFLib_2order_approx: rescue NAN/INF values in logl for idx=0
 *** WARNING *** GMRFLib_2order_approx: reset counter for 266 NAN/INF values in logl
 *** WARNING *** GMRFLib_2order_approx: rescue NAN/INF values in logl for idx=192
 *** WARNING *** GMRFLib_2order_approx: reset counter for 147 NAN/INF values in logl
 *** WARNING *** GMRFLib_2order_approx: reset counter for 147 NAN/INF values in logl
 *** WARNING *** GMRFLib_2order_approx: rescue NAN/INF values in logl for idx=558
 *** WARNING *** GMRFLib_2order_approx: reset counter for 2 NAN/INF values in logl
 *** WARNING *** GMRFLib_2order_approx: rescue NAN/INF values in logl for idx=438
 *** WARNING *** GMRFLib_2order_approx: reset counter for 2 NAN/INF values in logl
 *** WARNING *** GMRFLib_2order_approx: reset counter for 2 NAN/INF values in logl
 *** WARNING *** GMRFLib_2order_approx: rescue NAN/INF values in logl for idx=0
 *** WARNING *** GMRFLib_2order_approx: reset counter for 488 NAN/INF values in logl
 *** WARNING *** GMRFLib_2order_approx: rescue NAN/INF values in logl for idx=75
 *** WARNING *** GMRFLib_2order_approx: reset counter for 597 NAN/INF values in logl
 *** WARNING *** GMRFLib_2order_approx: rescue NAN/INF values in logl for idx=15
 *** WARNING *** GMRFLib_2order_approx: reset counter for 597 NAN/INF values in logl
 *** WARNING *** GMRFLib_2order_approx: rescue NAN/INF values in logl for idx=123
 *** WARNING *** GMRFLib_2order_approx: reset counter for 396 NAN/INF values in logl
 *** WARNING *** GMRFLib_2order_approx: rescue NAN/INF values in logl for idx=0
 *** WARNING *** GMRFLib_2order_approx: reset counter for 442 NAN/INF values in logl
 *** WARNING *** GMRFLib_2order_approx: reset counter for 35 NAN/INF values in logl
 *** WARNING *** GMRFLib_2order_approx: rescue NAN/INF values in logl for idx=144
 *** WARNING *** GMRFLib_2order_approx: reset counter for 95 NAN/INF values in logl
 *** WARNING *** GMRFLib_2order_approx: rescue NAN/INF values in logl for idx=0
 *** WARNING *** GMRFLib_2order_approx: reset counter for 544 NAN/INF values in logl
 *** WARNING *** GMRFLib_2order_approx: rescue NAN/INF values in logl for idx=280
 *** WARNING *** GMRFLib_2order_approx: reset counter for 181 NAN/INF values in logl
 *** WARNING *** GMRFLib_2order_approx: rescue NAN/INF values in logl for idx=0
 *** WARNING *** GMRFLib_2order_approx: reset counter for 669 NAN/INF values in logl
 *** WARNING *** GMRFLib_2order_approx: rescue NAN/INF values in logl for idx=75
 *** WARNING *** GMRFLib_2order_approx: reset counter for 149 NAN/INF values in logl
 *** WARNING *** GMRFLib_2order_approx: rescue NAN/INF values in logl for idx=32
 *** WARNING *** GMRFLib_2order_approx: reset counter for 9 NAN/INF values in logl
 *** WARNING *** GMRFLib_2order_approx: rescue NAN/INF values in logl for idx=148
 *** WARNING *** GMRFLib_2order_approx: reset counter for 28 NAN/INF values in logl
 *** WARNING *** GMRFLib_2order_approx: rescue NAN/INF values in logl for idx=528
 *** WARNING *** GMRFLib_2order_approx: reset counter for 87 NAN/INF values in logl
 *** WARNING *** GMRFLib_2order_approx: rescue NAN/INF values in logl for idx=0
 *** WARNING *** GMRFLib_2order_approx: reset counter for 287 NAN/INF values in logl
 *** WARNING *** GMRFLib_2order_approx: rescue NAN/INF values in logl for idx=0
 *** WARNING *** GMRFLib_2order_approx: reset counter for 295 NAN/INF values in logl
 *** WARNING *** GMRFLib_2order_approx: rescue NAN/INF values in logl for idx=425
 *** WARNING *** GMRFLib_2order_approx: reset counter for 39 NAN/INF values in logl
 *** WARNING *** GMRFLib_2order_approx: rescue NAN/INF values in logl for idx=65
 *** WARNING *** GMRFLib_2order_approx: reset counter for 61 NAN/INF values in logl
 *** WARNING *** GMRFLib_2order_approx: rescue NAN/INF values in logl for idx=360
 *** WARNING *** GMRFLib_2order_approx: reset counter for 171 NAN/INF values in logl
 *** WARNING *** GMRFLib_2order_approx: rescue NAN/INF values in logl for idx=0
 *** WARNING *** GMRFLib_2order_approx: reset counter for 229 NAN/INF values in logl
 *** WARNING *** GMRFLib_2order_approx: reset counter for 229 NAN/INF values in logl
 *** WARNING *** GMRFLib_2order_approx: rescue NAN/INF values in logl for idx=325
 *** WARNING *** GMRFLib_2order_approx: reset counter for 286 NAN/INF values in logl
 *** WARNING *** GMRFLib_2order_approx: rescue NAN/INF values in logl for idx=0
 *** WARNING *** GMRFLib_2order_approx: reset counter for 21 NAN/INF values in logl
 *** WARNING *** GMRFLib_2order_approx: rescue NAN/INF values in logl for idx=122
 *** WARNING *** GMRFLib_2order_approx: reset counter for 309 NAN/INF values in logl
 *** WARNING *** GMRFLib_2order_approx: rescue NAN/INF values in logl for idx=438
 *** WARNING *** GMRFLib_2order_approx: rescue NAN/INF values in logl for idx=0
 *** WARNING *** GMRFLib_2order_approx: reset counter for 301 NAN/INF values in logl
 *** WARNING *** GMRFLib_2order_approx: rescue NAN/INF values in logl for idx=55
 *** WARNING *** GMRFLib_2order_approx: reset counter for 177 NAN/INF values in logl
 *** WARNING *** GMRFLib_2order_approx: rescue NAN/INF values in logl for idx=111
 *** WARNING *** GMRFLib_2order_approx: reset counter for 149 NAN/INF values in logl
 *** WARNING *** GMRFLib_2order_approx: rescue NAN/INF values in logl for idx=0
 *** WARNING *** GMRFLib_2order_approx: reset counter for 254 NAN/INF values in logl
 *** WARNING *** GMRFLib_2order_approx: rescue NAN/INF values in logl for idx=334
 *** WARNING *** GMRFLib_2order_approx: reset counter for 75 NAN/INF values in logl
 *** WARNING *** GMRFLib_2order_approx: rescue NAN/INF values in logl for idx=360
 *** WARNING *** GMRFLib_2order_approx: reset counter for 123 NAN/INF values in logl
 *** WARNING *** GMRFLib_2order_approx: rescue NAN/INF values in logl for idx=0
 *** WARNING *** GMRFLib_2order_approx: reset counter for 520 NAN/INF values in logl
 *** WARNING *** GMRFLib_2order_approx: rescue NAN/INF values in logl for idx=438
 *** WARNING *** GMRFLib_2order_approx: reset counter for 35 NAN/INF values in logl
 *** WARNING *** GMRFLib_2order_approx: rescue NAN/INF values in logl for idx=438
 *** WARNING *** GMRFLib_2order_approx: reset counter for 2 NAN/INF values in logl
 *** WARNING *** GMRFLib_2order_approx: rescue NAN/INF values in logl for idx=175
 *** WARNING *** GMRFLib_2order_approx: reset counter for 325 NAN/INF values in logl
 *** WARNING *** GMRFLib_2order_approx: rescue NAN/INF values in logl for idx=11
 *** WARNING *** GMRFLib_2order_approx: reset counter for 201 NAN/INF values in logl
 *** WARNING *** GMRFLib_2order_approx: rescue NAN/INF values in logl for idx=0
 *** WARNING *** GMRFLib_2order_approx: reset counter for 268 NAN/INF values in logl
 *** WARNING *** GMRFLib_2order_approx: rescue NAN/INF values in logl for idx=120
 *** WARNING *** GMRFLib_2order_approx: reset counter for 86 NAN/INF values in logl
 *** WARNING *** GMRFLib_2order_approx: rescue NAN/INF values in logl for idx=281
 *** WARNING *** GMRFLib_2order_approx: reset counter for 38 NAN/INF values in logl
 *** WARNING *** GMRFLib_2order_approx: rescue NAN/INF values in logl for idx=936
 *** WARNING *** GMRFLib_2order_approx: reset counter for 13 NAN/INF values in logl
 *** WARNING *** GMRFLib_2order_approx: rescue NAN/INF values in logl for idx=0
 *** WARNING *** GMRFLib_2order_approx: reset counter for 6 NAN/INF values in logl
 *** WARNING *** GMRFLib_2order_approx: reset counter for 6 NAN/INF values in logl
 *** WARNING *** GMRFLib_2order_approx: rescue NAN/INF values in logl for idx=39
 *** WARNING *** GMRFLib_2order_approx: reset counter for 24 NAN/INF values in logl
 *** WARNING *** GMRFLib_2order_approx: rescue NAN/INF values in logl for idx=141
 *** WARNING *** GMRFLib_2order_approx: reset counter for 336 NAN/INF values in logl
 *** WARNING *** GMRFLib_2order_approx: reset counter for 336 NAN/INF values in logl
 *** WARNING *** GMRFLib_2order_approx: rescue NAN/INF values in logl for idx=375
 *** WARNING *** GMRFLib_2order_approx: reset counter for 48 NAN/INF values in logl
 *** WARNING *** GMRFLib_2order_approx: rescue NAN/INF values in logl for idx=70
 *** WARNING *** GMRFLib_2order_approx: reset counter for 81 NAN/INF values in logl
 *** WARNING *** GMRFLib_2order_approx: rescue NAN/INF values in logl for idx=360
 *** WARNING *** GMRFLib_2order_approx: reset counter for 26 NAN/INF values in logl
 *** WARNING *** GMRFLib_2order_approx: rescue NAN/INF values in logl for idx=27
 *** WARNING *** GMRFLib_2order_approx: reset counter for 20 NAN/INF values in logl
 *** WARNING *** GMRFLib_2order_approx: rescue NAN/INF values in logl for idx=1040
 *** WARNING *** GMRFLib_2order_approx: reset counter for 2 NAN/INF values in logl
  (f) both                     N = 1090 | credible: dairy_farm,forest,fiscal_indep
  (a) exclude 2020-2021:  water_supply IRR 0.991923 (0.893092-1.101398) | dairy 1.039479 (0.998698-1.081856)
  (b) drop inpatient cost: water_supply IRR 1.013337 (0.933888-1.099488) | dairy 1.044495 (1.005500-1.084860)*
  (c) + swine/poultry:     dairy IRR 1.041887 (1.001844-1.083438)* | swine 1.006643 (0.962007-1.053370) | poultry 0.972608 (0.922625-1.025617)

## [12] Predictive diagnostics
  CPO failures = 0/1100 | mean PIT = 0.569 (well-calibrated ~ 0.5)
  CPO < 0.001: 7

## [13] Covariate estimates by random-effect structure
  M3         DIC 6339.47 WAIC 6352.34 pD 98.6 | credible: gw_household,sewer_repair,forest,health_practice,elderly_alone,alone_80_84,welfare,fiscal_indep,elderly_rate,depression
  M4         DIC 5777.86 WAIC 5686.75 pD 696.3 | credible: gw_household,sewer_repair,forest,health_practice,elderly_alone,alone_80_84,welfare,fiscal_indep,elderly_rate,depression
 *** WARNING *** GMRFLib_2order_approx: rescue NAN/INF values in logl for idx=0
 *** WARNING *** GMRFLib_2order_approx: reset counter for 384 NAN/INF values in logl
 *** WARNING *** GMRFLib_2order_approx: reset counter for 384 NAN/INF values in logl
 *** WARNING *** GMRFLib_2order_approx: rescue NAN/INF values in logl for idx=2
 *** WARNING *** GMRFLib_2order_approx: reset counter for 122 NAN/INF values in logl
 *** WARNING *** GMRFLib_2order_approx: rescue NAN/INF values in logl for idx=0
 *** WARNING *** GMRFLib_2order_approx: reset counter for 488 NAN/INF values in logl
 *** WARNING *** GMRFLib_2order_approx: rescue NAN/INF values in logl for idx=0
 *** WARNING *** GMRFLib_2order_approx: reset counter for 223 NAN/INF values in logl
 *** WARNING *** GMRFLib_2order_approx: rescue NAN/INF values in logl for idx=1045
 *** WARNING *** GMRFLib_2order_approx: reset counter for 19 NAN/INF values in logl
 *** WARNING *** GMRFLib_2order_approx: reset counter for 19 NAN/INF values in logl
 *** WARNING *** GMRFLib_2order_approx: reset counter for 19 NAN/INF values in logl
 *** WARNING *** GMRFLib_2order_approx: rescue NAN/INF values in logl for idx=545
 *** WARNING *** GMRFLib_2order_approx: reset counter for 7 NAN/INF values in logl
 *** WARNING *** GMRFLib_2order_approx: rescue NAN/INF values in logl for idx=0
 *** WARNING *** GMRFLib_2order_approx: reset counter for 474 NAN/INF values in logl
 *** WARNING *** GMRFLib_2order_approx: reset counter for 474 NAN/INF values in logl
 *** WARNING *** GMRFLib_2order_approx: rescue NAN/INF values in logl for idx=510
 *** WARNING *** GMRFLib_2order_approx: reset counter for 144 NAN/INF values in logl
 *** WARNING *** GMRFLib_2order_approx: rescue NAN/INF values in logl for idx=0
 *** WARNING *** GMRFLib_2order_approx: reset counter for 494 NAN/INF values in logl
  M5         DIC 5715.91 WAIC 5724.00 pD 103.2 | credible: dairy_farm,gw_household,forest,fiscal_indep
  M6         DIC 5703.39 WAIC 5716.06 pD 145.9 | credible: dairy_farm,gw_household,forest,fiscal_indep
  M7_yearFE  DIC 5702.40 WAIC 5716.25 pD 143.2 | credible: dairy_farm,gw_household,forest,fiscal_indep
 *** WARNING *** GMRFLib_2order_approx: rescue NAN/INF values in logl for idx=0
 *** WARNING *** GMRFLib_2order_approx: reset counter for 455 NAN/INF values in logl
 *** WARNING *** GMRFLib_2order_approx: rescue NAN/INF values in logl for idx=558
 *** WARNING *** GMRFLib_2order_approx: rescue NAN/INF values in logl for idx=0
 *** WARNING *** GMRFLib_2order_approx: reset counter for 446 NAN/INF values in logl
 *** WARNING *** GMRFLib_2order_approx: rescue NAN/INF values in logl for idx=1024
 *** WARNING *** GMRFLib_2order_approx: reset counter for 25 NAN/INF values in logl
 *** WARNING *** GMRFLib_2order_approx: rescue NAN/INF values in logl for idx=220
 *** WARNING *** GMRFLib_2order_approx: reset counter for 307 NAN/INF values in logl
 *** WARNING *** GMRFLib_2order_approx: rescue NAN/INF values in logl for idx=855
 *** WARNING *** GMRFLib_2order_approx: reset counter for 124 NAN/INF values in logl
 *** WARNING *** GMRFLib_2order_approx: rescue NAN/INF values in logl for idx=0
 *** WARNING *** GMRFLib_2order_approx: reset counter for 1100 NAN/INF values in logl
 *** WARNING *** GMRFLib_2order_approx: rescue NAN/INF values in logl for idx=0
 *** WARNING *** GMRFLib_2order_approx: reset counter for 12 NAN/INF values in logl
 *** WARNING *** GMRFLib_2order_approx: rescue NAN/INF values in logl for idx=122
 *** WARNING *** GMRFLib_2order_approx: rescue NAN/INF values in logl for idx=0
 *** WARNING *** GMRFLib_2order_approx: reset counter for 1438 NAN/INF values in logl
 *** WARNING *** GMRFLib_2order_approx: reset counter for 1656 NAN/INF values in logl
 *** WARNING *** GMRFLib_2order_approx: rescue NAN/INF values in logl for idx=0
 *** WARNING *** GMRFLib_2order_approx: reset counter for 1100 NAN/INF values in logl
 *** WARNING *** GMRFLib_2order_approx: reset counter for 1100 NAN/INF values in logl
 *** WARNING *** GMRFLib_2order_approx: rescue NAN/INF values in logl for idx=0
 *** WARNING *** GMRFLib_2order_approx: reset counter for 310 NAN/INF values in logl
 *** WARNING *** GMRFLib_2order_approx: reset counter for 757 NAN/INF values in logl
 *** WARNING *** GMRFLib_2order_approx: rescue NAN/INF values in logl for idx=0
 *** WARNING *** GMRFLib_2order_approx: reset counter for 1100 NAN/INF values in logl
 *** WARNING *** GMRFLib_2order_approx: reset counter for 1100 NAN/INF values in logl
 *** WARNING *** GMRFLib_2order_approx: rescue NAN/INF values in logl for idx=0
 *** WARNING *** GMRFLib_2order_approx: rescue NAN/INF values in logl for idx=0
 *** WARNING *** GMRFLib_2order_approx: reset counter for 1059 NAN/INF values in logl
 *** WARNING *** GMRFLib_2order_approx: reset counter for 2195 NAN/INF values in logl
 *** WARNING *** GMRFLib_2order_approx: rescue NAN/INF values in logl for idx=0
 *** WARNING *** GMRFLib_2order_approx: reset counter for 1100 NAN/INF values in logl
 *** WARNING *** GMRFLib_2order_approx: rescue NAN/INF values in logl for idx=0
 *** WARNING *** GMRFLib_2order_approx: reset counter for 1100 NAN/INF values in logl
 *** WARNING *** GMRFLib_2order_approx: rescue NAN/INF values in logl for idx=0
 *** WARNING *** GMRFLib_2order_approx: reset counter for 1100 NAN/INF values in logl
 *** WARNING *** GMRFLib_2order_approx: rescue NAN/INF values in logl for idx=0
 *** WARNING *** GMRFLib_2order_approx: reset counter for 491 NAN/INF values in logl
 *** WARNING *** GMRFLib_2order_approx: reset counter for 384 NAN/INF values in logl
 *** WARNING *** GMRFLib_2order_approx: rescue NAN/INF values in logl for idx=1023
 *** WARNING *** GMRFLib_2order_approx: rescue NAN/INF values in logl for idx=0
 *** WARNING *** GMRFLib_2order_approx: reset counter for 344 NAN/INF values in logl
 *** WARNING *** GMRFLib_2order_approx: reset counter for 1886 NAN/INF values in logl
 *** WARNING *** GMRFLib_2order_approx: rescue NAN/INF values in logl for idx=0
 *** WARNING *** GMRFLib_2order_approx: reset counter for 1100 NAN/INF values in logl
 *** WARNING *** GMRFLib_2order_approx: rescue NAN/INF values in logl for idx=0
 *** WARNING *** GMRFLib_2order_approx: reset counter for 1001 NAN/INF values in logl
 *** WARNING *** GMRFLib_2order_approx: rescue NAN/INF values in logl for idx=1042
 *** WARNING *** GMRFLib_2order_approx: reset counter for 58 NAN/INF values in logl
 *** WARNING *** GMRFLib_2order_approx: rescue NAN/INF values in logl for idx=0
 *** WARNING *** GMRFLib_2order_approx: reset counter for 1100 NAN/INF values in logl
 *** WARNING *** GMRFLib_2order_approx: rescue NAN/INF values in logl for idx=0
 *** WARNING *** GMRFLib_2order_approx: reset counter for 1100 NAN/INF values in logl
 *** WARNING *** GMRFLib_2order_approx: rescue NAN/INF values in logl for idx=0
 *** WARNING *** GMRFLib_2order_approx: reset counter for 134 NAN/INF values in logl
 *** WARNING *** GMRFLib_2order_approx: rescue NAN/INF values in logl for idx=179
 *** WARNING *** GMRFLib_2order_approx: rescue NAN/INF values in logl for idx=0
 *** WARNING *** GMRFLib_2order_approx: reset counter for 2021 NAN/INF values in logl
 *** WARNING *** GMRFLib_2order_approx: rescue NAN/INF values in logl for idx=0
 *** WARNING *** GMRFLib_2order_approx: reset counter for 434 NAN/INF values in logl
 *** WARNING *** GMRFLib_2order_approx: rescue NAN/INF values in logl for idx=521
 *** WARNING *** GMRFLib_2order_approx: reset counter for 579 NAN/INF values in logl
 *** WARNING *** GMRFLib_2order_approx: rescue NAN/INF values in logl for idx=0
 *** WARNING *** GMRFLib_2order_approx: reset counter for 1100 NAN/INF values in logl
 *** WARNING *** GMRFLib_2order_approx: rescue NAN/INF values in logl for idx=0
 *** WARNING *** GMRFLib_2order_approx: reset counter for 996 NAN/INF values in logl
 *** WARNING *** GMRFLib_2order_approx: rescue NAN/INF values in logl for idx=0
 *** WARNING *** GMRFLib_2order_approx: rescue NAN/INF values in logl for idx=1079
 *** WARNING *** GMRFLib_2order_approx: reset counter for 1121 NAN/INF values in logl
 *** WARNING *** GMRFLib_2order_approx: rescue NAN/INF values in logl for idx=0
 *** WARNING *** GMRFLib_2order_approx: reset counter for 286 NAN/INF values in logl
 *** WARNING *** GMRFLib_2order_approx: rescue NAN/INF values in logl for idx=330
 *** WARNING *** GMRFLib_2order_approx: rescue NAN/INF values in logl for idx=0
 *** WARNING *** GMRFLib_2order_approx: reset counter for 1870 NAN/INF values in logl
 *** WARNING *** GMRFLib_2order_approx: rescue NAN/INF values in logl for idx=0
 *** WARNING *** GMRFLib_2order_approx: reset counter for 1100 NAN/INF values in logl
 *** WARNING *** GMRFLib_2order_approx: rescue NAN/INF values in logl for idx=0
 *** WARNING *** GMRFLib_2order_approx: reset counter for 913 NAN/INF values in logl
 *** WARNING *** GMRFLib_2order_approx: rescue NAN/INF values in logl for idx=949
 *** WARNING *** GMRFLib_2order_approx: reset counter for 151 NAN/INF values in logl
 *** WARNING *** GMRFLib_2order_approx: rescue NAN/INF values in logl for idx=0
 *** WARNING *** GMRFLib_2order_approx: reset counter for 143 NAN/INF values in logl
 *** WARNING *** GMRFLib_2order_approx: reset counter for 1949 NAN/INF values in logl
 *** WARNING *** GMRFLib_2order_approx: rescue NAN/INF values in logl for idx=0
 *** WARNING *** GMRFLib_2order_approx: reset counter for 424 NAN/INF values in logl
 *** WARNING *** GMRFLib_2order_approx: reset counter for 477 NAN/INF values in logl
 *** WARNING *** GMRFLib_2order_approx: reset counter for 2 NAN/INF values in logl
 *** WARNING *** GMRFLib_2order_approx: rescue NAN/INF values in logl for idx=760
 *** WARNING *** GMRFLib_2order_approx: rescue NAN/INF values in logl for idx=293
 *** WARNING *** GMRFLib_2order_approx: reset counter for 1147 NAN/INF values in logl
 *** WARNING *** GMRFLib_2order_approx: rescue NAN/INF values in logl for idx=0
 *** WARNING *** GMRFLib_2order_approx: reset counter for 1100 NAN/INF values in logl
 *** WARNING *** GMRFLib_2order_approx: rescue NAN/INF values in logl for idx=0
 *** WARNING *** GMRFLib_2order_approx: reset counter for 1100 NAN/INF values in logl
 *** WARNING *** GMRFLib_2order_approx: rescue NAN/INF values in logl for idx=0
 *** WARNING *** GMRFLib_2order_approx: reset counter for 734 NAN/INF values in logl
 *** WARNING *** GMRFLib_2order_approx: rescue NAN/INF values in logl for idx=0
 *** WARNING *** GMRFLib_2order_approx: rescue NAN/INF values in logl for idx=840
 *** WARNING *** GMRFLib_2order_approx: reset counter for 1360 NAN/INF values in logl
 *** WARNING *** GMRFLib_2order_approx: rescue NAN/INF values in logl for idx=0
 *** WARNING *** GMRFLib_2order_approx: reset counter for 389 NAN/INF values in logl
 *** WARNING *** GMRFLib_2order_approx: rescue NAN/INF values in logl for idx=428
 *** WARNING *** GMRFLib_2order_approx: rescue NAN/INF values in logl for idx=0
 *** WARNING *** GMRFLib_2order_approx: reset counter for 952 NAN/INF values in logl
 *** WARNING *** GMRFLib_2order_approx: rescue NAN/INF values in logl for idx=467
 *** WARNING *** GMRFLib_2order_approx: rescue NAN/INF values in logl for idx=977
 *** WARNING *** GMRFLib_2order_approx: reset counter for 756 NAN/INF values in logl
 *** WARNING *** GMRFLib_2order_approx: rescue NAN/INF values in logl for idx=0
 *** WARNING *** GMRFLib_2order_approx: reset counter for 1100 NAN/INF values in logl
 *** WARNING *** GMRFLib_2order_approx: rescue NAN/INF values in logl for idx=0
 *** WARNING *** GMRFLib_2order_approx: reset counter for 1100 NAN/INF values in logl
 *** WARNING *** GMRFLib_2order_approx: rescue NAN/INF values in logl for idx=0
 *** WARNING *** GMRFLib_2order_approx: reset counter for 868 NAN/INF values in logl
 *** WARNING *** GMRFLib_2order_approx: rescue NAN/INF values in logl for idx=0
 *** WARNING *** GMRFLib_2order_approx: rescue NAN/INF values in logl for idx=969
 *** WARNING *** GMRFLib_2order_approx: reset counter for 1231 NAN/INF values in logl
 *** WARNING *** GMRFLib_2order_approx: rescue NAN/INF values in logl for idx=0
 *** WARNING *** GMRFLib_2order_approx: reset counter for 263 NAN/INF values in logl
 *** WARNING *** GMRFLib_2order_approx: reset counter for 1585 NAN/INF values in logl
 *** WARNING *** GMRFLib_2order_approx: rescue NAN/INF values in logl for idx=834
 *** WARNING *** GMRFLib_2order_approx: reset counter for 266 NAN/INF values in logl
 *** WARNING *** GMRFLib_2order_approx: rescue NAN/INF values in logl for idx=0
 *** WARNING *** GMRFLib_2order_approx: reset counter for 1100 NAN/INF values in logl
 *** WARNING *** GMRFLib_2order_approx: rescue NAN/INF values in logl for idx=0
 *** WARNING *** GMRFLib_2order_approx: reset counter for 1100 NAN/INF values in logl
 *** WARNING *** GMRFLib_2order_approx: rescue NAN/INF values in logl for idx=0
 *** WARNING *** GMRFLib_2order_approx: reset counter for 137 NAN/INF values in logl
 *** WARNING *** GMRFLib_2order_approx: rescue NAN/INF values in logl for idx=239
 *** WARNING *** GMRFLib_2order_approx: reset counter for 611 NAN/INF values in logl
 *** WARNING *** GMRFLib_2order_approx: rescue NAN/INF values in logl for idx=0
 *** WARNING *** GMRFLib_2order_approx: rescue NAN/INF values in logl for idx=913
 *** WARNING *** GMRFLib_2order_approx: reset counter for 1287 NAN/INF values in logl
 *** WARNING *** GMRFLib_2order_approx: rescue NAN/INF values in logl for idx=0
 *** WARNING *** GMRFLib_2order_approx: reset counter for 314 NAN/INF values in logl
 *** WARNING *** GMRFLib_2order_approx: rescue NAN/INF values in logl for idx=392
 *** WARNING *** GMRFLib_2order_approx: rescue NAN/INF values in logl for idx=0
 *** WARNING *** GMRFLib_2order_approx: reset counter for 1808 NAN/INF values in logl
 *** WARNING *** GMRFLib_2order_approx: rescue NAN/INF values in logl for idx=0
 *** WARNING *** GMRFLib_2order_approx: reset counter for 1100 NAN/INF values in logl
 *** WARNING *** GMRFLib_2order_approx: rescue NAN/INF values in logl for idx=0
 *** WARNING *** GMRFLib_2order_approx: reset counter for 1100 NAN/INF values in logl
 *** WARNING *** GMRFLib_2order_approx: rescue NAN/INF values in logl for idx=0
 *** WARNING *** GMRFLib_2order_approx: reset counter for 435 NAN/INF values in logl
 *** WARNING *** GMRFLib_2order_approx: reset counter for 559 NAN/INF values in logl
 *** WARNING *** GMRFLib_2order_approx: rescue NAN/INF values in logl for idx=0
 *** WARNING *** GMRFLib_2order_approx: reset counter for 1100 NAN/INF values in logl
 *** WARNING *** GMRFLib_2order_approx: rescue NAN/INF values in logl for idx=0
 *** WARNING *** GMRFLib_2order_approx: reset counter for 298 NAN/INF values in logl
 *** WARNING *** GMRFLib_2order_approx: reset counter for 1351 NAN/INF values in logl
 *** WARNING *** GMRFLib_2order_approx: rescue NAN/INF values in logl for idx=743
 *** WARNING *** GMRFLib_2order_approx: rescue NAN/INF values in logl for idx=1096
 *** WARNING *** GMRFLib_2order_approx: reset counter for 315 NAN/INF values in logl
 *** WARNING *** GMRFLib_2order_approx: rescue NAN/INF values in logl for idx=1075
 *** WARNING *** GMRFLib_2order_approx: reset counter for 25 NAN/INF values in logl
 *** WARNING *** GMRFLib_2order_approx: rescue NAN/INF values in logl for idx=0
 *** WARNING *** GMRFLib_2order_approx: reset counter for 1100 NAN/INF values in logl
 *** WARNING *** GMRFLib_2order_approx: rescue NAN/INF values in logl for idx=0
 *** WARNING *** GMRFLib_2order_approx: reset counter for 1100 NAN/INF values in logl
 *** WARNING *** GMRFLib_2order_approx: rescue NAN/INF values in logl for idx=0
 *** WARNING *** GMRFLib_2order_approx: reset counter for 535 NAN/INF values in logl
 *** WARNING *** GMRFLib_2order_approx: rescue NAN/INF values in logl for idx=776
 *** WARNING *** GMRFLib_2order_approx: reset counter for 216 NAN/INF values in logl
 *** WARNING *** GMRFLib_2order_approx: rescue NAN/INF values in logl for idx=0
 *** WARNING *** GMRFLib_2order_approx: rescue NAN/INF values in logl for idx=1040
 *** WARNING *** GMRFLib_2order_approx: reset counter for 1160 NAN/INF values in logl
 *** WARNING *** GMRFLib_2order_approx: rescue NAN/INF values in logl for idx=0
 *** WARNING *** GMRFLib_2order_approx: reset counter for 537 NAN/INF values in logl
 *** WARNING *** GMRFLib_2order_approx: rescue NAN/INF values in logl for idx=573
 *** WARNING *** GMRFLib_2order_approx: rescue NAN/INF values in logl for idx=0
 *** WARNING *** GMRFLib_2order_approx: reset counter for 506 NAN/INF values in logl
 *** WARNING *** GMRFLib_2order_approx: reset counter for 576 NAN/INF values in logl
 *** WARNING *** GMRFLib_2order_approx: reset counter for 2 NAN/INF values in logl
 *** WARNING *** GMRFLib_2order_approx: reset counter for 163 NAN/INF values in logl
 *** WARNING *** GMRFLib_2order_approx: rescue NAN/INF values in logl for idx=901
 *** WARNING *** GMRFLib_2order_approx: reset counter for 199 NAN/INF values in logl
 *** WARNING *** GMRFLib_2order_approx: rescue NAN/INF values in logl for idx=0
 *** WARNING *** GMRFLib_2order_approx: reset counter for 1100 NAN/INF values in logl
 *** WARNING *** GMRFLib_2order_approx: rescue NAN/INF values in logl for idx=0
 *** WARNING *** GMRFLib_2order_approx: reset counter for 1100 NAN/INF values in logl
 *** WARNING *** GMRFLib_2order_approx: rescue NAN/INF values in logl for idx=0
 *** WARNING *** GMRFLib_2order_approx: reset counter for 641 NAN/INF values in logl
 *** WARNING *** GMRFLib_2order_approx: reset counter for 320 NAN/INF values in logl
 *** WARNING *** GMRFLib_2order_approx: rescue NAN/INF values in logl for idx=0
 *** WARNING *** GMRFLib_2order_approx: rescue NAN/INF values in logl for idx=1029
 *** WARNING *** GMRFLib_2order_approx: reset counter for 1171 NAN/INF values in logl
 *** WARNING *** GMRFLib_2order_approx: rescue NAN/INF values in logl for idx=0
 *** WARNING *** GMRFLib_2order_approx: reset counter for 637 NAN/INF values in logl
 *** WARNING *** GMRFLib_2order_approx: reset counter for 296 NAN/INF values in logl
 *** WARNING *** GMRFLib_2order_approx: rescue NAN/INF values in logl for idx=1058
 *** WARNING *** GMRFLib_2order_approx: rescue NAN/INF values in logl for idx=0
 *** WARNING *** GMRFLib_2order_approx: reset counter for 264 NAN/INF values in logl
 *** WARNING *** GMRFLib_2order_approx: reset counter for 860 NAN/INF values in logl
 *** WARNING *** GMRFLib_2order_approx: rescue NAN/INF values in logl for idx=0
 *** WARNING *** GMRFLib_2order_approx: reset counter for 1100 NAN/INF values in logl
 *** WARNING *** GMRFLib_2order_approx: rescue NAN/INF values in logl for idx=0
 *** WARNING *** GMRFLib_2order_approx: reset counter for 1100 NAN/INF values in logl
 *** WARNING *** GMRFLib_2order_approx: rescue NAN/INF values in logl for idx=0
 *** WARNING *** GMRFLib_2order_approx: reset counter for 625 NAN/INF values in logl
 *** WARNING *** GMRFLib_2order_approx: rescue NAN/INF values in logl for idx=676
 *** WARNING *** GMRFLib_2order_approx: reset counter for 325 NAN/INF values in logl
 *** WARNING *** GMRFLib_2order_approx: rescue NAN/INF values in logl for idx=0
 *** WARNING *** GMRFLib_2order_approx: rescue NAN/INF values in logl for idx=1049
 *** WARNING *** GMRFLib_2order_approx: reset counter for 1151 NAN/INF values in logl
 *** WARNING *** GMRFLib_2order_approx: rescue NAN/INF values in logl for idx=0
 *** WARNING *** GMRFLib_2order_approx: reset counter for 268 NAN/INF values in logl
 *** WARNING *** GMRFLib_2order_approx: rescue NAN/INF values in logl for idx=357
 *** WARNING *** GMRFLib_2order_approx: reset counter for 244 NAN/INF values in logl
 *** WARNING *** GMRFLib_2order_approx: reset counter for 2 NAN/INF values in logl
 *** WARNING *** GMRFLib_2order_approx: reset counter for 303 NAN/INF values in logl
 *** WARNING *** GMRFLib_2order_approx: rescue NAN/INF values in logl for idx=963
 *** WARNING *** GMRFLib_2order_approx: reset counter for 10 NAN/INF values in logl
 *** WARNING *** GMRFLib_2order_approx: rescue NAN/INF values in logl for idx=0
 *** WARNING *** GMRFLib_2order_approx: reset counter for 1165 NAN/INF values in logl
 *** WARNING *** GMRFLib_2order_approx: rescue NAN/INF values in logl for idx=0
 *** WARNING *** GMRFLib_2order_approx: reset counter for 1100 NAN/INF values in logl
 *** WARNING *** GMRFLib_2order_approx: rescue NAN/INF values in logl for idx=0
 *** WARNING *** GMRFLib_2order_approx: reset counter for 166 NAN/INF values in logl
 *** WARNING *** GMRFLib_2order_approx: rescue NAN/INF values in logl for idx=200
 *** WARNING *** GMRFLib_2order_approx: reset counter for 900 NAN/INF values in logl
 *** WARNING *** GMRFLib_2order_approx: rescue NAN/INF values in logl for idx=0
 *** WARNING *** GMRFLib_2order_approx: reset counter for 619 NAN/INF values in logl
 *** WARNING *** GMRFLib_2order_approx: reset counter for 435 NAN/INF values in logl
 *** WARNING *** GMRFLib_2order_approx: rescue NAN/INF values in logl for idx=0
 *** WARNING *** GMRFLib_2order_approx: reset counter for 1100 NAN/INF values in logl
 *** WARNING *** GMRFLib_2order_approx: rescue NAN/INF values in logl for idx=0
 *** WARNING *** GMRFLib_2order_approx: reset counter for 39 NAN/INF values in logl
 *** WARNING *** GMRFLib_2order_approx: reset counter for 2 NAN/INF values in logl
 *** WARNING *** GMRFLib_2order_approx: reset counter for 466 NAN/INF values in logl
 *** WARNING *** GMRFLib_2order_approx: rescue NAN/INF values in logl for idx=592
 *** WARNING *** GMRFLib_2order_approx: reset counter for 302 NAN/INF values in logl
 *** WARNING *** GMRFLib_2order_approx: reset counter for 1259 NAN/INF values in logl
 *** WARNING *** GMRFLib_2order_approx: rescue NAN/INF values in logl for idx=0
 *** WARNING *** GMRFLib_2order_approx: reset counter for 1100 NAN/INF values in logl
 *** WARNING *** GMRFLib_2order_approx: rescue NAN/INF values in logl for idx=0
 *** WARNING *** GMRFLib_2order_approx: reset counter for 515 NAN/INF values in logl
 *** WARNING *** GMRFLib_2order_approx: reset counter for 2 NAN/INF values in logl
 *** WARNING *** GMRFLib_2order_approx: reset counter for 2 NAN/INF values in logl
 *** WARNING *** GMRFLib_2order_approx: rescue NAN/INF values in logl for idx=611
 *** WARNING *** GMRFLib_2order_approx: reset counter for 489 NAN/INF values in logl
 *** WARNING *** GMRFLib_2order_approx: rescue NAN/INF values in logl for idx=0
 *** WARNING *** GMRFLib_2order_approx: reset counter for 847 NAN/INF values in logl
 *** WARNING *** GMRFLib_2order_approx: rescue NAN/INF values in logl for idx=894
 *** WARNING *** GMRFLib_2order_approx: reset counter for 206 NAN/INF values in logl
 *** WARNING *** GMRFLib_2order_approx: rescue NAN/INF values in logl for idx=0
 *** WARNING *** GMRFLib_2order_approx: reset counter for 1100 NAN/INF values in logl
 *** WARNING *** GMRFLib_2order_approx: rescue NAN/INF values in logl for idx=0
 *** WARNING *** GMRFLib_2order_approx: reset counter for 244 NAN/INF values in logl
 *** WARNING *** GMRFLib_2order_approx: rescue NAN/INF values in logl for idx=276
 *** WARNING *** GMRFLib_2order_approx: reset counter for 762 NAN/INF values in logl
 *** WARNING *** GMRFLib_2order_approx: reset counter for 1136 NAN/INF values in logl

## [14] Numerical stability
 *** WARNING *** GMRFLib_2order_approx: rescue NAN/INF values in logl for idx=6
 *** WARNING *** GMRFLib_2order_approx: reset counter for 61 NAN/INF values in logl
 *** WARNING *** GMRFLib_2order_approx: rescue NAN/INF values in logl for idx=110
 *** WARNING *** GMRFLib_2order_approx: reset counter for 28 NAN/INF values in logl
 *** WARNING *** GMRFLib_2order_approx: rescue NAN/INF values in logl for idx=1070
 *** WARNING *** GMRFLib_2order_approx: reset counter for 3 NAN/INF values in logl
 *** WARNING *** GMRFLib_2order_approx: rescue NAN/INF values in logl for idx=0
 *** WARNING *** GMRFLib_2order_approx: reset counter for 220 NAN/INF values in logl
 *** WARNING *** GMRFLib_2order_approx: rescue NAN/INF values in logl for idx=760
 *** WARNING *** GMRFLib_2order_approx: reset counter for 54 NAN/INF values in logl
 *** WARNING *** GMRFLib_2order_approx: rescue NAN/INF values in logl for idx=0
 *** WARNING *** GMRFLib_2order_approx: rescue NAN/INF values in logl for idx=0
 *** WARNING *** GMRFLib_2order_approx: reset counter for 237 NAN/INF values in logl
 *** WARNING *** GMRFLib_2order_approx: rescue NAN/INF values in logl for idx=0
 *** WARNING *** GMRFLib_2order_approx: rescue NAN/INF values in logl for idx=438
 *** WARNING *** GMRFLib_2order_approx: reset counter for 91 NAN/INF values in logl
 *** WARNING *** GMRFLib_2order_approx: reset counter for 91 NAN/INF values in logl
 *** WARNING *** GMRFLib_2order_approx: rescue NAN/INF values in logl for idx=105
 *** WARNING *** GMRFLib_2order_approx: reset counter for 31 NAN/INF values in logl
 *** WARNING *** GMRFLib_2order_approx: reset counter for 31 NAN/INF values in logl
 *** WARNING *** GMRFLib_2order_approx: reset counter for 31 NAN/INF values in logl
 *** WARNING *** GMRFLib_2order_approx: rescue NAN/INF values in logl for idx=0
 *** WARNING *** GMRFLib_2order_approx: reset counter for 273 NAN/INF values in logl
 *** WARNING *** GMRFLib_2order_approx: rescue NAN/INF values in logl for idx=595
 *** WARNING *** GMRFLib_2order_approx: reset counter for 110 NAN/INF values in logl
 *** WARNING *** GMRFLib_2order_approx: rescue NAN/INF values in logl for idx=0
 *** WARNING *** GMRFLib_2order_approx: reset counter for 207 NAN/INF values in logl
 *** WARNING *** GMRFLib_2order_approx: rescue NAN/INF values in logl for idx=760
 *** WARNING *** GMRFLib_2order_approx: reset counter for 65 NAN/INF values in logl
 *** WARNING *** GMRFLib_2order_approx: rescue NAN/INF values in logl for idx=0
 *** WARNING *** GMRFLib_2order_approx: reset counter for 62 NAN/INF values in logl
 *** WARNING *** GMRFLib_2order_approx: rescue NAN/INF values in logl for idx=0
 *** WARNING *** GMRFLib_2order_approx: reset counter for 449 NAN/INF values in logl
 *** WARNING *** GMRFLib_2order_approx: rescue NAN/INF values in logl for idx=0
 *** WARNING *** GMRFLib_2order_approx: reset counter for 276 NAN/INF values in logl
 *** WARNING *** GMRFLib_2order_approx: rescue NAN/INF values in logl for idx=140
 *** WARNING *** GMRFLib_2order_approx: reset counter for 6 NAN/INF values in logl
 *** WARNING *** GMRFLib_2order_approx: rescue NAN/INF values in logl for idx=90
 *** WARNING *** GMRFLib_2order_approx: reset counter for 116 NAN/INF values in logl
 *** WARNING *** GMRFLib_2order_approx: rescue NAN/INF values in logl for idx=0
 *** WARNING *** GMRFLib_2order_approx: reset counter for 382 NAN/INF values in logl
 *** WARNING *** GMRFLib_2order_approx: rescue NAN/INF values in logl for idx=625
 *** WARNING *** GMRFLib_2order_approx: reset counter for 131 NAN/INF values in logl
 *** WARNING *** GMRFLib_2order_approx: rescue NAN/INF values in logl for idx=0
 *** WARNING *** GMRFLib_2order_approx: reset counter for 153 NAN/INF values in logl
 *** WARNING *** GMRFLib_2order_approx: rescue NAN/INF values in logl for idx=632
 *** WARNING *** GMRFLib_2order_approx: reset counter for 7 NAN/INF values in logl
 *** WARNING *** GMRFLib_2order_approx: rescue NAN/INF values in logl for idx=1040
 *** WARNING *** GMRFLib_2order_approx: reset counter for 36 NAN/INF values in logl
 *** WARNING *** GMRFLib_2order_approx: rescue NAN/INF values in logl for idx=130
 *** WARNING *** GMRFLib_2order_approx: reset counter for 122 NAN/INF values in logl
 *** WARNING *** GMRFLib_2order_approx: rescue NAN/INF values in logl for idx=491
 *** WARNING *** GMRFLib_2order_approx: reset counter for 12 NAN/INF values in logl
 *** WARNING *** GMRFLib_2order_approx: rescue NAN/INF values in logl for idx=600
 *** WARNING *** GMRFLib_2order_approx: reset counter for 82 NAN/INF values in logl
 *** WARNING *** GMRFLib_2order_approx: rescue NAN/INF values in logl for idx=0
 *** WARNING *** GMRFLib_2order_approx: reset counter for 106 NAN/INF values in logl
 *** WARNING *** GMRFLib_2order_approx: rescue NAN/INF values in logl for idx=360
 *** WARNING *** GMRFLib_2order_approx: reset counter for 144 NAN/INF values in logl
 *** WARNING *** GMRFLib_2order_approx: rescue NAN/INF values in logl for idx=173
 *** WARNING *** GMRFLib_2order_approx: reset counter for 523 NAN/INF values in logl
 *** WARNING *** GMRFLib_2order_approx: rescue NAN/INF values in logl for idx=0
 *** WARNING *** GMRFLib_2order_approx: reset counter for 604 NAN/INF values in logl
 *** WARNING *** GMRFLib_2order_approx: rescue NAN/INF values in logl for idx=10
 *** WARNING *** GMRFLib_2order_approx: reset counter for 542 NAN/INF values in logl
 *** WARNING *** GMRFLib_2order_approx: rescue NAN/INF values in logl for idx=0
 *** WARNING *** GMRFLib_2order_approx: reset counter for 579 NAN/INF values in logl
 *** WARNING *** GMRFLib_2order_approx: rescue NAN/INF values in logl for idx=0
 *** WARNING *** GMRFLib_2order_approx: reset counter for 587 NAN/INF values in logl
 *** WARNING *** GMRFLib_2order_approx: rescue NAN/INF values in logl for idx=0
 *** WARNING *** GMRFLib_2order_approx: reset counter for 595 NAN/INF values in logl
 *** WARNING *** GMRFLib_2order_approx: rescue NAN/INF values in logl for idx=0
 *** WARNING *** GMRFLib_2order_approx: reset counter for 603 NAN/INF values in logl
 *** WARNING *** GMRFLib_2order_approx: rescue NAN/INF values in logl for idx=0
 *** WARNING *** GMRFLib_2order_approx: reset counter for 572 NAN/INF values in logl
  default     DIC 5702.31 WAIC 5715.54 | credible: dairy_farm_z,gw_household_z,forest_z,fiscal_indep_z
  vb_off      DIC 5704.28 WAIC 5716.85 | credible: dairy_farm_z,gw_household_z,forest_z,fiscal_indep_z
 *** WARNING *** GMRFLib_2order_approx: rescue NAN/INF values in logl for idx=0
 *** WARNING *** GMRFLib_2order_approx: reset counter for 12 NAN/INF values in logl
 *** WARNING *** GMRFLib_2order_approx: rescue NAN/INF values in logl for idx=75
 *** WARNING *** GMRFLib_2order_approx: reset counter for 127 NAN/INF values in logl
 *** WARNING *** GMRFLib_2order_approx: rescue NAN/INF values in logl for idx=105
 *** WARNING *** GMRFLib_2order_approx: reset counter for 10 NAN/INF values in logl
 *** WARNING *** GMRFLib_2order_approx: rescue NAN/INF values in logl for idx=360
 *** WARNING *** GMRFLib_2order_approx: reset counter for 48 NAN/INF values in logl
 *** WARNING *** GMRFLib_2order_approx: rescue NAN/INF values in logl for idx=1070
 *** WARNING *** GMRFLib_2order_approx: reset counter for 3 NAN/INF values in logl
 *** WARNING *** GMRFLib_2order_approx: reset counter for 3 NAN/INF values in logl
 *** WARNING *** GMRFLib_2order_approx: rescue NAN/INF values in logl for idx=111
 *** WARNING *** GMRFLib_2order_approx: reset counter for 18 NAN/INF values in logl
 *** WARNING *** GMRFLib_2order_approx: rescue NAN/INF values in logl for idx=1040
 *** WARNING *** GMRFLib_2order_approx: reset counter for 13 NAN/INF values in logl
 *** WARNING *** GMRFLib_2order_approx: rescue NAN/INF values in logl for idx=0
 *** WARNING *** GMRFLib_2order_approx: reset counter for 143 NAN/INF values in logl
 *** WARNING *** GMRFLib_2order_approx: rescue NAN/INF values in logl for idx=226
 *** WARNING *** GMRFLib_2order_approx: reset counter for 347 NAN/INF values in logl
 *** WARNING *** GMRFLib_2order_approx: rescue NAN/INF values in logl for idx=0
 *** WARNING *** GMRFLib_2order_approx: reset counter for 263 NAN/INF values in logl
 *** WARNING *** GMRFLib_2order_approx: rescue NAN/INF values in logl for idx=760
 *** WARNING *** GMRFLib_2order_approx: reset counter for 78 NAN/INF values in logl
 *** WARNING *** GMRFLib_2order_approx: rescue NAN/INF values in logl for idx=0
 *** WARNING *** GMRFLib_2order_approx: reset counter for 162 NAN/INF values in logl
 *** WARNING *** GMRFLib_2order_approx: rescue NAN/INF values in logl for idx=1040
 *** WARNING *** GMRFLib_2order_approx: reset counter for 43 NAN/INF values in logl
 *** WARNING *** GMRFLib_2order_approx: rescue NAN/INF values in logl for idx=108
 *** WARNING *** GMRFLib_2order_approx: reset counter for 34 NAN/INF values in logl
 *** WARNING *** GMRFLib_2order_approx: rescue NAN/INF values in logl for idx=0
 *** WARNING *** GMRFLib_2order_approx: reset counter for 473 NAN/INF values in logl
 *** WARNING *** GMRFLib_2order_approx: rescue NAN/INF values in logl for idx=0
 *** WARNING *** GMRFLib_2order_approx: reset counter for 333 NAN/INF values in logl
 *** WARNING *** GMRFLib_2order_approx: rescue NAN/INF values in logl for idx=75
 *** WARNING *** GMRFLib_2order_approx: reset counter for 208 NAN/INF values in logl
 *** WARNING *** GMRFLib_2order_approx: rescue NAN/INF values in logl for idx=108
 *** WARNING *** GMRFLib_2order_approx: reset counter for 74 NAN/INF values in logl
 *** WARNING *** GMRFLib_2order_approx: rescue NAN/INF values in logl for idx=190
 *** WARNING *** GMRFLib_2order_approx: reset counter for 51 NAN/INF values in logl
 *** WARNING *** GMRFLib_2order_approx: rescue NAN/INF values in logl for idx=1035
 *** WARNING *** GMRFLib_2order_approx: reset counter for 23 NAN/INF values in logl
 *** WARNING *** GMRFLib_2order_approx: rescue NAN/INF values in logl for idx=438
 *** WARNING *** GMRFLib_2order_approx: reset counter for 3 NAN/INF values in logl
 *** WARNING *** GMRFLib_2order_approx: rescue NAN/INF values in logl for idx=0
 *** WARNING *** GMRFLib_2order_approx: reset counter for 521 NAN/INF values in logl
 *** WARNING *** GMRFLib_2order_approx: rescue NAN/INF values in logl for idx=0
 *** WARNING *** GMRFLib_2order_approx: reset counter for 340 NAN/INF values in logl
 *** WARNING *** GMRFLib_2order_approx: rescue NAN/INF values in logl for idx=755
 *** WARNING *** GMRFLib_2order_approx: reset counter for 25 NAN/INF values in logl
 *** WARNING *** GMRFLib_2order_approx: reset counter for 25 NAN/INF values in logl
 *** WARNING *** GMRFLib_2order_approx: rescue NAN/INF values in logl for idx=375
 *** WARNING *** GMRFLib_2order_approx: reset counter for 9 NAN/INF values in logl
 *** WARNING *** GMRFLib_2order_approx: reset counter for 9 NAN/INF values in logl
 *** WARNING *** GMRFLib_2order_approx: rescue NAN/INF values in logl for idx=797
 *** WARNING *** GMRFLib_2order_approx: reset counter for 4 NAN/INF values in logl
 *** WARNING *** GMRFLib_2order_approx: rescue NAN/INF values in logl for idx=0
 *** WARNING *** GMRFLib_2order_approx: reset counter for 675 NAN/INF values in logl
 *** WARNING *** GMRFLib_2order_approx: rescue NAN/INF values in logl for idx=558
 *** WARNING *** GMRFLib_2order_approx: reset counter for 3 NAN/INF values in logl
  laplace     DIC 5703.87 WAIC 5715.95 | credible: dairy_farm_z,gw_household_z,forest_z,fiscal_indep_z
  grid_int    DIC 5703.86 WAIC 5716.46 | credible: dairy_farm_z,gw_household_z,forest_z,fiscal_indep_z
 *** WARNING *** GMRFLib_2order_approx: rescue NAN/INF values in logl for idx=0
 *** WARNING *** GMRFLib_2order_approx: reset counter for 83 NAN/INF values in logl
 *** WARNING *** GMRFLib_2order_approx: rescue NAN/INF values in logl for idx=0
 *** WARNING *** GMRFLib_2order_approx: reset counter for 316 NAN/INF values in logl
 *** WARNING *** GMRFLib_2order_approx: rescue NAN/INF values in logl for idx=105
 *** WARNING *** GMRFLib_2order_approx: reset counter for 37 NAN/INF values in logl
 *** WARNING *** GMRFLib_2order_approx: rescue NAN/INF values in logl for idx=0
 *** WARNING *** GMRFLib_2order_approx: reset counter for 263 NAN/INF values in logl
 *** WARNING *** GMRFLib_2order_approx: rescue NAN/INF values in logl for idx=1040
 *** WARNING *** GMRFLib_2order_approx: reset counter for 7 NAN/INF values in logl
 *** WARNING *** GMRFLib_2order_approx: rescue NAN/INF values in logl for idx=0
 *** WARNING *** GMRFLib_2order_approx: reset counter for 150 NAN/INF values in logl
 *** WARNING *** GMRFLib_2order_approx: rescue NAN/INF values in logl for idx=90
 *** WARNING *** GMRFLib_2order_approx: reset counter for 28 NAN/INF values in logl
 *** WARNING *** GMRFLib_2order_approx: rescue NAN/INF values in logl for idx=1040
 *** WARNING *** GMRFLib_2order_approx: reset counter for 16 NAN/INF values in logl
 *** WARNING *** GMRFLib_2order_approx: rescue NAN/INF values in logl for idx=1070
 *** WARNING *** GMRFLib_2order_approx: reset counter for 2 NAN/INF values in logl
 *** WARNING *** GMRFLib_2order_approx: rescue NAN/INF values in logl for idx=52
 *** WARNING *** GMRFLib_2order_approx: reset counter for 111 NAN/INF values in logl
 *** WARNING *** GMRFLib_2order_approx: rescue NAN/INF values in logl for idx=399
 *** WARNING *** GMRFLib_2order_approx: reset counter for 37 NAN/INF values in logl
 *** WARNING *** GMRFLib_2order_approx: rescue NAN/INF values in logl for idx=0
 *** WARNING *** GMRFLib_2order_approx: reset counter for 255 NAN/INF values in logl
 *** WARNING *** GMRFLib_2order_approx: rescue NAN/INF values in logl for idx=1040
 *** WARNING *** GMRFLib_2order_approx: reset counter for 15 NAN/INF values in logl
 *** WARNING *** GMRFLib_2order_approx: rescue NAN/INF values in logl for idx=0
 *** WARNING *** GMRFLib_2order_approx: reset counter for 106 NAN/INF values in logl
 *** WARNING *** GMRFLib_2order_approx: rescue NAN/INF values in logl for idx=645
 *** WARNING *** GMRFLib_2order_approx: reset counter for 2 NAN/INF values in logl
 *** WARNING *** GMRFLib_2order_approx: rescue NAN/INF values in logl for idx=206
 *** WARNING *** GMRFLib_2order_approx: reset counter for 328 NAN/INF values in logl
 *** WARNING *** GMRFLib_2order_approx: rescue NAN/INF values in logl for idx=140
 *** WARNING *** GMRFLib_2order_approx: reset counter for 254 NAN/INF values in logl
 *** WARNING *** GMRFLib_2order_approx: rescue NAN/INF values in logl for idx=50
 *** WARNING *** GMRFLib_2order_approx: reset counter for 79 NAN/INF values in logl
 *** WARNING *** GMRFLib_2order_approx: rescue NAN/INF values in logl for idx=0
 *** WARNING *** GMRFLib_2order_approx: reset counter for 337 NAN/INF values in logl
 *** WARNING *** GMRFLib_2order_approx: rescue NAN/INF values in logl for idx=438
 *** WARNING *** GMRFLib_2order_approx: reset counter for 2 NAN/INF values in logl
 *** WARNING *** GMRFLib_2order_approx: rescue NAN/INF values in logl for idx=182
 *** WARNING *** GMRFLib_2order_approx: reset counter for 57 NAN/INF values in logl
 *** WARNING *** GMRFLib_2order_approx: reset counter for 57 NAN/INF values in logl
 *** WARNING *** GMRFLib_2order_approx: rescue NAN/INF values in logl for idx=175
 *** WARNING *** GMRFLib_2order_approx: reset counter for 409 NAN/INF values in logl
 *** WARNING *** GMRFLib_2order_approx: rescue NAN/INF values in logl for idx=105
 *** WARNING *** GMRFLib_2order_approx: reset counter for 85 NAN/INF values in logl
 *** WARNING *** GMRFLib_2order_approx: rescue NAN/INF values in logl for idx=0
 *** WARNING *** GMRFLib_2order_approx: reset counter for 269 NAN/INF values in logl
 *** WARNING *** GMRFLib_2order_approx: rescue NAN/INF values in logl for idx=762
 *** WARNING *** GMRFLib_2order_approx: reset counter for 21 NAN/INF values in logl
 *** WARNING *** GMRFLib_2order_approx: reset counter for 21 NAN/INF values in logl
 *** WARNING *** GMRFLib_2order_approx: rescue NAN/INF values in logl for idx=280
 *** WARNING *** GMRFLib_2order_approx: reset counter for 236 NAN/INF values in logl
 *** WARNING *** GMRFLib_2order_approx: rescue NAN/INF values in logl for idx=75
 *** WARNING *** GMRFLib_2order_approx: reset counter for 659 NAN/INF values in logl
 *** WARNING *** GMRFLib_2order_approx: rescue NAN/INF values in logl for idx=0
 *** WARNING *** GMRFLib_2order_approx: reset counter for 489 NAN/INF values in logl
 *** WARNING *** GMRFLib_2order_approx: rescue NAN/INF values in logl for idx=0
 *** WARNING *** GMRFLib_2order_approx: reset counter for 286 NAN/INF values in logl
 *** WARNING *** GMRFLib_2order_approx: rescue NAN/INF values in logl for idx=631
 *** WARNING *** GMRFLib_2order_approx: reset counter for 21 NAN/INF values in logl
 *** WARNING *** GMRFLib_2order_approx: rescue NAN/INF values in logl for idx=140
 *** WARNING *** GMRFLib_2order_approx: reset counter for 526 NAN/INF values in logl
 *** WARNING *** GMRFLib_2order_approx: rescue NAN/INF values in logl for idx=75
 *** WARNING *** GMRFLib_2order_approx: reset counter for 612 NAN/INF values in logl
 *** WARNING *** GMRFLib_2order_approx: rescue NAN/INF values in logl for idx=0
 *** WARNING *** GMRFLib_2order_approx: reset counter for 280 NAN/INF values in logl
 *** WARNING *** GMRFLib_2order_approx: rescue NAN/INF values in logl for idx=1040
 *** WARNING *** GMRFLib_2order_approx: reset counter for 55 NAN/INF values in logl
 *** WARNING *** GMRFLib_2order_approx: rescue NAN/INF values in logl for idx=379
 *** WARNING *** GMRFLib_2order_approx: reset counter for 26 NAN/INF values in logl
 *** WARNING *** GMRFLib_2order_approx: rescue NAN/INF values in logl for idx=170
 *** WARNING *** GMRFLib_2order_approx: reset counter for 308 NAN/INF values in logl
 *** WARNING *** GMRFLib_2order_approx: rescue NAN/INF values in logl for idx=0
 *** WARNING *** GMRFLib_2order_approx: reset counter for 481 NAN/INF values in logl
 *** WARNING *** GMRFLib_2order_approx: rescue NAN/INF values in logl for idx=280
 *** WARNING *** GMRFLib_2order_approx: reset counter for 222 NAN/INF values in logl
 *** WARNING *** GMRFLib_2order_approx: rescue NAN/INF values in logl for idx=385
 *** WARNING *** GMRFLib_2order_approx: reset counter for 218 NAN/INF values in logl
 *** WARNING *** GMRFLib_2order_approx: rescue NAN/INF values in logl for idx=0
 *** WARNING *** GMRFLib_2order_approx: reset counter for 585 NAN/INF values in logl
 *** WARNING *** GMRFLib_2order_approx: rescue NAN/INF values in logl for idx=15
 *** WARNING *** GMRFLib_2order_approx: reset counter for 344 NAN/INF values in logl
 *** WARNING *** GMRFLib_2order_approx: rescue NAN/INF values in logl for idx=280
 *** WARNING *** GMRFLib_2order_approx: reset counter for 271 NAN/INF values in logl
 *** WARNING *** GMRFLib_2order_approx: rescue NAN/INF values in logl for idx=4
 *** WARNING *** GMRFLib_2order_approx: reset counter for 611 NAN/INF values in logl
 *** WARNING *** GMRFLib_2order_approx: rescue NAN/INF values in logl for idx=33
 *** WARNING *** GMRFLib_2order_approx: reset counter for 42 NAN/INF values in logl
 *** WARNING *** GMRFLib_2order_approx: rescue NAN/INF values in logl for idx=368
 *** WARNING *** GMRFLib_2order_approx: reset counter for 56 NAN/INF values in logl
 *** WARNING *** GMRFLib_2order_approx: rescue NAN/INF values in logl for idx=762
 *** WARNING *** GMRFLib_2order_approx: reset counter for 21 NAN/INF values in logl
 *** WARNING *** GMRFLib_2order_approx: rescue NAN/INF values in logl for idx=0
 *** WARNING *** GMRFLib_2order_approx: reset counter for 666 NAN/INF values in logl
 *** WARNING *** GMRFLib_2order_approx: rescue NAN/INF values in logl for idx=0
 *** WARNING *** GMRFLib_2order_approx: reset counter for 659 NAN/INF values in logl
 *** WARNING *** GMRFLib_2order_approx: rescue NAN/INF values in logl for idx=0
 *** WARNING *** GMRFLib_2order_approx: reset counter for 578 NAN/INF values in logl
 *** WARNING *** GMRFLib_2order_approx: rescue NAN/INF values in logl for idx=0
 *** WARNING *** GMRFLib_2order_approx: reset counter for 586 NAN/INF values in logl
 *** WARNING *** GMRFLib_2order_approx: rescue NAN/INF values in logl for idx=438
 *** WARNING *** GMRFLib_2order_approx: reset counter for 2 NAN/INF values in logl
 *** WARNING *** GMRFLib_2order_approx: rescue NAN/INF values in logl for idx=17
 *** WARNING *** GMRFLib_2order_approx: reset counter for 577 NAN/INF values in logl
  eb_int      DIC 5709.02 WAIC 5717.24 | credible: dairy_farm_z,gw_household_z,forest_z,fiscal_indep_z
 *** WARNING *** GMRFLib_2order_approx: rescue NAN/INF values in logl for idx=0
 *** WARNING *** GMRFLib_2order_approx: reset counter for 102 NAN/INF values in logl
 *** WARNING *** GMRFLib_2order_approx: rescue NAN/INF values in logl for idx=6
 *** WARNING *** GMRFLib_2order_approx: reset counter for 49 NAN/INF values in logl
 *** WARNING *** GMRFLib_2order_approx: rescue NAN/INF values in logl for idx=111
 *** WARNING *** GMRFLib_2order_approx: reset counter for 16 NAN/INF values in logl
 *** WARNING *** GMRFLib_2order_approx: rescue NAN/INF values in logl for idx=399
 *** WARNING *** GMRFLib_2order_approx: reset counter for 267 NAN/INF values in logl
 *** WARNING *** GMRFLib_2order_approx: rescue NAN/INF values in logl for idx=0
 *** WARNING *** GMRFLib_2order_approx: reset counter for 149 NAN/INF values in logl
 *** WARNING *** GMRFLib_2order_approx: rescue NAN/INF values in logl for idx=111
 *** WARNING *** GMRFLib_2order_approx: reset counter for 14 NAN/INF values in logl
 *** WARNING *** GMRFLib_2order_approx: rescue NAN/INF values in logl for idx=1040
 *** WARNING *** GMRFLib_2order_approx: reset counter for 13 NAN/INF values in logl
 *** WARNING *** GMRFLib_2order_approx: rescue NAN/INF values in logl for idx=558
 *** WARNING *** GMRFLib_2order_approx: reset counter for 11 NAN/INF values in logl
 *** WARNING *** GMRFLib_2order_approx: rescue NAN/INF values in logl for idx=0
 *** WARNING *** GMRFLib_2order_approx: reset counter for 384 NAN/INF values in logl
 *** WARNING *** GMRFLib_2order_approx: rescue NAN/INF values in logl for idx=0
 *** WARNING *** GMRFLib_2order_approx: reset counter for 236 NAN/INF values in logl
 *** WARNING *** GMRFLib_2order_approx: rescue NAN/INF values in logl for idx=1040
 *** WARNING *** GMRFLib_2order_approx: reset counter for 6 NAN/INF values in logl
 *** WARNING *** GMRFLib_2order_approx: reset counter for 6 NAN/INF values in logl
 *** WARNING *** GMRFLib_2order_approx: rescue NAN/INF values in logl for idx=563
 *** WARNING *** GMRFLib_2order_approx: reset counter for 14 NAN/INF values in logl
 *** WARNING *** GMRFLib_2order_approx: reset counter for 14 NAN/INF values in logl
 *** WARNING *** GMRFLib_2order_approx: rescue NAN/INF values in logl for idx=0
 *** WARNING *** GMRFLib_2order_approx: reset counter for 523 NAN/INF values in logl
 *** WARNING *** GMRFLib_2order_approx: rescue NAN/INF values in logl for idx=65
 *** WARNING *** GMRFLib_2order_approx: reset counter for 12 NAN/INF values in logl
  prior_wide  DIC 5695.30 WAIC 5711.49 | credible: dairy_farm_z,gw_household_z,forest_z,fiscal_indep_z
 *** WARNING *** GMRFLib_2order_approx: rescue NAN/INF values in logl for idx=105
 *** WARNING *** GMRFLib_2order_approx: reset counter for 54 NAN/INF values in logl
 *** WARNING *** GMRFLib_2order_approx: rescue NAN/INF values in logl for idx=110
 *** WARNING *** GMRFLib_2order_approx: reset counter for 5 NAN/INF values in logl
 *** WARNING *** GMRFLib_2order_approx: rescue NAN/INF values in logl for idx=0
 *** WARNING *** GMRFLib_2order_approx: reset counter for 346 NAN/INF values in logl
 *** WARNING *** GMRFLib_2order_approx: rescue NAN/INF values in logl for idx=0
 *** WARNING *** GMRFLib_2order_approx: reset counter for 269 NAN/INF values in logl
 *** WARNING *** GMRFLib_2order_approx: rescue NAN/INF values in logl for idx=0
 *** WARNING *** GMRFLib_2order_approx: reset counter for 156 NAN/INF values in logl
 *** WARNING *** GMRFLib_2order_approx: rescue NAN/INF values in logl for idx=0
 *** WARNING *** GMRFLib_2order_approx: reset counter for 54 NAN/INF values in logl
 *** WARNING *** GMRFLib_2order_approx: rescue NAN/INF values in logl for idx=90
 *** WARNING *** GMRFLib_2order_approx: rescue NAN/INF values in logl for idx=358
 *** WARNING *** GMRFLib_2order_approx: reset counter for 110 NAN/INF values in logl
 *** WARNING *** GMRFLib_2order_approx: rescue NAN/INF values in logl for idx=2
 *** WARNING *** GMRFLib_2order_approx: reset counter for 17 NAN/INF values in logl
 *** WARNING *** GMRFLib_2order_approx: rescue NAN/INF values in logl for idx=361
 *** WARNING *** GMRFLib_2order_approx: reset counter for 14 NAN/INF values in logl
 *** WARNING *** GMRFLib_2order_approx: rescue NAN/INF values in logl for idx=0
 *** WARNING *** GMRFLib_2order_approx: reset counter for 398 NAN/INF values in logl
 *** WARNING *** GMRFLib_2order_approx: reset counter for 398 NAN/INF values in logl
 *** WARNING *** GMRFLib_2order_approx: reset counter for 398 NAN/INF values in logl
 *** WARNING *** GMRFLib_2order_approx: rescue NAN/INF values in logl for idx=0
 *** WARNING *** GMRFLib_2order_approx: reset counter for 222 NAN/INF values in logl
 *** WARNING *** GMRFLib_2order_approx: rescue NAN/INF values in logl for idx=0
 *** WARNING *** GMRFLib_2order_approx: reset counter for 432 NAN/INF values in logl
 *** WARNING *** GMRFLib_2order_approx: reset counter for 432 NAN/INF values in logl
 *** WARNING *** GMRFLib_2order_approx: rescue NAN/INF values in logl for idx=0
 *** WARNING *** GMRFLib_2order_approx: reset counter for 78 NAN/INF values in logl
 *** WARNING *** GMRFLib_2order_approx: rescue NAN/INF values in logl for idx=0
 *** WARNING *** GMRFLib_2order_approx: reset counter for 206 NAN/INF values in logl
 *** WARNING *** GMRFLib_2order_approx: rescue NAN/INF values in logl for idx=438
 *** WARNING *** GMRFLib_2order_approx: reset counter for 4 NAN/INF values in logl
 *** WARNING *** GMRFLib_2order_approx: rescue NAN/INF values in logl for idx=433
 *** WARNING *** GMRFLib_2order_approx: reset counter for 11 NAN/INF values in logl
 *** WARNING *** GMRFLib_2order_approx: reset counter for 11 NAN/INF values in logl
 *** WARNING *** GMRFLib_2order_approx: rescue NAN/INF values in logl for idx=762
 *** WARNING *** GMRFLib_2order_approx: reset counter for 3 NAN/INF values in logl
 *** WARNING *** GMRFLib_2order_approx: rescue NAN/INF values in logl for idx=967
 *** WARNING *** GMRFLib_2order_approx: reset counter for 17 NAN/INF values in logl
 *** WARNING *** GMRFLib_2order_approx: reset counter for 17 NAN/INF values in logl
 *** WARNING *** GMRFLib_2order_approx: rescue NAN/INF values in logl for idx=0
 *** WARNING *** GMRFLib_2order_approx: reset counter for 408 NAN/INF values in logl
 *** WARNING *** GMRFLib_2order_approx: reset counter for 408 NAN/INF values in logl
 *** WARNING *** GMRFLib_2order_approx: rescue NAN/INF values in logl for idx=0
 *** WARNING *** GMRFLib_2order_approx: reset counter for 231 NAN/INF values in logl
 *** WARNING *** GMRFLib_2order_approx: rescue NAN/INF values in logl for idx=310
 *** WARNING *** GMRFLib_2order_approx: reset counter for 39 NAN/INF values in logl
 *** WARNING *** GMRFLib_2order_approx: rescue NAN/INF values in logl for idx=967
 *** WARNING *** GMRFLib_2order_approx: reset counter for 14 NAN/INF values in logl
 *** WARNING *** GMRFLib_2order_approx: rescue NAN/INF values in logl for idx=0
 *** WARNING *** GMRFLib_2order_approx: reset counter for 494 NAN/INF values in logl
 *** WARNING *** GMRFLib_2order_approx: rescue NAN/INF values in logl for idx=672
 *** WARNING *** GMRFLib_2order_approx: reset counter for 88 NAN/INF values in logl
 *** WARNING *** GMRFLib_2order_approx: rescue NAN/INF values in logl for idx=105
 *** WARNING *** GMRFLib_2order_approx: reset counter for 7 NAN/INF values in logl
 *** WARNING *** GMRFLib_2order_approx: rescue NAN/INF values in logl for idx=385
 *** WARNING *** GMRFLib_2order_approx: reset counter for 6 NAN/INF values in logl
  prior_tight DIC 5711.22 WAIC 5720.73 | credible: dairy_farm_z,gw_household_z,forest_z,fiscal_indep_z
 *** WARNING *** GMRFLib_2order_approx: rescue NAN/INF values in logl for idx=0
 *** WARNING *** GMRFLib_2order_approx: rescue NAN/INF values in logl for idx=111
 *** WARNING *** GMRFLib_2order_approx: reset counter for 193 NAN/INF values in logl
 *** WARNING *** GMRFLib_2order_approx: rescue NAN/INF values in logl for idx=0
 *** WARNING *** GMRFLib_2order_approx: reset counter for 84 NAN/INF values in logl
 *** WARNING *** GMRFLib_2order_approx: rescue NAN/INF values in logl for idx=105
 *** WARNING *** GMRFLib_2order_approx: reset counter for 31 NAN/INF values in logl
 *** WARNING *** GMRFLib_2order_approx: rescue NAN/INF values in logl for idx=1070
 *** WARNING *** GMRFLib_2order_approx: reset counter for 2 NAN/INF values in logl
 *** WARNING *** GMRFLib_2order_approx: rescue NAN/INF values in logl for idx=375
 *** WARNING *** GMRFLib_2order_approx: reset counter for 16 NAN/INF values in logl
 *** WARNING *** GMRFLib_2order_approx: rescue NAN/INF values in logl for idx=0
 *** WARNING *** GMRFLib_2order_approx: reset counter for 93 NAN/INF values in logl
 *** WARNING *** GMRFLib_2order_approx: rescue NAN/INF values in logl for idx=0
 *** WARNING *** GMRFLib_2order_approx: reset counter for 296 NAN/INF values in logl
 *** WARNING *** GMRFLib_2order_approx: rescue NAN/INF values in logl for idx=1040
 *** WARNING *** GMRFLib_2order_approx: reset counter for 57 NAN/INF values in logl
 *** WARNING *** GMRFLib_2order_approx: rescue NAN/INF values in logl for idx=0
 *** WARNING *** GMRFLib_2order_approx: reset counter for 66 NAN/INF values in logl
 *** WARNING *** GMRFLib_2order_approx: rescue NAN/INF values in logl for idx=13
 *** WARNING *** GMRFLib_2order_approx: reset counter for 60 NAN/INF values in logl
 *** WARNING *** GMRFLib_2order_approx: rescue NAN/INF values in logl for idx=1043
 *** WARNING *** GMRFLib_2order_approx: reset counter for 19 NAN/INF values in logl
 *** WARNING *** GMRFLib_2order_approx: rescue NAN/INF values in logl for idx=386
 *** WARNING *** GMRFLib_2order_approx: reset counter for 2 NAN/INF values in logl
 *** WARNING *** GMRFLib_2order_approx: reset counter for 2 NAN/INF values in logl
 *** WARNING *** GMRFLib_2order_approx: rescue NAN/INF values in logl for idx=375
 *** WARNING *** GMRFLib_2order_approx: reset counter for 25 NAN/INF values in logl
 *** WARNING *** GMRFLib_2order_approx: reset counter for 25 NAN/INF values in logl
 *** WARNING *** GMRFLib_2order_approx: rescue NAN/INF values in logl for idx=0
 *** WARNING *** GMRFLib_2order_approx: reset counter for 325 NAN/INF values in logl
 *** WARNING *** GMRFLib_2order_approx: rescue NAN/INF values in logl for idx=645
 *** WARNING *** GMRFLib_2order_approx: reset counter for 37 NAN/INF values in logl
 *** WARNING *** GMRFLib_2order_approx: rescue NAN/INF values in logl for idx=0
 *** WARNING *** GMRFLib_2order_approx: reset counter for 127 NAN/INF values in logl
 *** WARNING *** GMRFLib_2order_approx: rescue NAN/INF values in logl for idx=175
 *** WARNING *** GMRFLib_2order_approx: reset counter for 161 NAN/INF values in logl
 *** WARNING *** GMRFLib_2order_approx: rescue NAN/INF values in logl for idx=745
 *** WARNING *** GMRFLib_2order_approx: reset counter for 68 NAN/INF values in logl
 *** WARNING *** GMRFLib_2order_approx: rescue NAN/INF values in logl for idx=995
 *** WARNING *** GMRFLib_2order_approx: reset counter for 48 NAN/INF values in logl
 *** WARNING *** GMRFLib_2order_approx: reset counter for 48 NAN/INF values in logl
 *** WARNING *** GMRFLib_2order_approx: rescue NAN/INF values in logl for idx=0
 *** WARNING *** GMRFLib_2order_approx: reset counter for 21 NAN/INF values in logl
 *** WARNING *** GMRFLib_2order_approx: rescue NAN/INF values in logl for idx=256
 *** WARNING *** GMRFLib_2order_approx: reset counter for 59 NAN/INF values in logl
 *** WARNING *** GMRFLib_2order_approx: rescue NAN/INF values in logl for idx=55
 *** WARNING *** GMRFLib_2order_approx: reset counter for 218 NAN/INF values in logl
 *** WARNING *** GMRFLib_2order_approx: rescue NAN/INF values in logl for idx=661
 *** WARNING *** GMRFLib_2order_approx: reset counter for 83 NAN/INF values in logl
 *** WARNING *** GMRFLib_2order_approx: rescue NAN/INF values in logl for idx=375
 *** WARNING *** GMRFLib_2order_approx: reset counter for 3 NAN/INF values in logl
 *** WARNING *** GMRFLib_2order_approx: reset counter for 3 NAN/INF values in logl
 *** WARNING *** GMRFLib_2order_approx: rescue NAN/INF values in logl for idx=1075
 *** WARNING *** GMRFLib_2order_approx: reset counter for 3 NAN/INF values in logl
 *** WARNING *** GMRFLib_2order_approx: rescue NAN/INF values in logl for idx=545
 *** WARNING *** GMRFLib_2order_approx: reset counter for 84 NAN/INF values in logl
 *** WARNING *** GMRFLib_2order_approx: rescue NAN/INF values in logl for idx=0
 *** WARNING *** GMRFLib_2order_approx: reset counter for 515 NAN/INF values in logl
 *** WARNING *** GMRFLib_2order_approx: rescue NAN/INF values in logl for idx=755
 *** WARNING *** GMRFLib_2order_approx: reset counter for 130 NAN/INF values in logl
 *** WARNING *** GMRFLib_2order_approx: rescue NAN/INF values in logl for idx=280
 *** WARNING *** GMRFLib_2order_approx: reset counter for 315 NAN/INF values in logl
 *** WARNING *** GMRFLib_2order_approx: rescue NAN/INF values in logl for idx=0
 *** WARNING *** GMRFLib_2order_approx: reset counter for 607 NAN/INF values in logl
 *** WARNING *** GMRFLib_2order_approx: rescue NAN/INF values in logl for idx=280
 *** WARNING *** GMRFLib_2order_approx: reset counter for 355 NAN/INF values in logl
 *** WARNING *** GMRFLib_2order_approx: rescue NAN/INF values in logl for idx=0
 *** WARNING *** GMRFLib_2order_approx: reset counter for 359 NAN/INF values in logl
 *** WARNING *** GMRFLib_2order_approx: rescue NAN/INF values in logl for idx=961
 *** WARNING *** GMRFLib_2order_approx: reset counter for 70 NAN/INF values in logl
 *** WARNING *** GMRFLib_2order_approx: rescue NAN/INF values in logl for idx=280
 *** WARNING *** GMRFLib_2order_approx: reset counter for 333 NAN/INF values in logl
 *** WARNING *** GMRFLib_2order_approx: rescue NAN/INF values in logl for idx=34
 *** WARNING *** GMRFLib_2order_approx: reset counter for 58 NAN/INF values in logl
 *** WARNING *** GMRFLib_2order_approx: reset counter for 58 NAN/INF values in logl
 *** WARNING *** GMRFLib_2order_approx: reset counter for 58 NAN/INF values in logl
 *** WARNING *** GMRFLib_2order_approx: rescue NAN/INF values in logl for idx=0
 *** WARNING *** GMRFLib_2order_approx: reset counter for 547 NAN/INF values in logl
 *** WARNING *** GMRFLib_2order_approx: rescue NAN/INF values in logl for idx=722
 *** WARNING *** GMRFLib_2order_approx: reset counter for 18 NAN/INF values in logl
  bym2        DIC 5705.52 WAIC 5717.44 | credible: dairy_farm_z,gw_household_z,forest_z,fiscal_indep_z
Registered S3 method overwritten by 'lme4':
  method           from
  na.action.merMod car 
 *** WARNING *** GMRFLib_2order_approx: rescue NAN/INF values in logl for idx=18
 *** WARNING *** GMRFLib_2order_approx: reset counter for 219 NAN/INF values in logl
 *** WARNING *** GMRFLib_2order_approx: rescue NAN/INF values in logl for idx=759
 *** WARNING *** GMRFLib_2order_approx: reset counter for 60 NAN/INF values in logl
 *** WARNING *** GMRFLib_2order_approx: rescue NAN/INF values in logl for idx=27
 *** WARNING *** GMRFLib_2order_approx: reset counter for 97 NAN/INF values in logl
 *** WARNING *** GMRFLib_2order_approx: rescue NAN/INF values in logl for idx=1040
 *** WARNING *** GMRFLib_2order_approx: reset counter for 39 NAN/INF values in logl
 *** WARNING *** GMRFLib_2order_approx: rescue NAN/INF values in logl for idx=52
 *** WARNING *** GMRFLib_2order_approx: reset counter for 3 NAN/INF values in logl
 *** WARNING *** GMRFLib_2order_approx: rescue NAN/INF values in logl for idx=233
 *** WARNING *** GMRFLib_2order_approx: reset counter for 21 NAN/INF values in logl
 *** WARNING *** GMRFLib_2order_approx: rescue NAN/INF values in logl for idx=1079
 *** WARNING *** GMRFLib_2order_approx: reset counter for 182 NAN/INF values in logl
 *** WARNING *** GMRFLib_2order_approx: rescue NAN/INF values in logl for idx=113
 *** WARNING *** GMRFLib_2order_approx: reset counter for 15 NAN/INF values in logl
 *** WARNING *** GMRFLib_2order_approx: rescue NAN/INF values in logl for idx=972
 *** WARNING *** GMRFLib_2order_approx: reset counter for 3 NAN/INF values in logl
 *** WARNING *** GMRFLib_2order_approx: rescue NAN/INF values in logl for idx=103
 *** WARNING *** GMRFLib_2order_approx: reset counter for 25 NAN/INF values in logl
 *** WARNING *** GMRFLib_2order_approx: rescue NAN/INF values in logl for idx=60
 *** WARNING *** GMRFLib_2order_approx: reset counter for 140 NAN/INF values in logl
 *** WARNING *** GMRFLib_2order_approx: rescue NAN/INF values in logl for idx=646
 *** WARNING *** GMRFLib_2order_approx: reset counter for 116 NAN/INF values in logl
 *** WARNING *** GMRFLib_2order_approx: rescue NAN/INF values in logl for idx=580
 *** WARNING *** GMRFLib_2order_approx: reset counter for 164 NAN/INF values in logl
 *** WARNING *** GMRFLib_2order_approx: rescue NAN/INF values in logl for idx=8
 *** WARNING *** GMRFLib_2order_approx: reset counter for 204 NAN/INF values in logl
 *** WARNING *** GMRFLib_2order_approx: rescue NAN/INF values in logl for idx=748
 *** WARNING *** GMRFLib_2order_approx: reset counter for 45 NAN/INF values in logl
 *** WARNING *** GMRFLib_2order_approx: rescue NAN/INF values in logl for idx=0
 *** WARNING *** GMRFLib_2order_approx: reset counter for 520 NAN/INF values in logl
 *** WARNING *** GMRFLib_2order_approx: rescue NAN/INF values in logl for idx=399
 *** WARNING *** GMRFLib_2order_approx: reset counter for 4 NAN/INF values in logl
 *** WARNING *** GMRFLib_2order_approx: rescue NAN/INF values in logl for idx=282
 *** WARNING *** GMRFLib_2order_approx: reset counter for 154 NAN/INF values in logl
 *** WARNING *** GMRFLib_2order_approx: rescue NAN/INF values in logl for idx=0
 *** WARNING *** GMRFLib_2order_approx: reset counter for 617 NAN/INF values in logl
 *** WARNING *** GMRFLib_2order_approx: rescue NAN/INF values in logl for idx=280
 *** WARNING *** GMRFLib_2order_approx: reset counter for 437 NAN/INF values in logl
 *** WARNING *** GMRFLib_2order_approx: rescue NAN/INF values in logl for idx=0
 *** WARNING *** GMRFLib_2order_approx: reset counter for 297 NAN/INF values in logl
 *** WARNING *** GMRFLib_2order_approx: rescue NAN/INF values in logl for idx=5
 *** WARNING *** GMRFLib_2order_approx: reset counter for 582 NAN/INF values in logl
 *** WARNING *** GMRFLib_2order_approx: rescue NAN/INF values in logl for idx=0
 *** WARNING *** GMRFLib_2order_approx: reset counter for 682 NAN/INF values in logl
 *** WARNING *** GMRFLib_2order_approx: rescue NAN/INF values in logl for idx=0
 *** WARNING *** GMRFLib_2order_approx: reset counter for 607 NAN/INF values in logl
 *** WARNING *** GMRFLib_2order_approx: rescue NAN/INF values in logl for idx=0
 *** WARNING *** GMRFLib_2order_approx: reset counter for 637 NAN/INF values in logl
 *** WARNING *** GMRFLib_2order_approx: rescue NAN/INF values in logl for idx=0
 *** WARNING *** GMRFLib_2order_approx: reset counter for 578 NAN/INF values in logl
 *** WARNING *** GMRFLib_2order_approx: rescue NAN/INF values in logl for idx=0
 *** WARNING *** GMRFLib_2order_approx: reset counter for 571 NAN/INF values in logl
 *** WARNING *** GMRFLib_2order_approx: rescue NAN/INF values in logl for idx=438
 *** WARNING *** GMRFLib_2order_approx: reset counter for 2 NAN/INF values in logl
 *** WARNING *** GMRFLib_2order_approx: rescue NAN/INF values in logl for idx=35
 *** WARNING *** GMRFLib_2order_approx: reset counter for 602 NAN/INF values in logl
 *** WARNING *** GMRFLib_2order_approx: rescue NAN/INF values in logl for idx=0
 *** WARNING *** GMRFLib_2order_approx: reset counter for 622 NAN/INF values in logl
 *** WARNING *** GMRFLib_2order_approx: rescue NAN/INF values in logl for idx=0
 *** WARNING *** GMRFLib_2order_approx: reset counter for 572 NAN/INF values in logl
 *** WARNING *** GMRFLib_2order_approx: rescue NAN/INF values in logl for idx=1
 *** WARNING *** GMRFLib_2order_approx: reset counter for 323 NAN/INF values in logl
 *** WARNING *** GMRFLib_2order_approx: rescue NAN/INF values in logl for idx=962
 *** WARNING *** GMRFLib_2order_approx: reset counter for 69 NAN/INF values in logl
 *** WARNING *** GMRFLib_2order_approx: rescue NAN/INF values in logl for idx=19
 *** WARNING *** GMRFLib_2order_approx: reset counter for 162 NAN/INF values in logl
 *** WARNING *** GMRFLib_2order_approx: rescue NAN/INF values in logl for idx=314
 *** WARNING *** GMRFLib_2order_approx: reset counter for 71 NAN/INF values in logl
 *** WARNING *** GMRFLib_2order_approx: rescue NAN/INF values in logl for idx=51
 *** WARNING *** GMRFLib_2order_approx: reset counter for 48 NAN/INF values in logl
 *** WARNING *** GMRFLib_2order_approx: rescue NAN/INF values in logl for idx=1079
 *** WARNING *** GMRFLib_2order_approx: reset counter for 9 NAN/INF values in logl
 *** WARNING *** GMRFLib_2order_approx: rescue NAN/INF values in logl for idx=1007
 *** WARNING *** GMRFLib_2order_approx: reset counter for 3 NAN/INF values in logl
 *** WARNING *** GMRFLib_2order_approx: rescue NAN/INF values in logl for idx=10
 *** WARNING *** GMRFLib_2order_approx: reset counter for 171 NAN/INF values in logl
 *** WARNING *** GMRFLib_2order_approx: reset counter for 127 NAN/INF values in logl
 *** WARNING *** GMRFLib_2order_approx: rescue NAN/INF values in logl for idx=1040
 *** WARNING *** GMRFLib_2order_approx: reset counter for 60 NAN/INF values in logl
 *** WARNING *** GMRFLib_2order_approx: rescue NAN/INF values in logl for idx=29
 *** WARNING *** GMRFLib_2order_approx: reset counter for 73 NAN/INF values in logl
 *** WARNING *** GMRFLib_2order_approx: rescue NAN/INF values in logl for idx=360
 *** WARNING *** GMRFLib_2order_approx: reset counter for 93 NAN/INF values in logl
 *** WARNING *** GMRFLib_2order_approx: rescue NAN/INF values in logl for idx=1040
 *** WARNING *** GMRFLib_2order_approx: reset counter for 13 NAN/INF values in logl
 *** WARNING *** GMRFLib_2order_approx: rescue NAN/INF values in logl for idx=503
 *** WARNING *** GMRFLib_2order_approx: reset counter for 47 NAN/INF values in logl
 *** WARNING *** GMRFLib_2order_approx: rescue NAN/INF values in logl for idx=0
 *** WARNING *** GMRFLib_2order_approx: reset counter for 594 NAN/INF values in logl
 *** WARNING *** GMRFLib_2order_approx: rescue NAN/INF values in logl for idx=0
 *** WARNING *** GMRFLib_2order_approx: reset counter for 92 NAN/INF values in logl
 *** WARNING *** GMRFLib_2order_approx: rescue NAN/INF values in logl for idx=645
 *** WARNING *** GMRFLib_2order_approx: reset counter for 39 NAN/INF values in logl
 *** WARNING *** GMRFLib_2order_approx: rescue NAN/INF values in logl for idx=130
 *** WARNING *** GMRFLib_2order_approx: reset counter for 207 NAN/INF values in logl
 *** WARNING *** GMRFLib_2order_approx: rescue NAN/INF values in logl for idx=0
 *** WARNING *** GMRFLib_2order_approx: reset counter for 429 NAN/INF values in logl
 *** WARNING *** GMRFLib_2order_approx: rescue NAN/INF values in logl for idx=129
 *** WARNING *** GMRFLib_2order_approx: reset counter for 450 NAN/INF values in logl
 *** WARNING *** GMRFLib_2order_approx: rescue NAN/INF values in logl for idx=0
 *** WARNING *** GMRFLib_2order_approx: reset counter for 433 NAN/INF values in logl
 *** WARNING *** GMRFLib_2order_approx: rescue NAN/INF values in logl for idx=125
 *** WARNING *** GMRFLib_2order_approx: reset counter for 513 NAN/INF values in logl
 *** WARNING *** GMRFLib_2order_approx: rescue NAN/INF values in logl for idx=513
 *** WARNING *** GMRFLib_2order_approx: reset counter for 8 NAN/INF values in logl
 *** WARNING *** GMRFLib_2order_approx: rescue NAN/INF values in logl for idx=0
 *** WARNING *** GMRFLib_2order_approx: reset counter for 694 NAN/INF values in logl
 *** WARNING *** GMRFLib_2order_approx: rescue NAN/INF values in logl for idx=0
 *** WARNING *** GMRFLib_2order_approx: reset counter for 602 NAN/INF values in logl
 *** WARNING *** GMRFLib_2order_approx: rescue NAN/INF values in logl for idx=0
 *** WARNING *** GMRFLib_2order_approx: reset counter for 612 NAN/INF values in logl
 *** WARNING *** GMRFLib_2order_approx: rescue NAN/INF values in logl for idx=565
 *** WARNING *** GMRFLib_2order_approx: reset counter for 5 NAN/INF values in logl
 *** WARNING *** GMRFLib_2order_approx: rescue NAN/INF values in logl for idx=0
 *** WARNING *** GMRFLib_2order_approx: reset counter for 624 NAN/INF values in logl
 *** WARNING *** GMRFLib_2order_approx: rescue NAN/INF values in logl for idx=0
 *** WARNING *** GMRFLib_2order_approx: reset counter for 669 NAN/INF values in logl
 *** WARNING *** GMRFLib_2order_approx: rescue NAN/INF values in logl for idx=10
 *** WARNING *** GMRFLib_2order_approx: reset counter for 264 NAN/INF values in logl
 *** WARNING *** GMRFLib_2order_approx: rescue NAN/INF values in logl for idx=756
 *** WARNING *** GMRFLib_2order_approx: reset counter for 66 NAN/INF values in logl
 *** WARNING *** GMRFLib_2order_approx: rescue NAN/INF values in logl for idx=26
 *** WARNING *** GMRFLib_2order_approx: reset counter for 143 NAN/INF values in logl
 *** WARNING *** GMRFLib_2order_approx: rescue NAN/INF values in logl for idx=1040
 *** WARNING *** GMRFLib_2order_approx: reset counter for 50 NAN/INF values in logl
 *** WARNING *** GMRFLib_2order_approx: rescue NAN/INF values in logl for idx=51
 *** WARNING *** GMRFLib_2order_approx: reset counter for 38 NAN/INF values in logl
 *** WARNING *** GMRFLib_2order_approx: rescue NAN/INF values in logl for idx=1079
 *** WARNING *** GMRFLib_2order_approx: reset counter for 61 NAN/INF values in logl
 *** WARNING *** GMRFLib_2order_approx: rescue NAN/INF values in logl for idx=385
 *** WARNING *** GMRFLib_2order_approx: reset counter for 3 NAN/INF values in logl
 *** WARNING *** GMRFLib_2order_approx: rescue NAN/INF values in logl for idx=438
 *** WARNING *** GMRFLib_2order_approx: reset counter for 2 NAN/INF values in logl
 *** WARNING *** GMRFLib_2order_approx: rescue NAN/INF values in logl for idx=4
 *** WARNING *** GMRFLib_2order_approx: reset counter for 64 NAN/INF values in logl
 *** WARNING *** GMRFLib_2order_approx: rescue NAN/INF values in logl for idx=762
 *** WARNING *** GMRFLib_2order_approx: reset counter for 16 NAN/INF values in logl
 *** WARNING *** GMRFLib_2order_approx: rescue NAN/INF values in logl for idx=0
 *** WARNING *** GMRFLib_2order_approx: reset counter for 386 NAN/INF values in logl
 *** WARNING *** GMRFLib_2order_approx: rescue NAN/INF values in logl for idx=21
 *** WARNING *** GMRFLib_2order_approx: reset counter for 51 NAN/INF values in logl
 *** WARNING *** GMRFLib_2order_approx: rescue NAN/INF values in logl for idx=762
 *** WARNING *** GMRFLib_2order_approx: reset counter for 20 NAN/INF values in logl
 *** WARNING *** GMRFLib_2order_approx: rescue NAN/INF values in logl for idx=0
 *** WARNING *** GMRFLib_2order_approx: reset counter for 148 NAN/INF values in logl
 *** WARNING *** GMRFLib_2order_approx: rescue NAN/INF values in logl for idx=558
 *** WARNING *** GMRFLib_2order_approx: reset counter for 2 NAN/INF values in logl
 *** WARNING *** GMRFLib_2order_approx: rescue NAN/INF values in logl for idx=762
 *** WARNING *** GMRFLib_2order_approx: reset counter for 20 NAN/INF values in logl
 *** WARNING *** GMRFLib_2order_approx: rescue NAN/INF values in logl for idx=0
 *** WARNING *** GMRFLib_2order_approx: reset counter for 332 NAN/INF values in logl
 *** WARNING *** GMRFLib_2order_approx: rescue NAN/INF values in logl for idx=762
 *** WARNING *** GMRFLib_2order_approx: reset counter for 20 NAN/INF values in logl
 *** WARNING *** GMRFLib_2order_approx: rescue NAN/INF values in logl for idx=0
 *** WARNING *** GMRFLib_2order_approx: reset counter for 345 NAN/INF values in logl
 *** WARNING *** GMRFLib_2order_approx: rescue NAN/INF values in logl for idx=762
 *** WARNING *** GMRFLib_2order_approx: reset counter for 15 NAN/INF values in logl
 *** WARNING *** GMRFLib_2order_approx: rescue NAN/INF values in logl for idx=0
 *** WARNING *** GMRFLib_2order_approx: reset counter for 215 NAN/INF values in logl
 *** WARNING *** GMRFLib_2order_approx: rescue NAN/INF values in logl for idx=558
 *** WARNING *** GMRFLib_2order_approx: reset counter for 2 NAN/INF values in logl
 *** WARNING *** GMRFLib_2order_approx: rescue NAN/INF values in logl for idx=175
 *** WARNING *** GMRFLib_2order_approx: reset counter for 160 NAN/INF values in logl
 *** WARNING *** GMRFLib_2order_approx: rescue NAN/INF values in logl for idx=470
 *** WARNING *** GMRFLib_2order_approx: reset counter for 139 NAN/INF values in logl
 *** WARNING *** GMRFLib_2order_approx: rescue NAN/INF values in logl for idx=0
 *** WARNING *** GMRFLib_2order_approx: reset counter for 208 NAN/INF values in logl
 *** WARNING *** GMRFLib_2order_approx: rescue NAN/INF values in logl for idx=57
 *** WARNING *** GMRFLib_2order_approx: reset counter for 29 NAN/INF values in logl
 *** WARNING *** GMRFLib_2order_approx: rescue NAN/INF values in logl for idx=106
 *** WARNING *** GMRFLib_2order_approx: reset counter for 10 NAN/INF values in logl
 *** WARNING *** GMRFLib_2order_approx: rescue NAN/INF values in logl for idx=208
 *** WARNING *** GMRFLib_2order_approx: reset counter for 66 NAN/INF values in logl
 *** WARNING *** GMRFLib_2order_approx: rescue NAN/INF values in logl for idx=302
 *** WARNING *** GMRFLib_2order_approx: reset counter for 67 NAN/INF values in logl
 *** WARNING *** GMRFLib_2order_approx: rescue NAN/INF values in logl for idx=0
 *** WARNING *** GMRFLib_2order_approx: reset counter for 135 NAN/INF values in logl
 *** WARNING *** GMRFLib_2order_approx: rescue NAN/INF values in logl for idx=558
 *** WARNING *** GMRFLib_2order_approx: reset counter for 2 NAN/INF values in logl
 *** WARNING *** GMRFLib_2order_approx: rescue NAN/INF values in logl for idx=75
 *** WARNING *** GMRFLib_2order_approx: reset counter for 145 NAN/INF values in logl
 *** WARNING *** GMRFLib_2order_approx: rescue NAN/INF values in logl for idx=558
 *** WARNING *** GMRFLib_2order_approx: reset counter for 3 NAN/INF values in logl
 *** WARNING *** GMRFLib_2order_approx: rescue NAN/INF values in logl for idx=280
 *** WARNING *** GMRFLib_2order_approx: reset counter for 47 NAN/INF values in logl
 *** WARNING *** GMRFLib_2order_approx: rescue NAN/INF values in logl for idx=50
 *** WARNING *** GMRFLib_2order_approx: reset counter for 17 NAN/INF values in logl
 *** WARNING *** GMRFLib_2order_approx: rescue NAN/INF values in logl for idx=558
 *** WARNING *** GMRFLib_2order_approx: reset counter for 4 NAN/INF values in logl
 *** WARNING *** GMRFLib_2order_approx: rescue NAN/INF values in logl for idx=0
 *** WARNING *** GMRFLib_2order_approx: reset counter for 366 NAN/INF values in logl
 *** WARNING *** GMRFLib_2order_approx: rescue NAN/INF values in logl for idx=57
 *** WARNING *** GMRFLib_2order_approx: reset counter for 7 NAN/INF values in logl
 *** WARNING *** GMRFLib_2order_approx: rescue NAN/INF values in logl for idx=18
 *** WARNING *** GMRFLib_2order_approx: reset counter for 291 NAN/INF values in logl
 *** WARNING *** GMRFLib_2order_approx: rescue NAN/INF values in logl for idx=27
 *** WARNING *** GMRFLib_2order_approx: reset counter for 102 NAN/INF values in logl
 *** WARNING *** GMRFLib_2order_approx: rescue NAN/INF values in logl for idx=1040
 *** WARNING *** GMRFLib_2order_approx: reset counter for 42 NAN/INF values in logl
 *** WARNING *** GMRFLib_2order_approx: rescue NAN/INF values in logl for idx=52
 *** WARNING *** GMRFLib_2order_approx: reset counter for 27 NAN/INF values in logl
 *** WARNING *** GMRFLib_2order_approx: rescue NAN/INF values in logl for idx=1079
 *** WARNING *** GMRFLib_2order_approx: reset counter for 47 NAN/INF values in logl
 *** WARNING *** GMRFLib_2order_approx: rescue NAN/INF values in logl for idx=646
 *** WARNING *** GMRFLib_2order_approx: reset counter for 20 NAN/INF values in logl
 *** WARNING *** GMRFLib_2order_approx: rescue NAN/INF values in logl for idx=0
 *** WARNING *** GMRFLib_2order_approx: reset counter for 533 NAN/INF values in logl
 *** WARNING *** GMRFLib_2order_approx: rescue NAN/INF values in logl for idx=0
 *** WARNING *** GMRFLib_2order_approx: reset counter for 329 NAN/INF values in logl
 *** WARNING *** GMRFLib_2order_approx: rescue NAN/INF values in logl for idx=280
 *** WARNING *** GMRFLib_2order_approx: reset counter for 199 NAN/INF values in logl
 *** WARNING *** GMRFLib_2order_approx: rescue NAN/INF values in logl for idx=0
 *** WARNING *** GMRFLib_2order_approx: reset counter for 457 NAN/INF values in logl
 *** WARNING *** GMRFLib_2order_approx: rescue NAN/INF values in logl for idx=870
 *** WARNING *** GMRFLib_2order_approx: reset counter for 62 NAN/INF values in logl
 *** WARNING *** GMRFLib_2order_approx: rescue NAN/INF values in logl for idx=280
 *** WARNING *** GMRFLib_2order_approx: reset counter for 536 NAN/INF values in logl
 *** WARNING *** GMRFLib_2order_approx: rescue NAN/INF values in logl for idx=280
 *** WARNING *** GMRFLib_2order_approx: reset counter for 29 NAN/INF values in logl
 *** WARNING *** GMRFLib_2order_approx: rescue NAN/INF values in logl for idx=0
 *** WARNING *** GMRFLib_2order_approx: reset counter for 443 NAN/INF values in logl
 *** WARNING *** GMRFLib_2order_approx: rescue NAN/INF values in logl for idx=375
 *** WARNING *** GMRFLib_2order_approx: reset counter for 28 NAN/INF values in logl
 *** WARNING *** GMRFLib_2order_approx: rescue NAN/INF values in logl for idx=1041
 *** WARNING *** GMRFLib_2order_approx: reset counter for 4 NAN/INF values in logl
 *** WARNING *** GMRFLib_2order_approx: rescue NAN/INF values in logl for idx=62
 *** WARNING *** GMRFLib_2order_approx: reset counter for 507 NAN/INF values in logl
 *** WARNING *** GMRFLib_2order_approx: rescue NAN/INF values in logl for idx=328
 *** WARNING *** GMRFLib_2order_approx: reset counter for 15 NAN/INF values in logl
 *** WARNING *** GMRFLib_2order_approx: rescue NAN/INF values in logl for idx=0
 *** WARNING *** GMRFLib_2order_approx: reset counter for 520 NAN/INF values in logl
 *** WARNING *** GMRFLib_2order_approx: rescue NAN/INF values in logl for idx=569
 *** WARNING *** GMRFLib_2order_approx: rescue NAN/INF values in logl for idx=24
 *** WARNING *** GMRFLib_2order_approx: reset counter for 218 NAN/INF values in logl
 *** WARNING *** GMRFLib_2order_approx: rescue NAN/INF values in logl for idx=33
 *** WARNING *** GMRFLib_2order_approx: reset counter for 85 NAN/INF values in logl
 *** WARNING *** GMRFLib_2order_approx: rescue NAN/INF values in logl for idx=54
 *** WARNING *** GMRFLib_2order_approx: reset counter for 15 NAN/INF values in logl
 *** WARNING *** GMRFLib_2order_approx: rescue NAN/INF values in logl for idx=0
 *** WARNING *** GMRFLib_2order_approx: reset counter for 362 NAN/INF values in logl
 *** WARNING *** GMRFLib_2order_approx: rescue NAN/INF values in logl for idx=4
 *** WARNING *** GMRFLib_2order_approx: reset counter for 208 NAN/INF values in logl
 *** WARNING *** GMRFLib_2order_approx: rescue NAN/INF values in logl for idx=512
 *** WARNING *** GMRFLib_2order_approx: reset counter for 35 NAN/INF values in logl
 *** WARNING *** GMRFLib_2order_approx: rescue NAN/INF values in logl for idx=851
 *** WARNING *** GMRFLib_2order_approx: reset counter for 35 NAN/INF values in logl
 *** WARNING *** GMRFLib_2order_approx: rescue NAN/INF values in logl for idx=0
 *** WARNING *** GMRFLib_2order_approx: reset counter for 227 NAN/INF values in logl
 *** WARNING *** GMRFLib_2order_approx: rescue NAN/INF values in logl for idx=285
 *** WARNING *** GMRFLib_2order_approx: reset counter for 203 NAN/INF values in logl
 *** WARNING *** GMRFLib_2order_approx: rescue NAN/INF values in logl for idx=605
 *** WARNING *** GMRFLib_2order_approx: reset counter for 168 NAN/INF values in logl
 *** WARNING *** GMRFLib_2order_approx: rescue NAN/INF values in logl for idx=0
 *** WARNING *** GMRFLib_2order_approx: reset counter for 170 NAN/INF values in logl
 *** WARNING *** GMRFLib_2order_approx: rescue NAN/INF values in logl for idx=283
 *** WARNING *** GMRFLib_2order_approx: reset counter for 181 NAN/INF values in logl
 *** WARNING *** GMRFLib_2order_approx: rescue NAN/INF values in logl for idx=0
 *** WARNING *** GMRFLib_2order_approx: reset counter for 622 NAN/INF values in logl
 *** WARNING *** GMRFLib_2order_approx: rescue NAN/INF values in logl for idx=113
 *** WARNING *** GMRFLib_2order_approx: reset counter for 2 NAN/INF values in logl
 *** WARNING *** GMRFLib_2order_approx: rescue NAN/INF values in logl for idx=1052
 *** WARNING *** GMRFLib_2order_approx: reset counter for 3 NAN/INF values in logl
 *** WARNING *** GMRFLib_2order_approx: rescue NAN/INF values in logl for idx=473
 *** WARNING *** GMRFLib_2order_approx: reset counter for 197 NAN/INF values in logl
 *** WARNING *** GMRFLib_2order_approx: rescue NAN/INF values in logl for idx=0
 *** WARNING *** GMRFLib_2order_approx: reset counter for 735 NAN/INF values in logl
 *** WARNING *** GMRFLib_2order_approx: rescue NAN/INF values in logl for idx=280
 *** WARNING *** GMRFLib_2order_approx: reset counter for 310 NAN/INF values in logl
 *** WARNING *** GMRFLib_2order_approx: rescue NAN/INF values in logl for idx=0
 *** WARNING *** GMRFLib_2order_approx: reset counter for 497 NAN/INF values in logl
 *** WARNING *** GMRFLib_2order_approx: rescue NAN/INF values in logl for idx=280
 *** WARNING *** GMRFLib_2order_approx: reset counter for 422 NAN/INF values in logl
 *** WARNING *** GMRFLib_2order_approx: rescue NAN/INF values in logl for idx=26
 *** WARNING *** GMRFLib_2order_approx: reset counter for 112 NAN/INF values in logl
 *** WARNING *** GMRFLib_2order_approx: rescue NAN/INF values in logl for idx=18
 *** WARNING *** GMRFLib_2order_approx: reset counter for 293 NAN/INF values in logl
 *** WARNING *** GMRFLib_2order_approx: reset counter for 293 NAN/INF values in logl
 *** WARNING *** GMRFLib_2order_approx: rescue NAN/INF values in logl for idx=27
 *** WARNING *** GMRFLib_2order_approx: reset counter for 146 NAN/INF values in logl
 *** WARNING *** GMRFLib_2order_approx: rescue NAN/INF values in logl for idx=52
 *** WARNING *** GMRFLib_2order_approx: reset counter for 27 NAN/INF values in logl
 *** WARNING *** GMRFLib_2order_approx: rescue NAN/INF values in logl for idx=175
 *** WARNING *** GMRFLib_2order_approx: reset counter for 8 NAN/INF values in logl
 *** WARNING *** GMRFLib_2order_approx: rescue NAN/INF values in logl for idx=44
 *** WARNING *** GMRFLib_2order_approx: reset counter for 81 NAN/INF values in logl
 *** WARNING *** GMRFLib_2order_approx: rescue NAN/INF values in logl for idx=1040
 *** WARNING *** GMRFLib_2order_approx: reset counter for 29 NAN/INF values in logl
 *** WARNING *** GMRFLib_2order_approx: rescue NAN/INF values in logl for idx=335
 *** WARNING *** GMRFLib_2order_approx: reset counter for 6 NAN/INF values in logl
 *** WARNING *** GMRFLib_2order_approx: rescue NAN/INF values in logl for idx=425
 *** WARNING *** GMRFLib_2order_approx: reset counter for 28 NAN/INF values in logl
 *** WARNING *** GMRFLib_2order_approx: rescue NAN/INF values in logl for idx=540
 *** WARNING *** GMRFLib_2order_approx: reset counter for 38 NAN/INF values in logl
 *** WARNING *** GMRFLib_2order_approx: rescue NAN/INF values in logl for idx=438
 *** WARNING *** GMRFLib_2order_approx: reset counter for 7 NAN/INF values in logl
 *** WARNING *** GMRFLib_2order_approx: rescue NAN/INF values in logl for idx=0
 *** WARNING *** GMRFLib_2order_approx: reset counter for 33 NAN/INF values in logl
 *** WARNING *** GMRFLib_2order_approx: rescue NAN/INF values in logl for idx=90
 *** WARNING *** GMRFLib_2order_approx: reset counter for 369 NAN/INF values in logl
 *** WARNING *** GMRFLib_2order_approx: rescue NAN/INF values in logl for idx=375
 *** WARNING *** GMRFLib_2order_approx: reset counter for 29 NAN/INF values in logl
 *** WARNING *** GMRFLib_2order_approx: rescue NAN/INF values in logl for idx=1040
 *** WARNING *** GMRFLib_2order_approx: reset counter for 9 NAN/INF values in logl
 *** WARNING *** GMRFLib_2order_approx: rescue NAN/INF values in logl for idx=558
 *** WARNING *** GMRFLib_2order_approx: reset counter for 2 NAN/INF values in logl
 *** WARNING *** GMRFLib_2order_approx: rescue NAN/INF values in logl for idx=0
 *** WARNING *** GMRFLib_2order_approx: reset counter for 218 NAN/INF values in logl
 *** WARNING *** GMRFLib_2order_approx: rescue NAN/INF values in logl for idx=9
 *** WARNING *** GMRFLib_2order_approx: reset counter for 40 NAN/INF values in logl
 *** WARNING *** GMRFLib_2order_approx: rescue NAN/INF values in logl for idx=558
 *** WARNING *** GMRFLib_2order_approx: reset counter for 3 NAN/INF values in logl
 *** WARNING *** GMRFLib_2order_approx: rescue NAN/INF values in logl for idx=0
 *** WARNING *** GMRFLib_2order_approx: reset counter for 281 NAN/INF values in logl
 *** WARNING *** GMRFLib_2order_approx: rescue NAN/INF values in logl for idx=10
 *** WARNING *** GMRFLib_2order_approx: reset counter for 31 NAN/INF values in logl
 *** WARNING *** GMRFLib_2order_approx: rescue NAN/INF values in logl for idx=130
 *** WARNING *** GMRFLib_2order_approx: reset counter for 52 NAN/INF values in logl
 *** WARNING *** GMRFLib_2order_approx: rescue NAN/INF values in logl for idx=0
 *** WARNING *** GMRFLib_2order_approx: reset counter for 195 NAN/INF values in logl
 *** WARNING *** GMRFLib_2order_approx: rescue NAN/INF values in logl for idx=190
 *** WARNING *** GMRFLib_2order_approx: reset counter for 5 NAN/INF values in logl
 *** WARNING *** GMRFLib_2order_approx: rescue NAN/INF values in logl for idx=0
 *** WARNING *** GMRFLib_2order_approx: reset counter for 274 NAN/INF values in logl
 *** WARNING *** GMRFLib_2order_approx: rescue NAN/INF values in logl for idx=558
 *** WARNING *** GMRFLib_2order_approx: reset counter for 4 NAN/INF values in logl
 *** WARNING *** GMRFLib_2order_approx: rescue NAN/INF values in logl for idx=0
 *** WARNING *** GMRFLib_2order_approx: reset counter for 274 NAN/INF values in logl
 *** WARNING *** GMRFLib_2order_approx: rescue NAN/INF values in logl for idx=558
 *** WARNING *** GMRFLib_2order_approx: reset counter for 3 NAN/INF values in logl
 *** WARNING *** GMRFLib_2order_approx: rescue NAN/INF values in logl for idx=308
 *** WARNING *** GMRFLib_2order_approx: reset counter for 187 NAN/INF values in logl
 *** WARNING *** GMRFLib_2order_approx: rescue NAN/INF values in logl for idx=280
 *** WARNING *** GMRFLib_2order_approx: reset counter for 137 NAN/INF values in logl
 *** WARNING *** GMRFLib_2order_approx: rescue NAN/INF values in logl for idx=0
 *** WARNING *** GMRFLib_2order_approx: reset counter for 281 NAN/INF values in logl
 *** WARNING *** GMRFLib_2order_approx: rescue NAN/INF values in logl for idx=565
 *** WARNING *** GMRFLib_2order_approx: reset counter for 5 NAN/INF values in logl
 *** WARNING *** GMRFLib_2order_approx: rescue NAN/INF values in logl for idx=105
 *** WARNING *** GMRFLib_2order_approx: reset counter for 324 NAN/INF values in logl
 *** WARNING *** GMRFLib_2order_approx: rescue NAN/INF values in logl for idx=548
 *** WARNING *** GMRFLib_2order_approx: reset counter for 16 NAN/INF values in logl
 *** WARNING *** GMRFLib_2order_approx: rescue NAN/INF values in logl for idx=22
 *** WARNING *** GMRFLib_2order_approx: reset counter for 190 NAN/INF values in logl
 *** WARNING *** GMRFLib_2order_approx: rescue NAN/INF values in logl for idx=1040
 *** WARNING *** GMRFLib_2order_approx: reset counter for 53 NAN/INF values in logl
 *** WARNING *** GMRFLib_2order_approx: rescue NAN/INF values in logl for idx=29
 *** WARNING *** GMRFLib_2order_approx: reset counter for 19 NAN/INF values in logl
 *** WARNING *** GMRFLib_2order_approx: rescue NAN/INF values in logl for idx=101
 *** WARNING *** GMRFLib_2order_approx: reset counter for 76 NAN/INF values in logl
 *** WARNING *** GMRFLib_2order_approx: rescue NAN/INF values in logl for idx=53
 *** WARNING *** GMRFLib_2order_approx: reset counter for 15 NAN/INF values in logl
 *** WARNING *** GMRFLib_2order_approx: rescue NAN/INF values in logl for idx=0
 *** WARNING *** GMRFLib_2order_approx: reset counter for 267 NAN/INF values in logl
 *** WARNING *** GMRFLib_2order_approx: rescue NAN/INF values in logl for idx=690
 *** WARNING *** GMRFLib_2order_approx: reset counter for 21 NAN/INF values in logl
 *** WARNING *** GMRFLib_2order_approx: rescue NAN/INF values in logl for idx=0
 *** WARNING *** GMRFLib_2order_approx: reset counter for 44 NAN/INF values in logl
 *** WARNING *** GMRFLib_2order_approx: rescue NAN/INF values in logl for idx=1070
 *** WARNING *** GMRFLib_2order_approx: reset counter for 87 NAN/INF values in logl
 *** WARNING *** GMRFLib_2order_approx: rescue NAN/INF values in logl for idx=327
 *** WARNING *** GMRFLib_2order_approx: reset counter for 77 NAN/INF values in logl
 *** WARNING *** GMRFLib_2order_approx: rescue NAN/INF values in logl for idx=1070
 *** WARNING *** GMRFLib_2order_approx: reset counter for 14 NAN/INF values in logl
 *** WARNING *** GMRFLib_2order_approx: rescue NAN/INF values in logl for idx=375
 *** WARNING *** GMRFLib_2order_approx: reset counter for 7 NAN/INF values in logl
 *** WARNING *** GMRFLib_2order_approx: rescue NAN/INF values in logl for idx=12
 *** WARNING *** GMRFLib_2order_approx: reset counter for 111 NAN/INF values in logl
 *** WARNING *** GMRFLib_2order_approx: rescue NAN/INF values in logl for idx=289
 *** WARNING *** GMRFLib_2order_approx: reset counter for 173 NAN/INF values in logl
 *** WARNING *** GMRFLib_2order_approx: rescue NAN/INF values in logl for idx=438
 *** WARNING *** GMRFLib_2order_approx: reset counter for 3 NAN/INF values in logl
 *** WARNING *** GMRFLib_2order_approx: rescue NAN/INF values in logl for idx=556
 *** WARNING *** GMRFLib_2order_approx: reset counter for 3 NAN/INF values in logl
 *** WARNING *** GMRFLib_2order_approx: rescue NAN/INF values in logl for idx=0
 *** WARNING *** GMRFLib_2order_approx: reset counter for 515 NAN/INF values in logl
 *** WARNING *** GMRFLib_2order_approx: rescue NAN/INF values in logl for idx=960
 *** WARNING *** GMRFLib_2order_approx: reset counter for 71 NAN/INF values in logl
 *** WARNING *** GMRFLib_2order_approx: rescue NAN/INF values in logl for idx=0
 *** WARNING *** GMRFLib_2order_approx: reset counter for 149 NAN/INF values in logl
 *** WARNING *** GMRFLib_2order_approx: rescue NAN/INF values in logl for idx=25
 *** WARNING *** GMRFLib_2order_approx: reset counter for 117 NAN/INF values in logl
 *** WARNING *** GMRFLib_2order_approx: rescue NAN/INF values in logl for idx=1040
 *** WARNING *** GMRFLib_2order_approx: reset counter for 36 NAN/INF values in logl
 *** WARNING *** GMRFLib_2order_approx: rescue NAN/INF values in logl for idx=34
 *** WARNING *** GMRFLib_2order_approx: reset counter for 46 NAN/INF values in logl
 *** WARNING *** GMRFLib_2order_approx: rescue NAN/INF values in logl for idx=1041
 *** WARNING *** GMRFLib_2order_approx: reset counter for 7 NAN/INF values in logl
 *** WARNING *** GMRFLib_2order_approx: rescue NAN/INF values in logl for idx=0
 *** WARNING *** GMRFLib_2order_approx: reset counter for 402 NAN/INF values in logl
 *** WARNING *** GMRFLib_2order_approx: rescue NAN/INF values in logl for idx=0
 *** WARNING *** GMRFLib_2order_approx: reset counter for 272 NAN/INF values in logl
 *** WARNING *** GMRFLib_2order_approx: rescue NAN/INF values in logl for idx=280
 *** WARNING *** GMRFLib_2order_approx: reset counter for 123 NAN/INF values in logl
 *** WARNING *** GMRFLib_2order_approx: rescue NAN/INF values in logl for idx=705
 *** WARNING *** GMRFLib_2order_approx: reset counter for 203 NAN/INF values in logl
 *** WARNING *** GMRFLib_2order_approx: rescue NAN/INF values in logl for idx=375
 *** WARNING *** GMRFLib_2order_approx: reset counter for 125 NAN/INF values in logl
 *** WARNING *** GMRFLib_2order_approx: rescue NAN/INF values in logl for idx=650
 *** WARNING *** GMRFLib_2order_approx: reset counter for 5 NAN/INF values in logl
 *** WARNING *** GMRFLib_2order_approx: rescue NAN/INF values in logl for idx=546
 *** WARNING *** GMRFLib_2order_approx: reset counter for 15 NAN/INF values in logl
 *** WARNING *** GMRFLib_2order_approx: reset counter for 15 NAN/INF values in logl
 *** WARNING *** GMRFLib_2order_approx: rescue NAN/INF values in logl for idx=0
 *** WARNING *** GMRFLib_2order_approx: reset counter for 619 NAN/INF values in logl
 *** WARNING *** GMRFLib_2order_approx: rescue NAN/INF values in logl for idx=0
 *** WARNING *** GMRFLib_2order_approx: reset counter for 203 NAN/INF values in logl
 *** WARNING *** GMRFLib_2order_approx: rescue NAN/INF values in logl for idx=975
 *** WARNING *** GMRFLib_2order_approx: reset counter for 203 NAN/INF values in logl
 *** WARNING *** GMRFLib_2order_approx: rescue NAN/INF values in logl for idx=1040
 *** WARNING *** GMRFLib_2order_approx: reset counter for 52 NAN/INF values in logl
 *** WARNING *** GMRFLib_2order_approx: rescue NAN/INF values in logl for idx=125
 *** WARNING *** GMRFLib_2order_approx: reset counter for 384 NAN/INF values in logl
 *** WARNING *** GMRFLib_2order_approx: rescue NAN/INF values in logl for idx=0
 *** WARNING *** GMRFLib_2order_approx: reset counter for 527 NAN/INF values in logl
 *** WARNING *** GMRFLib_2order_approx: rescue NAN/INF values in logl for idx=129
 *** WARNING *** GMRFLib_2order_approx: reset counter for 354 NAN/INF values in logl
 *** WARNING *** GMRFLib_2order_approx: rescue NAN/INF values in logl for idx=75
 *** WARNING *** GMRFLib_2order_approx: reset counter for 92 NAN/INF values in logl
 *** WARNING *** GMRFLib_2order_approx: rescue NAN/INF values in logl for idx=558
 *** WARNING *** GMRFLib_2order_approx: reset counter for 3 NAN/INF values in logl
 *** WARNING *** GMRFLib_2order_approx: rescue NAN/INF values in logl for idx=438
 *** WARNING *** GMRFLib_2order_approx: reset counter for 4 NAN/INF values in logl
 *** WARNING *** GMRFLib_2order_approx: rescue NAN/INF values in logl for idx=305
 *** WARNING *** GMRFLib_2order_approx: reset counter for 118 NAN/INF values in logl
 *** WARNING *** GMRFLib_2order_approx: rescue NAN/INF values in logl for idx=375
 *** WARNING *** GMRFLib_2order_approx: reset counter for 10 NAN/INF values in logl
 *** WARNING *** GMRFLib_2order_approx: rescue NAN/INF values in logl for idx=0
 *** WARNING *** GMRFLib_2order_approx: reset counter for 484 NAN/INF values in logl
 *** WARNING *** GMRFLib_2order_approx: rescue NAN/INF values in logl for idx=0
 *** WARNING *** GMRFLib_2order_approx: reset counter for 180 NAN/INF values in logl
 *** WARNING *** GMRFLib_2order_approx: rescue NAN/INF values in logl for idx=558
 *** WARNING *** GMRFLib_2order_approx: reset counter for 25 NAN/INF values in logl
 *** WARNING *** GMRFLib_2order_approx: rescue NAN/INF values in logl for idx=968
 *** WARNING *** GMRFLib_2order_approx: rescue NAN/INF values in logl for idx=4
 *** WARNING *** GMRFLib_2order_approx: reset counter for 8 NAN/INF values in logl
 *** WARNING *** GMRFLib_2order_approx: reset counter for 8 NAN/INF values in logl
 *** WARNING *** GMRFLib_2order_approx: rescue NAN/INF values in logl for idx=0
 *** WARNING *** GMRFLib_2order_approx: reset counter for 189 NAN/INF values in logl
 *** WARNING *** GMRFLib_2order_approx: rescue NAN/INF values in logl for idx=0
 *** WARNING *** GMRFLib_2order_approx: reset counter for 228 NAN/INF values in logl
 *** WARNING *** GMRFLib_2order_approx: reset counter for 228 NAN/INF values in logl
 *** WARNING *** GMRFLib_2order_approx: rescue NAN/INF values in logl for idx=0
 *** WARNING *** GMRFLib_2order_approx: reset counter for 109 NAN/INF values in logl
 *** WARNING *** GMRFLib_2order_approx: rescue NAN/INF values in logl for idx=105
 *** WARNING *** GMRFLib_2order_approx: reset counter for 25 NAN/INF values in logl
 *** WARNING *** GMRFLib_2order_approx: rescue NAN/INF values in logl for idx=0
 *** WARNING *** GMRFLib_2order_approx: reset counter for 386 NAN/INF values in logl
 *** WARNING *** GMRFLib_2order_approx: rescue NAN/INF values in logl for idx=616
 *** WARNING *** GMRFLib_2order_approx: reset counter for 43 NAN/INF values in logl
 *** WARNING *** GMRFLib_2order_approx: reset counter for 43 NAN/INF values in logl
 *** WARNING *** GMRFLib_2order_approx: rescue NAN/INF values in logl for idx=0
 *** WARNING *** GMRFLib_2order_approx: reset counter for 314 NAN/INF values in logl
 *** WARNING *** GMRFLib_2order_approx: rescue NAN/INF values in logl for idx=54
 *** WARNING *** GMRFLib_2order_approx: reset counter for 55 NAN/INF values in logl
 *** WARNING *** GMRFLib_2order_approx: rescue NAN/INF values in logl for idx=438
 *** WARNING *** GMRFLib_2order_approx: reset counter for 5 NAN/INF values in logl
 *** WARNING *** GMRFLib_2order_approx: reset counter for 5 NAN/INF values in logl
 *** WARNING *** GMRFLib_2order_approx: rescue NAN/INF values in logl for idx=887
 *** WARNING *** GMRFLib_2order_approx: reset counter for 2 NAN/INF values in logl
 *** WARNING *** GMRFLib_2order_approx: rescue NAN/INF values in logl for idx=0
 *** WARNING *** GMRFLib_2order_approx: reset counter for 286 NAN/INF values in logl
 *** WARNING *** GMRFLib_2order_approx: rescue NAN/INF values in logl for idx=385
 *** WARNING *** GMRFLib_2order_approx: reset counter for 221 NAN/INF values in logl
 *** WARNING *** GMRFLib_2order_approx: reset counter for 221 NAN/INF values in logl
 *** WARNING *** GMRFLib_2order_approx: rescue NAN/INF values in logl for idx=0
 *** WARNING *** GMRFLib_2order_approx: reset counter for 354 NAN/INF values in logl
 *** WARNING *** GMRFLib_2order_approx: rescue NAN/INF values in logl for idx=283
 *** WARNING *** GMRFLib_2order_approx: reset counter for 270 NAN/INF values in logl
 *** WARNING *** GMRFLib_2order_approx: rescue NAN/INF values in logl for idx=0
 *** WARNING *** GMRFLib_2order_approx: reset counter for 30 NAN/INF values in logl
 *** WARNING *** GMRFLib_2order_approx: rescue NAN/INF values in logl for idx=340
 *** WARNING *** GMRFLib_2order_approx: reset counter for 5 NAN/INF values in logl
 *** WARNING *** GMRFLib_2order_approx: rescue NAN/INF values in logl for idx=0
 *** WARNING *** GMRFLib_2order_approx: reset counter for 591 NAN/INF values in logl
 *** WARNING *** GMRFLib_2order_approx: rescue NAN/INF values in logl for idx=106
 *** WARNING *** GMRFLib_2order_approx: reset counter for 2 NAN/INF values in logl
 *** WARNING *** GMRFLib_2order_approx: rescue NAN/INF values in logl for idx=280
 *** WARNING *** GMRFLib_2order_approx: rescue NAN/INF values in logl for idx=762
 *** WARNING *** GMRFLib_2order_approx: reset counter for 497 NAN/INF values in logl
 *** WARNING *** GMRFLib_2order_approx: rescue NAN/INF values in logl for idx=0
 *** WARNING *** GMRFLib_2order_approx: reset counter for 511 NAN/INF values in logl
 *** WARNING *** GMRFLib_2order_approx: reset counter for 511 NAN/INF values in logl
 *** WARNING *** GMRFLib_2order_approx: rescue NAN/INF values in logl for idx=375
 *** WARNING *** GMRFLib_2order_approx: reset counter for 32 NAN/INF values in logl
 *** WARNING *** GMRFLib_2order_approx: rescue NAN/INF values in logl for idx=163
 *** WARNING *** GMRFLib_2order_approx: reset counter for 378 NAN/INF values in logl
 *** WARNING *** GMRFLib_2order_approx: rescue NAN/INF values in logl for idx=438
 *** WARNING *** GMRFLib_2order_approx: reset counter for 29 NAN/INF values in logl
 *** WARNING *** GMRFLib_2order_approx: rescue NAN/INF values in logl for idx=0
 *** WARNING *** GMRFLib_2order_approx: reset counter for 188 NAN/INF values in logl
 *** WARNING *** GMRFLib_2order_approx: rescue NAN/INF values in logl for idx=0
 *** WARNING *** GMRFLib_2order_approx: reset counter for 624 NAN/INF values in logl
 *** WARNING *** GMRFLib_2order_approx: rescue NAN/INF values in logl for idx=438
 *** WARNING *** GMRFLib_2order_approx: reset counter for 45 NAN/INF values in logl
 *** WARNING *** GMRFLib_2order_approx: rescue NAN/INF values in logl for idx=0
 *** WARNING *** GMRFLib_2order_approx: reset counter for 273 NAN/INF values in logl
 *** WARNING *** GMRFLib_2order_approx: rescue NAN/INF values in logl for idx=10
 *** WARNING *** GMRFLib_2order_approx: reset counter for 419 NAN/INF values in logl
 *** WARNING *** GMRFLib_2order_approx: rescue NAN/INF values in logl for idx=75
 *** WARNING *** GMRFLib_2order_approx: reset counter for 423 NAN/INF values in logl
 *** WARNING *** GMRFLib_2order_approx: rescue NAN/INF values in logl for idx=405
 *** WARNING *** GMRFLib_2order_approx: reset counter for 5 NAN/INF values in logl
 *** WARNING *** GMRFLib_2order_approx: rescue NAN/INF values in logl for idx=0
 *** WARNING *** GMRFLib_2order_approx: reset counter for 46 NAN/INF values in logl
 *** WARNING *** GMRFLib_2order_approx: rescue NAN/INF values in logl for idx=99
 *** WARNING *** GMRFLib_2order_approx: reset counter for 417 NAN/INF values in logl
 *** WARNING *** GMRFLib_2order_approx: rescue NAN/INF values in logl for idx=438
 *** WARNING *** GMRFLib_2order_approx: reset counter for 4 NAN/INF values in logl
 *** WARNING *** GMRFLib_2order_approx: rescue NAN/INF values in logl for idx=75
 *** WARNING *** GMRFLib_2order_approx: reset counter for 450 NAN/INF values in logl
 *** WARNING *** GMRFLib_2order_approx: rescue NAN/INF values in logl for idx=90
 *** WARNING *** GMRFLib_2order_approx: reset counter for 337 NAN/INF values in logl
 *** WARNING *** GMRFLib_2order_approx: rescue NAN/INF values in logl for idx=0
 *** WARNING *** GMRFLib_2order_approx: reset counter for 421 NAN/INF values in logl
 *** WARNING *** GMRFLib_2order_approx: rescue NAN/INF values in logl for idx=0
 *** WARNING *** GMRFLib_2order_approx: reset counter for 200 NAN/INF values in logl
 *** WARNING *** GMRFLib_2order_approx: rescue NAN/INF values in logl for idx=229
 *** WARNING *** GMRFLib_2order_approx: reset counter for 331 NAN/INF values in logl
 *** WARNING *** GMRFLib_2order_approx: rescue NAN/INF values in logl for idx=50
 *** WARNING *** GMRFLib_2order_approx: reset counter for 363 NAN/INF values in logl
 *** WARNING *** GMRFLib_2order_approx: rescue NAN/INF values in logl for idx=0
 *** WARNING *** GMRFLib_2order_approx: reset counter for 71 NAN/INF values in logl
 *** WARNING *** GMRFLib_2order_approx: rescue NAN/INF values in logl for idx=145
 *** WARNING *** GMRFLib_2order_approx: reset counter for 468 NAN/INF values in logl
 *** WARNING *** GMRFLib_2order_approx: rescue NAN/INF values in logl for idx=0
 *** WARNING *** GMRFLib_2order_approx: reset counter for 513 NAN/INF values in logl
 *** WARNING *** GMRFLib_2order_approx: rescue NAN/INF values in logl for idx=762
 *** WARNING *** GMRFLib_2order_approx: reset counter for 21 NAN/INF values in logl
 *** WARNING *** GMRFLib_2order_approx: rescue NAN/INF values in logl for idx=0
 *** WARNING *** GMRFLib_2order_approx: reset counter for 537 NAN/INF values in logl
 *** WARNING *** GMRFLib_2order_approx: reset counter for 537 NAN/INF values in logl
 *** WARNING *** GMRFLib_2order_approx: rescue NAN/INF values in logl for idx=0
 *** WARNING *** GMRFLib_2order_approx: reset counter for 478 NAN/INF values in logl
 *** WARNING *** GMRFLib_2order_approx: rescue NAN/INF values in logl for idx=60
 *** WARNING *** GMRFLib_2order_approx: reset counter for 411 NAN/INF values in logl
 *** WARNING *** GMRFLib_2order_approx: rescue NAN/INF values in logl for idx=0
 *** WARNING *** GMRFLib_2order_approx: reset counter for 452 NAN/INF values in logl
 *** WARNING *** GMRFLib_2order_approx: rescue NAN/INF values in logl for idx=0
 *** WARNING *** GMRFLib_2order_approx: reset counter for 494 NAN/INF values in logl
 *** WARNING *** GMRFLib_2order_approx: rescue NAN/INF values in logl for idx=75
 *** WARNING *** GMRFLib_2order_approx: reset counter for 415 NAN/INF values in logl
 *** WARNING *** GMRFLib_2order_approx: rescue NAN/INF values in logl for idx=762
 *** WARNING *** GMRFLib_2order_approx: reset counter for 21 NAN/INF values in logl
 *** WARNING *** GMRFLib_2order_approx: rescue NAN/INF values in logl for idx=0
 *** WARNING *** GMRFLib_2order_approx: reset counter for 418 NAN/INF values in logl
 *** WARNING *** GMRFLib_2order_approx: rescue NAN/INF values in logl for idx=438
 *** WARNING *** GMRFLib_2order_approx: reset counter for 2 NAN/INF values in logl
 *** WARNING *** GMRFLib_2order_approx: rescue NAN/INF values in logl for idx=645
 *** WARNING *** GMRFLib_2order_approx: reset counter for 2 NAN/INF values in logl
 *** WARNING *** GMRFLib_2order_approx: rescue NAN/INF values in logl for idx=0
 *** WARNING *** GMRFLib_2order_approx: reset counter for 487 NAN/INF values in logl
 *** WARNING *** GMRFLib_2order_approx: rescue NAN/INF values in logl for idx=1035
 *** WARNING *** GMRFLib_2order_approx: reset counter for 56 NAN/INF values in logl
 *** WARNING *** GMRFLib_2order_approx: rescue NAN/INF values in logl for idx=762
 *** WARNING *** GMRFLib_2order_approx: reset counter for 21 NAN/INF values in logl
 *** WARNING *** GMRFLib_2order_approx: rescue NAN/INF values in logl for idx=4
 *** WARNING *** GMRFLib_2order_approx: reset counter for 14 NAN/INF values in logl
 *** WARNING *** GMRFLib_2order_approx: rescue NAN/INF values in logl for idx=0
 *** WARNING *** GMRFLib_2order_approx: reset counter for 323 NAN/INF values in logl
 *** WARNING *** GMRFLib_2order_approx: rescue NAN/INF values in logl for idx=0
 *** WARNING *** GMRFLib_2order_approx: reset counter for 115 NAN/INF values in logl
 *** WARNING *** GMRFLib_2order_approx: rescue NAN/INF values in logl for idx=438
 *** WARNING *** GMRFLib_2order_approx: reset counter for 35 NAN/INF values in logl
 *** WARNING *** GMRFLib_2order_approx: rescue NAN/INF values in logl for idx=0
 *** WARNING *** GMRFLib_2order_approx: reset counter for 388 NAN/INF values in logl
 *** WARNING *** GMRFLib_2order_approx: rescue NAN/INF values in logl for idx=1040
 *** WARNING *** GMRFLib_2order_approx: reset counter for 35 NAN/INF values in logl
 *** WARNING *** GMRFLib_2order_approx: rescue NAN/INF values in logl for idx=0
 *** WARNING *** GMRFLib_2order_approx: reset counter for 139 NAN/INF values in logl
 *** WARNING *** GMRFLib_2order_approx: rescue NAN/INF values in logl for idx=645
 *** WARNING *** GMRFLib_2order_approx: reset counter for 13 NAN/INF values in logl
 *** WARNING *** GMRFLib_2order_approx: rescue NAN/INF values in logl for idx=314
 *** WARNING *** GMRFLib_2order_approx: reset counter for 14 NAN/INF values in logl
 *** WARNING *** GMRFLib_2order_approx: rescue NAN/INF values in logl for idx=967
 *** WARNING *** GMRFLib_2order_approx: reset counter for 21 NAN/INF values in logl
 *** WARNING *** GMRFLib_2order_approx: rescue NAN/INF values in logl for idx=0
 *** WARNING *** GMRFLib_2order_approx: reset counter for 24 NAN/INF values in logl
 *** WARNING *** GMRFLib_2order_approx: reset counter for 295 NAN/INF values in logl
 *** WARNING *** GMRFLib_2order_approx: rescue NAN/INF values in logl for idx=558
 *** WARNING *** GMRFLib_2order_approx: reset counter for 24 NAN/INF values in logl
 *** WARNING *** GMRFLib_2order_approx: rescue NAN/INF values in logl for idx=0
 *** WARNING *** GMRFLib_2order_approx: reset counter for 587 NAN/INF values in logl
 *** WARNING *** GMRFLib_2order_approx: rescue NAN/INF values in logl for idx=558
 *** WARNING *** GMRFLib_2order_approx: reset counter for 23 NAN/INF values in logl
 *** WARNING *** GMRFLib_2order_approx: rescue NAN/INF values in logl for idx=0
 *** WARNING *** GMRFLib_2order_approx: reset counter for 597 NAN/INF values in logl
 *** WARNING *** GMRFLib_2order_approx: rescue NAN/INF values in logl for idx=762
 *** WARNING *** GMRFLib_2order_approx: reset counter for 16 NAN/INF values in logl
 *** WARNING *** GMRFLib_2order_approx: rescue NAN/INF values in logl for idx=0
 *** WARNING *** GMRFLib_2order_approx: reset counter for 466 NAN/INF values in logl
 *** WARNING *** GMRFLib_2order_approx: rescue NAN/INF values in logl for idx=280
 *** WARNING *** GMRFLib_2order_approx: reset counter for 11 NAN/INF values in logl
 *** WARNING *** GMRFLib_2order_approx: rescue NAN/INF values in logl for idx=515
 *** WARNING *** GMRFLib_2order_approx: reset counter for 336 NAN/INF values in logl
 *** WARNING *** GMRFLib_2order_approx: rescue NAN/INF values in logl for idx=0
 *** WARNING *** GMRFLib_2order_approx: reset counter for 133 NAN/INF values in logl
 *** WARNING *** GMRFLib_2order_approx: rescue NAN/INF values in logl for idx=370
 *** WARNING *** GMRFLib_2order_approx: reset counter for 37 NAN/INF values in logl
 *** WARNING *** GMRFLib_2order_approx: rescue NAN/INF values in logl for idx=59
 *** WARNING *** GMRFLib_2order_approx: reset counter for 268 NAN/INF values in logl
 *** WARNING *** GMRFLib_2order_approx: rescue NAN/INF values in logl for idx=565
 *** WARNING *** GMRFLib_2order_approx: reset counter for 10 NAN/INF values in logl
 *** WARNING *** GMRFLib_2order_approx: rescue NAN/INF values in logl for idx=0
 *** WARNING *** GMRFLib_2order_approx: reset counter for 552 NAN/INF values in logl
 *** WARNING *** GMRFLib_2order_approx: rescue NAN/INF values in logl for idx=762
 *** WARNING *** GMRFLib_2order_approx: reset counter for 3 NAN/INF values in logl
 *** WARNING *** GMRFLib_2order_approx: rescue NAN/INF values in logl for idx=0
 *** WARNING *** GMRFLib_2order_approx: reset counter for 252 NAN/INF values in logl
 *** WARNING *** GMRFLib_2order_approx: rescue NAN/INF values in logl for idx=347
 *** WARNING *** GMRFLib_2order_approx: reset counter for 184 NAN/INF values in logl
 *** WARNING *** GMRFLib_2order_approx: rescue NAN/INF values in logl for idx=438
 *** WARNING *** GMRFLib_2order_approx: reset counter for 2 NAN/INF values in logl
 *** WARNING *** GMRFLib_2order_approx: rescue NAN/INF values in logl for idx=37
 *** WARNING *** GMRFLib_2order_approx: reset counter for 291 NAN/INF values in logl
 *** WARNING *** GMRFLib_2order_approx: rescue NAN/INF values in logl for idx=0
 *** WARNING *** GMRFLib_2order_approx: reset counter for 81 NAN/INF values in logl
 *** WARNING *** GMRFLib_2order_approx: rescue NAN/INF values in logl for idx=30
 *** WARNING *** GMRFLib_2order_approx: reset counter for 469 NAN/INF values in logl
 *** WARNING *** GMRFLib_2order_approx: rescue NAN/INF values in logl for idx=385
 *** WARNING *** GMRFLib_2order_approx: reset counter for 51 NAN/INF values in logl
 *** WARNING *** GMRFLib_2order_approx: rescue NAN/INF values in logl for idx=24
 *** WARNING *** GMRFLib_2order_approx: reset counter for 139 NAN/INF values in logl
 *** WARNING *** GMRFLib_2order_approx: rescue NAN/INF values in logl for idx=0
 *** WARNING *** GMRFLib_2order_approx: reset counter for 214 NAN/INF values in logl
 *** WARNING *** GMRFLib_2order_approx: rescue NAN/INF values in logl for idx=360
 *** WARNING *** GMRFLib_2order_approx: reset counter for 152 NAN/INF values in logl
 *** WARNING *** GMRFLib_2order_approx: rescue NAN/INF values in logl for idx=1040
 *** WARNING *** GMRFLib_2order_approx: reset counter for 60 NAN/INF values in logl
 *** WARNING *** GMRFLib_2order_approx: rescue NAN/INF values in logl for idx=32
 *** WARNING *** GMRFLib_2order_approx: reset counter for 60 NAN/INF values in logl
 *** WARNING *** GMRFLib_2order_approx: rescue NAN/INF values in logl for idx=157
 *** WARNING *** GMRFLib_2order_approx: reset counter for 18 NAN/INF values in logl
 *** WARNING *** GMRFLib_2order_approx: reset counter for 2 NAN/INF values in logl
 *** WARNING *** GMRFLib_2order_approx: rescue NAN/INF values in logl for idx=10
 *** WARNING *** GMRFLib_2order_approx: rescue NAN/INF values in logl for idx=262
 *** WARNING *** GMRFLib_2order_approx: reset counter for 270 NAN/INF values in logl
 *** WARNING *** GMRFLib_2order_approx: rescue NAN/INF values in logl for idx=407
 *** WARNING *** GMRFLib_2order_approx: reset counter for 19 NAN/INF values in logl
 *** WARNING *** GMRFLib_2order_approx: rescue NAN/INF values in logl for idx=25
 *** WARNING *** GMRFLib_2order_approx: reset counter for 263 NAN/INF values in logl
 *** WARNING *** GMRFLib_2order_approx: rescue NAN/INF values in logl for idx=24
 *** WARNING *** GMRFLib_2order_approx: reset counter for 143 NAN/INF values in logl
 *** WARNING *** GMRFLib_2order_approx: rescue NAN/INF values in logl for idx=366
 *** WARNING *** GMRFLib_2order_approx: reset counter for 10 NAN/INF values in logl
 *** WARNING *** GMRFLib_2order_approx: rescue NAN/INF values in logl for idx=34
 *** WARNING *** GMRFLib_2order_approx: reset counter for 124 NAN/INF values in logl
 *** WARNING *** GMRFLib_2order_approx: rescue NAN/INF values in logl for idx=51
 *** WARNING *** GMRFLib_2order_approx: reset counter for 12 NAN/INF values in logl
 *** WARNING *** GMRFLib_2order_approx: rescue NAN/INF values in logl for idx=54
 *** WARNING *** GMRFLib_2order_approx: reset counter for 43 NAN/INF values in logl
 *** WARNING *** GMRFLib_2order_approx: rescue NAN/INF values in logl for idx=1058
 *** WARNING *** GMRFLib_2order_approx: reset counter for 4 NAN/INF values in logl
 *** WARNING *** GMRFLib_2order_approx: rescue NAN/INF values in logl for idx=175
 *** WARNING *** GMRFLib_2order_approx: reset counter for 3 NAN/INF values in logl
 *** WARNING *** GMRFLib_2order_approx: reset counter for 3 NAN/INF values in logl
 *** WARNING *** GMRFLib_2order_approx: rescue NAN/INF values in logl for idx=50
 *** WARNING *** GMRFLib_2order_approx: reset counter for 134 NAN/INF values in logl
 *** WARNING *** GMRFLib_2order_approx: rescue NAN/INF values in logl for idx=30
 *** WARNING *** GMRFLib_2order_approx: reset counter for 170 NAN/INF values in logl
 *** WARNING *** GMRFLib_2order_approx: rescue NAN/INF values in logl for idx=915
 *** WARNING *** GMRFLib_2order_approx: reset counter for 27 NAN/INF values in logl
 *** WARNING *** GMRFLib_2order_approx: rescue NAN/INF values in logl for idx=232
 *** WARNING *** GMRFLib_2order_approx: reset counter for 251 NAN/INF values in logl
 *** WARNING *** GMRFLib_2order_approx: rescue NAN/INF values in logl for idx=135
 *** WARNING *** GMRFLib_2order_approx: reset counter for 90 NAN/INF values in logl
 *** WARNING *** GMRFLib_2order_approx: rescue NAN/INF values in logl for idx=965
 *** WARNING *** GMRFLib_2order_approx: reset counter for 34 NAN/INF values in logl
 *** WARNING *** GMRFLib_2order_approx: rescue NAN/INF values in logl for idx=360
 *** WARNING *** GMRFLib_2order_approx: reset counter for 105 NAN/INF values in logl
 *** WARNING *** GMRFLib_2order_approx: rescue NAN/INF values in logl for idx=375
 *** WARNING *** GMRFLib_2order_approx: reset counter for 13 NAN/INF values in logl
 *** WARNING *** GMRFLib_2order_approx: rescue NAN/INF values in logl for idx=1040
 *** WARNING *** GMRFLib_2order_approx: reset counter for 7 NAN/INF values in logl
 *** WARNING *** GMRFLib_2order_approx: rescue NAN/INF values in logl for idx=1040
 *** WARNING *** GMRFLib_2order_approx: reset counter for 37 NAN/INF values in logl
 *** WARNING *** GMRFLib_2order_approx: rescue NAN/INF values in logl for idx=0
 *** WARNING *** GMRFLib_2order_approx: reset counter for 327 NAN/INF values in logl
 *** WARNING *** GMRFLib_2order_approx: rescue NAN/INF values in logl for idx=0
 *** WARNING *** GMRFLib_2order_approx: reset counter for 492 NAN/INF values in logl
 *** WARNING *** GMRFLib_2order_approx: rescue NAN/INF values in logl for idx=762
 *** WARNING *** GMRFLib_2order_approx: reset counter for 12 NAN/INF values in logl
 *** WARNING *** GMRFLib_2order_approx: rescue NAN/INF values in logl for idx=0
 *** WARNING *** GMRFLib_2order_approx: reset counter for 87 NAN/INF values in logl
 *** WARNING *** GMRFLib_2order_approx: rescue NAN/INF values in logl for idx=160
 *** WARNING *** GMRFLib_2order_approx: reset counter for 182 NAN/INF values in logl
 *** WARNING *** GMRFLib_2order_approx: rescue NAN/INF values in logl for idx=50
 *** WARNING *** GMRFLib_2order_approx: reset counter for 56 NAN/INF values in logl
 *** WARNING *** GMRFLib_2order_approx: rescue NAN/INF values in logl for idx=704
 *** WARNING *** GMRFLib_2order_approx: reset counter for 53 NAN/INF values in logl
 *** WARNING *** GMRFLib_2order_approx: rescue NAN/INF values in logl for idx=0
 *** WARNING *** GMRFLib_2order_approx: reset counter for 783 NAN/INF values in logl
 *** WARNING *** GMRFLib_2order_approx: rescue NAN/INF values in logl for idx=510
 *** WARNING *** GMRFLib_2order_approx: reset counter for 25 NAN/INF values in logl
 *** WARNING *** GMRFLib_2order_approx: rescue NAN/INF values in logl for idx=0
 *** WARNING *** GMRFLib_2order_approx: reset counter for 637 NAN/INF values in logl
 *** WARNING *** GMRFLib_2order_approx: rescue NAN/INF values in logl for idx=822
 *** WARNING *** GMRFLib_2order_approx: reset counter for 3 NAN/INF values in logl
 *** WARNING *** GMRFLib_2order_approx: rescue NAN/INF values in logl for idx=0
 *** WARNING *** GMRFLib_2order_approx: reset counter for 632 NAN/INF values in logl
 *** WARNING *** GMRFLib_2order_approx: rescue NAN/INF values in logl for idx=558
 *** WARNING *** GMRFLib_2order_approx: reset counter for 80 NAN/INF values in logl
 *** WARNING *** GMRFLib_2order_approx: rescue NAN/INF values in logl for idx=0
 *** WARNING *** GMRFLib_2order_approx: reset counter for 758 NAN/INF values in logl
 *** WARNING *** GMRFLib_2order_approx: rescue NAN/INF values in logl for idx=0
 *** WARNING *** GMRFLib_2order_approx: reset counter for 555 NAN/INF values in logl
 *** WARNING *** GMRFLib_2order_approx: rescue NAN/INF values in logl for idx=527
 *** WARNING *** GMRFLib_2order_approx: reset counter for 44 NAN/INF values in logl
 *** WARNING *** GMRFLib_2order_approx: rescue NAN/INF values in logl for idx=762
 *** WARNING *** GMRFLib_2order_approx: reset counter for 21 NAN/INF values in logl
 *** WARNING *** GMRFLib_2order_approx: rescue NAN/INF values in logl for idx=438
 *** WARNING *** GMRFLib_2order_approx: reset counter for 2 NAN/INF values in logl
 *** WARNING *** GMRFLib_2order_approx: rescue NAN/INF values in logl for idx=0
 *** WARNING *** GMRFLib_2order_approx: reset counter for 594 NAN/INF values in logl
 *** WARNING *** GMRFLib_2order_approx: rescue NAN/INF values in logl for idx=0
 *** WARNING *** GMRFLib_2order_approx: reset counter for 504 NAN/INF values in logl
 *** WARNING *** GMRFLib_2order_approx: rescue NAN/INF values in logl for idx=830
 *** WARNING *** GMRFLib_2order_approx: reset counter for 66 NAN/INF values in logl
 *** WARNING *** GMRFLib_2order_approx: rescue NAN/INF values in logl for idx=385
 *** WARNING *** GMRFLib_2order_approx: reset counter for 2 NAN/INF values in logl
 *** WARNING *** GMRFLib_2order_approx: rescue NAN/INF values in logl for idx=0
 *** WARNING *** GMRFLib_2order_approx: reset counter for 655 NAN/INF values in logl
 *** WARNING *** GMRFLib_2order_approx: rescue NAN/INF values in logl for idx=0
 *** WARNING *** GMRFLib_2order_approx: reset counter for 615 NAN/INF values in logl
 *** WARNING *** GMRFLib_2order_approx: rescue NAN/INF values in logl for idx=0
 *** WARNING *** GMRFLib_2order_approx: reset counter for 611 NAN/INF values in logl
 *** WARNING *** GMRFLib_2order_approx: rescue NAN/INF values in logl for idx=1077
 *** WARNING *** GMRFLib_2order_approx: reset counter for 619 NAN/INF values in logl
 *** WARNING *** GMRFLib_2order_approx: rescue NAN/INF values in logl for idx=762
 *** WARNING *** GMRFLib_2order_approx: reset counter for 21 NAN/INF values in logl
 *** WARNING *** GMRFLib_2order_approx: rescue NAN/INF values in logl for idx=0
 *** WARNING *** GMRFLib_2order_approx: reset counter for 613 NAN/INF values in logl
 *** WARNING *** GMRFLib_2order_approx: rescue NAN/INF values in logl for idx=280
 *** WARNING *** GMRFLib_2order_approx: reset counter for 266 NAN/INF values in logl
 *** WARNING *** GMRFLib_2order_approx: rescue NAN/INF values in logl for idx=105
 *** WARNING *** GMRFLib_2order_approx: reset counter for 5 NAN/INF values in logl
 *** WARNING *** GMRFLib_2order_approx: rescue NAN/INF values in logl for idx=0
 *** WARNING *** GMRFLib_2order_approx: reset counter for 182 NAN/INF values in logl
 *** WARNING *** GMRFLib_2order_approx: rescue NAN/INF values in logl for idx=0
 *** WARNING *** GMRFLib_2order_approx: reset counter for 70 NAN/INF values in logl
 *** WARNING *** GMRFLib_2order_approx: rescue NAN/INF values in logl for idx=105
 *** WARNING *** GMRFLib_2order_approx: reset counter for 5 NAN/INF values in logl
 *** WARNING *** GMRFLib_2order_approx: rescue NAN/INF values in logl for idx=27
 *** WARNING *** GMRFLib_2order_approx: reset counter for 154 NAN/INF values in logl
 *** WARNING *** GMRFLib_2order_approx: rescue NAN/INF values in logl for idx=652
 *** WARNING *** GMRFLib_2order_approx: reset counter for 44 NAN/INF values in logl
 *** WARNING *** GMRFLib_2order_approx: rescue NAN/INF values in logl for idx=375
 *** WARNING *** GMRFLib_2order_approx: reset counter for 5 NAN/INF values in logl
 *** WARNING *** GMRFLib_2order_approx: rescue NAN/INF values in logl for idx=2
 *** WARNING *** GMRFLib_2order_approx: reset counter for 497 NAN/INF values in logl
 *** WARNING *** GMRFLib_2order_approx: rescue NAN/INF values in logl for idx=75
 *** WARNING *** GMRFLib_2order_approx: reset counter for 41 NAN/INF values in logl
 *** WARNING *** GMRFLib_2order_approx: rescue NAN/INF values in logl for idx=0
 *** WARNING *** GMRFLib_2order_approx: reset counter for 345 NAN/INF values in logl
 *** WARNING *** GMRFLib_2order_approx: rescue NAN/INF values in logl for idx=1040
 *** WARNING *** GMRFLib_2order_approx: reset counter for 34 NAN/INF values in logl
 *** WARNING *** GMRFLib_2order_approx: rescue NAN/INF values in logl for idx=536
 *** WARNING *** GMRFLib_2order_approx: reset counter for 63 NAN/INF values in logl
 *** WARNING *** GMRFLib_2order_approx: rescue NAN/INF values in logl for idx=0
 *** WARNING *** GMRFLib_2order_approx: reset counter for 40 NAN/INF values in logl
 *** WARNING *** GMRFLib_2order_approx: rescue NAN/INF values in logl for idx=145
 *** WARNING *** GMRFLib_2order_approx: reset counter for 415 NAN/INF values in logl
 *** WARNING *** GMRFLib_2order_approx: rescue NAN/INF values in logl for idx=280
 *** WARNING *** GMRFLib_2order_approx: reset counter for 251 NAN/INF values in logl
 *** WARNING *** GMRFLib_2order_approx: rescue NAN/INF values in logl for idx=0
 *** WARNING *** GMRFLib_2order_approx: reset counter for 36 NAN/INF values in logl
 *** WARNING *** GMRFLib_2order_approx: rescue NAN/INF values in logl for idx=172
 *** WARNING *** GMRFLib_2order_approx: reset counter for 436 NAN/INF values in logl
 *** WARNING *** GMRFLib_2order_approx: rescue NAN/INF values in logl for idx=280
 *** WARNING *** GMRFLib_2order_approx: reset counter for 369 NAN/INF values in logl
 *** WARNING *** GMRFLib_2order_approx: rescue NAN/INF values in logl for idx=0
 *** WARNING *** GMRFLib_2order_approx: reset counter for 344 NAN/INF values in logl
 *** WARNING *** GMRFLib_2order_approx: rescue NAN/INF values in logl for idx=175
 *** WARNING *** GMRFLib_2order_approx: reset counter for 440 NAN/INF values in logl
 *** WARNING *** GMRFLib_2order_approx: rescue NAN/INF values in logl for idx=1042
 *** WARNING *** GMRFLib_2order_approx: reset counter for 4 NAN/INF values in logl
 *** WARNING *** GMRFLib_2order_approx: rescue NAN/INF values in logl for idx=0
 *** WARNING *** GMRFLib_2order_approx: reset counter for 473 NAN/INF values in logl
 *** WARNING *** GMRFLib_2order_approx: rescue NAN/INF values in logl for idx=37
 *** WARNING *** GMRFLib_2order_approx: reset counter for 418 NAN/INF values in logl
 *** WARNING *** GMRFLib_2order_approx: rescue NAN/INF values in logl for idx=105
 *** WARNING *** GMRFLib_2order_approx: rescue NAN/INF values in logl for idx=4
 *** WARNING *** GMRFLib_2order_approx: reset counter for 19 NAN/INF values in logl
 *** WARNING *** GMRFLib_2order_approx: rescue NAN/INF values in logl for idx=2
 *** WARNING *** GMRFLib_2order_approx: reset counter for 285 NAN/INF values in logl
 *** WARNING *** GMRFLib_2order_approx: rescue NAN/INF values in logl for idx=0
 *** WARNING *** GMRFLib_2order_approx: reset counter for 71 NAN/INF values in logl
 *** WARNING *** GMRFLib_2order_approx: rescue NAN/INF values in logl for idx=0
 *** WARNING *** GMRFLib_2order_approx: reset counter for 475 NAN/INF values in logl
 *** WARNING *** GMRFLib_2order_approx: rescue NAN/INF values in logl for idx=30
 *** WARNING *** GMRFLib_2order_approx: reset counter for 98 NAN/INF values in logl
 *** WARNING *** GMRFLib_2order_approx: rescue NAN/INF values in logl for idx=0
 *** WARNING *** GMRFLib_2order_approx: reset counter for 14 NAN/INF values in logl
 *** WARNING *** GMRFLib_2order_approx: rescue NAN/INF values in logl for idx=0
 *** WARNING *** GMRFLib_2order_approx: rescue NAN/INF values in logl for idx=105
 *** WARNING *** GMRFLib_2order_approx: reset counter for 203 NAN/INF values in logl
 *** WARNING *** GMRFLib_2order_approx: rescue NAN/INF values in logl for idx=106
 *** WARNING *** GMRFLib_2order_approx: reset counter for 4 NAN/INF values in logl
 *** WARNING *** GMRFLib_2order_approx: reset counter for 4 NAN/INF values in logl
 *** WARNING *** GMRFLib_2order_approx: rescue NAN/INF values in logl for idx=438
 *** WARNING *** GMRFLib_2order_approx: reset counter for 11 NAN/INF values in logl
 *** WARNING *** GMRFLib_2order_approx: rescue NAN/INF values in logl for idx=0
 *** WARNING *** GMRFLib_2order_approx: reset counter for 378 NAN/INF values in logl
 *** WARNING *** GMRFLib_2order_approx: rescue NAN/INF values in logl for idx=691
 *** WARNING *** GMRFLib_2order_approx: reset counter for 77 NAN/INF values in logl
 *** WARNING *** GMRFLib_2order_approx: rescue NAN/INF values in logl for idx=0
 *** WARNING *** GMRFLib_2order_approx: reset counter for 400 NAN/INF values in logl
 *** WARNING *** GMRFLib_2order_approx: reset counter for 400 NAN/INF values in logl
 *** WARNING *** GMRFLib_2order_approx: rescue NAN/INF values in logl for idx=0
 *** WARNING *** GMRFLib_2order_approx: reset counter for 12 NAN/INF values in logl
 *** WARNING *** GMRFLib_2order_approx: rescue NAN/INF values in logl for idx=91
 *** WARNING *** GMRFLib_2order_approx: reset counter for 235 NAN/INF values in logl
 *** WARNING *** GMRFLib_2order_approx: rescue NAN/INF values in logl for idx=4
 *** WARNING *** GMRFLib_2order_approx: reset counter for 137 NAN/INF values in logl
 *** WARNING *** GMRFLib_2order_approx: rescue NAN/INF values in logl for idx=438
 *** WARNING *** GMRFLib_2order_approx: reset counter for 2 NAN/INF values in logl
 *** WARNING *** GMRFLib_2order_approx: rescue NAN/INF values in logl for idx=280
 *** WARNING *** GMRFLib_2order_approx: reset counter for 146 NAN/INF values in logl
 *** WARNING *** GMRFLib_2order_approx: rescue NAN/INF values in logl for idx=0
 *** WARNING *** GMRFLib_2order_approx: reset counter for 405 NAN/INF values in logl
 *** WARNING *** GMRFLib_2order_approx: rescue NAN/INF values in logl for idx=280
 *** WARNING *** GMRFLib_2order_approx: reset counter for 559 NAN/INF values in logl
 *** WARNING *** GMRFLib_2order_approx: rescue NAN/INF values in logl for idx=27
 *** WARNING *** GMRFLib_2order_approx: reset counter for 143 NAN/INF values in logl
 *** WARNING *** GMRFLib_2order_approx: rescue NAN/INF values in logl for idx=75
 *** WARNING *** GMRFLib_2order_approx: reset counter for 436 NAN/INF values in logl
 *** WARNING *** GMRFLib_2order_approx: rescue NAN/INF values in logl for idx=360
 *** WARNING *** GMRFLib_2order_approx: reset counter for 34 NAN/INF values in logl
 *** WARNING *** GMRFLib_2order_approx: rescue NAN/INF values in logl for idx=0
 *** WARNING *** GMRFLib_2order_approx: reset counter for 443 NAN/INF values in logl
 *** WARNING *** GMRFLib_2order_approx: rescue NAN/INF values in logl for idx=0
 *** WARNING *** GMRFLib_2order_approx: reset counter for 431 NAN/INF values in logl
 *** WARNING *** GMRFLib_2order_approx: rescue NAN/INF values in logl for idx=0
 *** WARNING *** GMRFLib_2order_approx: reset counter for 528 NAN/INF values in logl
 *** WARNING *** GMRFLib_2order_approx: rescue NAN/INF values in logl for idx=1077
 *** WARNING *** GMRFLib_2order_approx: reset counter for 2 NAN/INF values in logl
 *** WARNING *** GMRFLib_2order_approx: rescue NAN/INF values in logl for idx=51
 *** WARNING *** GMRFLib_2order_approx: reset counter for 381 NAN/INF values in logl
 *** WARNING *** GMRFLib_2order_approx: rescue NAN/INF values in logl for idx=762
 *** WARNING *** GMRFLib_2order_approx: reset counter for 19 NAN/INF values in logl
 *** WARNING *** GMRFLib_2order_approx: rescue NAN/INF values in logl for idx=0
 *** WARNING *** GMRFLib_2order_approx: reset counter for 512 NAN/INF values in logl
 *** WARNING *** GMRFLib_2order_approx: rescue NAN/INF values in logl for idx=565
 *** WARNING *** GMRFLib_2order_approx: reset counter for 4 NAN/INF values in logl
 *** WARNING *** GMRFLib_2order_approx: rescue NAN/INF values in logl for idx=0
 *** WARNING *** GMRFLib_2order_approx: reset counter for 634 NAN/INF values in logl
 *** WARNING *** GMRFLib_2order_approx: rescue NAN/INF values in logl for idx=2
 *** WARNING *** GMRFLib_2order_approx: reset counter for 311 NAN/INF values in logl
 *** WARNING *** GMRFLib_2order_approx: reset counter for 311 NAN/INF values in logl
 *** WARNING *** GMRFLib_2order_approx: reset counter for 311 NAN/INF values in logl
 *** WARNING *** GMRFLib_2order_approx: rescue NAN/INF values in logl for idx=23
 *** WARNING *** GMRFLib_2order_approx: reset counter for 110 NAN/INF values in logl
 *** WARNING *** GMRFLib_2order_approx: rescue NAN/INF values in logl for idx=438
 *** WARNING *** GMRFLib_2order_approx: reset counter for 2 NAN/INF values in logl
 *** WARNING *** GMRFLib_2order_approx: rescue NAN/INF values in logl for idx=0
 *** WARNING *** GMRFLib_2order_approx: reset counter for 460 NAN/INF values in logl
 *** WARNING *** GMRFLib_2order_approx: reset counter for 460 NAN/INF values in logl
 *** WARNING *** GMRFLib_2order_approx: reset counter for 460 NAN/INF values in logl
 *** WARNING *** GMRFLib_2order_approx: rescue NAN/INF values in logl for idx=0
 *** WARNING *** GMRFLib_2order_approx: reset counter for 305 NAN/INF values in logl
 *** WARNING *** GMRFLib_2order_approx: rescue NAN/INF values in logl for idx=430
 *** WARNING *** GMRFLib_2order_approx: reset counter for 48 NAN/INF values in logl
 *** WARNING *** GMRFLib_2order_approx: reset counter for 48 NAN/INF values in logl
 *** WARNING *** GMRFLib_2order_approx: reset counter for 48 NAN/INF values in logl
 *** WARNING *** GMRFLib_2order_approx: rescue NAN/INF values in logl for idx=0
 *** WARNING *** GMRFLib_2order_approx: reset counter for 493 NAN/INF values in logl
 *** WARNING *** GMRFLib_2order_approx: rescue NAN/INF values in logl for idx=1040
 *** WARNING *** GMRFLib_2order_approx: reset counter for 8 NAN/INF values in logl
 *** WARNING *** GMRFLib_2order_approx: reset counter for 8 NAN/INF values in logl
 *** WARNING *** GMRFLib_2order_approx: reset counter for 8 NAN/INF values in logl
 *** WARNING *** GMRFLib_2order_approx: rescue NAN/INF values in logl for idx=565
 *** WARNING *** GMRFLib_2order_approx: reset counter for 45 NAN/INF values in logl
 *** WARNING *** GMRFLib_2order_approx: rescue NAN/INF values in logl for idx=0
 *** WARNING *** GMRFLib_2order_approx: reset counter for 521 NAN/INF values in logl
 *** WARNING *** GMRFLib_2order_approx: rescue NAN/INF values in logl for idx=515
 *** WARNING *** GMRFLib_2order_approx: reset counter for 57 NAN/INF values in logl
 *** WARNING *** GMRFLib_2order_approx: rescue NAN/INF values in logl for idx=0
 *** WARNING *** GMRFLib_2order_approx: reset counter for 615 NAN/INF values in logl
 *** WARNING *** GMRFLib_2order_approx: rescue NAN/INF values in logl for idx=753
 *** WARNING *** GMRFLib_2order_approx: reset counter for 11 NAN/INF values in logl
 *** WARNING *** GMRFLib_2order_approx: rescue NAN/INF values in logl for idx=26
 *** WARNING *** GMRFLib_2order_approx: reset counter for 64 NAN/INF values in logl
 *** WARNING *** GMRFLib_2order_approx: reset counter for 70 NAN/INF values in logl
 *** WARNING *** GMRFLib_2order_approx: rescue NAN/INF values in logl for idx=24
 *** WARNING *** GMRFLib_2order_approx: rescue NAN/INF values in logl for idx=26
 *** WARNING *** GMRFLib_2order_approx: reset counter for 332 NAN/INF values in logl
 *** WARNING *** GMRFLib_2order_approx: rescue NAN/INF values in logl for idx=51
 *** WARNING *** GMRFLib_2order_approx: reset counter for 5 NAN/INF values in logl
 *** WARNING *** GMRFLib_2order_approx: rescue NAN/INF values in logl for idx=33
 *** WARNING *** GMRFLib_2order_approx: rescue NAN/INF values in logl for idx=51
 *** WARNING *** GMRFLib_2order_approx: reset counter for 109 NAN/INF values in logl
 *** WARNING *** GMRFLib_2order_approx: rescue NAN/INF values in logl for idx=54
 *** WARNING *** GMRFLib_2order_approx: reset counter for 19 NAN/INF values in logl
 *** WARNING *** GMRFLib_2order_approx: rescue NAN/INF values in logl for idx=0
 *** WARNING *** GMRFLib_2order_approx: reset counter for 44 NAN/INF values in logl
 *** WARNING *** GMRFLib_2order_approx: reset counter for 44 NAN/INF values in logl
 *** WARNING *** GMRFLib_2order_approx: rescue NAN/INF values in logl for idx=0
 *** WARNING *** GMRFLib_2order_approx: reset counter for 215 NAN/INF values in logl
 *** WARNING *** GMRFLib_2order_approx: rescue NAN/INF values in logl for idx=34
 *** WARNING *** GMRFLib_2order_approx: reset counter for 48 NAN/INF values in logl
 *** WARNING *** GMRFLib_2order_approx: rescue NAN/INF values in logl for idx=90
 *** WARNING *** GMRFLib_2order_approx: reset counter for 230 NAN/INF values in logl
 *** WARNING *** GMRFLib_2order_approx: rescue NAN/INF values in logl for idx=1040
 *** WARNING *** GMRFLib_2order_approx: reset counter for 10 NAN/INF values in logl
 *** WARNING *** GMRFLib_2order_approx: reset counter for 10 NAN/INF values in logl
 *** WARNING *** GMRFLib_2order_approx: rescue NAN/INF values in logl for idx=360
 *** WARNING *** GMRFLib_2order_approx: reset counter for 114 NAN/INF values in logl
 *** WARNING *** GMRFLib_2order_approx: rescue NAN/INF values in logl for idx=0
 *** WARNING *** GMRFLib_2order_approx: reset counter for 480 NAN/INF values in logl
 *** WARNING *** GMRFLib_2order_approx: rescue NAN/INF values in logl for idx=10
 *** WARNING *** GMRFLib_2order_approx: reset counter for 97 NAN/INF values in logl
 *** WARNING *** GMRFLib_2order_approx: rescue NAN/INF values in logl for idx=2
 *** WARNING *** GMRFLib_2order_approx: reset counter for 109 NAN/INF values in logl
 *** WARNING *** GMRFLib_2order_approx: rescue NAN/INF values in logl for idx=185
 *** WARNING *** GMRFLib_2order_approx: reset counter for 87 NAN/INF values in logl
 *** WARNING *** GMRFLib_2order_approx: rescue NAN/INF values in logl for idx=438
 *** WARNING *** GMRFLib_2order_approx: reset counter for 2 NAN/INF values in logl
 *** WARNING *** GMRFLib_2order_approx: rescue NAN/INF values in logl for idx=510
 *** WARNING *** GMRFLib_2order_approx: reset counter for 22 NAN/INF values in logl
 *** WARNING *** GMRFLib_2order_approx: reset counter for 22 NAN/INF values in logl
 *** WARNING *** GMRFLib_2order_approx: rescue NAN/INF values in logl for idx=725
 *** WARNING *** GMRFLib_2order_approx: reset counter for 277 NAN/INF values in logl
 *** WARNING *** GMRFLib_2order_approx: rescue NAN/INF values in logl for idx=0
 *** WARNING *** GMRFLib_2order_approx: reset counter for 542 NAN/INF values in logl
 *** WARNING *** GMRFLib_2order_approx: rescue NAN/INF values in logl for idx=0
 *** WARNING *** GMRFLib_2order_approx: reset counter for 384 NAN/INF values in logl
 *** WARNING *** GMRFLib_2order_approx: rescue NAN/INF values in logl for idx=16
 *** WARNING *** GMRFLib_2order_approx: reset counter for 47 NAN/INF values in logl
 *** WARNING *** GMRFLib_2order_approx: rescue NAN/INF values in logl for idx=1040
 *** WARNING *** GMRFLib_2order_approx: reset counter for 48 NAN/INF values in logl
 *** WARNING *** GMRFLib_2order_approx: rescue NAN/INF values in logl for idx=75
 *** WARNING *** GMRFLib_2order_approx: reset counter for 26 NAN/INF values in logl
 *** WARNING *** GMRFLib_2order_approx: rescue NAN/INF values in logl for idx=195
 *** WARNING *** GMRFLib_2order_approx: reset counter for 397 NAN/INF values in logl
 *** WARNING *** GMRFLib_2order_approx: rescue NAN/INF values in logl for idx=50
 *** WARNING *** GMRFLib_2order_approx: reset counter for 484 NAN/INF values in logl
 *** WARNING *** GMRFLib_2order_approx: rescue NAN/INF values in logl for idx=1035
 *** WARNING *** GMRFLib_2order_approx: reset counter for 16 NAN/INF values in logl
 *** WARNING *** GMRFLib_2order_approx: rescue NAN/INF values in logl for idx=1070
 *** WARNING *** GMRFLib_2order_approx: reset counter for 2 NAN/INF values in logl
 *** WARNING *** GMRFLib_2order_approx: rescue NAN/INF values in logl for idx=40
 *** WARNING *** GMRFLib_2order_approx: reset counter for 132 NAN/INF values in logl
 *** WARNING *** GMRFLib_2order_approx: rescue NAN/INF values in logl for idx=525
 *** WARNING *** GMRFLib_2order_approx: reset counter for 44 NAN/INF values in logl
 *** WARNING *** GMRFLib_2order_approx: rescue NAN/INF values in logl for idx=0
 *** WARNING *** GMRFLib_2order_approx: reset counter for 790 NAN/INF values in logl
 *** WARNING *** GMRFLib_2order_approx: rescue NAN/INF values in logl for idx=0
 *** WARNING *** GMRFLib_2order_approx: reset counter for 603 NAN/INF values in logl
 *** WARNING *** GMRFLib_2order_approx: rescue NAN/INF values in logl for idx=1079
 *** WARNING *** GMRFLib_2order_approx: reset counter for 21 NAN/INF values in logl
 *** WARNING *** GMRFLib_2order_approx: rescue NAN/INF values in logl for idx=547
 *** WARNING *** GMRFLib_2order_approx: reset counter for 46 NAN/INF values in logl
 *** WARNING *** GMRFLib_2order_approx: rescue NAN/INF values in logl for idx=280
 *** WARNING *** GMRFLib_2order_approx: reset counter for 305 NAN/INF values in logl
 *** WARNING *** GMRFLib_2order_approx: rescue NAN/INF values in logl for idx=0
 *** WARNING *** GMRFLib_2order_approx: reset counter for 613 NAN/INF values in logl
 *** WARNING *** GMRFLib_2order_approx: rescue NAN/INF values in logl for idx=280
 *** WARNING *** GMRFLib_2order_approx: reset counter for 373 NAN/INF values in logl
 *** WARNING *** GMRFLib_2order_approx: rescue NAN/INF values in logl for idx=0
 *** WARNING *** GMRFLib_2order_approx: reset counter for 492 NAN/INF values in logl
 *** WARNING *** GMRFLib_2order_approx: rescue NAN/INF values in logl for idx=280
 *** WARNING *** GMRFLib_2order_approx: reset counter for 454 NAN/INF values in logl
 *** WARNING *** GMRFLib_2order_approx: rescue NAN/INF values in logl for idx=0
 *** WARNING *** GMRFLib_2order_approx: reset counter for 383 NAN/INF values in logl
 *** WARNING *** GMRFLib_2order_approx: rescue NAN/INF values in logl for idx=175
 *** WARNING *** GMRFLib_2order_approx: reset counter for 443 NAN/INF values in logl
 *** WARNING *** GMRFLib_2order_approx: rescue NAN/INF values in logl for idx=438
 *** WARNING *** GMRFLib_2order_approx: reset counter for 30 NAN/INF values in logl
 *** WARNING *** GMRFLib_2order_approx: rescue NAN/INF values in logl for idx=0
 *** WARNING *** GMRFLib_2order_approx: reset counter for 574 NAN/INF values in logl
 *** WARNING *** GMRFLib_2order_approx: rescue NAN/INF values in logl for idx=558
 *** WARNING *** GMRFLib_2order_approx: reset counter for 2 NAN/INF values in logl
 *** WARNING *** GMRFLib_2order_approx: rescue NAN/INF values in logl for idx=2
 *** WARNING *** GMRFLib_2order_approx: reset counter for 540 NAN/INF values in logl
 *** WARNING *** GMRFLib_2order_approx: rescue NAN/INF values in logl for idx=54
 *** WARNING *** GMRFLib_2order_approx: reset counter for 12 NAN/INF values in logl
 *** WARNING *** GMRFLib_2order_approx: rescue NAN/INF values in logl for idx=51
 *** WARNING *** GMRFLib_2order_approx: reset counter for 59 NAN/INF values in logl
 *** WARNING *** GMRFLib_2order_approx: rescue NAN/INF values in logl for idx=1078
 *** WARNING *** GMRFLib_2order_approx: reset counter for 2 NAN/INF values in logl
 *** WARNING *** GMRFLib_2order_approx: rescue NAN/INF values in logl for idx=0
 *** WARNING *** GMRFLib_2order_approx: reset counter for 23 NAN/INF values in logl
 *** WARNING *** GMRFLib_2order_approx: rescue NAN/INF values in logl for idx=360
 *** WARNING *** GMRFLib_2order_approx: reset counter for 61 NAN/INF values in logl
 *** WARNING *** GMRFLib_2order_approx: reset counter for 61 NAN/INF values in logl
 *** WARNING *** GMRFLib_2order_approx: rescue NAN/INF values in logl for idx=105
 *** WARNING *** GMRFLib_2order_approx: reset counter for 38 NAN/INF values in logl
 *** WARNING *** GMRFLib_2order_approx: reset counter for 38 NAN/INF values in logl
 *** WARNING *** GMRFLib_2order_approx: rescue NAN/INF values in logl for idx=1040
 *** WARNING *** GMRFLib_2order_approx: reset counter for 8 NAN/INF values in logl
 *** WARNING *** GMRFLib_2order_approx: rescue NAN/INF values in logl for idx=438
 *** WARNING *** GMRFLib_2order_approx: reset counter for 2 NAN/INF values in logl
 *** WARNING *** GMRFLib_2order_approx: rescue NAN/INF values in logl for idx=50
 *** WARNING *** GMRFLib_2order_approx: reset counter for 139 NAN/INF values in logl
 *** WARNING *** GMRFLib_2order_approx: rescue NAN/INF values in logl for idx=52
 *** WARNING *** GMRFLib_2order_approx: reset counter for 10 NAN/INF values in logl
 *** WARNING *** GMRFLib_2order_approx: rescue NAN/INF values in logl for idx=1040
 *** WARNING *** GMRFLib_2order_approx: reset counter for 32 NAN/INF values in logl
 *** WARNING *** GMRFLib_2order_approx: rescue NAN/INF values in logl for idx=1079
 *** WARNING *** GMRFLib_2order_approx: reset counter for 18 NAN/INF values in logl
 *** WARNING *** GMRFLib_2order_approx: rescue NAN/INF values in logl for idx=0
 *** WARNING *** GMRFLib_2order_approx: reset counter for 473 NAN/INF values in logl
 *** WARNING *** GMRFLib_2order_approx: reset counter for 498 NAN/INF values in logl
 *** WARNING *** GMRFLib_2order_approx: rescue NAN/INF values in logl for idx=11
 *** WARNING *** GMRFLib_2order_approx: reset counter for 268 NAN/INF values in logl
 *** WARNING *** GMRFLib_2order_approx: rescue NAN/INF values in logl for idx=480
 *** WARNING *** GMRFLib_2order_approx: reset counter for 5 NAN/INF values in logl
 *** WARNING *** GMRFLib_2order_approx: rescue NAN/INF values in logl for idx=645
 *** WARNING *** GMRFLib_2order_approx: reset counter for 65 NAN/INF values in logl
 *** WARNING *** GMRFLib_2order_approx: rescue NAN/INF values in logl for idx=1042
 *** WARNING *** GMRFLib_2order_approx: reset counter for 3 NAN/INF values in logl
 *** WARNING *** GMRFLib_2order_approx: rescue NAN/INF values in logl for idx=438
 *** WARNING *** GMRFLib_2order_approx: reset counter for 89 NAN/INF values in logl
 *** WARNING *** GMRFLib_2order_approx: rescue NAN/INF values in logl for idx=0
 *** WARNING *** GMRFLib_2order_approx: reset counter for 507 NAN/INF values in logl
 *** WARNING *** GMRFLib_2order_approx: rescue NAN/INF values in logl for idx=10
 *** WARNING *** GMRFLib_2order_approx: reset counter for 91 NAN/INF values in logl
 *** WARNING *** GMRFLib_2order_approx: rescue NAN/INF values in logl for idx=445
 *** WARNING *** GMRFLib_2order_approx: reset counter for 12 NAN/INF values in logl
 *** WARNING *** GMRFLib_2order_approx: rescue NAN/INF values in logl for idx=1042
 *** WARNING *** GMRFLib_2order_approx: reset counter for 4 NAN/INF values in logl
 *** WARNING *** GMRFLib_2order_approx: rescue NAN/INF values in logl for idx=375
 *** WARNING *** GMRFLib_2order_approx: reset counter for 6 NAN/INF values in logl
 *** WARNING *** GMRFLib_2order_approx: rescue NAN/INF values in logl for idx=638
 *** WARNING *** GMRFLib_2order_approx: reset counter for 11 NAN/INF values in logl
 *** WARNING *** GMRFLib_2order_approx: rescue NAN/INF values in logl for idx=1040
 *** WARNING *** GMRFLib_2order_approx: reset counter for 41 NAN/INF values in logl
 *** WARNING *** GMRFLib_2order_approx: rescue NAN/INF values in logl for idx=375
 *** WARNING *** GMRFLib_2order_approx: reset counter for 5 NAN/INF values in logl
 *** WARNING *** GMRFLib_2order_approx: rescue NAN/INF values in logl for idx=761
 *** WARNING *** GMRFLib_2order_approx: reset counter for 3 NAN/INF values in logl
 *** WARNING *** GMRFLib_2order_approx: rescue NAN/INF values in logl for idx=0
 *** WARNING *** GMRFLib_2order_approx: reset counter for 257 NAN/INF values in logl
 *** WARNING *** GMRFLib_2order_approx: rescue NAN/INF values in logl for idx=1040
 *** WARNING *** GMRFLib_2order_approx: reset counter for 12 NAN/INF values in logl
 *** WARNING *** GMRFLib_2order_approx: rescue NAN/INF values in logl for idx=0
 *** WARNING *** GMRFLib_2order_approx: reset counter for 386 NAN/INF values in logl
 *** WARNING *** GMRFLib_2order_approx: rescue NAN/INF values in logl for idx=871
 *** WARNING *** GMRFLib_2order_approx: reset counter for 24 NAN/INF values in logl
 *** WARNING *** GMRFLib_2order_approx: rescue NAN/INF values in logl for idx=4
 *** WARNING *** GMRFLib_2order_approx: reset counter for 44 NAN/INF values in logl
 *** WARNING *** GMRFLib_2order_approx: reset counter for 44 NAN/INF values in logl
 *** WARNING *** GMRFLib_2order_approx: rescue NAN/INF values in logl for idx=0
 *** WARNING *** GMRFLib_2order_approx: reset counter for 472 NAN/INF values in logl
 *** WARNING *** GMRFLib_2order_approx: rescue NAN/INF values in logl for idx=0
 *** WARNING *** GMRFLib_2order_approx: reset counter for 298 NAN/INF values in logl
 *** WARNING *** GMRFLib_2order_approx: rescue NAN/INF values in logl for idx=156
 *** WARNING *** GMRFLib_2order_approx: reset counter for 14 NAN/INF values in logl
 *** WARNING *** GMRFLib_2order_approx: rescue NAN/INF values in logl for idx=972
 *** WARNING *** GMRFLib_2order_approx: reset counter for 11 NAN/INF values in logl
 *** WARNING *** GMRFLib_2order_approx: rescue NAN/INF values in logl for idx=0
 *** WARNING *** GMRFLib_2order_approx: reset counter for 7 NAN/INF values in logl
 *** WARNING *** GMRFLib_2order_approx: rescue NAN/INF values in logl for idx=50
 *** WARNING *** GMRFLib_2order_approx: reset counter for 61 NAN/INF values in logl
 *** WARNING *** GMRFLib_2order_approx: rescue NAN/INF values in logl for idx=185
 *** WARNING *** GMRFLib_2order_approx: reset counter for 199 NAN/INF values in logl
 *** WARNING *** GMRFLib_2order_approx: rescue NAN/INF values in logl for idx=510
 *** WARNING *** GMRFLib_2order_approx: rescue NAN/INF values in logl for idx=870
 *** WARNING *** GMRFLib_2order_approx: reset counter for 357 NAN/INF values in logl
 *** WARNING *** GMRFLib_2order_approx: rescue NAN/INF values in logl for idx=5
 *** WARNING *** GMRFLib_2order_approx: rescue NAN/INF values in logl for idx=105
 *** WARNING *** GMRFLib_2order_approx: reset counter for 4 NAN/INF values in logl
 *** WARNING *** GMRFLib_2order_approx: rescue NAN/INF values in logl for idx=105
 *** WARNING *** GMRFLib_2order_approx: reset counter for 67 NAN/INF values in logl
 *** WARNING *** GMRFLib_2order_approx: rescue NAN/INF values in logl for idx=0
 *** WARNING *** GMRFLib_2order_approx: reset counter for 528 NAN/INF values in logl
 *** WARNING *** GMRFLib_2order_approx: rescue NAN/INF values in logl for idx=438
 *** WARNING *** GMRFLib_2order_approx: reset counter for 3 NAN/INF values in logl
 *** WARNING *** GMRFLib_2order_approx: rescue NAN/INF values in logl for idx=280
 *** WARNING *** GMRFLib_2order_approx: reset counter for 233 NAN/INF values in logl
 *** WARNING *** GMRFLib_2order_approx: rescue NAN/INF values in logl for idx=0
 *** WARNING *** GMRFLib_2order_approx: reset counter for 318 NAN/INF values in logl
 *** WARNING *** GMRFLib_2order_approx: rescue NAN/INF values in logl for idx=0
 *** WARNING *** GMRFLib_2order_approx: reset counter for 670 NAN/INF values in logl
 *** WARNING *** GMRFLib_2order_approx: rescue NAN/INF values in logl for idx=280
 *** WARNING *** GMRFLib_2order_approx: reset counter for 124 NAN/INF values in logl
 *** WARNING *** GMRFLib_2order_approx: rescue NAN/INF values in logl for idx=780
 *** WARNING *** GMRFLib_2order_approx: reset counter for 174 NAN/INF values in logl
 *** WARNING *** GMRFLib_2order_approx: rescue NAN/INF values in logl for idx=0
 *** WARNING *** GMRFLib_2order_approx: reset counter for 234 NAN/INF values in logl
 *** WARNING *** GMRFLib_2order_approx: rescue NAN/INF values in logl for idx=505
 *** WARNING *** GMRFLib_2order_approx: reset counter for 3 NAN/INF values in logl
 *** WARNING *** GMRFLib_2order_approx: rescue NAN/INF values in logl for idx=0
 *** WARNING *** GMRFLib_2order_approx: reset counter for 140 NAN/INF values in logl
 *** WARNING *** GMRFLib_2order_approx: rescue NAN/INF values in logl for idx=169
 *** WARNING *** GMRFLib_2order_approx: reset counter for 398 NAN/INF values in logl
 *** WARNING *** GMRFLib_2order_approx: rescue NAN/INF values in logl for idx=280
 *** WARNING *** GMRFLib_2order_approx: reset counter for 371 NAN/INF values in logl
 *** WARNING *** GMRFLib_2order_approx: rescue NAN/INF values in logl for idx=75
 *** WARNING *** GMRFLib_2order_approx: reset counter for 375 NAN/INF values in logl
 *** WARNING *** GMRFLib_2order_approx: rescue NAN/INF values in logl for idx=0
 *** WARNING *** GMRFLib_2order_approx: reset counter for 312 NAN/INF values in logl
 *** WARNING *** GMRFLib_2order_approx: rescue NAN/INF values in logl for idx=968
 *** WARNING *** GMRFLib_2order_approx: reset counter for 7 NAN/INF values in logl
 *** WARNING *** GMRFLib_2order_approx: rescue NAN/INF values in logl for idx=75
 *** WARNING *** GMRFLib_2order_approx: reset counter for 515 NAN/INF values in logl
 *** WARNING *** GMRFLib_2order_approx: rescue NAN/INF values in logl for idx=0
 *** WARNING *** GMRFLib_2order_approx: reset counter for 366 NAN/INF values in logl
 *** WARNING *** GMRFLib_2order_approx: rescue NAN/INF values in logl for idx=558
 *** WARNING *** GMRFLib_2order_approx: reset counter for 13 NAN/INF values in logl
 *** WARNING *** GMRFLib_2order_approx: rescue NAN/INF values in logl for idx=726
 *** WARNING *** GMRFLib_2order_approx: reset counter for 13 NAN/INF values in logl
 *** WARNING *** GMRFLib_2order_approx: rescue NAN/INF values in logl for idx=0
 *** WARNING *** GMRFLib_2order_approx: reset counter for 426 NAN/INF values in logl
 *** WARNING *** GMRFLib_2order_approx: rescue NAN/INF values in logl for idx=690
 *** WARNING *** GMRFLib_2order_approx: reset counter for 111 NAN/INF values in logl
 *** WARNING *** GMRFLib_2order_approx: rescue NAN/INF values in logl for idx=0
 *** WARNING *** GMRFLib_2order_approx: reset counter for 89 NAN/INF values in logl
 *** WARNING *** GMRFLib_2order_approx: rescue NAN/INF values in logl for idx=280
 *** WARNING *** GMRFLib_2order_approx: reset counter for 216 NAN/INF values in logl
 *** WARNING *** GMRFLib_2order_approx: rescue NAN/INF values in logl for idx=37
 *** WARNING *** GMRFLib_2order_approx: reset counter for 507 NAN/INF values in logl
 *** WARNING *** GMRFLib_2order_approx: rescue NAN/INF values in logl for idx=438
 *** WARNING *** GMRFLib_2order_approx: reset counter for 5 NAN/INF values in logl
 *** WARNING *** GMRFLib_2order_approx: rescue NAN/INF values in logl for idx=0
 *** WARNING *** GMRFLib_2order_approx: reset counter for 460 NAN/INF values in logl
 *** WARNING *** GMRFLib_2order_approx: rescue NAN/INF values in logl for idx=0
 *** WARNING *** GMRFLib_2order_approx: reset counter for 560 NAN/INF values in logl
 *** WARNING *** GMRFLib_2order_approx: rescue NAN/INF values in logl for idx=105
 *** WARNING *** GMRFLib_2order_approx: reset counter for 136 NAN/INF values in logl
 *** WARNING *** GMRFLib_2order_approx: rescue NAN/INF values in logl for idx=595
 *** WARNING *** GMRFLib_2order_approx: rescue NAN/INF values in logl for idx=8
 *** WARNING *** GMRFLib_2order_approx: reset counter for 624 NAN/INF values in logl
 *** WARNING *** GMRFLib_2order_approx: rescue NAN/INF values in logl for idx=0
 *** WARNING *** GMRFLib_2order_approx: reset counter for 419 NAN/INF values in logl
 *** WARNING *** GMRFLib_2order_approx: rescue NAN/INF values in logl for idx=0
 *** WARNING *** GMRFLib_2order_approx: reset counter for 608 NAN/INF values in logl
 *** WARNING *** GMRFLib_2order_approx: rescue NAN/INF values in logl for idx=283
 *** WARNING *** GMRFLib_2order_approx: reset counter for 59 NAN/INF values in logl
 *** WARNING *** GMRFLib_2order_approx: rescue NAN/INF values in logl for idx=0
 *** WARNING *** GMRFLib_2order_approx: reset counter for 584 NAN/INF values in logl
 *** WARNING *** GMRFLib_2order_approx: rescue NAN/INF values in logl for idx=0
 *** WARNING *** GMRFLib_2order_approx: reset counter for 165 NAN/INF values in logl
 *** WARNING *** GMRFLib_2order_approx: rescue NAN/INF values in logl for idx=0
 *** WARNING *** GMRFLib_2order_approx: reset counter for 500 NAN/INF values in logl
 *** WARNING *** GMRFLib_2order_approx: rescue NAN/INF values in logl for idx=445
 *** WARNING *** GMRFLib_2order_approx: reset counter for 11 NAN/INF values in logl
 *** WARNING *** GMRFLib_2order_approx: rescue NAN/INF values in logl for idx=1070
 *** WARNING *** GMRFLib_2order_approx: reset counter for 3 NAN/INF values in logl
 *** WARNING *** GMRFLib_2order_approx: rescue NAN/INF values in logl for idx=375
 *** WARNING *** GMRFLib_2order_approx: reset counter for 24 NAN/INF values in logl
 *** WARNING *** GMRFLib_2order_approx: rescue NAN/INF values in logl for idx=0
 *** WARNING *** GMRFLib_2order_approx: reset counter for 386 NAN/INF values in logl
 *** WARNING *** GMRFLib_2order_approx: rescue NAN/INF values in logl for idx=10
 *** WARNING *** GMRFLib_2order_approx: reset counter for 218 NAN/INF values in logl
 *** WARNING *** GMRFLib_2order_approx: rescue NAN/INF values in logl for idx=1040
 *** WARNING *** GMRFLib_2order_approx: reset counter for 14 NAN/INF values in logl
 *** WARNING *** GMRFLib_2order_approx: rescue NAN/INF values in logl for idx=0
 *** WARNING *** GMRFLib_2order_approx: reset counter for 63 NAN/INF values in logl
 *** WARNING *** GMRFLib_2order_approx: rescue NAN/INF values in logl for idx=139
 *** WARNING *** GMRFLib_2order_approx: reset counter for 135 NAN/INF values in logl
 *** WARNING *** GMRFLib_2order_approx: rescue NAN/INF values in logl for idx=29
 *** WARNING *** GMRFLib_2order_approx: reset counter for 50 NAN/INF values in logl
 *** WARNING *** GMRFLib_2order_approx: rescue NAN/INF values in logl for idx=90
 *** WARNING *** GMRFLib_2order_approx: reset counter for 17 NAN/INF values in logl
 *** WARNING *** GMRFLib_2order_approx: rescue NAN/INF values in logl for idx=1040
 *** WARNING *** GMRFLib_2order_approx: reset counter for 8 NAN/INF values in logl
 *** WARNING *** GMRFLib_2order_approx: rescue NAN/INF values in logl for idx=438
 *** WARNING *** GMRFLib_2order_approx: reset counter for 5 NAN/INF values in logl
 *** WARNING *** GMRFLib_2order_approx: rescue NAN/INF values in logl for idx=210
 *** WARNING *** GMRFLib_2order_approx: reset counter for 7 NAN/INF values in logl
 *** WARNING *** GMRFLib_2order_approx: rescue NAN/INF values in logl for idx=2
 *** WARNING *** GMRFLib_2order_approx: reset counter for 198 NAN/INF values in logl
 *** WARNING *** GMRFLib_2order_approx: rescue NAN/INF values in logl for idx=989
 *** WARNING *** GMRFLib_2order_approx: reset counter for 41 NAN/INF values in logl
 *** WARNING *** GMRFLib_2order_approx: rescue NAN/INF values in logl for idx=360
 *** WARNING *** GMRFLib_2order_approx: reset counter for 26 NAN/INF values in logl
 *** WARNING *** GMRFLib_2order_approx: rescue NAN/INF values in logl for idx=50
 *** WARNING *** GMRFLib_2order_approx: rescue NAN/INF values in logl for idx=630
 *** WARNING *** GMRFLib_2order_approx: reset counter for 62 NAN/INF values in logl
 *** WARNING *** GMRFLib_2order_approx: rescue NAN/INF values in logl for idx=438
 *** WARNING *** GMRFLib_2order_approx: reset counter for 2 NAN/INF values in logl
 *** WARNING *** GMRFLib_2order_approx: rescue NAN/INF values in logl for idx=216
 *** WARNING *** GMRFLib_2order_approx: reset counter for 4 NAN/INF values in logl
 *** WARNING *** GMRFLib_2order_approx: rescue NAN/INF values in logl for idx=175
 *** WARNING *** GMRFLib_2order_approx: reset counter for 280 NAN/INF values in logl
 *** WARNING *** GMRFLib_2order_approx: rescue NAN/INF values in logl for idx=62
 *** WARNING *** GMRFLib_2order_approx: reset counter for 34 NAN/INF values in logl
 *** WARNING *** GMRFLib_2order_approx: rescue NAN/INF values in logl for idx=425
 *** WARNING *** GMRFLib_2order_approx: reset counter for 124 NAN/INF values in logl
 *** WARNING *** GMRFLib_2order_approx: rescue NAN/INF values in logl for idx=1078
 *** WARNING *** GMRFLib_2order_approx: reset counter for 2 NAN/INF values in logl
 *** WARNING *** GMRFLib_2order_approx: rescue NAN/INF values in logl for idx=539
 *** WARNING *** GMRFLib_2order_approx: reset counter for 4 NAN/INF values in logl
 *** WARNING *** GMRFLib_2order_approx: rescue NAN/INF values in logl for idx=0
 *** WARNING *** GMRFLib_2order_approx: reset counter for 572 NAN/INF values in logl
 *** WARNING *** GMRFLib_2order_approx: rescue NAN/INF values in logl for idx=0
 *** WARNING *** GMRFLib_2order_approx: reset counter for 163 NAN/INF values in logl
 *** WARNING *** GMRFLib_2order_approx: rescue NAN/INF values in logl for idx=342
 *** WARNING *** GMRFLib_2order_approx: reset counter for 270 NAN/INF values in logl
 *** WARNING *** GMRFLib_2order_approx: rescue NAN/INF values in logl for idx=438
 *** WARNING *** GMRFLib_2order_approx: reset counter for 24 NAN/INF values in logl
 *** WARNING *** GMRFLib_2order_approx: rescue NAN/INF values in logl for idx=0
 *** WARNING *** GMRFLib_2order_approx: reset counter for 606 NAN/INF values in logl
 *** WARNING *** GMRFLib_2order_approx: rescue NAN/INF values in logl for idx=1040
 *** WARNING *** GMRFLib_2order_approx: reset counter for 49 NAN/INF values in logl
 *** WARNING *** GMRFLib_2order_approx: rescue NAN/INF values in logl for idx=762
 *** WARNING *** GMRFLib_2order_approx: reset counter for 20 NAN/INF values in logl
 *** WARNING *** GMRFLib_2order_approx: rescue NAN/INF values in logl for idx=110
 *** WARNING *** GMRFLib_2order_approx: reset counter for 9 NAN/INF values in logl
 *** WARNING *** GMRFLib_2order_approx: rescue NAN/INF values in logl for idx=645
 *** WARNING *** GMRFLib_2order_approx: reset counter for 15 NAN/INF values in logl
 *** WARNING *** GMRFLib_2order_approx: rescue NAN/INF values in logl for idx=1040
 *** WARNING *** GMRFLib_2order_approx: reset counter for 6 NAN/INF values in logl
 *** WARNING *** GMRFLib_2order_approx: rescue NAN/INF values in logl for idx=399
 *** WARNING *** GMRFLib_2order_approx: reset counter for 20 NAN/INF values in logl
 *** WARNING *** GMRFLib_2order_approx: rescue NAN/INF values in logl for idx=1040
 *** WARNING *** GMRFLib_2order_approx: reset counter for 7 NAN/INF values in logl
 *** WARNING *** GMRFLib_2order_approx: rescue NAN/INF values in logl for idx=16
 *** WARNING *** GMRFLib_2order_approx: reset counter for 6 NAN/INF values in logl
 *** WARNING *** GMRFLib_2order_approx: rescue NAN/INF values in logl for idx=70
 *** WARNING *** GMRFLib_2order_approx: reset counter for 7 NAN/INF values in logl
 *** WARNING *** GMRFLib_2order_approx: rescue NAN/INF values in logl for idx=0
 *** WARNING *** GMRFLib_2order_approx: reset counter for 373 NAN/INF values in logl
 *** WARNING *** GMRFLib_2order_approx: rescue NAN/INF values in logl for idx=755
 *** WARNING *** GMRFLib_2order_approx: reset counter for 47 NAN/INF values in logl
 *** WARNING *** GMRFLib_2order_approx: reset counter for 47 NAN/INF values in logl
 *** WARNING *** GMRFLib_2order_approx: rescue NAN/INF values in logl for idx=0
 *** WARNING *** GMRFLib_2order_approx: reset counter for 234 NAN/INF values in logl
 *** WARNING *** GMRFLib_2order_approx: rescue NAN/INF values in logl for idx=975
 *** WARNING *** GMRFLib_2order_approx: reset counter for 23 NAN/INF values in logl
 *** WARNING *** GMRFLib_2order_approx: rescue NAN/INF values in logl for idx=0
 *** WARNING *** GMRFLib_2order_approx: reset counter for 16 NAN/INF values in logl
 *** WARNING *** GMRFLib_2order_approx: rescue NAN/INF values in logl for idx=386
 *** WARNING *** GMRFLib_2order_approx: reset counter for 6 NAN/INF values in logl
 *** WARNING *** GMRFLib_2order_approx: rescue NAN/INF values in logl for idx=6
 *** WARNING *** GMRFLib_2order_approx: reset counter for 15 NAN/INF values in logl
 *** WARNING *** GMRFLib_2order_approx: rescue NAN/INF values in logl for idx=373
 *** WARNING *** GMRFLib_2order_approx: reset counter for 16 NAN/INF values in logl
 *** WARNING *** GMRFLib_2order_approx: rescue NAN/INF values in logl for idx=399
 *** WARNING *** GMRFLib_2order_approx: reset counter for 2 NAN/INF values in logl
 *** WARNING *** GMRFLib_2order_approx: rescue NAN/INF values in logl for idx=0
 *** WARNING *** GMRFLib_2order_approx: reset counter for 236 NAN/INF values in logl
 *** WARNING *** GMRFLib_2order_approx: rescue NAN/INF values in logl for idx=871
 *** WARNING *** GMRFLib_2order_approx: reset counter for 58 NAN/INF values in logl
 *** WARNING *** GMRFLib_2order_approx: rescue NAN/INF values in logl for idx=1042
 *** WARNING *** GMRFLib_2order_approx: reset counter for 4 NAN/INF values in logl
 *** WARNING *** GMRFLib_2order_approx: rescue NAN/INF values in logl for idx=0
 *** WARNING *** GMRFLib_2order_approx: reset counter for 265 NAN/INF values in logl
 *** WARNING *** GMRFLib_2order_approx: rescue NAN/INF values in logl for idx=478
 *** WARNING *** GMRFLib_2order_approx: reset counter for 117 NAN/INF values in logl
 *** WARNING *** GMRFLib_2order_approx: rescue NAN/INF values in logl for idx=563
 *** WARNING *** GMRFLib_2order_approx: reset counter for 97 NAN/INF values in logl
 *** WARNING *** GMRFLib_2order_approx: rescue NAN/INF values in logl for idx=0
 *** WARNING *** GMRFLib_2order_approx: reset counter for 368 NAN/INF values in logl
 *** WARNING *** GMRFLib_2order_approx: rescue NAN/INF values in logl for idx=0
 *** WARNING *** GMRFLib_2order_approx: reset counter for 110 NAN/INF values in logl
 *** WARNING *** GMRFLib_2order_approx: rescue NAN/INF values in logl for idx=224
 *** WARNING *** GMRFLib_2order_approx: reset counter for 56 NAN/INF values in logl
 *** WARNING *** GMRFLib_2order_approx: rescue NAN/INF values in logl for idx=762
 *** WARNING *** GMRFLib_2order_approx: reset counter for 48 NAN/INF values in logl
 *** WARNING *** GMRFLib_2order_approx: rescue NAN/INF values in logl for idx=175
 *** WARNING *** GMRFLib_2order_approx: reset counter for 211 NAN/INF values in logl
 *** WARNING *** GMRFLib_2order_approx: rescue NAN/INF values in logl for idx=854
 *** WARNING *** GMRFLib_2order_approx: reset counter for 330 NAN/INF values in logl
 *** WARNING *** GMRFLib_2order_approx: rescue NAN/INF values in logl for idx=871
 *** WARNING *** GMRFLib_2order_approx: reset counter for 39 NAN/INF values in logl
 *** WARNING *** GMRFLib_2order_approx: rescue NAN/INF values in logl for idx=305
 *** WARNING *** GMRFLib_2order_approx: reset counter for 79 NAN/INF values in logl
 *** WARNING *** GMRFLib_2order_approx: rescue NAN/INF values in logl for idx=375
 *** WARNING *** GMRFLib_2order_approx: reset counter for 38 NAN/INF values in logl
 *** WARNING *** GMRFLib_2order_approx: rescue NAN/INF values in logl for idx=110
 *** WARNING *** GMRFLib_2order_approx: reset counter for 3 NAN/INF values in logl
 *** WARNING *** GMRFLib_2order_approx: rescue NAN/INF values in logl for idx=206
 *** WARNING *** GMRFLib_2order_approx: reset counter for 19 NAN/INF values in logl
 *** WARNING *** GMRFLib_2order_approx: rescue NAN/INF values in logl for idx=0
 *** WARNING *** GMRFLib_2order_approx: reset counter for 243 NAN/INF values in logl
 *** WARNING *** GMRFLib_2order_approx: rescue NAN/INF values in logl for idx=438
 *** WARNING *** GMRFLib_2order_approx: reset counter for 3 NAN/INF values in logl
 *** WARNING *** GMRFLib_2order_approx: rescue NAN/INF values in logl for idx=90
 *** WARNING *** GMRFLib_2order_approx: reset counter for 301 NAN/INF values in logl
 *** WARNING *** GMRFLib_2order_approx: rescue NAN/INF values in logl for idx=0
 *** WARNING *** GMRFLib_2order_approx: reset counter for 430 NAN/INF values in logl
 *** WARNING *** GMRFLib_2order_approx: rescue NAN/INF values in logl for idx=375
 *** WARNING *** GMRFLib_2order_approx: reset counter for 13 NAN/INF values in logl
 *** WARNING *** GMRFLib_2order_approx: rescue NAN/INF values in logl for idx=280
 *** WARNING *** GMRFLib_2order_approx: reset counter for 108 NAN/INF values in logl
 *** WARNING *** GMRFLib_2order_approx: rescue NAN/INF values in logl for idx=439
 *** WARNING *** GMRFLib_2order_approx: reset counter for 19 NAN/INF values in logl
 *** WARNING *** GMRFLib_2order_approx: rescue NAN/INF values in logl for idx=29
 *** WARNING *** GMRFLib_2order_approx: reset counter for 46 NAN/INF values in logl
 *** WARNING *** GMRFLib_2order_approx: rescue NAN/INF values in logl for idx=1040
 *** WARNING *** GMRFLib_2order_approx: reset counter for 8 NAN/INF values in logl
 *** WARNING *** GMRFLib_2order_approx: rescue NAN/INF values in logl for idx=1071
 *** WARNING *** GMRFLib_2order_approx: reset counter for 2 NAN/INF values in logl
 *** WARNING *** GMRFLib_2order_approx: rescue NAN/INF values in logl for idx=1070
 *** WARNING *** GMRFLib_2order_approx: reset counter for 8 NAN/INF values in logl
 *** WARNING *** GMRFLib_2order_approx: rescue NAN/INF values in logl for idx=0
 *** WARNING *** GMRFLib_2order_approx: reset counter for 211 NAN/INF values in logl
 *** WARNING *** GMRFLib_2order_approx: rescue NAN/INF values in logl for idx=645
 *** WARNING *** GMRFLib_2order_approx: reset counter for 12 NAN/INF values in logl
 *** WARNING *** GMRFLib_2order_approx: rescue NAN/INF values in logl for idx=6
 *** WARNING *** GMRFLib_2order_approx: reset counter for 95 NAN/INF values in logl
 *** WARNING *** GMRFLib_2order_approx: rescue NAN/INF values in logl for idx=163
 *** WARNING *** GMRFLib_2order_approx: reset counter for 8 NAN/INF values in logl
 *** WARNING *** GMRFLib_2order_approx: rescue NAN/INF values in logl for idx=1079
 *** WARNING *** GMRFLib_2order_approx: reset counter for 89 NAN/INF values in logl
 *** WARNING *** GMRFLib_2order_approx: rescue NAN/INF values in logl for idx=0
 *** WARNING *** GMRFLib_2order_approx: reset counter for 20 NAN/INF values in logl
 *** WARNING *** GMRFLib_2order_approx: rescue NAN/INF values in logl for idx=87
 *** WARNING *** GMRFLib_2order_approx: reset counter for 254 NAN/INF values in logl
 *** WARNING *** GMRFLib_2order_approx: rescue NAN/INF values in logl for idx=0
 *** WARNING *** GMRFLib_2order_approx: reset counter for 155 NAN/INF values in logl
 *** WARNING *** GMRFLib_2order_approx: rescue NAN/INF values in logl for idx=1040
 *** WARNING *** GMRFLib_2order_approx: reset counter for 14 NAN/INF values in logl
 *** WARNING *** GMRFLib_2order_approx: rescue NAN/INF values in logl for idx=0
 *** WARNING *** GMRFLib_2order_approx: reset counter for 181 NAN/INF values in logl
 *** WARNING *** GMRFLib_2order_approx: reset counter for 181 NAN/INF values in logl
 *** WARNING *** GMRFLib_2order_approx: rescue NAN/INF values in logl for idx=645
 *** WARNING *** GMRFLib_2order_approx: reset counter for 6 NAN/INF values in logl
 *** WARNING *** GMRFLib_2order_approx: rescue NAN/INF values in logl for idx=438
 *** WARNING *** GMRFLib_2order_approx: reset counter for 3 NAN/INF values in logl
 *** WARNING *** GMRFLib_2order_approx: rescue NAN/INF values in logl for idx=75
 *** WARNING *** GMRFLib_2order_approx: reset counter for 135 NAN/INF values in logl
 *** WARNING *** GMRFLib_2order_approx: rescue NAN/INF values in logl for idx=0
 *** WARNING *** GMRFLib_2order_approx: reset counter for 293 NAN/INF values in logl
 *** WARNING *** GMRFLib_2order_approx: rescue NAN/INF values in logl for idx=0
 *** WARNING *** GMRFLib_2order_approx: reset counter for 294 NAN/INF values in logl
 *** WARNING *** GMRFLib_2order_approx: rescue NAN/INF values in logl for idx=760
 *** WARNING *** GMRFLib_2order_approx: reset counter for 56 NAN/INF values in logl
 *** WARNING *** GMRFLib_2order_approx: rescue NAN/INF values in logl for idx=75
 *** WARNING *** GMRFLib_2order_approx: reset counter for 139 NAN/INF values in logl
 *** WARNING *** GMRFLib_2order_approx: rescue NAN/INF values in logl for idx=975
 *** WARNING *** GMRFLib_2order_approx: reset counter for 14 NAN/INF values in logl
 *** WARNING *** GMRFLib_2order_approx: rescue NAN/INF values in logl for idx=0
 *** WARNING *** GMRFLib_2order_approx: reset counter for 210 NAN/INF values in logl
 *** WARNING *** GMRFLib_2order_approx: rescue NAN/INF values in logl for idx=360
 *** WARNING *** GMRFLib_2order_approx: reset counter for 64 NAN/INF values in logl
 *** WARNING *** GMRFLib_2order_approx: rescue NAN/INF values in logl for idx=630
 *** WARNING *** GMRFLib_2order_approx: reset counter for 27 NAN/INF values in logl
 *** WARNING *** GMRFLib_2order_approx: rescue NAN/INF values in logl for idx=0
 *** WARNING *** GMRFLib_2order_approx: reset counter for 426 NAN/INF values in logl
 *** WARNING *** GMRFLib_2order_approx: rescue NAN/INF values in logl for idx=830
 *** WARNING *** GMRFLib_2order_approx: reset counter for 86 NAN/INF values in logl
 *** WARNING *** GMRFLib_2order_approx: rescue NAN/INF values in logl for idx=75
 *** WARNING *** GMRFLib_2order_approx: reset counter for 325 NAN/INF values in logl
 *** WARNING *** GMRFLib_2order_approx: rescue NAN/INF values in logl for idx=14
 *** WARNING *** GMRFLib_2order_approx: reset counter for 28 NAN/INF values in logl
 *** WARNING *** GMRFLib_2order_approx: rescue NAN/INF values in logl for idx=1040
 *** WARNING *** GMRFLib_2order_approx: reset counter for 3 NAN/INF values in logl
 *** WARNING *** GMRFLib_2order_approx: rescue NAN/INF values in logl for idx=397
 *** WARNING *** GMRFLib_2order_approx: reset counter for 33 NAN/INF values in logl
 *** WARNING *** GMRFLib_2order_approx: reset counter for 33 NAN/INF values in logl
 *** WARNING *** GMRFLib_2order_approx: rescue NAN/INF values in logl for idx=238
 *** WARNING *** GMRFLib_2order_approx: reset counter for 289 NAN/INF values in logl
 *** WARNING *** GMRFLib_2order_approx: rescue NAN/INF values in logl for idx=0
 *** WARNING *** GMRFLib_2order_approx: reset counter for 448 NAN/INF values in logl
 *** WARNING *** GMRFLib_2order_approx: rescue NAN/INF values in logl for idx=5
 *** WARNING *** GMRFLib_2order_approx: reset counter for 23 NAN/INF values in logl
 *** WARNING *** GMRFLib_2order_approx: rescue NAN/INF values in logl for idx=900
 *** WARNING *** GMRFLib_2order_approx: reset counter for 6 NAN/INF values in logl
 *** WARNING *** GMRFLib_2order_approx: rescue NAN/INF values in logl for idx=0
 *** WARNING *** GMRFLib_2order_approx: reset counter for 510 NAN/INF values in logl
 *** WARNING *** GMRFLib_2order_approx: rescue NAN/INF values in logl for idx=897
 *** WARNING *** GMRFLib_2order_approx: reset counter for 6 NAN/INF values in logl
 *** WARNING *** GMRFLib_2order_approx: rescue NAN/INF values in logl for idx=1040
 *** WARNING *** GMRFLib_2order_approx: reset counter for 60 NAN/INF values in logl
 *** WARNING *** GMRFLib_2order_approx: rescue NAN/INF values in logl for idx=0
 *** WARNING *** GMRFLib_2order_approx: reset counter for 373 NAN/INF values in logl
 *** WARNING *** GMRFLib_2order_approx: rescue NAN/INF values in logl for idx=360
 *** WARNING *** GMRFLib_2order_approx: reset counter for 88 NAN/INF values in logl
 *** WARNING *** GMRFLib_2order_approx: rescue NAN/INF values in logl for idx=766
 *** WARNING *** GMRFLib_2order_approx: reset counter for 49 NAN/INF values in logl
 *** WARNING *** GMRFLib_2order_approx: rescue NAN/INF values in logl for idx=479
 *** WARNING *** GMRFLib_2order_approx: reset counter for 25 NAN/INF values in logl
 *** WARNING *** GMRFLib_2order_approx: rescue NAN/INF values in logl for idx=0
 *** WARNING *** GMRFLib_2order_approx: reset counter for 383 NAN/INF values in logl
 *** WARNING *** GMRFLib_2order_approx: rescue NAN/INF values in logl for idx=325
 *** WARNING *** GMRFLib_2order_approx: reset counter for 181 NAN/INF values in logl
 *** WARNING *** GMRFLib_2order_approx: rescue NAN/INF values in logl for idx=479
 *** WARNING *** GMRFLib_2order_approx: reset counter for 7 NAN/INF values in logl
 *** WARNING *** GMRFLib_2order_approx: rescue NAN/INF values in logl for idx=0
 *** WARNING *** GMRFLib_2order_approx: reset counter for 323 NAN/INF values in logl
 *** WARNING *** GMRFLib_2order_approx: rescue NAN/INF values in logl for idx=1075
 *** WARNING *** GMRFLib_2order_approx: reset counter for 5 NAN/INF values in logl
 *** WARNING *** GMRFLib_2order_approx: rescue NAN/INF values in logl for idx=650
 *** WARNING *** GMRFLib_2order_approx: reset counter for 3 NAN/INF values in logl
 *** WARNING *** GMRFLib_2order_approx: rescue NAN/INF values in logl for idx=75
 *** WARNING *** GMRFLib_2order_approx: reset counter for 36 NAN/INF values in logl
 *** WARNING *** GMRFLib_2order_approx: rescue NAN/INF values in logl for idx=375
 *** WARNING *** GMRFLib_2order_approx: reset counter for 6 NAN/INF values in logl
 *** WARNING *** GMRFLib_2order_approx: rescue NAN/INF values in logl for idx=0
 *** WARNING *** GMRFLib_2order_approx: reset counter for 332 NAN/INF values in logl
 *** WARNING *** GMRFLib_2order_approx: rescue NAN/INF values in logl for idx=438
 *** WARNING *** GMRFLib_2order_approx: reset counter for 4 NAN/INF values in logl
 *** WARNING *** GMRFLib_2order_approx: rescue NAN/INF values in logl for idx=176
 *** WARNING *** GMRFLib_2order_approx: reset counter for 259 NAN/INF values in logl
 *** WARNING *** GMRFLib_2order_approx: rescue NAN/INF values in logl for idx=12
 *** WARNING *** GMRFLib_2order_approx: reset counter for 327 NAN/INF values in logl
 *** WARNING *** GMRFLib_2order_approx: rescue NAN/INF values in logl for idx=26
 *** WARNING *** GMRFLib_2order_approx: reset counter for 129 NAN/INF values in logl
 *** WARNING *** GMRFLib_2order_approx: rescue NAN/INF values in logl for idx=1040
 *** WARNING *** GMRFLib_2order_approx: reset counter for 44 NAN/INF values in logl
 *** WARNING *** GMRFLib_2order_approx: reset counter for 44 NAN/INF values in logl
 *** WARNING *** GMRFLib_2order_approx: reset counter for 44 NAN/INF values in logl
 *** WARNING *** GMRFLib_2order_approx: rescue NAN/INF values in logl for idx=51
 *** WARNING *** GMRFLib_2order_approx: reset counter for 26 NAN/INF values in logl
 *** WARNING *** GMRFLib_2order_approx: rescue NAN/INF values in logl for idx=105
 *** WARNING *** GMRFLib_2order_approx: reset counter for 35 NAN/INF values in logl
 *** WARNING *** GMRFLib_2order_approx: reset counter for 35 NAN/INF values in logl
 *** WARNING *** GMRFLib_2order_approx: reset counter for 35 NAN/INF values in logl
 *** WARNING *** GMRFLib_2order_approx: rescue NAN/INF values in logl for idx=1057
 *** WARNING *** GMRFLib_2order_approx: reset counter for 6 NAN/INF values in logl
 *** WARNING *** GMRFLib_2order_approx: rescue NAN/INF values in logl for idx=6
 *** WARNING *** GMRFLib_2order_approx: reset counter for 353 NAN/INF values in logl
 *** WARNING *** GMRFLib_2order_approx: rescue NAN/INF values in logl for idx=113
 *** WARNING *** GMRFLib_2order_approx: reset counter for 86 NAN/INF values in logl
 *** WARNING *** GMRFLib_2order_approx: rescue NAN/INF values in logl for idx=1070
 *** WARNING *** GMRFLib_2order_approx: reset counter for 2 NAN/INF values in logl
 *** WARNING *** GMRFLib_2order_approx: reset counter for 2 NAN/INF values in logl
 *** WARNING *** GMRFLib_2order_approx: reset counter for 2 NAN/INF values in logl
 *** WARNING *** GMRFLib_2order_approx: rescue NAN/INF values in logl for idx=438
 *** WARNING *** GMRFLib_2order_approx: reset counter for 2 NAN/INF values in logl
 *** WARNING *** GMRFLib_2order_approx: reset counter for 2 NAN/INF values in logl
 *** WARNING *** GMRFLib_2order_approx: reset counter for 2 NAN/INF values in logl
 *** WARNING *** GMRFLib_2order_approx: rescue NAN/INF values in logl for idx=502
 *** WARNING *** GMRFLib_2order_approx: reset counter for 71 NAN/INF values in logl
 *** WARNING *** GMRFLib_2order_approx: rescue NAN/INF values in logl for idx=0
 *** WARNING *** GMRFLib_2order_approx: reset counter for 560 NAN/INF values in logl
 *** WARNING *** GMRFLib_2order_approx: rescue NAN/INF values in logl for idx=105
 *** WARNING *** GMRFLib_2order_approx: reset counter for 49 NAN/INF values in logl
 *** WARNING *** GMRFLib_2order_approx: rescue NAN/INF values in logl for idx=0
 *** WARNING *** GMRFLib_2order_approx: reset counter for 402 NAN/INF values in logl
 *** WARNING *** GMRFLib_2order_approx: rescue NAN/INF values in logl for idx=615
 *** WARNING *** GMRFLib_2order_approx: reset counter for 154 NAN/INF values in logl
 *** WARNING *** GMRFLib_2order_approx: reset counter for 154 NAN/INF values in logl
 *** WARNING *** GMRFLib_2order_approx: rescue NAN/INF values in logl for idx=280
 *** WARNING *** GMRFLib_2order_approx: reset counter for 222 NAN/INF values in logl
 *** WARNING *** GMRFLib_2order_approx: rescue NAN/INF values in logl for idx=0
 *** WARNING *** GMRFLib_2order_approx: reset counter for 669 NAN/INF values in logl
 *** WARNING *** GMRFLib_2order_approx: rescue NAN/INF values in logl for idx=280
 *** WARNING *** GMRFLib_2order_approx: reset counter for 370 NAN/INF values in logl
 *** WARNING *** GMRFLib_2order_approx: rescue NAN/INF values in logl for idx=0
 *** WARNING *** GMRFLib_2order_approx: reset counter for 268 NAN/INF values in logl
 *** WARNING *** GMRFLib_2order_approx: rescue NAN/INF values in logl for idx=8
 *** WARNING *** GMRFLib_2order_approx: reset counter for 573 NAN/INF values in logl
 *** WARNING *** GMRFLib_2order_approx: rescue NAN/INF values in logl for idx=558
 *** WARNING *** GMRFLib_2order_approx: reset counter for 2 NAN/INF values in logl
 *** WARNING *** GMRFLib_2order_approx: rescue NAN/INF values in logl for idx=0
 *** WARNING *** GMRFLib_2order_approx: reset counter for 595 NAN/INF values in logl
 *** WARNING *** GMRFLib_2order_approx: rescue NAN/INF values in logl for idx=0
 *** WARNING *** GMRFLib_2order_approx: reset counter for 580 NAN/INF values in logl
 *** WARNING *** GMRFLib_2order_approx: rescue NAN/INF values in logl for idx=2
 *** WARNING *** GMRFLib_2order_approx: reset counter for 545 NAN/INF values in logl
 *** WARNING *** GMRFLib_2order_approx: rescue NAN/INF values in logl for idx=0
 *** WARNING *** GMRFLib_2order_approx: reset counter for 631 NAN/INF values in logl
 *** WARNING *** GMRFLib_2order_approx: rescue NAN/INF values in logl for idx=0
 *** WARNING *** GMRFLib_2order_approx: reset counter for 552 NAN/INF values in logl
 *** WARNING *** GMRFLib_2order_approx: rescue NAN/INF values in logl for idx=439
 *** WARNING *** GMRFLib_2order_approx: reset counter for 490 NAN/INF values in logl
 *** WARNING *** GMRFLib_2order_approx: rescue NAN/INF values in logl for idx=399
 *** WARNING *** GMRFLib_2order_approx: rescue NAN/INF values in logl for idx=105
 *** WARNING *** GMRFLib_2order_approx: reset counter for 51 NAN/INF values in logl
 *** WARNING *** GMRFLib_2order_approx: rescue NAN/INF values in logl for idx=110
 *** WARNING *** GMRFLib_2order_approx: reset counter for 21 NAN/INF values in logl
 *** WARNING *** GMRFLib_2order_approx: rescue NAN/INF values in logl for idx=1071
 *** WARNING *** GMRFLib_2order_approx: reset counter for 74 NAN/INF values in logl
 *** WARNING *** GMRFLib_2order_approx: rescue NAN/INF values in logl for idx=6
 *** WARNING *** GMRFLib_2order_approx: reset counter for 21 NAN/INF values in logl
 *** WARNING *** GMRFLib_2order_approx: rescue NAN/INF values in logl for idx=0
 *** WARNING *** GMRFLib_2order_approx: reset counter for 388 NAN/INF values in logl
 *** WARNING *** GMRFLib_2order_approx: rescue NAN/INF values in logl for idx=0
 *** WARNING *** GMRFLib_2order_approx: reset counter for 213 NAN/INF values in logl
 *** WARNING *** GMRFLib_2order_approx: rescue NAN/INF values in logl for idx=646
 *** WARNING *** GMRFLib_2order_approx: reset counter for 7 NAN/INF values in logl
 *** WARNING *** GMRFLib_2order_approx: rescue NAN/INF values in logl for idx=1099
 *** WARNING *** GMRFLib_2order_approx: reset counter for 166 NAN/INF values in logl
 *** WARNING *** GMRFLib_2order_approx: rescue NAN/INF values in logl for idx=630
 *** WARNING *** GMRFLib_2order_approx: reset counter for 37 NAN/INF values in logl
 *** WARNING *** GMRFLib_2order_approx: rescue NAN/INF values in logl for idx=580
 *** WARNING *** GMRFLib_2order_approx: reset counter for 15 NAN/INF values in logl
 *** WARNING *** GMRFLib_2order_approx: rescue NAN/INF values in logl for idx=6
 *** WARNING *** GMRFLib_2order_approx: reset counter for 49 NAN/INF values in logl
 *** WARNING *** GMRFLib_2order_approx: rescue NAN/INF values in logl for idx=0
 *** WARNING *** GMRFLib_2order_approx: reset counter for 176 NAN/INF values in logl
 *** WARNING *** GMRFLib_2order_approx: reset counter for 108 NAN/INF values in logl
 *** WARNING *** GMRFLib_2order_approx: rescue NAN/INF values in logl for idx=438
 *** WARNING *** GMRFLib_2order_approx: reset counter for 2 NAN/INF values in logl
 *** WARNING *** GMRFLib_2order_approx: rescue NAN/INF values in logl for idx=399
 *** WARNING *** GMRFLib_2order_approx: reset counter for 20 NAN/INF values in logl
 *** WARNING *** GMRFLib_2order_approx: rescue NAN/INF values in logl for idx=0
 *** WARNING *** GMRFLib_2order_approx: reset counter for 432 NAN/INF values in logl
 *** WARNING *** GMRFLib_2order_approx: rescue NAN/INF values in logl for idx=0
 *** WARNING *** GMRFLib_2order_approx: reset counter for 479 NAN/INF values in logl
 *** WARNING *** GMRFLib_2order_approx: rescue NAN/INF values in logl for idx=1040
 *** WARNING *** GMRFLib_2order_approx: reset counter for 60 NAN/INF values in logl
 *** WARNING *** GMRFLib_2order_approx: rescue NAN/INF values in logl for idx=105
 *** WARNING *** GMRFLib_2order_approx: reset counter for 27 NAN/INF values in logl
 *** WARNING *** GMRFLib_2order_approx: rescue NAN/INF values in logl for idx=645
 *** WARNING *** GMRFLib_2order_approx: reset counter for 3 NAN/INF values in logl
 *** WARNING *** GMRFLib_2order_approx: rescue NAN/INF values in logl for idx=39
 *** WARNING *** GMRFLib_2order_approx: reset counter for 38 NAN/INF values in logl
 *** WARNING *** GMRFLib_2order_approx: rescue NAN/INF values in logl for idx=1040
 *** WARNING *** GMRFLib_2order_approx: reset counter for 15 NAN/INF values in logl
 *** WARNING *** GMRFLib_2order_approx: rescue NAN/INF values in logl for idx=345
 *** WARNING *** GMRFLib_2order_approx: reset counter for 18 NAN/INF values in logl
 *** WARNING *** GMRFLib_2order_approx: rescue NAN/INF values in logl for idx=1042
 *** WARNING *** GMRFLib_2order_approx: reset counter for 13 NAN/INF values in logl
 *** WARNING *** GMRFLib_2order_approx: rescue NAN/INF values in logl for idx=105
 *** WARNING *** GMRFLib_2order_approx: reset counter for 13 NAN/INF values in logl
 *** WARNING *** GMRFLib_2order_approx: rescue NAN/INF values in logl for idx=438
 *** WARNING *** GMRFLib_2order_approx: reset counter for 2 NAN/INF values in logl
 *** WARNING *** GMRFLib_2order_approx: rescue NAN/INF values in logl for idx=0
 *** WARNING *** GMRFLib_2order_approx: reset counter for 3 NAN/INF values in logl
 *** WARNING *** GMRFLib_2order_approx: rescue NAN/INF values in logl for idx=55
 *** WARNING *** GMRFLib_2order_approx: reset counter for 356 NAN/INF values in logl
 *** WARNING *** GMRFLib_2order_approx: rescue NAN/INF values in logl for idx=650
 *** WARNING *** GMRFLib_2order_approx: reset counter for 6 NAN/INF values in logl
 *** WARNING *** GMRFLib_2order_approx: rescue NAN/INF values in logl for idx=53
 *** WARNING *** GMRFLib_2order_approx: reset counter for 96 NAN/INF values in logl
 *** WARNING *** GMRFLib_2order_approx: rescue NAN/INF values in logl for idx=9
 *** WARNING *** GMRFLib_2order_approx: reset counter for 154 NAN/INF values in logl
 *** WARNING *** GMRFLib_2order_approx: rescue NAN/INF values in logl for idx=332
 *** WARNING *** GMRFLib_2order_approx: reset counter for 36 NAN/INF values in logl
 *** WARNING *** GMRFLib_2order_approx: rescue NAN/INF values in logl for idx=910
 *** WARNING *** GMRFLib_2order_approx: reset counter for 8 NAN/INF values in logl
 *** WARNING *** GMRFLib_2order_approx: rescue NAN/INF values in logl for idx=360
 *** WARNING *** GMRFLib_2order_approx: reset counter for 61 NAN/INF values in logl
 *** WARNING *** GMRFLib_2order_approx: rescue NAN/INF values in logl for idx=595
 *** WARNING *** GMRFLib_2order_approx: reset counter for 70 NAN/INF values in logl
 *** WARNING *** GMRFLib_2order_approx: rescue NAN/INF values in logl for idx=0
 *** WARNING *** GMRFLib_2order_approx: reset counter for 357 NAN/INF values in logl
 *** WARNING *** GMRFLib_2order_approx: rescue NAN/INF values in logl for idx=438
 *** WARNING *** GMRFLib_2order_approx: reset counter for 2 NAN/INF values in logl
 *** WARNING *** GMRFLib_2order_approx: rescue NAN/INF values in logl for idx=28
 *** WARNING *** GMRFLib_2order_approx: reset counter for 58 NAN/INF values in logl
 *** WARNING *** GMRFLib_2order_approx: rescue NAN/INF values in logl for idx=0
 *** WARNING *** GMRFLib_2order_approx: reset counter for 213 NAN/INF values in logl
 *** WARNING *** GMRFLib_2order_approx: rescue NAN/INF values in logl for idx=1070
 *** WARNING *** GMRFLib_2order_approx: reset counter for 10 NAN/INF values in logl
 *** WARNING *** GMRFLib_2order_approx: rescue NAN/INF values in logl for idx=531
 *** WARNING *** GMRFLib_2order_approx: reset counter for 20 NAN/INF values in logl
 *** WARNING *** GMRFLib_2order_approx: rescue NAN/INF values in logl for idx=0
 *** WARNING *** GMRFLib_2order_approx: reset counter for 436 NAN/INF values in logl
 *** WARNING *** GMRFLib_2order_approx: rescue NAN/INF values in logl for idx=105
 *** WARNING *** GMRFLib_2order_approx: reset counter for 48 NAN/INF values in logl
 *** WARNING *** GMRFLib_2order_approx: rescue NAN/INF values in logl for idx=235
 *** WARNING *** GMRFLib_2order_approx: reset counter for 318 NAN/INF values in logl
 *** WARNING *** GMRFLib_2order_approx: rescue NAN/INF values in logl for idx=0
 *** WARNING *** GMRFLib_2order_approx: reset counter for 423 NAN/INF values in logl
 *** WARNING *** GMRFLib_2order_approx: rescue NAN/INF values in logl for idx=438
 *** WARNING *** GMRFLib_2order_approx: reset counter for 9 NAN/INF values in logl
 *** WARNING *** GMRFLib_2order_approx: rescue NAN/INF values in logl for idx=235
 *** WARNING *** GMRFLib_2order_approx: reset counter for 247 NAN/INF values in logl
 *** WARNING *** GMRFLib_2order_approx: rescue NAN/INF values in logl for idx=5
 *** WARNING *** GMRFLib_2order_approx: reset counter for 29 NAN/INF values in logl
 *** WARNING *** GMRFLib_2order_approx: rescue NAN/INF values in logl for idx=645
 *** WARNING *** GMRFLib_2order_approx: reset counter for 34 NAN/INF values in logl
 *** WARNING *** GMRFLib_2order_approx: rescue NAN/INF values in logl for idx=110
 *** WARNING *** GMRFLib_2order_approx: reset counter for 28 NAN/INF values in logl
 *** WARNING *** GMRFLib_2order_approx: reset counter for 28 NAN/INF values in logl
 *** WARNING *** GMRFLib_2order_approx: rescue NAN/INF values in logl for idx=1070
 *** WARNING *** GMRFLib_2order_approx: reset counter for 3 NAN/INF values in logl
 *** WARNING *** GMRFLib_2order_approx: rescue NAN/INF values in logl for idx=0
 *** WARNING *** GMRFLib_2order_approx: reset counter for 158 NAN/INF values in logl
 *** WARNING *** GMRFLib_2order_approx: rescue NAN/INF values in logl for idx=0
 *** WARNING *** GMRFLib_2order_approx: reset counter for 80 NAN/INF values in logl
 *** WARNING *** GMRFLib_2order_approx: rescue NAN/INF values in logl for idx=386
 *** WARNING *** GMRFLib_2order_approx: reset counter for 4 NAN/INF values in logl
 *** WARNING *** GMRFLib_2order_approx: rescue NAN/INF values in logl for idx=25
 *** WARNING *** GMRFLib_2order_approx: reset counter for 182 NAN/INF values in logl
 *** WARNING *** GMRFLib_2order_approx: reset counter for 182 NAN/INF values in logl
 *** WARNING *** GMRFLib_2order_approx: rescue NAN/INF values in logl for idx=54
 *** WARNING *** GMRFLib_2order_approx: reset counter for 3 NAN/INF values in logl
 *** WARNING *** GMRFLib_2order_approx: rescue NAN/INF values in logl for idx=1040
 *** WARNING *** GMRFLib_2order_approx: reset counter for 13 NAN/INF values in logl
 *** WARNING *** GMRFLib_2order_approx: rescue NAN/INF values in logl for idx=35
 *** WARNING *** GMRFLib_2order_approx: reset counter for 107 NAN/INF values in logl
 *** WARNING *** GMRFLib_2order_approx: rescue NAN/INF values in logl for idx=360
 *** WARNING *** GMRFLib_2order_approx: reset counter for 56 NAN/INF values in logl
 *** WARNING *** GMRFLib_2order_approx: rescue NAN/INF values in logl for idx=0
 *** WARNING *** GMRFLib_2order_approx: reset counter for 457 NAN/INF values in logl
 *** WARNING *** GMRFLib_2order_approx: rescue NAN/INF values in logl for idx=965
 *** WARNING *** GMRFLib_2order_approx: reset counter for 46 NAN/INF values in logl
 *** WARNING *** GMRFLib_2order_approx: rescue NAN/INF values in logl for idx=16
 *** WARNING *** GMRFLib_2order_approx: reset counter for 109 NAN/INF values in logl
 *** WARNING *** GMRFLib_2order_approx: rescue NAN/INF values in logl for idx=1040
 *** WARNING *** GMRFLib_2order_approx: reset counter for 5 NAN/INF values in logl
 *** WARNING *** GMRFLib_2order_approx: rescue NAN/INF values in logl for idx=37
 *** WARNING *** GMRFLib_2order_approx: reset counter for 34 NAN/INF values in logl
 *** WARNING *** GMRFLib_2order_approx: rescue NAN/INF values in logl for idx=190
 *** WARNING *** GMRFLib_2order_approx: reset counter for 38 NAN/INF values in logl
 *** WARNING *** GMRFLib_2order_approx: rescue NAN/INF values in logl for idx=275
 *** WARNING *** GMRFLib_2order_approx: reset counter for 451 NAN/INF values in logl
 *** WARNING *** GMRFLib_2order_approx: rescue NAN/INF values in logl for idx=569
 *** WARNING *** GMRFLib_2order_approx: reset counter for 581 NAN/INF values in logl
 *** WARNING *** GMRFLib_2order_approx: rescue NAN/INF values in logl for idx=5
 *** WARNING *** GMRFLib_2order_approx: reset counter for 63 NAN/INF values in logl
 *** WARNING *** GMRFLib_2order_approx: rescue NAN/INF values in logl for idx=110
 *** WARNING *** GMRFLib_2order_approx: reset counter for 14 NAN/INF values in logl
 *** WARNING *** GMRFLib_2order_approx: rescue NAN/INF values in logl for idx=1040
 *** WARNING *** GMRFLib_2order_approx: reset counter for 14 NAN/INF values in logl
 *** WARNING *** GMRFLib_2order_approx: reset counter for 14 NAN/INF values in logl
 *** WARNING *** GMRFLib_2order_approx: rescue NAN/INF values in logl for idx=1070
 *** WARNING *** GMRFLib_2order_approx: reset counter for 3 NAN/INF values in logl
 *** WARNING *** GMRFLib_2order_approx: reset counter for 3 NAN/INF values in logl
 *** WARNING *** GMRFLib_2order_approx: rescue NAN/INF values in logl for idx=0
 *** WARNING *** GMRFLib_2order_approx: reset counter for 189 NAN/INF values in logl
 *** WARNING *** GMRFLib_2order_approx: reset counter for 189 NAN/INF values in logl
 *** WARNING *** GMRFLib_2order_approx: rescue NAN/INF values in logl for idx=2
 *** WARNING *** GMRFLib_2order_approx: reset counter for 26 NAN/INF values in logl
 *** WARNING *** GMRFLib_2order_approx: rescue NAN/INF values in logl for idx=1040
 *** WARNING *** GMRFLib_2order_approx: reset counter for 6 NAN/INF values in logl
 *** WARNING *** GMRFLib_2order_approx: rescue NAN/INF values in logl for idx=0
 *** WARNING *** GMRFLib_2order_approx: reset counter for 374 NAN/INF values in logl
 *** WARNING *** GMRFLib_2order_approx: rescue NAN/INF values in logl for idx=1040
 *** WARNING *** GMRFLib_2order_approx: reset counter for 60 NAN/INF values in logl
 *** WARNING *** GMRFLib_2order_approx: reset counter for 60 NAN/INF values in logl
 *** WARNING *** GMRFLib_2order_approx: rescue NAN/INF values in logl for idx=0
 *** WARNING *** GMRFLib_2order_approx: reset counter for 129 NAN/INF values in logl
 *** WARNING *** GMRFLib_2order_approx: rescue NAN/INF values in logl for idx=277
 *** WARNING *** GMRFLib_2order_approx: reset counter for 171 NAN/INF values in logl
 *** WARNING *** GMRFLib_2order_approx: reset counter for 171 NAN/INF values in logl
 *** WARNING *** GMRFLib_2order_approx: reset counter for 171 NAN/INF values in logl
 *** WARNING *** GMRFLib_2order_approx: rescue NAN/INF values in logl for idx=0
 *** WARNING *** GMRFLib_2order_approx: reset counter for 95 NAN/INF values in logl
 *** WARNING *** GMRFLib_2order_approx: reset counter for 95 NAN/INF values in logl
 *** WARNING *** GMRFLib_2order_approx: rescue NAN/INF values in logl for idx=140
 *** WARNING *** GMRFLib_2order_approx: reset counter for 20 NAN/INF values in logl
 *** WARNING *** GMRFLib_2order_approx: rescue NAN/INF values in logl for idx=851
 *** WARNING *** GMRFLib_2order_approx: reset counter for 14 NAN/INF values in logl
 *** WARNING *** GMRFLib_2order_approx: rescue NAN/INF values in logl for idx=0
 *** WARNING *** GMRFLib_2order_approx: reset counter for 134 NAN/INF values in logl
 *** WARNING *** GMRFLib_2order_approx: reset counter for 141 NAN/INF values in logl
 *** WARNING *** GMRFLib_2order_approx: rescue NAN/INF values in logl for idx=348
 *** WARNING *** GMRFLib_2order_approx: reset counter for 13 NAN/INF values in logl
 *** WARNING *** GMRFLib_2order_approx: rescue NAN/INF values in logl for idx=416
 *** WARNING *** GMRFLib_2order_approx: reset counter for 187 NAN/INF values in logl
 *** WARNING *** GMRFLib_2order_approx: rescue NAN/INF values in logl for idx=55
 *** WARNING *** GMRFLib_2order_approx: reset counter for 41 NAN/INF values in logl
 *** WARNING *** GMRFLib_2order_approx: rescue NAN/INF values in logl for idx=0
 *** WARNING *** GMRFLib_2order_approx: reset counter for 328 NAN/INF values in logl
 *** WARNING *** GMRFLib_2order_approx: rescue NAN/INF values in logl for idx=0
 *** WARNING *** GMRFLib_2order_approx: reset counter for 4 NAN/INF values in logl
 *** WARNING *** GMRFLib_2order_approx: rescue NAN/INF values in logl for idx=116
 *** WARNING *** GMRFLib_2order_approx: reset counter for 4 NAN/INF values in logl
 *** WARNING *** GMRFLib_2order_approx: rescue NAN/INF values in logl for idx=360
 *** WARNING *** GMRFLib_2order_approx: reset counter for 52 NAN/INF values in logl
 *** WARNING *** GMRFLib_2order_approx: rescue NAN/INF values in logl for idx=0
 *** WARNING *** GMRFLib_2order_approx: reset counter for 267 NAN/INF values in logl
 *** WARNING *** GMRFLib_2order_approx: rescue NAN/INF values in logl for idx=105
 *** WARNING *** GMRFLib_2order_approx: reset counter for 31 NAN/INF values in logl
 *** WARNING *** GMRFLib_2order_approx: rescue NAN/INF values in logl for idx=0
 *** WARNING *** GMRFLib_2order_approx: reset counter for 161 NAN/INF values in logl
 *** WARNING *** GMRFLib_2order_approx: rescue NAN/INF values in logl for idx=1070
 *** WARNING *** GMRFLib_2order_approx: reset counter for 3 NAN/INF values in logl
 *** WARNING *** GMRFLib_2order_approx: rescue NAN/INF values in logl for idx=90
 *** WARNING *** GMRFLib_2order_approx: reset counter for 44 NAN/INF values in logl
 *** WARNING *** GMRFLib_2order_approx: rescue NAN/INF values in logl for idx=1070
 *** WARNING *** GMRFLib_2order_approx: reset counter for 2 NAN/INF values in logl
 *** WARNING *** GMRFLib_2order_approx: rescue NAN/INF values in logl for idx=0
 *** WARNING *** GMRFLib_2order_approx: reset counter for 340 NAN/INF values in logl
 *** WARNING *** GMRFLib_2order_approx: rescue NAN/INF values in logl for idx=134
 *** WARNING *** GMRFLib_2order_approx: reset counter for 13 NAN/INF values in logl
 *** WARNING *** GMRFLib_2order_approx: rescue NAN/INF values in logl for idx=0
 *** WARNING *** GMRFLib_2order_approx: reset counter for 213 NAN/INF values in logl
 *** WARNING *** GMRFLib_2order_approx: rescue NAN/INF values in logl for idx=0
 *** WARNING *** GMRFLib_2order_approx: reset counter for 400 NAN/INF values in logl
 *** WARNING *** GMRFLib_2order_approx: rescue NAN/INF values in logl for idx=2
 *** WARNING *** GMRFLib_2order_approx: reset counter for 50 NAN/INF values in logl
 *** WARNING *** GMRFLib_2order_approx: rescue NAN/INF values in logl for idx=0
 *** WARNING *** GMRFLib_2order_approx: reset counter for 210 NAN/INF values in logl
 *** WARNING *** GMRFLib_2order_approx: rescue NAN/INF values in logl for idx=106
 *** WARNING *** GMRFLib_2order_approx: reset counter for 18 NAN/INF values in logl
 *** WARNING *** GMRFLib_2order_approx: rescue NAN/INF values in logl for idx=1040
 *** WARNING *** GMRFLib_2order_approx: reset counter for 12 NAN/INF values in logl
 *** WARNING *** GMRFLib_2order_approx: rescue NAN/INF values in logl for idx=140
 *** WARNING *** GMRFLib_2order_approx: reset counter for 29 NAN/INF values in logl
 *** WARNING *** GMRFLib_2order_approx: rescue NAN/INF values in logl for idx=970
 *** WARNING *** GMRFLib_2order_approx: reset counter for 12 NAN/INF values in logl
 *** WARNING *** GMRFLib_2order_approx: rescue NAN/INF values in logl for idx=0
 *** WARNING *** GMRFLib_2order_approx: reset counter for 339 NAN/INF values in logl
 *** WARNING *** GMRFLib_2order_approx: rescue NAN/INF values in logl for idx=360
 *** WARNING *** GMRFLib_2order_approx: reset counter for 28 NAN/INF values in logl
 *** WARNING *** GMRFLib_2order_approx: rescue NAN/INF values in logl for idx=0
 *** WARNING *** GMRFLib_2order_approx: reset counter for 507 NAN/INF values in logl
 *** WARNING *** GMRFLib_2order_approx: rescue NAN/INF values in logl for idx=15
 *** WARNING *** GMRFLib_2order_approx: reset counter for 142 NAN/INF values in logl
 *** WARNING *** GMRFLib_2order_approx: reset counter for 142 NAN/INF values in logl
 *** WARNING *** GMRFLib_2order_approx: reset counter for 142 NAN/INF values in logl
 *** WARNING *** GMRFLib_2order_approx: rescue NAN/INF values in logl for idx=438
 *** WARNING *** GMRFLib_2order_approx: reset counter for 2 NAN/INF values in logl
 *** WARNING *** GMRFLib_2order_approx: rescue NAN/INF values in logl for idx=175
 *** WARNING *** GMRFLib_2order_approx: reset counter for 16 NAN/INF values in logl
 *** WARNING *** GMRFLib_2order_approx: rescue NAN/INF values in logl for idx=376
 *** WARNING *** GMRFLib_2order_approx: reset counter for 337 NAN/INF values in logl
 *** WARNING *** GMRFLib_2order_approx: rescue NAN/INF values in logl for idx=0
 *** WARNING *** GMRFLib_2order_approx: reset counter for 610 NAN/INF values in logl
 *** WARNING *** GMRFLib_2order_approx: rescue NAN/INF values in logl for idx=8
 *** WARNING *** GMRFLib_2order_approx: reset counter for 584 NAN/INF values in logl
 *** WARNING *** GMRFLib_2order_approx: rescue NAN/INF values in logl for idx=558
 *** WARNING *** GMRFLib_2order_approx: reset counter for 26 NAN/INF values in logl
 *** WARNING *** GMRFLib_2order_approx: rescue NAN/INF values in logl for idx=0
 *** WARNING *** GMRFLib_2order_approx: reset counter for 264 NAN/INF values in logl
 *** WARNING *** GMRFLib_2order_approx: rescue NAN/INF values in logl for idx=0
 *** WARNING *** GMRFLib_2order_approx: reset counter for 130 NAN/INF values in logl
 *** WARNING *** GMRFLib_2order_approx: rescue NAN/INF values in logl for idx=0
 *** WARNING *** GMRFLib_2order_approx: reset counter for 192 NAN/INF values in logl
 *** WARNING *** GMRFLib_2order_approx: rescue NAN/INF values in logl for idx=0
 *** WARNING *** GMRFLib_2order_approx: reset counter for 65 NAN/INF values in logl
 *** WARNING *** GMRFLib_2order_approx: rescue NAN/INF values in logl for idx=0
 *** WARNING *** GMRFLib_2order_approx: reset counter for 75 NAN/INF values in logl
 *** WARNING *** GMRFLib_2order_approx: rescue NAN/INF values in logl for idx=110
 *** WARNING *** GMRFLib_2order_approx: reset counter for 22 NAN/INF values in logl
 *** WARNING *** GMRFLib_2order_approx: rescue NAN/INF values in logl for idx=110
 *** WARNING *** GMRFLib_2order_approx: reset counter for 21 NAN/INF values in logl
 *** WARNING *** GMRFLib_2order_approx: rescue NAN/INF values in logl for idx=0
 *** WARNING *** GMRFLib_2order_approx: rescue NAN/INF values in logl for idx=0
 *** WARNING *** GMRFLib_2order_approx: reset counter for 561 NAN/INF values in logl
 *** WARNING *** GMRFLib_2order_approx: rescue NAN/INF values in logl for idx=713
 *** WARNING *** GMRFLib_2order_approx: reset counter for 179 NAN/INF values in logl
 *** WARNING *** GMRFLib_2order_approx: reset counter for 179 NAN/INF values in logl
 *** WARNING *** GMRFLib_2order_approx: rescue NAN/INF values in logl for idx=0
 *** WARNING *** GMRFLib_2order_approx: rescue NAN/INF values in logl for idx=0
 *** WARNING *** GMRFLib_2order_approx: reset counter for 551 NAN/INF values in logl
 *** WARNING *** GMRFLib_2order_approx: rescue NAN/INF values in logl for idx=0
 *** WARNING *** GMRFLib_2order_approx: reset counter for 7 NAN/INF values in logl
 *** WARNING *** GMRFLib_2order_approx: rescue NAN/INF values in logl for idx=0
 *** WARNING *** GMRFLib_2order_approx: reset counter for 122 NAN/INF values in logl
 *** WARNING *** GMRFLib_2order_approx: rescue NAN/INF values in logl for idx=631
 *** WARNING *** GMRFLib_2order_approx: reset counter for 122 NAN/INF values in logl
 *** WARNING *** GMRFLib_2order_approx: rescue NAN/INF values in logl for idx=960
 *** WARNING *** GMRFLib_2order_approx: reset counter for 56 NAN/INF values in logl
 *** WARNING *** GMRFLib_2order_approx: rescue NAN/INF values in logl for idx=113
 *** WARNING *** GMRFLib_2order_approx: reset counter for 6 NAN/INF values in logl
 *** WARNING *** GMRFLib_2order_approx: rescue NAN/INF values in logl for idx=1079
 *** WARNING *** GMRFLib_2order_approx: rescue NAN/INF values in logl for idx=0
 *** WARNING *** GMRFLib_2order_approx: reset counter for 14 NAN/INF values in logl
 *** WARNING *** GMRFLib_2order_approx: reset counter for 420 NAN/INF values in logl
 *** WARNING *** GMRFLib_2order_approx: reset counter for 420 NAN/INF values in logl
 *** WARNING *** GMRFLib_2order_approx: rescue NAN/INF values in logl for idx=0
 *** WARNING *** GMRFLib_2order_approx: reset counter for 4 NAN/INF values in logl
 *** WARNING *** GMRFLib_2order_approx: rescue NAN/INF values in logl for idx=0
 *** WARNING *** GMRFLib_2order_approx: rescue NAN/INF values in logl for idx=90
 *** WARNING *** GMRFLib_2order_approx: reset counter for 239 NAN/INF values in logl
 *** WARNING *** GMRFLib_2order_approx: rescue NAN/INF values in logl for idx=1040
 *** WARNING *** GMRFLib_2order_approx: reset counter for 75 NAN/INF values in logl
 *** WARNING *** GMRFLib_2order_approx: rescue NAN/INF values in logl for idx=105
 *** WARNING *** GMRFLib_2order_approx: reset counter for 8 NAN/INF values in logl
 *** WARNING *** GMRFLib_2order_approx: rescue NAN/INF values in logl for idx=0
 *** WARNING *** GMRFLib_2order_approx: reset counter for 43 NAN/INF values in logl
 *** WARNING *** GMRFLib_2order_approx: rescue NAN/INF values in logl for idx=360
 *** WARNING *** GMRFLib_2order_approx: reset counter for 58 NAN/INF values in logl
 *** WARNING *** GMRFLib_2order_approx: rescue NAN/INF values in logl for idx=645
 *** WARNING *** GMRFLib_2order_approx: reset counter for 56 NAN/INF values in logl
 *** WARNING *** GMRFLib_2order_approx: rescue NAN/INF values in logl for idx=90
 *** WARNING *** GMRFLib_2order_approx: reset counter for 11 NAN/INF values in logl
 *** WARNING *** GMRFLib_2order_approx: rescue NAN/INF values in logl for idx=360
 *** WARNING *** GMRFLib_2order_approx: reset counter for 32 NAN/INF values in logl
 *** WARNING *** GMRFLib_2order_approx: rescue NAN/INF values in logl for idx=1070
 *** WARNING *** GMRFLib_2order_approx: reset counter for 3 NAN/INF values in logl
 *** WARNING *** GMRFLib_2order_approx: rescue NAN/INF values in logl for idx=360
 *** WARNING *** GMRFLib_2order_approx: reset counter for 15 NAN/INF values in logl
 *** WARNING *** GMRFLib_2order_approx: rescue NAN/INF values in logl for idx=420
 *** WARNING *** GMRFLib_2order_approx: reset counter for 3 NAN/INF values in logl
 *** WARNING *** GMRFLib_2order_approx: rescue NAN/INF values in logl for idx=485
 *** WARNING *** GMRFLib_2order_approx: reset counter for 61 NAN/INF values in logl
 *** WARNING *** GMRFLib_2order_approx: rescue NAN/INF values in logl for idx=360
 *** WARNING *** GMRFLib_2order_approx: reset counter for 40 NAN/INF values in logl
 *** WARNING *** GMRFLib_2order_approx: rescue NAN/INF values in logl for idx=0
 *** WARNING *** GMRFLib_2order_approx: reset counter for 392 NAN/INF values in logl
 *** WARNING *** GMRFLib_2order_approx: rescue NAN/INF values in logl for idx=375
 *** WARNING *** GMRFLib_2order_approx: reset counter for 6 NAN/INF values in logl
 *** WARNING *** GMRFLib_2order_approx: rescue NAN/INF values in logl for idx=0
 *** WARNING *** GMRFLib_2order_approx: reset counter for 291 NAN/INF values in logl
 *** WARNING *** GMRFLib_2order_approx: rescue NAN/INF values in logl for idx=438
 *** WARNING *** GMRFLib_2order_approx: reset counter for 2 NAN/INF values in logl
 *** WARNING *** GMRFLib_2order_approx: rescue NAN/INF values in logl for idx=0
 *** WARNING *** GMRFLib_2order_approx: reset counter for 203 NAN/INF values in logl
 *** WARNING *** GMRFLib_2order_approx: rescue NAN/INF values in logl for idx=108
 *** WARNING *** GMRFLib_2order_approx: reset counter for 13 NAN/INF values in logl
 *** WARNING *** GMRFLib_2order_approx: rescue NAN/INF values in logl for idx=0
 *** WARNING *** GMRFLib_2order_approx: reset counter for 308 NAN/INF values in logl
 *** WARNING *** GMRFLib_2order_approx: reset counter for 308 NAN/INF values in logl
 *** WARNING *** GMRFLib_2order_approx: rescue NAN/INF values in logl for idx=0
 *** WARNING *** GMRFLib_2order_approx: reset counter for 248 NAN/INF values in logl
 *** WARNING *** GMRFLib_2order_approx: rescue NAN/INF values in logl for idx=0
 *** WARNING *** GMRFLib_2order_approx: reset counter for 21 NAN/INF values in logl
 *** WARNING *** GMRFLib_2order_approx: rescue NAN/INF values in logl for idx=360
 *** WARNING *** GMRFLib_2order_approx: reset counter for 57 NAN/INF values in logl
 *** WARNING *** GMRFLib_2order_approx: rescue NAN/INF values in logl for idx=0
 *** WARNING *** GMRFLib_2order_approx: reset counter for 133 NAN/INF values in logl
 *** WARNING *** GMRFLib_2order_approx: rescue NAN/INF values in logl for idx=105
 *** WARNING *** GMRFLib_2order_approx: reset counter for 33 NAN/INF values in logl
 *** WARNING *** GMRFLib_2order_approx: rescue NAN/INF values in logl for idx=90
 *** WARNING *** GMRFLib_2order_approx: reset counter for 42 NAN/INF values in logl
 *** WARNING *** GMRFLib_2order_approx: rescue NAN/INF values in logl for idx=1040
 *** WARNING *** GMRFLib_2order_approx: reset counter for 6 NAN/INF values in logl
 *** WARNING *** GMRFLib_2order_approx: rescue NAN/INF values in logl for idx=1070
 *** WARNING *** GMRFLib_2order_approx: reset counter for 10 NAN/INF values in logl
 *** WARNING *** GMRFLib_2order_approx: rescue NAN/INF values in logl for idx=0
 *** WARNING *** GMRFLib_2order_approx: reset counter for 385 NAN/INF values in logl
 *** WARNING *** GMRFLib_2order_approx: rescue NAN/INF values in logl for idx=375
 *** WARNING *** GMRFLib_2order_approx: reset counter for 25 NAN/INF values in logl
 *** WARNING *** GMRFLib_2order_approx: rescue NAN/INF values in logl for idx=1040
 *** WARNING *** GMRFLib_2order_approx: reset counter for 6 NAN/INF values in logl
 *** WARNING *** GMRFLib_2order_approx: rescue NAN/INF values in logl for idx=0
 *** WARNING *** GMRFLib_2order_approx: reset counter for 272 NAN/INF values in logl
 *** WARNING *** GMRFLib_2order_approx: reset counter for 272 NAN/INF values in logl
 *** WARNING *** GMRFLib_2order_approx: rescue NAN/INF values in logl for idx=375
 *** WARNING *** GMRFLib_2order_approx: reset counter for 7 NAN/INF values in logl
 *** WARNING *** GMRFLib_2order_approx: reset counter for 7 NAN/INF values in logl
 *** WARNING *** GMRFLib_2order_approx: rescue NAN/INF values in logl for idx=0
 *** WARNING *** GMRFLib_2order_approx: reset counter for 31 NAN/INF values in logl
 *** WARNING *** GMRFLib_2order_approx: rescue NAN/INF values in logl for idx=360
 *** WARNING *** GMRFLib_2order_approx: reset counter for 45 NAN/INF values in logl
 *** WARNING *** GMRFLib_2order_approx: rescue NAN/INF values in logl for idx=0
 *** WARNING *** GMRFLib_2order_approx: reset counter for 269 NAN/INF values in logl
 *** WARNING *** GMRFLib_2order_approx: rescue NAN/INF values in logl for idx=970
 *** WARNING *** GMRFLib_2order_approx: reset counter for 9 NAN/INF values in logl
 *** WARNING *** GMRFLib_2order_approx: rescue NAN/INF values in logl for idx=0
 *** WARNING *** GMRFLib_2order_approx: reset counter for 61 NAN/INF values in logl
 *** WARNING *** GMRFLib_2order_approx: rescue NAN/INF values in logl for idx=145
 *** WARNING *** GMRFLib_2order_approx: reset counter for 46 NAN/INF values in logl
 *** WARNING *** GMRFLib_2order_approx: rescue NAN/INF values in logl for idx=131
 *** WARNING *** GMRFLib_2order_approx: reset counter for 127 NAN/INF values in logl
 *** WARNING *** GMRFLib_2order_approx: rescue NAN/INF values in logl for idx=439
 *** WARNING *** GMRFLib_2order_approx: reset counter for 429 NAN/INF values in logl
 *** WARNING *** GMRFLib_2order_approx: rescue NAN/INF values in logl for idx=110
 *** WARNING *** GMRFLib_2order_approx: reset counter for 30 NAN/INF values in logl
 *** WARNING *** GMRFLib_2order_approx: rescue NAN/INF values in logl for idx=9
 *** WARNING *** GMRFLib_2order_approx: reset counter for 335 NAN/INF values in logl
 *** WARNING *** GMRFLib_2order_approx: rescue NAN/INF values in logl for idx=0
 *** WARNING *** GMRFLib_2order_approx: reset counter for 170 NAN/INF values in logl
 *** WARNING *** GMRFLib_2order_approx: rescue NAN/INF values in logl for idx=207
 *** WARNING *** GMRFLib_2order_approx: reset counter for 127 NAN/INF values in logl
 *** WARNING *** GMRFLib_2order_approx: reset counter for 127 NAN/INF values in logl
 *** WARNING *** GMRFLib_2order_approx: rescue NAN/INF values in logl for idx=0
 *** WARNING *** GMRFLib_2order_approx: reset counter for 308 NAN/INF values in logl
 *** WARNING *** GMRFLib_2order_approx: reset counter for 308 NAN/INF values in logl
 *** WARNING *** GMRFLib_2order_approx: rescue NAN/INF values in logl for idx=178
 *** WARNING *** GMRFLib_2order_approx: reset counter for 520 NAN/INF values in logl
 *** WARNING *** GMRFLib_2order_approx: rescue NAN/INF values in logl for idx=0
 *** WARNING *** GMRFLib_2order_approx: reset counter for 269 NAN/INF values in logl
 *** WARNING *** GMRFLib_2order_approx: rescue NAN/INF values in logl for idx=75
 *** WARNING *** GMRFLib_2order_approx: reset counter for 481 NAN/INF values in logl
 *** WARNING *** GMRFLib_2order_approx: rescue NAN/INF values in logl for idx=558
 *** WARNING *** GMRFLib_2order_approx: reset counter for 4 NAN/INF values in logl
 *** WARNING *** GMRFLib_2order_approx: rescue NAN/INF values in logl for idx=0
 *** WARNING *** GMRFLib_2order_approx: reset counter for 510 NAN/INF values in logl
 *** WARNING *** GMRFLib_2order_approx: rescue NAN/INF values in logl for idx=762
 *** WARNING *** GMRFLib_2order_approx: reset counter for 21 NAN/INF values in logl
 *** WARNING *** GMRFLib_2order_approx: rescue NAN/INF values in logl for idx=445
 *** WARNING *** GMRFLib_2order_approx: reset counter for 3 NAN/INF values in logl
 *** WARNING *** GMRFLib_2order_approx: rescue NAN/INF values in logl for idx=35
 *** WARNING *** GMRFLib_2order_approx: reset counter for 523 NAN/INF values in logl
 *** WARNING *** GMRFLib_2order_approx: reset counter for 523 NAN/INF values in logl
 *** WARNING *** GMRFLib_2order_approx: rescue NAN/INF values in logl for idx=0
 *** WARNING *** GMRFLib_2order_approx: reset counter for 645 NAN/INF values in logl
 *** WARNING *** GMRFLib_2order_approx: rescue NAN/INF values in logl for idx=0
 *** WARNING *** GMRFLib_2order_approx: reset counter for 569 NAN/INF values in logl
 *** WARNING *** GMRFLib_2order_approx: rescue NAN/INF values in logl for idx=0
 *** WARNING *** GMRFLib_2order_approx: reset counter for 488 NAN/INF values in logl
 *** WARNING *** GMRFLib_2order_approx: rescue NAN/INF values in logl for idx=438
 *** WARNING *** GMRFLib_2order_approx: reset counter for 2 NAN/INF values in logl
 *** WARNING *** GMRFLib_2order_approx: rescue NAN/INF values in logl for idx=10
 *** WARNING *** GMRFLib_2order_approx: reset counter for 483 NAN/INF values in logl
 *** WARNING *** GMRFLib_2order_approx: rescue NAN/INF values in logl for idx=0
 *** WARNING *** GMRFLib_2order_approx: reset counter for 536 NAN/INF values in logl
 *** WARNING *** GMRFLib_2order_approx: rescue NAN/INF values in logl for idx=0
 *** WARNING *** GMRFLib_2order_approx: reset counter for 474 NAN/INF values in logl
 *** WARNING *** GMRFLib_2order_approx: rescue NAN/INF values in logl for idx=0
 *** WARNING *** GMRFLib_2order_approx: reset counter for 556 NAN/INF values in logl
 *** WARNING *** GMRFLib_2order_approx: rescue NAN/INF values in logl for idx=0
 *** WARNING *** GMRFLib_2order_approx: rescue NAN/INF values in logl for idx=0
 *** WARNING *** GMRFLib_2order_approx: reset counter for 298 NAN/INF values in logl
 *** WARNING *** GMRFLib_2order_approx: rescue NAN/INF values in logl for idx=0
 *** WARNING *** GMRFLib_2order_approx: reset counter for 151 NAN/INF values in logl
 *** WARNING *** GMRFLib_2order_approx: rescue NAN/INF values in logl for idx=105
 *** WARNING *** GMRFLib_2order_approx: reset counter for 9 NAN/INF values in logl
 *** WARNING *** GMRFLib_2order_approx: rescue NAN/INF values in logl for idx=360
 *** WARNING *** GMRFLib_2order_approx: reset counter for 40 NAN/INF values in logl
 *** WARNING *** GMRFLib_2order_approx: reset counter for 40 NAN/INF values in logl
 *** WARNING *** GMRFLib_2order_approx: rescue NAN/INF values in logl for idx=1070
 *** WARNING *** GMRFLib_2order_approx: reset counter for 3 NAN/INF values in logl
 *** WARNING *** GMRFLib_2order_approx: reset counter for 3 NAN/INF values in logl
 *** WARNING *** GMRFLib_2order_approx: reset counter for 3 NAN/INF values in logl
 *** WARNING *** GMRFLib_2order_approx: rescue NAN/INF values in logl for idx=439
 *** WARNING *** GMRFLib_2order_approx: reset counter for 48 NAN/INF values in logl
 *** WARNING *** GMRFLib_2order_approx: rescue NAN/INF values in logl for idx=175
 *** WARNING *** GMRFLib_2order_approx: reset counter for 284 NAN/INF values in logl
 *** WARNING *** GMRFLib_2order_approx: rescue NAN/INF values in logl for idx=0
 *** WARNING *** GMRFLib_2order_approx: reset counter for 254 NAN/INF values in logl
 *** WARNING *** GMRFLib_2order_approx: rescue NAN/INF values in logl for idx=0
 *** WARNING *** GMRFLib_2order_approx: reset counter for 71 NAN/INF values in logl
 *** WARNING *** GMRFLib_2order_approx: rescue NAN/INF values in logl for idx=30
 *** WARNING *** GMRFLib_2order_approx: reset counter for 98 NAN/INF values in logl
 *** WARNING *** GMRFLib_2order_approx: rescue NAN/INF values in logl for idx=438
 *** WARNING *** GMRFLib_2order_approx: reset counter for 11 NAN/INF values in logl
 *** WARNING *** GMRFLib_2order_approx: rescue NAN/INF values in logl for idx=140
 *** WARNING *** GMRFLib_2order_approx: reset counter for 116 NAN/INF values in logl
 *** WARNING *** GMRFLib_2order_approx: reset counter for 116 NAN/INF values in logl
 *** WARNING *** GMRFLib_2order_approx: rescue NAN/INF values in logl for idx=0
 *** WARNING *** GMRFLib_2order_approx: reset counter for 443 NAN/INF values in logl
 *** WARNING *** GMRFLib_2order_approx: rescue NAN/INF values in logl for idx=0
 *** WARNING *** GMRFLib_2order_approx: reset counter for 2 NAN/INF values in logl
 *** WARNING *** GMRFLib_2order_approx: rescue NAN/INF values in logl for idx=0
 *** WARNING *** GMRFLib_2order_approx: rescue NAN/INF values in logl for idx=61
 *** WARNING *** GMRFLib_2order_approx: reset counter for 560 NAN/INF values in logl
 *** WARNING *** GMRFLib_2order_approx: rescue NAN/INF values in logl for idx=10
 *** WARNING *** GMRFLib_2order_approx: reset counter for 217 NAN/INF values in logl
 *** WARNING *** GMRFLib_2order_approx: rescue NAN/INF values in logl for idx=1050
 *** WARNING *** GMRFLib_2order_approx: reset counter for 196 NAN/INF values in logl
 *** WARNING *** GMRFLib_2order_approx: rescue NAN/INF values in logl for idx=682
 *** WARNING *** GMRFLib_2order_approx: reset counter for 196 NAN/INF values in logl
 *** WARNING *** GMRFLib_2order_approx: reset counter for 148 NAN/INF values in logl
 *** WARNING *** GMRFLib_2order_approx: rescue NAN/INF values in logl for idx=0
 *** WARNING *** GMRFLib_2order_approx: reset counter for 183 NAN/INF values in logl
 *** WARNING *** GMRFLib_2order_approx: rescue NAN/INF values in logl for idx=421
 *** WARNING *** GMRFLib_2order_approx: rescue NAN/INF values in logl for idx=411
 *** WARNING *** GMRFLib_2order_approx: reset counter for 350 NAN/INF values in logl
 *** WARNING *** GMRFLib_2order_approx: rescue NAN/INF values in logl for idx=360
 *** WARNING *** GMRFLib_2order_approx: reset counter for 26 NAN/INF values in logl
 *** WARNING *** GMRFLib_2order_approx: rescue NAN/INF values in logl for idx=16
 *** WARNING *** GMRFLib_2order_approx: reset counter for 18 NAN/INF values in logl
 *** WARNING *** GMRFLib_2order_approx: rescue NAN/INF values in logl for idx=102
 *** WARNING *** GMRFLib_2order_approx: reset counter for 535 NAN/INF values in logl
 *** WARNING *** GMRFLib_2order_approx: rescue NAN/INF values in logl for idx=9
 *** WARNING *** GMRFLib_2order_approx: reset counter for 204 NAN/INF values in logl
 *** WARNING *** GMRFLib_2order_approx: rescue NAN/INF values in logl for idx=0
 *** WARNING *** GMRFLib_2order_approx: reset counter for 758 NAN/INF values in logl
 *** WARNING *** GMRFLib_2order_approx: rescue NAN/INF values in logl for idx=280
 *** WARNING *** GMRFLib_2order_approx: reset counter for 260 NAN/INF values in logl
 *** WARNING *** GMRFLib_2order_approx: rescue NAN/INF values in logl for idx=0
 *** WARNING *** GMRFLib_2order_approx: reset counter for 78 NAN/INF values in logl
 *** WARNING *** GMRFLib_2order_approx: rescue NAN/INF values in logl for idx=0
 *** WARNING *** GMRFLib_2order_approx: reset counter for 425 NAN/INF values in logl
 *** WARNING *** GMRFLib_2order_approx: rescue NAN/INF values in logl for idx=0
 *** WARNING *** GMRFLib_2order_approx: reset counter for 37 NAN/INF values in logl
 *** WARNING *** GMRFLib_2order_approx: rescue NAN/INF values in logl for idx=0
 *** WARNING *** GMRFLib_2order_approx: reset counter for 330 NAN/INF values in logl
 *** WARNING *** GMRFLib_2order_approx: rescue NAN/INF values in logl for idx=90
 *** WARNING *** GMRFLib_2order_approx: reset counter for 12 NAN/INF values in logl
 *** WARNING *** GMRFLib_2order_approx: rescue NAN/INF values in logl for idx=0
 *** WARNING *** GMRFLib_2order_approx: reset counter for 163 NAN/INF values in logl
 *** WARNING *** GMRFLib_2order_approx: rescue NAN/INF values in logl for idx=105
 *** WARNING *** GMRFLib_2order_approx: reset counter for 44 NAN/INF values in logl
 *** WARNING *** GMRFLib_2order_approx: rescue NAN/INF values in logl for idx=0
 *** WARNING *** GMRFLib_2order_approx: reset counter for 67 NAN/INF values in logl
 *** WARNING *** GMRFLib_2order_approx: rescue NAN/INF values in logl for idx=175
 *** WARNING *** GMRFLib_2order_approx: reset counter for 244 NAN/INF values in logl
 *** WARNING *** GMRFLib_2order_approx: rescue NAN/INF values in logl for idx=0
 *** WARNING *** GMRFLib_2order_approx: reset counter for 89 NAN/INF values in logl
 *** WARNING *** GMRFLib_2order_approx: rescue NAN/INF values in logl for idx=0
 *** WARNING *** GMRFLib_2order_approx: reset counter for 496 NAN/INF values in logl
 *** WARNING *** GMRFLib_2order_approx: rescue NAN/INF values in logl for idx=0
 *** WARNING *** GMRFLib_2order_approx: reset counter for 14 NAN/INF values in logl
 *** WARNING *** GMRFLib_2order_approx: rescue NAN/INF values in logl for idx=0
 *** WARNING *** GMRFLib_2order_approx: rescue NAN/INF values in logl for idx=105
 *** WARNING *** GMRFLib_2order_approx: reset counter for 278 NAN/INF values in logl
 *** WARNING *** GMRFLib_2order_approx: rescue NAN/INF values in logl for idx=0
 *** WARNING *** GMRFLib_2order_approx: reset counter for 39 NAN/INF values in logl
 *** WARNING *** GMRFLib_2order_approx: rescue NAN/INF values in logl for idx=140
 *** WARNING *** GMRFLib_2order_approx: reset counter for 11 NAN/INF values in logl
 *** WARNING *** GMRFLib_2order_approx: rescue NAN/INF values in logl for idx=0
 *** WARNING *** GMRFLib_2order_approx: reset counter for 393 NAN/INF values in logl
 *** WARNING *** GMRFLib_2order_approx: rescue NAN/INF values in logl for idx=505
 *** WARNING *** GMRFLib_2order_approx: reset counter for 54 NAN/INF values in logl
 *** WARNING *** GMRFLib_2order_approx: rescue NAN/INF values in logl for idx=870
 *** WARNING *** GMRFLib_2order_approx: reset counter for 83 NAN/INF values in logl
 *** WARNING *** GMRFLib_2order_approx: rescue NAN/INF values in logl for idx=0
 *** WARNING *** GMRFLib_2order_approx: reset counter for 109 NAN/INF values in logl
 *** WARNING *** GMRFLib_2order_approx: rescue NAN/INF values in logl for idx=235
 *** WARNING *** GMRFLib_2order_approx: reset counter for 110 NAN/INF values in logl
 *** WARNING *** GMRFLib_2order_approx: rescue NAN/INF values in logl for idx=275
 *** WARNING *** GMRFLib_2order_approx: reset counter for 143 NAN/INF values in logl
 *** WARNING *** GMRFLib_2order_approx: reset counter for 143 NAN/INF values in logl
 *** WARNING *** GMRFLib_2order_approx: rescue NAN/INF values in logl for idx=760
 *** WARNING *** GMRFLib_2order_approx: reset counter for 56 NAN/INF values in logl
 *** WARNING *** GMRFLib_2order_approx: rescue NAN/INF values in logl for idx=386
 *** WARNING *** GMRFLib_2order_approx: reset counter for 9 NAN/INF values in logl
 *** WARNING *** GMRFLib_2order_approx: rescue NAN/INF values in logl for idx=280
 *** WARNING *** GMRFLib_2order_approx: reset counter for 201 NAN/INF values in logl
 *** WARNING *** GMRFLib_2order_approx: rescue NAN/INF values in logl for idx=0
 *** WARNING *** GMRFLib_2order_approx: reset counter for 591 NAN/INF values in logl
 *** WARNING *** GMRFLib_2order_approx: reset counter for 591 NAN/INF values in logl
 *** WARNING *** GMRFLib_2order_approx: rescue NAN/INF values in logl for idx=280
 *** WARNING *** GMRFLib_2order_approx: reset counter for 458 NAN/INF values in logl
 *** WARNING *** GMRFLib_2order_approx: rescue NAN/INF values in logl for idx=10
 *** WARNING *** GMRFLib_2order_approx: reset counter for 383 NAN/INF values in logl
 *** WARNING *** GMRFLib_2order_approx: rescue NAN/INF values in logl for idx=176
 *** WARNING *** GMRFLib_2order_approx: reset counter for 574 NAN/INF values in logl
 *** WARNING *** GMRFLib_2order_approx: rescue NAN/INF values in logl for idx=605
 *** WARNING *** GMRFLib_2order_approx: reset counter for 2 NAN/INF values in logl
 *** WARNING *** GMRFLib_2order_approx: rescue NAN/INF values in logl for idx=0
 *** WARNING *** GMRFLib_2order_approx: reset counter for 597 NAN/INF values in logl
 *** WARNING *** GMRFLib_2order_approx: rescue NAN/INF values in logl for idx=0
 *** WARNING *** GMRFLib_2order_approx: reset counter for 633 NAN/INF values in logl
 *** WARNING *** GMRFLib_2order_approx: rescue NAN/INF values in logl for idx=0
 *** WARNING *** GMRFLib_2order_approx: reset counter for 565 NAN/INF values in logl
 *** WARNING *** GMRFLib_2order_approx: reset counter for 565 NAN/INF values in logl
 *** WARNING *** GMRFLib_2order_approx: rescue NAN/INF values in logl for idx=0
 *** WARNING *** GMRFLib_2order_approx: reset counter for 550 NAN/INF values in logl
 *** WARNING *** GMRFLib_2order_approx: rescue NAN/INF values in logl for idx=0
 *** WARNING *** GMRFLib_2order_approx: reset counter for 584 NAN/INF values in logl
 *** WARNING *** GMRFLib_2order_approx: rescue NAN/INF values in logl for idx=0
 *** WARNING *** GMRFLib_2order_approx: reset counter for 560 NAN/INF values in logl
 *** WARNING *** GMRFLib_2order_approx: rescue NAN/INF values in logl for idx=558
 *** WARNING *** GMRFLib_2order_approx: reset counter for 3 NAN/INF values in logl
 *** WARNING *** GMRFLib_2order_approx: rescue NAN/INF values in logl for idx=0
 *** WARNING *** GMRFLib_2order_approx: reset counter for 609 NAN/INF values in logl
 *** WARNING *** GMRFLib_2order_approx: rescue NAN/INF values in logl for idx=2
 *** WARNING *** GMRFLib_2order_approx: reset counter for 612 NAN/INF values in logl
 *** WARNING *** GMRFLib_2order_approx: rescue NAN/INF values in logl for idx=558
 *** WARNING *** GMRFLib_2order_approx: reset counter for 7 NAN/INF values in logl
 *** WARNING *** GMRFLib_2order_approx: rescue NAN/INF values in logl for idx=105
 *** WARNING *** GMRFLib_2order_approx: reset counter for 49 NAN/INF values in logl
 *** WARNING *** GMRFLib_2order_approx: rescue NAN/INF values in logl for idx=111
 *** WARNING *** GMRFLib_2order_approx: reset counter for 6 NAN/INF values in logl
 *** WARNING *** GMRFLib_2order_approx: rescue NAN/INF values in logl for idx=645
 *** WARNING *** GMRFLib_2order_approx: reset counter for 14 NAN/INF values in logl
 *** WARNING *** GMRFLib_2order_approx: rescue NAN/INF values in logl for idx=1071
 *** WARNING *** GMRFLib_2order_approx: reset counter for 127 NAN/INF values in logl
 *** WARNING *** GMRFLib_2order_approx: rescue NAN/INF values in logl for idx=2
 *** WARNING *** GMRFLib_2order_approx: reset counter for 32 NAN/INF values in logl
 *** WARNING *** GMRFLib_2order_approx: rescue NAN/INF values in logl for idx=0
 *** WARNING *** GMRFLib_2order_approx: reset counter for 351 NAN/INF values in logl
 *** WARNING *** GMRFLib_2order_approx: reset counter for 351 NAN/INF values in logl
 *** WARNING *** GMRFLib_2order_approx: rescue NAN/INF values in logl for idx=438
 *** WARNING *** GMRFLib_2order_approx: reset counter for 2 NAN/INF values in logl
 *** WARNING *** GMRFLib_2order_approx: rescue NAN/INF values in logl for idx=0
 *** WARNING *** GMRFLib_2order_approx: reset counter for 292 NAN/INF values in logl
 *** WARNING *** GMRFLib_2order_approx: rescue NAN/INF values in logl for idx=302
 *** WARNING *** GMRFLib_2order_approx: reset counter for 5 NAN/INF values in logl
 *** WARNING *** GMRFLib_2order_approx: rescue NAN/INF values in logl for idx=0
 *** WARNING *** GMRFLib_2order_approx: reset counter for 193 NAN/INF values in logl
 *** WARNING *** GMRFLib_2order_approx: rescue NAN/INF values in logl for idx=0
 *** WARNING *** GMRFLib_2order_approx: reset counter for 259 NAN/INF values in logl
 *** WARNING *** GMRFLib_2order_approx: rescue NAN/INF values in logl for idx=90
 *** WARNING *** GMRFLib_2order_approx: reset counter for 36 NAN/INF values in logl
 *** WARNING *** GMRFLib_2order_approx: rescue NAN/INF values in logl for idx=1040
 *** WARNING *** GMRFLib_2order_approx: reset counter for 22 NAN/INF values in logl
 *** WARNING *** GMRFLib_2order_approx: reset counter for 22 NAN/INF values in logl
 *** WARNING *** GMRFLib_2order_approx: rescue NAN/INF values in logl for idx=90
 *** WARNING *** GMRFLib_2order_approx: reset counter for 73 NAN/INF values in logl
 *** WARNING *** GMRFLib_2order_approx: rescue NAN/INF values in logl for idx=1070
 *** WARNING *** GMRFLib_2order_approx: reset counter for 3 NAN/INF values in logl
 *** WARNING *** GMRFLib_2order_approx: rescue NAN/INF values in logl for idx=1070
 *** WARNING *** GMRFLib_2order_approx: reset counter for 2 NAN/INF values in logl
 *** WARNING *** GMRFLib_2order_approx: rescue NAN/INF values in logl for idx=1078
 *** WARNING *** GMRFLib_2order_approx: reset counter for 3 NAN/INF values in logl
 *** WARNING *** GMRFLib_2order_approx: rescue NAN/INF values in logl for idx=143
 *** WARNING *** GMRFLib_2order_approx: reset counter for 162 NAN/INF values in logl
 *** WARNING *** GMRFLib_2order_approx: reset counter for 162 NAN/INF values in logl
 *** WARNING *** GMRFLib_2order_approx: rescue NAN/INF values in logl for idx=5
 *** WARNING *** GMRFLib_2order_approx: reset counter for 261 NAN/INF values in logl
 *** WARNING *** GMRFLib_2order_approx: reset counter for 261 NAN/INF values in logl
 *** WARNING *** GMRFLib_2order_approx: rescue NAN/INF values in logl for idx=438
 *** WARNING *** GMRFLib_2order_approx: reset counter for 4 NAN/INF values in logl
 *** WARNING *** GMRFLib_2order_approx: rescue NAN/INF values in logl for idx=215
 *** WARNING *** GMRFLib_2order_approx: reset counter for 98 NAN/INF values in logl
 *** WARNING *** GMRFLib_2order_approx: rescue NAN/INF values in logl for idx=0
 *** WARNING *** GMRFLib_2order_approx: reset counter for 495 NAN/INF values in logl
 *** WARNING *** GMRFLib_2order_approx: rescue NAN/INF values in logl for idx=34
 *** WARNING *** GMRFLib_2order_approx: reset counter for 192 NAN/INF values in logl
 *** WARNING *** GMRFLib_2order_approx: reset counter for 192 NAN/INF values in logl
 *** WARNING *** GMRFLib_2order_approx: rescue NAN/INF values in logl for idx=0
 *** WARNING *** GMRFLib_2order_approx: reset counter for 714 NAN/INF values in logl
 *** WARNING *** GMRFLib_2order_approx: rescue NAN/INF values in logl for idx=280
 *** WARNING *** GMRFLib_2order_approx: reset counter for 2 NAN/INF values in logl
 *** WARNING *** GMRFLib_2order_approx: rescue NAN/INF values in logl for idx=527
 *** WARNING *** GMRFLib_2order_approx: reset counter for 123 NAN/INF values in logl
 *** WARNING *** GMRFLib_2order_approx: rescue NAN/INF values in logl for idx=360
 *** WARNING *** GMRFLib_2order_approx: reset counter for 3 NAN/INF values in logl
 *** WARNING *** GMRFLib_2order_approx: rescue NAN/INF values in logl for idx=1040
 *** WARNING *** GMRFLib_2order_approx: reset counter for 12 NAN/INF values in logl
 *** WARNING *** GMRFLib_2order_approx: rescue NAN/INF values in logl for idx=1041
 *** WARNING *** GMRFLib_2order_approx: reset counter for 4 NAN/INF values in logl
 *** WARNING *** GMRFLib_2order_approx: rescue NAN/INF values in logl for idx=0
 *** WARNING *** GMRFLib_2order_approx: reset counter for 291 NAN/INF values in logl
 *** WARNING *** GMRFLib_2order_approx: rescue NAN/INF values in logl for idx=0
 *** WARNING *** GMRFLib_2order_approx: reset counter for 215 NAN/INF values in logl
 *** WARNING *** GMRFLib_2order_approx: rescue NAN/INF values in logl for idx=0
 *** WARNING *** GMRFLib_2order_approx: reset counter for 108 NAN/INF values in logl
 *** WARNING *** GMRFLib_2order_approx: reset counter for 108 NAN/INF values in logl
 *** WARNING *** GMRFLib_2order_approx: reset counter for 108 NAN/INF values in logl
 *** WARNING *** GMRFLib_2order_approx: reset counter for 108 NAN/INF values in logl
 *** WARNING *** GMRFLib_2order_approx: reset counter for 108 NAN/INF values in logl
 *** WARNING *** GMRFLib_2order_approx: reset counter for 108 NAN/INF values in logl
 *** WARNING *** GMRFLib_2order_approx: rescue NAN/INF values in logl for idx=105
 *** WARNING *** GMRFLib_2order_approx: rescue NAN/INF values in logl for idx=625
 *** WARNING *** GMRFLib_2order_approx: reset counter for 58 NAN/INF values in logl
 *** WARNING *** GMRFLib_2order_approx: reset counter for 58 NAN/INF values in logl
 *** WARNING *** GMRFLib_2order_approx: reset counter for 58 NAN/INF values in logl
 *** WARNING *** GMRFLib_2order_approx: reset counter for 58 NAN/INF values in logl
 *** WARNING *** GMRFLib_2order_approx: reset counter for 58 NAN/INF values in logl
 *** WARNING *** GMRFLib_2order_approx: reset counter for 58 NAN/INF values in logl
 *** WARNING *** GMRFLib_2order_approx: rescue NAN/INF values in logl for idx=26
 *** WARNING *** GMRFLib_2order_approx: reset counter for 53 NAN/INF values in logl
 *** WARNING *** GMRFLib_2order_approx: reset counter for 53 NAN/INF values in logl
 *** WARNING *** GMRFLib_2order_approx: reset counter for 53 NAN/INF values in logl
 *** WARNING *** GMRFLib_2order_approx: reset counter for 53 NAN/INF values in logl
 *** WARNING *** GMRFLib_2order_approx: reset counter for 53 NAN/INF values in logl
 *** WARNING *** GMRFLib_2order_approx: reset counter for 53 NAN/INF values in logl
 *** WARNING *** GMRFLib_2order_approx: rescue NAN/INF values in logl for idx=438
 *** WARNING *** GMRFLib_2order_approx: reset counter for 10 NAN/INF values in logl
 *** WARNING *** GMRFLib_2order_approx: reset counter for 10 NAN/INF values in logl
 *** WARNING *** GMRFLib_2order_approx: reset counter for 10 NAN/INF values in logl
 *** WARNING *** GMRFLib_2order_approx: reset counter for 10 NAN/INF values in logl
 *** WARNING *** GMRFLib_2order_approx: reset counter for 10 NAN/INF values in logl
 *** WARNING *** GMRFLib_2order_approx: reset counter for 10 NAN/INF values in logl
 *** WARNING *** GMRFLib_2order_approx: rescue NAN/INF values in logl for idx=10
 *** WARNING *** GMRFLib_2order_approx: reset counter for 195 NAN/INF values in logl
 *** WARNING *** GMRFLib_2order_approx: rescue NAN/INF values in logl for idx=106
 *** WARNING *** GMRFLib_2order_approx: reset counter for 2 NAN/INF values in logl
 *** WARNING *** GMRFLib_2order_approx: rescue NAN/INF values in logl for idx=360
 *** WARNING *** GMRFLib_2order_approx: reset counter for 16 NAN/INF values in logl
 *** WARNING *** GMRFLib_2order_approx: rescue NAN/INF values in logl for idx=630
 *** WARNING *** GMRFLib_2order_approx: reset counter for 38 NAN/INF values in logl
 *** WARNING *** GMRFLib_2order_approx: rescue NAN/INF values in logl for idx=375
 *** WARNING *** GMRFLib_2order_approx: reset counter for 13 NAN/INF values in logl
 *** WARNING *** GMRFLib_2order_approx: rescue NAN/INF values in logl for idx=438
 *** WARNING *** GMRFLib_2order_approx: rescue NAN/INF values in logl for idx=105
 *** WARNING *** GMRFLib_2order_approx: reset counter for 51 NAN/INF values in logl
 *** WARNING *** GMRFLib_2order_approx: rescue NAN/INF values in logl for idx=110
 *** WARNING *** GMRFLib_2order_approx: reset counter for 24 NAN/INF values in logl
 *** WARNING *** GMRFLib_2order_approx: rescue NAN/INF values in logl for idx=1070
 *** WARNING *** GMRFLib_2order_approx: reset counter for 2 NAN/INF values in logl
 *** WARNING *** GMRFLib_2order_approx: rescue NAN/INF values in logl for idx=0
 *** WARNING *** GMRFLib_2order_approx: reset counter for 279 NAN/INF values in logl
 *** WARNING *** GMRFLib_2order_approx: rescue NAN/INF values in logl for idx=0
 *** WARNING *** GMRFLib_2order_approx: reset counter for 153 NAN/INF values in logl
 *** WARNING *** GMRFLib_2order_approx: rescue NAN/INF values in logl for idx=6
 *** WARNING *** GMRFLib_2order_approx: reset counter for 31 NAN/INF values in logl
 *** WARNING *** GMRFLib_2order_approx: rescue NAN/INF values in logl for idx=0
 *** WARNING *** GMRFLib_2order_approx: reset counter for 254 NAN/INF values in logl
 *** WARNING *** GMRFLib_2order_approx: rescue NAN/INF values in logl for idx=760
 *** WARNING *** GMRFLib_2order_approx: reset counter for 2 NAN/INF values in logl
 *** WARNING *** GMRFLib_2order_approx: rescue NAN/INF values in logl for idx=855
 *** WARNING *** GMRFLib_2order_approx: reset counter for 13 NAN/INF values in logl
 *** WARNING *** GMRFLib_2order_approx: reset counter for 16 NAN/INF values in logl
 *** WARNING *** GMRFLib_2order_approx: rescue NAN/INF values in logl for idx=1040
 *** WARNING *** GMRFLib_2order_approx: reset counter for 54 NAN/INF values in logl
 *** WARNING *** GMRFLib_2order_approx: rescue NAN/INF values in logl for idx=0
 *** WARNING *** GMRFLib_2order_approx: reset counter for 28 NAN/INF values in logl
 *** WARNING *** GMRFLib_2order_approx: reset counter for 29 NAN/INF values in logl
 *** WARNING *** GMRFLib_2order_approx: rescue NAN/INF values in logl for idx=360
 *** WARNING *** GMRFLib_2order_approx: reset counter for 87 NAN/INF values in logl
 *** WARNING *** GMRFLib_2order_approx: rescue NAN/INF values in logl for idx=140
 *** WARNING *** GMRFLib_2order_approx: reset counter for 99 NAN/INF values in logl
 *** WARNING *** GMRFLib_2order_approx: rescue NAN/INF values in logl for idx=0
 *** WARNING *** GMRFLib_2order_approx: reset counter for 586 NAN/INF values in logl
 *** WARNING *** GMRFLib_2order_approx: rescue NAN/INF values in logl for idx=105
 *** WARNING *** GMRFLib_2order_approx: reset counter for 19 NAN/INF values in logl
 *** WARNING *** GMRFLib_2order_approx: rescue NAN/INF values in logl for idx=0
 *** WARNING *** GMRFLib_2order_approx: reset counter for 648 NAN/INF values in logl
 *** WARNING *** GMRFLib_2order_approx: rescue NAN/INF values in logl for idx=280
 *** WARNING *** GMRFLib_2order_approx: reset counter for 169 NAN/INF values in logl
 *** WARNING *** GMRFLib_2order_approx: rescue NAN/INF values in logl for idx=0
 *** WARNING *** GMRFLib_2order_approx: reset counter for 742 NAN/INF values in logl
 *** WARNING *** GMRFLib_2order_approx: rescue NAN/INF values in logl for idx=280
 *** WARNING *** GMRFLib_2order_approx: reset counter for 290 NAN/INF values in logl
 *** WARNING *** GMRFLib_2order_approx: rescue NAN/INF values in logl for idx=0
 *** WARNING *** GMRFLib_2order_approx: reset counter for 532 NAN/INF values in logl
 *** WARNING *** GMRFLib_2order_approx: rescue NAN/INF values in logl for idx=280
 *** WARNING *** GMRFLib_2order_approx: reset counter for 506 NAN/INF values in logl
 *** WARNING *** GMRFLib_2order_approx: rescue NAN/INF values in logl for idx=0
 *** WARNING *** GMRFLib_2order_approx: reset counter for 54 NAN/INF values in logl
 *** WARNING *** GMRFLib_2order_approx: rescue NAN/INF values in logl for idx=1050
 *** WARNING *** GMRFLib_2order_approx: reset counter for 3 NAN/INF values in logl
 *** WARNING *** GMRFLib_2order_approx: rescue NAN/INF values in logl for idx=15
 *** WARNING *** GMRFLib_2order_approx: reset counter for 7 NAN/INF values in logl
 *** WARNING *** GMRFLib_2order_approx: rescue NAN/INF values in logl for idx=100
 *** WARNING *** GMRFLib_2order_approx: reset counter for 519 NAN/INF values in logl
 *** WARNING *** GMRFLib_2order_approx: rescue NAN/INF values in logl for idx=558
 *** WARNING *** GMRFLib_2order_approx: reset counter for 2 NAN/INF values in logl
 *** WARNING *** GMRFLib_2order_approx: rescue NAN/INF values in logl for idx=5
 *** WARNING *** GMRFLib_2order_approx: reset counter for 69 NAN/INF values in logl
 *** WARNING *** GMRFLib_2order_approx: rescue NAN/INF values in logl for idx=105
 *** WARNING *** GMRFLib_2order_approx: reset counter for 14 NAN/INF values in logl
 *** WARNING *** GMRFLib_2order_approx: rescue NAN/INF values in logl for idx=0
 *** WARNING *** GMRFLib_2order_approx: reset counter for 320 NAN/INF values in logl
 *** WARNING *** GMRFLib_2order_approx: reset counter for 320 NAN/INF values in logl
 *** WARNING *** GMRFLib_2order_approx: rescue NAN/INF values in logl for idx=0
 *** WARNING *** GMRFLib_2order_approx: reset counter for 245 NAN/INF values in logl
 *** WARNING *** GMRFLib_2order_approx: reset counter for 245 NAN/INF values in logl
 *** WARNING *** GMRFLib_2order_approx: rescue NAN/INF values in logl for idx=0
 *** WARNING *** GMRFLib_2order_approx: reset counter for 92 NAN/INF values in logl
 *** WARNING *** GMRFLib_2order_approx: rescue NAN/INF values in logl for idx=1040
 *** WARNING *** GMRFLib_2order_approx: reset counter for 38 NAN/INF values in logl
 *** WARNING *** GMRFLib_2order_approx: rescue NAN/INF values in logl for idx=105
 *** WARNING *** GMRFLib_2order_approx: reset counter for 10 NAN/INF values in logl
 *** WARNING *** GMRFLib_2order_approx: rescue NAN/INF values in logl for idx=360
 *** WARNING *** GMRFLib_2order_approx: reset counter for 5 NAN/INF values in logl
 *** WARNING *** GMRFLib_2order_approx: rescue NAN/INF values in logl for idx=645
 *** WARNING *** GMRFLib_2order_approx: reset counter for 2 NAN/INF values in logl
 *** WARNING *** GMRFLib_2order_approx: rescue NAN/INF values in logl for idx=1040
 *** WARNING *** GMRFLib_2order_approx: reset counter for 15 NAN/INF values in logl
 *** WARNING *** GMRFLib_2order_approx: rescue NAN/INF values in logl for idx=54
 *** WARNING *** GMRFLib_2order_approx: reset counter for 59 NAN/INF values in logl
 *** WARNING *** GMRFLib_2order_approx: reset counter for 59 NAN/INF values in logl
 *** WARNING *** GMRFLib_2order_approx: reset counter for 59 NAN/INF values in logl
 *** WARNING *** GMRFLib_2order_approx: rescue NAN/INF values in logl for idx=375
 *** WARNING *** GMRFLib_2order_approx: reset counter for 21 NAN/INF values in logl
 *** WARNING *** GMRFLib_2order_approx: reset counter for 21 NAN/INF values in logl
 *** WARNING *** GMRFLib_2order_approx: reset counter for 21 NAN/INF values in logl
 *** WARNING *** GMRFLib_2order_approx: rescue NAN/INF values in logl for idx=0
 *** WARNING *** GMRFLib_2order_approx: reset counter for 104 NAN/INF values in logl
 *** WARNING *** GMRFLib_2order_approx: rescue NAN/INF values in logl for idx=255
 *** WARNING *** GMRFLib_2order_approx: reset counter for 170 NAN/INF values in logl
 *** WARNING *** GMRFLib_2order_approx: rescue NAN/INF values in logl for idx=0
 *** WARNING *** GMRFLib_2order_approx: reset counter for 159 NAN/INF values in logl
 *** WARNING *** GMRFLib_2order_approx: rescue NAN/INF values in logl for idx=0
 *** WARNING *** GMRFLib_2order_approx: reset counter for 464 NAN/INF values in logl
 *** WARNING *** GMRFLib_2order_approx: rescue NAN/INF values in logl for idx=0
 *** WARNING *** GMRFLib_2order_approx: reset counter for 283 NAN/INF values in logl
 *** WARNING *** GMRFLib_2order_approx: rescue NAN/INF values in logl for idx=0
 *** WARNING *** GMRFLib_2order_approx: reset counter for 43 NAN/INF values in logl
 *** WARNING *** GMRFLib_2order_approx: rescue NAN/INF values in logl for idx=970
 *** WARNING *** GMRFLib_2order_approx: reset counter for 3 NAN/INF values in logl
 *** WARNING *** GMRFLib_2order_approx: rescue NAN/INF values in logl for idx=282
 *** WARNING *** GMRFLib_2order_approx: reset counter for 2 NAN/INF values in logl
 *** WARNING *** GMRFLib_2order_approx: rescue NAN/INF values in logl for idx=435
 *** WARNING *** GMRFLib_2order_approx: reset counter for 126 NAN/INF values in logl
 *** WARNING *** GMRFLib_2order_approx: rescue NAN/INF values in logl for idx=715
 *** WARNING *** GMRFLib_2order_approx: reset counter for 141 NAN/INF values in logl
 *** WARNING *** GMRFLib_2order_approx: rescue NAN/INF values in logl for idx=0
 *** WARNING *** GMRFLib_2order_approx: reset counter for 255 NAN/INF values in logl
 *** WARNING *** GMRFLib_2order_approx: rescue NAN/INF values in logl for idx=0
 *** WARNING *** GMRFLib_2order_approx: reset counter for 480 NAN/INF values in logl
 *** WARNING *** GMRFLib_2order_approx: rescue NAN/INF values in logl for idx=0
 *** WARNING *** GMRFLib_2order_approx: reset counter for 227 NAN/INF values in logl
 *** WARNING *** GMRFLib_2order_approx: reset counter for 227 NAN/INF values in logl
 *** WARNING *** GMRFLib_2order_approx: rescue NAN/INF values in logl for idx=235
 *** WARNING *** GMRFLib_2order_approx: reset counter for 335 NAN/INF values in logl
 *** WARNING *** GMRFLib_2order_approx: rescue NAN/INF values in logl for idx=840
 *** WARNING *** GMRFLib_2order_approx: reset counter for 178 NAN/INF values in logl
 *** WARNING *** GMRFLib_2order_approx: reset counter for 178 NAN/INF values in logl
 *** WARNING *** GMRFLib_2order_approx: rescue NAN/INF values in logl for idx=375
 *** WARNING *** GMRFLib_2order_approx: reset counter for 97 NAN/INF values in logl
 *** WARNING *** GMRFLib_2order_approx: rescue NAN/INF values in logl for idx=130
 *** WARNING *** GMRFLib_2order_approx: reset counter for 65 NAN/INF values in logl
 *** WARNING *** GMRFLib_2order_approx: rescue NAN/INF values in logl for idx=0
 *** WARNING *** GMRFLib_2order_approx: reset counter for 568 NAN/INF values in logl
 *** WARNING *** GMRFLib_2order_approx: rescue NAN/INF values in logl for idx=120
 *** WARNING *** GMRFLib_2order_approx: reset counter for 337 NAN/INF values in logl
 *** WARNING *** GMRFLib_2order_approx: rescue NAN/INF values in logl for idx=111
 *** WARNING *** GMRFLib_2order_approx: reset counter for 2 NAN/INF values in logl
 *** WARNING *** GMRFLib_2order_approx: reset counter for 2 NAN/INF values in logl
 *** WARNING *** GMRFLib_2order_approx: rescue NAN/INF values in logl for idx=375
 *** WARNING *** GMRFLib_2order_approx: reset counter for 67 NAN/INF values in logl
 *** WARNING *** GMRFLib_2order_approx: reset counter for 67 NAN/INF values in logl
 *** WARNING *** GMRFLib_2order_approx: reset counter for 67 NAN/INF values in logl
 *** WARNING *** GMRFLib_2order_approx: rescue NAN/INF values in logl for idx=399
 *** WARNING *** GMRFLib_2order_approx: rescue NAN/INF values in logl for idx=0
 *** WARNING *** GMRFLib_2order_approx: reset counter for 860 NAN/INF values in logl
 *** WARNING *** GMRFLib_2order_approx: rescue NAN/INF values in logl for idx=0
 *** WARNING *** GMRFLib_2order_approx: reset counter for 101 NAN/INF values in logl
 *** WARNING *** GMRFLib_2order_approx: rescue NAN/INF values in logl for idx=163
 *** WARNING *** GMRFLib_2order_approx: reset counter for 301 NAN/INF values in logl
 *** WARNING *** GMRFLib_2order_approx: rescue NAN/INF values in logl for idx=690
 *** WARNING *** GMRFLib_2order_approx: reset counter for 88 NAN/INF values in logl
 *** WARNING *** GMRFLib_2order_approx: rescue NAN/INF values in logl for idx=558
 *** WARNING *** GMRFLib_2order_approx: reset counter for 11 NAN/INF values in logl
 *** WARNING *** GMRFLib_2order_approx: reset counter for 11 NAN/INF values in logl
 *** WARNING *** GMRFLib_2order_approx: rescue NAN/INF values in logl for idx=762
 *** WARNING *** GMRFLib_2order_approx: reset counter for 18 NAN/INF values in logl
 *** WARNING *** GMRFLib_2order_approx: rescue NAN/INF values in logl for idx=117
 *** WARNING *** GMRFLib_2order_approx: reset counter for 9 NAN/INF values in logl
 *** WARNING *** GMRFLib_2order_approx: rescue NAN/INF values in logl for idx=327
 *** WARNING *** GMRFLib_2order_approx: reset counter for 442 NAN/INF values in logl
 *** WARNING *** GMRFLib_2order_approx: reset counter for 442 NAN/INF values in logl
 *** WARNING *** GMRFLib_2order_approx: rescue NAN/INF values in logl for idx=0
 *** WARNING *** GMRFLib_2order_approx: reset counter for 65 NAN/INF values in logl
 *** WARNING *** GMRFLib_2order_approx: rescue NAN/INF values in logl for idx=129
 *** WARNING *** GMRFLib_2order_approx: reset counter for 66 NAN/INF values in logl
 *** WARNING *** GMRFLib_2order_approx: rescue NAN/INF values in logl for idx=245
 *** WARNING *** GMRFLib_2order_approx: reset counter for 5 NAN/INF values in logl
 *** WARNING *** GMRFLib_2order_approx: reset counter for 5 NAN/INF values in logl
 *** WARNING *** GMRFLib_2order_approx: reset counter for 35 NAN/INF values in logl
 *** WARNING *** GMRFLib_2order_approx: rescue NAN/INF values in logl for idx=332
 *** WARNING *** GMRFLib_2order_approx: reset counter for 50 NAN/INF values in logl
 *** WARNING *** GMRFLib_2order_approx: reset counter for 50 NAN/INF values in logl
 *** WARNING *** GMRFLib_2order_approx: reset counter for 50 NAN/INF values in logl
 *** WARNING *** GMRFLib_2order_approx: rescue NAN/INF values in logl for idx=75
 *** WARNING *** GMRFLib_2order_approx: reset counter for 12 NAN/INF values in logl
 *** WARNING *** GMRFLib_2order_approx: rescue NAN/INF values in logl for idx=190
 *** WARNING *** GMRFLib_2order_approx: reset counter for 15 NAN/INF values in logl
 *** WARNING *** GMRFLib_2order_approx: rescue NAN/INF values in logl for idx=230
 *** WARNING *** GMRFLib_2order_approx: reset counter for 88 NAN/INF values in logl
 *** WARNING *** GMRFLib_2order_approx: rescue NAN/INF values in logl for idx=406
 *** WARNING *** GMRFLib_2order_approx: reset counter for 199 NAN/INF values in logl
 *** WARNING *** GMRFLib_2order_approx: reset counter for 199 NAN/INF values in logl
 *** WARNING *** GMRFLib_2order_approx: reset counter for 199 NAN/INF values in logl
 *** WARNING *** GMRFLib_2order_approx: reset counter for 199 NAN/INF values in logl
 *** WARNING *** GMRFLib_2order_approx: rescue NAN/INF values in logl for idx=280
 *** WARNING *** GMRFLib_2order_approx: reset counter for 5 NAN/INF values in logl
 *** WARNING *** GMRFLib_2order_approx: rescue NAN/INF values in logl for idx=385
 *** WARNING *** GMRFLib_2order_approx: reset counter for 295 NAN/INF values in logl
 *** WARNING *** GMRFLib_2order_approx: reset counter for 295 NAN/INF values in logl
 *** WARNING *** GMRFLib_2order_approx: rescue NAN/INF values in logl for idx=438
 *** WARNING *** GMRFLib_2order_approx: reset counter for 2 NAN/INF values in logl
 *** WARNING *** GMRFLib_2order_approx: rescue NAN/INF values in logl for idx=30
 *** WARNING *** GMRFLib_2order_approx: reset counter for 29 NAN/INF values in logl
 *** WARNING *** GMRFLib_2order_approx: rescue NAN/INF values in logl for idx=189
 *** WARNING *** GMRFLib_2order_approx: reset counter for 6 NAN/INF values in logl
 *** WARNING *** GMRFLib_2order_approx: rescue NAN/INF values in logl for idx=500
 *** WARNING *** GMRFLib_2order_approx: reset counter for 5 NAN/INF values in logl
 *** WARNING *** GMRFLib_2order_approx: rescue NAN/INF values in logl for idx=1040
 *** WARNING *** GMRFLib_2order_approx: reset counter for 7 NAN/INF values in logl
 *** WARNING *** GMRFLib_2order_approx: rescue NAN/INF values in logl for idx=0
 *** WARNING *** GMRFLib_2order_approx: reset counter for 92 NAN/INF values in logl
 *** WARNING *** GMRFLib_2order_approx: rescue NAN/INF values in logl for idx=235
 *** WARNING *** GMRFLib_2order_approx: reset counter for 230 NAN/INF values in logl
 *** WARNING *** GMRFLib_2order_approx: rescue NAN/INF values in logl for idx=615
 *** WARNING *** GMRFLib_2order_approx: reset counter for 228 NAN/INF values in logl
 *** WARNING *** GMRFLib_2order_approx: rescue NAN/INF values in logl for idx=675
 *** WARNING *** GMRFLib_2order_approx: reset counter for 24 NAN/INF values in logl
 *** WARNING *** GMRFLib_2order_approx: rescue NAN/INF values in logl for idx=755
 *** WARNING *** GMRFLib_2order_approx: reset counter for 13 NAN/INF values in logl
 *** WARNING *** GMRFLib_2order_approx: rescue NAN/INF values in logl for idx=827
 *** WARNING *** GMRFLib_2order_approx: reset counter for 140 NAN/INF values in logl
 *** WARNING *** GMRFLib_2order_approx: rescue NAN/INF values in logl for idx=558
 *** WARNING *** GMRFLib_2order_approx: reset counter for 2 NAN/INF values in logl
 *** WARNING *** GMRFLib_2order_approx: reset counter for 2 NAN/INF values in logl
 *** WARNING *** GMRFLib_2order_approx: rescue NAN/INF values in logl for idx=6
 *** WARNING *** GMRFLib_2order_approx: reset counter for 55 NAN/INF values in logl
 *** WARNING *** GMRFLib_2order_approx: reset counter for 55 NAN/INF values in logl
 *** WARNING *** GMRFLib_2order_approx: rescue NAN/INF values in logl for idx=110
 *** WARNING *** GMRFLib_2order_approx: reset counter for 13 NAN/INF values in logl
 *** WARNING *** GMRFLib_2order_approx: rescue NAN/INF values in logl for idx=1040
 *** WARNING *** GMRFLib_2order_approx: reset counter for 14 NAN/INF values in logl
 *** WARNING *** GMRFLib_2order_approx: rescue NAN/INF values in logl for idx=0
 *** WARNING *** GMRFLib_2order_approx: reset counter for 312 NAN/INF values in logl
 *** WARNING *** GMRFLib_2order_approx: rescue NAN/INF values in logl for idx=1070
 *** WARNING *** GMRFLib_2order_approx: reset counter for 3 NAN/INF values in logl
 *** WARNING *** GMRFLib_2order_approx: rescue NAN/INF values in logl for idx=0
 *** WARNING *** GMRFLib_2order_approx: reset counter for 262 NAN/INF values in logl
 *** WARNING *** GMRFLib_2order_approx: rescue NAN/INF values in logl for idx=0
 *** WARNING *** GMRFLib_2order_approx: reset counter for 145 NAN/INF values in logl
 *** WARNING *** GMRFLib_2order_approx: rescue NAN/INF values in logl for idx=0
 *** WARNING *** GMRFLib_2order_approx: reset counter for 276 NAN/INF values in logl
 *** WARNING *** GMRFLib_2order_approx: rescue NAN/INF values in logl for idx=855
 *** WARNING *** GMRFLib_2order_approx: reset counter for 64 NAN/INF values in logl
 *** WARNING *** GMRFLib_2order_approx: rescue NAN/INF values in logl for idx=90
 *** WARNING *** GMRFLib_2order_approx: reset counter for 44 NAN/INF values in logl
 *** WARNING *** GMRFLib_2order_approx: rescue NAN/INF values in logl for idx=0
 *** WARNING *** GMRFLib_2order_approx: reset counter for 167 NAN/INF values in logl
 *** WARNING *** GMRFLib_2order_approx: rescue NAN/INF values in logl for idx=777
 *** WARNING *** GMRFLib_2order_approx: reset counter for 37 NAN/INF values in logl
 *** WARNING *** GMRFLib_2order_approx: rescue NAN/INF values in logl for idx=1070
 *** WARNING *** GMRFLib_2order_approx: reset counter for 2 NAN/INF values in logl
 *** WARNING *** GMRFLib_2order_approx: rescue NAN/INF values in logl for idx=4
 *** WARNING *** GMRFLib_2order_approx: reset counter for 42 NAN/INF values in logl
 *** WARNING *** GMRFLib_2order_approx: rescue NAN/INF values in logl for idx=1046
 *** WARNING *** GMRFLib_2order_approx: reset counter for 12 NAN/INF values in logl
 *** WARNING *** GMRFLib_2order_approx: rescue NAN/INF values in logl for idx=1079
 *** WARNING *** GMRFLib_2order_approx: reset counter for 412 NAN/INF values in logl
 *** WARNING *** GMRFLib_2order_approx: rescue NAN/INF values in logl for idx=140
 *** WARNING *** GMRFLib_2order_approx: reset counter for 28 NAN/INF values in logl
 *** WARNING *** GMRFLib_2order_approx: rescue NAN/INF values in logl for idx=666
 *** WARNING *** GMRFLib_2order_approx: reset counter for 71 NAN/INF values in logl
 *** WARNING *** GMRFLib_2order_approx: rescue NAN/INF values in logl for idx=0
 *** WARNING *** GMRFLib_2order_approx: reset counter for 312 NAN/INF values in logl
 *** WARNING *** GMRFLib_2order_approx: reset counter for 312 NAN/INF values in logl
 *** WARNING *** GMRFLib_2order_approx: rescue NAN/INF values in logl for idx=5
 *** WARNING *** GMRFLib_2order_approx: reset counter for 143 NAN/INF values in logl
 *** WARNING *** GMRFLib_2order_approx: rescue NAN/INF values in logl for idx=565
 *** WARNING *** GMRFLib_2order_approx: reset counter for 31 NAN/INF values in logl
 *** WARNING *** GMRFLib_2order_approx: rescue NAN/INF values in logl for idx=1040
 *** WARNING *** GMRFLib_2order_approx: reset counter for 54 NAN/INF values in logl
 *** WARNING *** GMRFLib_2order_approx: rescue NAN/INF values in logl for idx=0
 *** WARNING *** GMRFLib_2order_approx: reset counter for 143 NAN/INF values in logl
 *** WARNING *** GMRFLib_2order_approx: rescue NAN/INF values in logl for idx=438
 *** WARNING *** GMRFLib_2order_approx: reset counter for 4 NAN/INF values in logl
 *** WARNING *** GMRFLib_2order_approx: rescue NAN/INF values in logl for idx=1040
 *** WARNING *** GMRFLib_2order_approx: reset counter for 11 NAN/INF values in logl
 *** WARNING *** GMRFLib_2order_approx: rescue NAN/INF values in logl for idx=445
 *** WARNING *** GMRFLib_2order_approx: reset counter for 3 NAN/INF values in logl
 *** WARNING *** GMRFLib_2order_approx: rescue NAN/INF values in logl for idx=438
 *** WARNING *** GMRFLib_2order_approx: reset counter for 14 NAN/INF values in logl
 *** WARNING *** GMRFLib_2order_approx: rescue NAN/INF values in logl for idx=0
 *** WARNING *** GMRFLib_2order_approx: reset counter for 427 NAN/INF values in logl
 *** WARNING *** GMRFLib_2order_approx: rescue NAN/INF values in logl for idx=937
 *** WARNING *** GMRFLib_2order_approx: reset counter for 74 NAN/INF values in logl
 *** WARNING *** GMRFLib_2order_approx: rescue NAN/INF values in logl for idx=0
 *** WARNING *** GMRFLib_2order_approx: reset counter for 201 NAN/INF values in logl
 *** WARNING *** GMRFLib_2order_approx: rescue NAN/INF values in logl for idx=1040
 *** WARNING *** GMRFLib_2order_approx: reset counter for 49 NAN/INF values in logl
 *** WARNING *** GMRFLib_2order_approx: rescue NAN/INF values in logl for idx=140
 *** WARNING *** GMRFLib_2order_approx: reset counter for 410 NAN/INF values in logl
 *** WARNING *** GMRFLib_2order_approx: rescue NAN/INF values in logl for idx=0
 *** WARNING *** GMRFLib_2order_approx: reset counter for 120 NAN/INF values in logl
 *** WARNING *** GMRFLib_2order_approx: rescue NAN/INF values in logl for idx=148
 *** WARNING *** GMRFLib_2order_approx: reset counter for 188 NAN/INF values in logl
 *** WARNING *** GMRFLib_2order_approx: rescue NAN/INF values in logl for idx=129
 *** WARNING *** GMRFLib_2order_approx: reset counter for 15 NAN/INF values in logl
 *** WARNING *** GMRFLib_2order_approx: rescue NAN/INF values in logl for idx=355
 *** WARNING *** GMRFLib_2order_approx: reset counter for 551 NAN/INF values in logl
 *** WARNING *** GMRFLib_2order_approx: rescue NAN/INF values in logl for idx=2
 *** WARNING *** GMRFLib_2order_approx: reset counter for 106 NAN/INF values in logl
 *** WARNING *** GMRFLib_2order_approx: rescue NAN/INF values in logl for idx=226
 *** WARNING *** GMRFLib_2order_approx: reset counter for 76 NAN/INF values in logl
 *** WARNING *** GMRFLib_2order_approx: rescue NAN/INF values in logl for idx=445
 *** WARNING *** GMRFLib_2order_approx: reset counter for 9 NAN/INF values in logl
 *** WARNING *** GMRFLib_2order_approx: reset counter for 9 NAN/INF values in logl
 *** WARNING *** GMRFLib_2order_approx: rescue NAN/INF values in logl for idx=1070
 *** WARNING *** GMRFLib_2order_approx: reset counter for 3 NAN/INF values in logl
 *** WARNING *** GMRFLib_2order_approx: reset counter for 3 NAN/INF values in logl
 *** WARNING *** GMRFLib_2order_approx: rescue NAN/INF values in logl for idx=360
 *** WARNING *** GMRFLib_2order_approx: reset counter for 95 NAN/INF values in logl
 *** WARNING *** GMRFLib_2order_approx: reset counter for 95 NAN/INF values in logl
 *** WARNING *** GMRFLib_2order_approx: rescue NAN/INF values in logl for idx=375
 *** WARNING *** GMRFLib_2order_approx: reset counter for 36 NAN/INF values in logl
 *** WARNING *** GMRFLib_2order_approx: rescue NAN/INF values in logl for idx=375
 *** WARNING *** GMRFLib_2order_approx: reset counter for 9 NAN/INF values in logl
 *** WARNING *** GMRFLib_2order_approx: reset counter for 9 NAN/INF values in logl
 *** WARNING *** GMRFLib_2order_approx: reset counter for 9 NAN/INF values in logl
 *** WARNING *** GMRFLib_2order_approx: rescue NAN/INF values in logl for idx=1059
 *** WARNING *** GMRFLib_2order_approx: reset counter for 6 NAN/INF values in logl
 *** WARNING *** GMRFLib_2order_approx: rescue NAN/INF values in logl for idx=5
 *** WARNING *** GMRFLib_2order_approx: reset counter for 19 NAN/INF values in logl
 *** WARNING *** GMRFLib_2order_approx: rescue NAN/INF values in logl for idx=195
 *** WARNING *** GMRFLib_2order_approx: reset counter for 114 NAN/INF values in logl
 *** WARNING *** GMRFLib_2order_approx: rescue NAN/INF values in logl for idx=375
 *** WARNING *** GMRFLib_2order_approx: reset counter for 25 NAN/INF values in logl
 *** WARNING *** GMRFLib_2order_approx: rescue NAN/INF values in logl for idx=0
 *** WARNING *** GMRFLib_2order_approx: reset counter for 281 NAN/INF values in logl
 *** WARNING *** GMRFLib_2order_approx: rescue NAN/INF values in logl for idx=10
 *** WARNING *** GMRFLib_2order_approx: reset counter for 25 NAN/INF values in logl
 *** WARNING *** GMRFLib_2order_approx: rescue NAN/INF values in logl for idx=0
 *** WARNING *** GMRFLib_2order_approx: reset counter for 366 NAN/INF values in logl
 *** WARNING *** GMRFLib_2order_approx: rescue NAN/INF values in logl for idx=240
 *** WARNING *** GMRFLib_2order_approx: reset counter for 168 NAN/INF values in logl
 *** WARNING *** GMRFLib_2order_approx: reset counter for 168 NAN/INF values in logl
 *** WARNING *** GMRFLib_2order_approx: reset counter for 168 NAN/INF values in logl
 *** WARNING *** GMRFLib_2order_approx: reset counter for 168 NAN/INF values in logl
 *** WARNING *** GMRFLib_2order_approx: rescue NAN/INF values in logl for idx=0
 *** WARNING *** GMRFLib_2order_approx: reset counter for 516 NAN/INF values in logl
 *** WARNING *** GMRFLib_2order_approx: rescue NAN/INF values in logl for idx=282
 *** WARNING *** GMRFLib_2order_approx: reset counter for 3 NAN/INF values in logl
 *** WARNING *** GMRFLib_2order_approx: rescue NAN/INF values in logl for idx=510
 *** WARNING *** GMRFLib_2order_approx: reset counter for 51 NAN/INF values in logl
 *** WARNING *** GMRFLib_2order_approx: rescue NAN/INF values in logl for idx=610
 *** WARNING *** GMRFLib_2order_approx: reset counter for 116 NAN/INF values in logl
 *** WARNING *** GMRFLib_2order_approx: rescue NAN/INF values in logl for idx=875
 *** WARNING *** GMRFLib_2order_approx: reset counter for 112 NAN/INF values in logl
 *** WARNING *** GMRFLib_2order_approx: reset counter for 112 NAN/INF values in logl
 *** WARNING *** GMRFLib_2order_approx: rescue NAN/INF values in logl for idx=0
 *** WARNING *** GMRFLib_2order_approx: reset counter for 423 NAN/INF values in logl
 *** WARNING *** GMRFLib_2order_approx: reset counter for 423 NAN/INF values in logl
 *** WARNING *** GMRFLib_2order_approx: reset counter for 423 NAN/INF values in logl
 *** WARNING *** GMRFLib_2order_approx: reset counter for 423 NAN/INF values in logl
 *** WARNING *** GMRFLib_2order_approx: reset counter for 423 NAN/INF values in logl
 *** WARNING *** GMRFLib_2order_approx: rescue NAN/INF values in logl for idx=355
 *** WARNING *** GMRFLib_2order_approx: reset counter for 303 NAN/INF values in logl
 *** WARNING *** GMRFLib_2order_approx: reset counter for 303 NAN/INF values in logl
 *** WARNING *** GMRFLib_2order_approx: reset counter for 303 NAN/INF values in logl
 *** WARNING *** GMRFLib_2order_approx: reset counter for 303 NAN/INF values in logl
 *** WARNING *** GMRFLib_2order_approx: rescue NAN/INF values in logl for idx=0
 *** WARNING *** GMRFLib_2order_approx: reset counter for 269 NAN/INF values in logl
 *** WARNING *** GMRFLib_2order_approx: rescue NAN/INF values in logl for idx=75
 *** WARNING *** GMRFLib_2order_approx: reset counter for 449 NAN/INF values in logl
 *** WARNING *** GMRFLib_2order_approx: reset counter for 449 NAN/INF values in logl
 *** WARNING *** GMRFLib_2order_approx: rescue NAN/INF values in logl for idx=565
 *** WARNING *** GMRFLib_2order_approx: reset counter for 5 NAN/INF values in logl
 *** WARNING *** GMRFLib_2order_approx: rescue NAN/INF values in logl for idx=0
 *** WARNING *** GMRFLib_2order_approx: reset counter for 335 NAN/INF values in logl
 *** WARNING *** GMRFLib_2order_approx: reset counter for 335 NAN/INF values in logl
 *** WARNING *** GMRFLib_2order_approx: rescue NAN/INF values in logl for idx=0
 *** WARNING *** GMRFLib_2order_approx: reset counter for 546 NAN/INF values in logl
 *** WARNING *** GMRFLib_2order_approx: reset counter for 546 NAN/INF values in logl
 *** WARNING *** GMRFLib_2order_approx: rescue NAN/INF values in logl for idx=0
 *** WARNING *** GMRFLib_2order_approx: reset counter for 505 NAN/INF values in logl
 *** WARNING *** GMRFLib_2order_approx: rescue NAN/INF values in logl for idx=8
 *** WARNING *** GMRFLib_2order_approx: reset counter for 469 NAN/INF values in logl
 *** WARNING *** GMRFLib_2order_approx: rescue NAN/INF values in logl for idx=360
 *** WARNING *** GMRFLib_2order_approx: reset counter for 6 NAN/INF values in logl
 *** WARNING *** GMRFLib_2order_approx: rescue NAN/INF values in logl for idx=0
 *** WARNING *** GMRFLib_2order_approx: reset counter for 530 NAN/INF values in logl
 *** WARNING *** GMRFLib_2order_approx: rescue NAN/INF values in logl for idx=10
 *** WARNING *** GMRFLib_2order_approx: reset counter for 455 NAN/INF values in logl
 *** WARNING *** GMRFLib_2order_approx: rescue NAN/INF values in logl for idx=0
 *** WARNING *** GMRFLib_2order_approx: reset counter for 557 NAN/INF values in logl
 *** WARNING *** GMRFLib_2order_approx: reset counter for 557 NAN/INF values in logl
 *** WARNING *** GMRFLib_2order_approx: rescue NAN/INF values in logl for idx=5
 *** WARNING *** GMRFLib_2order_approx: reset counter for 2 NAN/INF values in logl
 *** WARNING *** GMRFLib_2order_approx: rescue NAN/INF values in logl for idx=0
 *** WARNING *** GMRFLib_2order_approx: rescue NAN/INF values in logl for idx=90
 *** WARNING *** GMRFLib_2order_approx: reset counter for 327 NAN/INF values in logl
 *** WARNING *** GMRFLib_2order_approx: rescue NAN/INF values in logl for idx=105
 *** WARNING *** GMRFLib_2order_approx: rescue NAN/INF values in logl for idx=0
 *** WARNING *** GMRFLib_2order_approx: reset counter for 47 NAN/INF values in logl
 *** WARNING *** GMRFLib_2order_approx: rescue NAN/INF values in logl for idx=175
 *** WARNING *** GMRFLib_2order_approx: reset counter for 146 NAN/INF values in logl
 *** WARNING *** GMRFLib_2order_approx: reset counter for 146 NAN/INF values in logl
 *** WARNING *** GMRFLib_2order_approx: reset counter for 146 NAN/INF values in logl
 *** WARNING *** GMRFLib_2order_approx: rescue NAN/INF values in logl for idx=0
 *** WARNING *** GMRFLib_2order_approx: reset counter for 82 NAN/INF values in logl
 *** WARNING *** GMRFLib_2order_approx: rescue NAN/INF values in logl for idx=105
 *** WARNING *** GMRFLib_2order_approx: reset counter for 5 NAN/INF values in logl
 *** WARNING *** GMRFLib_2order_approx: rescue NAN/INF values in logl for idx=360
 *** WARNING *** GMRFLib_2order_approx: reset counter for 17 NAN/INF values in logl
 *** WARNING *** GMRFLib_2order_approx: rescue NAN/INF values in logl for idx=399
 *** WARNING *** GMRFLib_2order_approx: rescue NAN/INF values in logl for idx=438
 *** WARNING *** GMRFLib_2order_approx: reset counter for 6 NAN/INF values in logl
 *** WARNING *** GMRFLib_2order_approx: rescue NAN/INF values in logl for idx=438
 *** WARNING *** GMRFLib_2order_approx: reset counter for 24 NAN/INF values in logl
 *** WARNING *** GMRFLib_2order_approx: rescue NAN/INF values in logl for idx=5
 *** WARNING *** GMRFLib_2order_approx: reset counter for 225 NAN/INF values in logl
 *** WARNING *** GMRFLib_2order_approx: rescue NAN/INF values in logl for idx=111
 *** WARNING *** GMRFLib_2order_approx: reset counter for 141 NAN/INF values in logl
 *** WARNING *** GMRFLib_2order_approx: rescue NAN/INF values in logl for idx=0
 *** WARNING *** GMRFLib_2order_approx: reset counter for 16 NAN/INF values in logl
 *** WARNING *** GMRFLib_2order_approx: rescue NAN/INF values in logl for idx=77
 *** WARNING *** GMRFLib_2order_approx: reset counter for 217 NAN/INF values in logl
 *** WARNING *** GMRFLib_2order_approx: rescue NAN/INF values in logl for idx=645
 *** WARNING *** GMRFLib_2order_approx: reset counter for 124 NAN/INF values in logl
 *** WARNING *** GMRFLib_2order_approx: reset counter for 124 NAN/INF values in logl
 *** WARNING *** GMRFLib_2order_approx: rescue NAN/INF values in logl for idx=0
 *** WARNING *** GMRFLib_2order_approx: reset counter for 18 NAN/INF values in logl
 *** WARNING *** GMRFLib_2order_approx: rescue NAN/INF values in logl for idx=50
 *** WARNING *** GMRFLib_2order_approx: reset counter for 127 NAN/INF values in logl
 *** WARNING *** GMRFLib_2order_approx: rescue NAN/INF values in logl for idx=399
 *** WARNING *** GMRFLib_2order_approx: reset counter for 3 NAN/INF values in logl
 *** WARNING *** GMRFLib_2order_approx: reset counter for 3 NAN/INF values in logl
 *** WARNING *** GMRFLib_2order_approx: rescue NAN/INF values in logl for idx=438
 *** WARNING *** GMRFLib_2order_approx: reset counter for 2 NAN/INF values in logl
 *** WARNING *** GMRFLib_2order_approx: rescue NAN/INF values in logl for idx=1040
 *** WARNING *** GMRFLib_2order_approx: reset counter for 6 NAN/INF values in logl
 *** WARNING *** GMRFLib_2order_approx: reset counter for 6 NAN/INF values in logl
 *** WARNING *** GMRFLib_2order_approx: rescue NAN/INF values in logl for idx=0
 *** WARNING *** GMRFLib_2order_approx: reset counter for 69 NAN/INF values in logl
 *** WARNING *** GMRFLib_2order_approx: rescue NAN/INF values in logl for idx=175
 *** WARNING *** GMRFLib_2order_approx: reset counter for 74 NAN/INF values in logl
 *** WARNING *** GMRFLib_2order_approx: rescue NAN/INF values in logl for idx=258
 *** WARNING *** GMRFLib_2order_approx: reset counter for 117 NAN/INF values in logl
 *** WARNING *** GMRFLib_2order_approx: rescue NAN/INF values in logl for idx=0
 *** WARNING *** GMRFLib_2order_approx: reset counter for 90 NAN/INF values in logl
 *** WARNING *** GMRFLib_2order_approx: rescue NAN/INF values in logl for idx=360
 *** WARNING *** GMRFLib_2order_approx: reset counter for 69 NAN/INF values in logl
 *** WARNING *** GMRFLib_2order_approx: rescue NAN/INF values in logl for idx=632
 *** WARNING *** GMRFLib_2order_approx: reset counter for 48 NAN/INF values in logl
 *** WARNING *** GMRFLib_2order_approx: rescue NAN/INF values in logl for idx=0
 *** WARNING *** GMRFLib_2order_approx: reset counter for 8 NAN/INF values in logl
 *** WARNING *** GMRFLib_2order_approx: rescue NAN/INF values in logl for idx=255
 *** WARNING *** GMRFLib_2order_approx: reset counter for 3 NAN/INF values in logl
 *** WARNING *** GMRFLib_2order_approx: rescue NAN/INF values in logl for idx=396
 *** WARNING *** GMRFLib_2order_approx: reset counter for 23 NAN/INF values in logl
 *** WARNING *** GMRFLib_2order_approx: rescue NAN/INF values in logl for idx=645
 *** WARNING *** GMRFLib_2order_approx: reset counter for 36 NAN/INF values in logl
 *** WARNING *** GMRFLib_2order_approx: rescue NAN/INF values in logl for idx=0
 *** WARNING *** GMRFLib_2order_approx: reset counter for 215 NAN/INF values in logl
 *** WARNING *** GMRFLib_2order_approx: rescue NAN/INF values in logl for idx=105
 *** WARNING *** GMRFLib_2order_approx: reset counter for 8 NAN/INF values in logl
 *** WARNING *** GMRFLib_2order_approx: rescue NAN/INF values in logl for idx=360
 *** WARNING *** GMRFLib_2order_approx: reset counter for 25 NAN/INF values in logl
 *** WARNING *** GMRFLib_2order_approx: rescue NAN/INF values in logl for idx=2
 *** WARNING *** GMRFLib_2order_approx: reset counter for 95 NAN/INF values in logl
 *** WARNING *** GMRFLib_2order_approx: reset counter for 95 NAN/INF values in logl
 *** WARNING *** GMRFLib_2order_approx: rescue NAN/INF values in logl for idx=399
 *** WARNING *** GMRFLib_2order_approx: reset counter for 2 NAN/INF values in logl
 *** WARNING *** GMRFLib_2order_approx: rescue NAN/INF values in logl for idx=112
 *** WARNING *** GMRFLib_2order_approx: reset counter for 19 NAN/INF values in logl
 *** WARNING *** GMRFLib_2order_approx: rescue NAN/INF values in logl for idx=1079
 *** WARNING *** GMRFLib_2order_approx: reset counter for 2 NAN/INF values in logl
 *** WARNING *** GMRFLib_2order_approx: rescue NAN/INF values in logl for idx=0
 *** WARNING *** GMRFLib_2order_approx: reset counter for 20 NAN/INF values in logl
 *** WARNING *** GMRFLib_2order_approx: rescue NAN/INF values in logl for idx=360
 *** WARNING *** GMRFLib_2order_approx: reset counter for 19 NAN/INF values in logl
 *** WARNING *** GMRFLib_2order_approx: rescue NAN/INF values in logl for idx=630
 *** WARNING *** GMRFLib_2order_approx: reset counter for 39 NAN/INF values in logl
 *** WARNING *** GMRFLib_2order_approx: rescue NAN/INF values in logl for idx=9
 *** WARNING *** GMRFLib_2order_approx: reset counter for 5 NAN/INF values in logl
 *** WARNING *** GMRFLib_2order_approx: rescue NAN/INF values in logl for idx=630
 *** WARNING *** GMRFLib_2order_approx: reset counter for 17 NAN/INF values in logl
 *** WARNING *** GMRFLib_2order_approx: rescue NAN/INF values in logl for idx=399
 *** WARNING *** GMRFLib_2order_approx: reset counter for 4 NAN/INF values in logl
 *** WARNING *** GMRFLib_2order_approx: reset counter for 4 NAN/INF values in logl
 *** WARNING *** GMRFLib_2order_approx: rescue NAN/INF values in logl for idx=0
 *** WARNING *** GMRFLib_2order_approx: reset counter for 160 NAN/INF values in logl
 *** WARNING *** GMRFLib_2order_approx: rescue NAN/INF values in logl for idx=320
 *** WARNING *** GMRFLib_2order_approx: reset counter for 55 NAN/INF values in logl
 *** WARNING *** GMRFLib_2order_approx: rescue NAN/INF values in logl for idx=505
 *** WARNING *** GMRFLib_2order_approx: reset counter for 4 NAN/INF values in logl
 *** WARNING *** GMRFLib_2order_approx: rescue NAN/INF values in logl for idx=755
 *** WARNING *** GMRFLib_2order_approx: reset counter for 31 NAN/INF values in logl
 *** WARNING *** GMRFLib_2order_approx: rescue NAN/INF values in logl for idx=0
 *** WARNING *** GMRFLib_2order_approx: reset counter for 94 NAN/INF values in logl
 *** WARNING *** GMRFLib_2order_approx: rescue NAN/INF values in logl for idx=970
 *** WARNING *** GMRFLib_2order_approx: reset counter for 6 NAN/INF values in logl
 *** WARNING *** GMRFLib_2order_approx: rescue NAN/INF values in logl for idx=240
 *** WARNING *** GMRFLib_2order_approx: reset counter for 5 NAN/INF values in logl
 *** WARNING *** GMRFLib_2order_approx: rescue NAN/INF values in logl for idx=465
 *** WARNING *** GMRFLib_2order_approx: reset counter for 244 NAN/INF values in logl
 *** WARNING *** GMRFLib_2order_approx: rescue NAN/INF values in logl for idx=0
 *** WARNING *** GMRFLib_2order_approx: reset counter for 280 NAN/INF values in logl
 *** WARNING *** GMRFLib_2order_approx: rescue NAN/INF values in logl for idx=406
 *** WARNING *** GMRFLib_2order_approx: reset counter for 280 NAN/INF values in logl
 *** WARNING *** GMRFLib_2order_approx: reset counter for 280 NAN/INF values in logl
 *** WARNING *** GMRFLib_2order_approx: rescue NAN/INF values in logl for idx=453
 *** WARNING *** GMRFLib_2order_approx: reset counter for 114 NAN/INF values in logl
 *** WARNING *** GMRFLib_2order_approx: rescue NAN/INF values in logl for idx=36
 *** WARNING *** GMRFLib_2order_approx: reset counter for 14 NAN/INF values in logl
 *** WARNING *** GMRFLib_2order_approx: rescue NAN/INF values in logl for idx=266
 *** WARNING *** GMRFLib_2order_approx: reset counter for 4 NAN/INF values in logl
 *** WARNING *** GMRFLib_2order_approx: rescue NAN/INF values in logl for idx=1040
 *** WARNING *** GMRFLib_2order_approx: reset counter for 8 NAN/INF values in logl
 *** WARNING *** GMRFLib_2order_approx: rescue NAN/INF values in logl for idx=280
 *** WARNING *** GMRFLib_2order_approx: reset counter for 153 NAN/INF values in logl
 *** WARNING *** GMRFLib_2order_approx: rescue NAN/INF values in logl for idx=885
 *** WARNING *** GMRFLib_2order_approx: reset counter for 153 NAN/INF values in logl
 *** WARNING *** GMRFLib_2order_approx: rescue NAN/INF values in logl for idx=1005
 *** WARNING *** GMRFLib_2order_approx: reset counter for 153 NAN/INF values in logl
 *** WARNING *** GMRFLib_2order_approx: rescue NAN/INF values in logl for idx=75
 *** WARNING *** GMRFLib_2order_approx: reset counter for 152 NAN/INF values in logl
 *** WARNING *** GMRFLib_2order_approx: rescue NAN/INF values in logl for idx=465
 *** WARNING *** GMRFLib_2order_approx: reset counter for 259 NAN/INF values in logl
 *** WARNING *** GMRFLib_2order_approx: rescue NAN/INF values in logl for idx=0
 *** WARNING *** GMRFLib_2order_approx: reset counter for 191 NAN/INF values in logl
 *** WARNING *** GMRFLib_2order_approx: reset counter for 131 NAN/INF values in logl
 *** WARNING *** GMRFLib_2order_approx: rescue NAN/INF values in logl for idx=280
 *** WARNING *** GMRFLib_2order_approx: reset counter for 314 NAN/INF values in logl
 *** WARNING *** GMRFLib_2order_approx: rescue NAN/INF values in logl for idx=8
 *** WARNING *** GMRFLib_2order_approx: reset counter for 36 NAN/INF values in logl
 *** WARNING *** GMRFLib_2order_approx: rescue NAN/INF values in logl for idx=250
 *** WARNING *** GMRFLib_2order_approx: reset counter for 283 NAN/INF values in logl
 *** WARNING *** GMRFLib_2order_approx: rescue NAN/INF values in logl for idx=426
 *** WARNING *** GMRFLib_2order_approx: reset counter for 18 NAN/INF values in logl
 *** WARNING *** GMRFLib_2order_approx: rescue NAN/INF values in logl for idx=1070
 *** WARNING *** GMRFLib_2order_approx: reset counter for 7 NAN/INF values in logl
 *** WARNING *** GMRFLib_2order_approx: rescue NAN/INF values in logl for idx=0
 *** WARNING *** GMRFLib_2order_approx: reset counter for 440 NAN/INF values in logl
 *** WARNING *** GMRFLib_2order_approx: rescue NAN/INF values in logl for idx=375
 *** WARNING *** GMRFLib_2order_approx: reset counter for 80 NAN/INF values in logl
 *** WARNING *** GMRFLib_2order_approx: rescue NAN/INF values in logl for idx=5
 *** WARNING *** GMRFLib_2order_approx: reset counter for 332 NAN/INF values in logl
 *** WARNING *** GMRFLib_2order_approx: reset counter for 332 NAN/INF values in logl
 *** WARNING *** GMRFLib_2order_approx: rescue NAN/INF values in logl for idx=375
 *** WARNING *** GMRFLib_2order_approx: reset counter for 22 NAN/INF values in logl
 *** WARNING *** GMRFLib_2order_approx: rescue NAN/INF values in logl for idx=1007
 *** WARNING *** GMRFLib_2order_approx: reset counter for 2 NAN/INF values in logl
 *** WARNING *** GMRFLib_2order_approx: reset counter for 2 NAN/INF values in logl
 *** WARNING *** GMRFLib_2order_approx: rescue NAN/INF values in logl for idx=0
 *** WARNING *** GMRFLib_2order_approx: reset counter for 666 NAN/INF values in logl
 *** WARNING *** GMRFLib_2order_approx: rescue NAN/INF values in logl for idx=0
 *** WARNING *** GMRFLib_2order_approx: reset counter for 197 NAN/INF values in logl
 *** WARNING *** GMRFLib_2order_approx: rescue NAN/INF values in logl for idx=21
 *** WARNING *** GMRFLib_2order_approx: reset counter for 25 NAN/INF values in logl
 *** WARNING *** GMRFLib_2order_approx: rescue NAN/INF values in logl for idx=0
 *** WARNING *** GMRFLib_2order_approx: reset counter for 320 NAN/INF values in logl
 *** WARNING *** GMRFLib_2order_approx: rescue NAN/INF values in logl for idx=0
 *** WARNING *** GMRFLib_2order_approx: reset counter for 172 NAN/INF values in logl
 *** WARNING *** GMRFLib_2order_approx: rescue NAN/INF values in logl for idx=558
 *** WARNING *** GMRFLib_2order_approx: reset counter for 7 NAN/INF values in logl
 *** WARNING *** GMRFLib_2order_approx: rescue NAN/INF values in logl for idx=0
 *** WARNING *** GMRFLib_2order_approx: reset counter for 457 NAN/INF values in logl
 *** WARNING *** GMRFLib_2order_approx: rescue NAN/INF values in logl for idx=6
 *** WARNING *** GMRFLib_2order_approx: reset counter for 112 NAN/INF values in logl
 *** WARNING *** GMRFLib_2order_approx: rescue NAN/INF values in logl for idx=140
 *** WARNING *** GMRFLib_2order_approx: reset counter for 18 NAN/INF values in logl
 *** WARNING *** GMRFLib_2order_approx: rescue NAN/INF values in logl for idx=0
 *** WARNING *** GMRFLib_2order_approx: reset counter for 577 NAN/INF values in logl
 *** WARNING *** GMRFLib_2order_approx: rescue NAN/INF values in logl for idx=513
 *** WARNING *** GMRFLib_2order_approx: reset counter for 90 NAN/INF values in logl
 *** WARNING *** GMRFLib_2order_approx: rescue NAN/INF values in logl for idx=0
 *** WARNING *** GMRFLib_2order_approx: reset counter for 701 NAN/INF values in logl
 *** WARNING *** GMRFLib_2order_approx: rescue NAN/INF values in logl for idx=470
 *** WARNING *** GMRFLib_2order_approx: reset counter for 259 NAN/INF values in logl
 *** WARNING *** GMRFLib_2order_approx: rescue NAN/INF values in logl for idx=0
 *** WARNING *** GMRFLib_2order_approx: reset counter for 563 NAN/INF values in logl
 *** WARNING *** GMRFLib_2order_approx: rescue NAN/INF values in logl for idx=280
 *** WARNING *** GMRFLib_2order_approx: reset counter for 361 NAN/INF values in logl
 *** WARNING *** GMRFLib_2order_approx: rescue NAN/INF values in logl for idx=10
 *** WARNING *** GMRFLib_2order_approx: reset counter for 297 NAN/INF values in logl
 *** WARNING *** GMRFLib_2order_approx: rescue NAN/INF values in logl for idx=176
 *** WARNING *** GMRFLib_2order_approx: reset counter for 363 NAN/INF values in logl
 *** WARNING *** GMRFLib_2order_approx: rescue NAN/INF values in logl for idx=560
 *** WARNING *** GMRFLib_2order_approx: reset counter for 21 NAN/INF values in logl
 *** WARNING *** GMRFLib_2order_approx: rescue NAN/INF values in logl for idx=10
 *** WARNING *** GMRFLib_2order_approx: reset counter for 280 NAN/INF values in logl
 *** WARNING *** GMRFLib_2order_approx: rescue NAN/INF values in logl for idx=565
 *** WARNING *** GMRFLib_2order_approx: reset counter for 20 NAN/INF values in logl
 *** WARNING *** GMRFLib_2order_approx: rescue NAN/INF values in logl for idx=0
 *** WARNING *** GMRFLib_2order_approx: reset counter for 394 NAN/INF values in logl
 *** WARNING *** GMRFLib_2order_approx: rescue NAN/INF values in logl for idx=125
 *** WARNING *** GMRFLib_2order_approx: reset counter for 153 NAN/INF values in logl
 *** WARNING *** GMRFLib_2order_approx: rescue NAN/INF values in logl for idx=399
 *** WARNING *** GMRFLib_2order_approx: reset counter for 3 NAN/INF values in logl
 *** WARNING *** GMRFLib_2order_approx: rescue NAN/INF values in logl for idx=130
 *** WARNING *** GMRFLib_2order_approx: reset counter for 15 NAN/INF values in logl
 *** WARNING *** GMRFLib_2order_approx: rescue NAN/INF values in logl for idx=0
 *** WARNING *** GMRFLib_2order_approx: reset counter for 638 NAN/INF values in logl
 *** WARNING *** GMRFLib_2order_approx: rescue NAN/INF values in logl for idx=559
 *** WARNING *** GMRFLib_2order_approx: reset counter for 586 NAN/INF values in logl
 *** WARNING *** GMRFLib_2order_approx: rescue NAN/INF values in logl for idx=10
 *** WARNING *** GMRFLib_2order_approx: reset counter for 484 NAN/INF values in logl
 *** WARNING *** GMRFLib_2order_approx: rescue NAN/INF values in logl for idx=0
 *** WARNING *** GMRFLib_2order_approx: rescue NAN/INF values in logl for idx=6
 *** WARNING *** GMRFLib_2order_approx: reset counter for 252 NAN/INF values in logl
 *** WARNING *** GMRFLib_2order_approx: rescue NAN/INF values in logl for idx=0
 *** WARNING *** GMRFLib_2order_approx: rescue NAN/INF values in logl for idx=110
 *** WARNING *** GMRFLib_2order_approx: reset counter for 68 NAN/INF values in logl
 *** WARNING *** GMRFLib_2order_approx: rescue NAN/INF values in logl for idx=1040
 *** WARNING *** GMRFLib_2order_approx: reset counter for 53 NAN/INF values in logl
 *** WARNING *** GMRFLib_2order_approx: rescue NAN/INF values in logl for idx=105
 *** WARNING *** GMRFLib_2order_approx: reset counter for 7 NAN/INF values in logl
 *** WARNING *** GMRFLib_2order_approx: rescue NAN/INF values in logl for idx=360
 *** WARNING *** GMRFLib_2order_approx: reset counter for 28 NAN/INF values in logl
 *** WARNING *** GMRFLib_2order_approx: rescue NAN/INF values in logl for idx=1070
 *** WARNING *** GMRFLib_2order_approx: reset counter for 2 NAN/INF values in logl
 *** WARNING *** GMRFLib_2order_approx: reset counter for 2 NAN/INF values in logl
 *** WARNING *** GMRFLib_2order_approx: rescue NAN/INF values in logl for idx=0
 *** WARNING *** GMRFLib_2order_approx: reset counter for 98 NAN/INF values in logl
 *** WARNING *** GMRFLib_2order_approx: rescue NAN/INF values in logl for idx=355
 *** WARNING *** GMRFLib_2order_approx: reset counter for 74 NAN/INF values in logl
 *** WARNING *** GMRFLib_2order_approx: rescue NAN/INF values in logl for idx=645
 *** WARNING *** GMRFLib_2order_approx: reset counter for 32 NAN/INF values in logl
 *** WARNING *** GMRFLib_2order_approx: rescue NAN/INF values in logl for idx=0
 *** WARNING *** GMRFLib_2order_approx: reset counter for 44 NAN/INF values in logl
 *** WARNING *** GMRFLib_2order_approx: rescue NAN/INF values in logl for idx=0
 *** WARNING *** GMRFLib_2order_approx: rescue NAN/INF values in logl for idx=445
 *** WARNING *** GMRFLib_2order_approx: reset counter for 475 NAN/INF values in logl
 *** WARNING *** GMRFLib_2order_approx: rescue NAN/INF values in logl for idx=0
 *** WARNING *** GMRFLib_2order_approx: rescue NAN/INF values in logl for idx=111
 *** WARNING *** GMRFLib_2order_approx: reset counter for 358 NAN/INF values in logl
 *** WARNING *** GMRFLib_2order_approx: rescue NAN/INF values in logl for idx=0
 *** WARNING *** GMRFLib_2order_approx: reset counter for 180 NAN/INF values in logl
 *** WARNING *** GMRFLib_2order_approx: rescue NAN/INF values in logl for idx=108
 *** WARNING *** GMRFLib_2order_approx: reset counter for 18 NAN/INF values in logl
 *** WARNING *** GMRFLib_2order_approx: rescue NAN/INF values in logl for idx=0
 *** WARNING *** GMRFLib_2order_approx: reset counter for 123 NAN/INF values in logl
 *** WARNING *** GMRFLib_2order_approx: rescue NAN/INF values in logl for idx=1042
 *** WARNING *** GMRFLib_2order_approx: reset counter for 4 NAN/INF values in logl
 *** WARNING *** GMRFLib_2order_approx: reset counter for 4 NAN/INF values in logl
 *** WARNING *** GMRFLib_2order_approx: rescue NAN/INF values in logl for idx=110
 *** WARNING *** GMRFLib_2order_approx: reset counter for 11 NAN/INF values in logl
 *** WARNING *** GMRFLib_2order_approx: rescue NAN/INF values in logl for idx=1040
 *** WARNING *** GMRFLib_2order_approx: reset counter for 14 NAN/INF values in logl
 *** WARNING *** GMRFLib_2order_approx: rescue NAN/INF values in logl for idx=0
 *** WARNING *** GMRFLib_2order_approx: reset counter for 301 NAN/INF values in logl
 *** WARNING *** GMRFLib_2order_approx: reset counter for 301 NAN/INF values in logl
 *** WARNING *** GMRFLib_2order_approx: rescue NAN/INF values in logl for idx=0
 *** WARNING *** GMRFLib_2order_approx: reset counter for 222 NAN/INF values in logl
 *** WARNING *** GMRFLib_2order_approx: rescue NAN/INF values in logl for idx=0
 *** WARNING *** GMRFLib_2order_approx: reset counter for 116 NAN/INF values in logl
 *** WARNING *** GMRFLib_2order_approx: reset counter for 116 NAN/INF values in logl
 *** WARNING *** GMRFLib_2order_approx: rescue NAN/INF values in logl for idx=375
 *** WARNING *** GMRFLib_2order_approx: reset counter for 16 NAN/INF values in logl
 *** WARNING *** GMRFLib_2order_approx: rescue NAN/INF values in logl for idx=105
 *** WARNING *** GMRFLib_2order_approx: reset counter for 62 NAN/INF values in logl
 *** WARNING *** GMRFLib_2order_approx: rescue NAN/INF values in logl for idx=650
 *** WARNING *** GMRFLib_2order_approx: reset counter for 17 NAN/INF values in logl
 *** WARNING *** GMRFLib_2order_approx: reset counter for 17 NAN/INF values in logl
 *** WARNING *** GMRFLib_2order_approx: rescue NAN/INF values in logl for idx=438
 *** WARNING *** GMRFLib_2order_approx: reset counter for 4 NAN/INF values in logl
 *** WARNING *** GMRFLib_2order_approx: rescue NAN/INF values in logl for idx=56
 *** WARNING *** GMRFLib_2order_approx: reset counter for 88 NAN/INF values in logl
 *** WARNING *** GMRFLib_2order_approx: rescue NAN/INF values in logl for idx=0
 *** WARNING *** GMRFLib_2order_approx: reset counter for 460 NAN/INF values in logl
 *** WARNING *** GMRFLib_2order_approx: rescue NAN/INF values in logl for idx=0
 *** WARNING *** GMRFLib_2order_approx: reset counter for 321 NAN/INF values in logl
 *** WARNING *** GMRFLib_2order_approx: rescue NAN/INF values in logl for idx=8
 *** WARNING *** GMRFLib_2order_approx: reset counter for 48 NAN/INF values in logl
 *** WARNING *** GMRFLib_2order_approx: rescue NAN/INF values in logl for idx=561
 *** WARNING *** GMRFLib_2order_approx: reset counter for 132 NAN/INF values in logl
 *** WARNING *** GMRFLib_2order_approx: rescue NAN/INF values in logl for idx=1040
 *** WARNING *** GMRFLib_2order_approx: reset counter for 41 NAN/INF values in logl
 *** WARNING *** GMRFLib_2order_approx: rescue NAN/INF values in logl for idx=25
 *** WARNING *** GMRFLib_2order_approx: reset counter for 5 NAN/INF values in logl
 *** WARNING *** GMRFLib_2order_approx: rescue NAN/INF values in logl for idx=62
 *** WARNING *** GMRFLib_2order_approx: reset counter for 31 NAN/INF values in logl
 *** WARNING *** GMRFLib_2order_approx: rescue NAN/INF values in logl for idx=230
 *** WARNING *** GMRFLib_2order_approx: reset counter for 45 NAN/INF values in logl
 *** WARNING *** GMRFLib_2order_approx: reset counter for 45 NAN/INF values in logl
 *** WARNING *** GMRFLib_2order_approx: rescue NAN/INF values in logl for idx=645
 *** WARNING *** GMRFLib_2order_approx: reset counter for 41 NAN/INF values in logl
 *** WARNING *** GMRFLib_2order_approx: rescue NAN/INF values in logl for idx=175
 *** WARNING *** GMRFLib_2order_approx: reset counter for 3 NAN/INF values in logl
 *** WARNING *** GMRFLib_2order_approx: rescue NAN/INF values in logl for idx=280
 *** WARNING *** GMRFLib_2order_approx: reset counter for 502 NAN/INF values in logl
 *** WARNING *** GMRFLib_2order_approx: rescue NAN/INF values in logl for idx=16
 *** WARNING *** GMRFLib_2order_approx: reset counter for 159 NAN/INF values in logl
 *** WARNING *** GMRFLib_2order_approx: reset counter for 159 NAN/INF values in logl
 *** WARNING *** GMRFLib_2order_approx: reset counter for 159 NAN/INF values in logl
 *** WARNING *** GMRFLib_2order_approx: rescue NAN/INF values in logl for idx=1040
 *** WARNING *** GMRFLib_2order_approx: reset counter for 35 NAN/INF values in logl
 *** WARNING *** GMRFLib_2order_approx: rescue NAN/INF values in logl for idx=175
 *** WARNING *** GMRFLib_2order_approx: reset counter for 170 NAN/INF values in logl
 *** WARNING *** GMRFLib_2order_approx: rescue NAN/INF values in logl for idx=620
 *** WARNING *** GMRFLib_2order_approx: reset counter for 170 NAN/INF values in logl
 *** WARNING *** GMRFLib_2order_approx: rescue NAN/INF values in logl for idx=675
 *** WARNING *** GMRFLib_2order_approx: reset counter for 7 NAN/INF values in logl
 *** WARNING *** GMRFLib_2order_approx: rescue NAN/INF values in logl for idx=745
 *** WARNING *** GMRFLib_2order_approx: reset counter for 168 NAN/INF values in logl
 *** WARNING *** GMRFLib_2order_approx: rescue NAN/INF values in logl for idx=0
 *** WARNING *** GMRFLib_2order_approx: reset counter for 215 NAN/INF values in logl
 *** WARNING *** GMRFLib_2order_approx: rescue NAN/INF values in logl for idx=370
 *** WARNING *** GMRFLib_2order_approx: reset counter for 215 NAN/INF values in logl
 *** WARNING *** GMRFLib_2order_approx: rescue NAN/INF values in logl for idx=1040
 *** WARNING *** GMRFLib_2order_approx: reset counter for 9 NAN/INF values in logl
 *** WARNING *** GMRFLib_2order_approx: rescue NAN/INF values in logl for idx=75
 *** WARNING *** GMRFLib_2order_approx: reset counter for 521 NAN/INF values in logl
 *** WARNING *** GMRFLib_2order_approx: rescue NAN/INF values in logl for idx=363
 *** WARNING *** GMRFLib_2order_approx: reset counter for 11 NAN/INF values in logl
 *** WARNING *** GMRFLib_2order_approx: rescue NAN/INF values in logl for idx=0
 *** WARNING *** GMRFLib_2order_approx: reset counter for 520 NAN/INF values in logl
 *** WARNING *** GMRFLib_2order_approx: rescue NAN/INF values in logl for idx=762
 *** WARNING *** GMRFLib_2order_approx: reset counter for 21 NAN/INF values in logl
 *** WARNING *** GMRFLib_2order_approx: rescue NAN/INF values in logl for idx=558
 *** WARNING *** GMRFLib_2order_approx: reset counter for 2 NAN/INF values in logl
 *** WARNING *** GMRFLib_2order_approx: rescue NAN/INF values in logl for idx=0
 *** WARNING *** GMRFLib_2order_approx: reset counter for 591 NAN/INF values in logl
 *** WARNING *** GMRFLib_2order_approx: reset counter for 591 NAN/INF values in logl
 *** WARNING *** GMRFLib_2order_approx: rescue NAN/INF values in logl for idx=0
 *** WARNING *** GMRFLib_2order_approx: reset counter for 528 NAN/INF values in logl
 *** WARNING *** GMRFLib_2order_approx: rescue NAN/INF values in logl for idx=0
 *** WARNING *** GMRFLib_2order_approx: reset counter for 574 NAN/INF values in logl
 *** WARNING *** GMRFLib_2order_approx: rescue NAN/INF values in logl for idx=0
 *** WARNING *** GMRFLib_2order_approx: reset counter for 545 NAN/INF values in logl
 *** WARNING *** GMRFLib_2order_approx: rescue NAN/INF values in logl for idx=28
 *** WARNING *** GMRFLib_2order_approx: reset counter for 462 NAN/INF values in logl
 *** WARNING *** GMRFLib_2order_approx: rescue NAN/INF values in logl for idx=0
 *** WARNING *** GMRFLib_2order_approx: reset counter for 10 NAN/INF values in logl
 *** WARNING *** GMRFLib_2order_approx: reset counter for 10 NAN/INF values in logl
 *** WARNING *** GMRFLib_2order_approx: rescue NAN/INF values in logl for idx=255
 *** WARNING *** GMRFLib_2order_approx: reset counter for 73 NAN/INF values in logl
 *** WARNING *** GMRFLib_2order_approx: reset counter for 43 NAN/INF values in logl
 *** WARNING *** GMRFLib_2order_approx: rescue NAN/INF values in logl for idx=360
 *** WARNING *** GMRFLib_2order_approx: reset counter for 132 NAN/INF values in logl
 *** WARNING *** GMRFLib_2order_approx: rescue NAN/INF values in logl for idx=0
 *** WARNING *** GMRFLib_2order_approx: reset counter for 7 NAN/INF values in logl
 *** WARNING *** GMRFLib_2order_approx: reset counter for 23 NAN/INF values in logl
 *** WARNING *** GMRFLib_2order_approx: reset counter for 23 NAN/INF values in logl
 *** WARNING *** GMRFLib_2order_approx: rescue NAN/INF values in logl for idx=360
 *** WARNING *** GMRFLib_2order_approx: reset counter for 76 NAN/INF values in logl
 *** WARNING *** GMRFLib_2order_approx: rescue NAN/INF values in logl for idx=105
 *** WARNING *** GMRFLib_2order_approx: reset counter for 6 NAN/INF values in logl
 *** WARNING *** GMRFLib_2order_approx: reset counter for 6 NAN/INF values in logl
 *** WARNING *** GMRFLib_2order_approx: rescue NAN/INF values in logl for idx=360
 *** WARNING *** GMRFLib_2order_approx: reset counter for 24 NAN/INF values in logl
 *** WARNING *** GMRFLib_2order_approx: rescue NAN/INF values in logl for idx=1070
 *** WARNING *** GMRFLib_2order_approx: reset counter for 8 NAN/INF values in logl
 *** WARNING *** GMRFLib_2order_approx: rescue NAN/INF values in logl for idx=360
 *** WARNING *** GMRFLib_2order_approx: reset counter for 89 NAN/INF values in logl
 *** WARNING *** GMRFLib_2order_approx: rescue NAN/INF values in logl for idx=0
 *** WARNING *** GMRFLib_2order_approx: reset counter for 344 NAN/INF values in logl
 *** WARNING *** GMRFLib_2order_approx: rescue NAN/INF values in logl for idx=630
 *** WARNING *** GMRFLib_2order_approx: reset counter for 4 NAN/INF values in logl
 *** WARNING *** GMRFLib_2order_approx: reset counter for 344 NAN/INF values in logl
 *** WARNING *** GMRFLib_2order_approx: rescue NAN/INF values in logl for idx=755
 *** WARNING *** GMRFLib_2order_approx: reset counter for 8 NAN/INF values in logl
 *** WARNING *** GMRFLib_2order_approx: rescue NAN/INF values in logl for idx=870
 *** WARNING *** GMRFLib_2order_approx: reset counter for 112 NAN/INF values in logl
 *** WARNING *** GMRFLib_2order_approx: rescue NAN/INF values in logl for idx=0
 *** WARNING *** GMRFLib_2order_approx: reset counter for 246 NAN/INF values in logl
 *** WARNING *** GMRFLib_2order_approx: rescue NAN/INF values in logl for idx=633
 *** WARNING *** GMRFLib_2order_approx: reset counter for 82 NAN/INF values in logl
 *** WARNING *** GMRFLib_2order_approx: rescue NAN/INF values in logl for idx=0
 *** WARNING *** GMRFLib_2order_approx: reset counter for 105 NAN/INF values in logl
 *** WARNING *** GMRFLib_2order_approx: reset counter for 105 NAN/INF values in logl
 *** WARNING *** GMRFLib_2order_approx: reset counter for 105 NAN/INF values in logl
 *** WARNING *** GMRFLib_2order_approx: rescue NAN/INF values in logl for idx=360
 *** WARNING *** GMRFLib_2order_approx: reset counter for 74 NAN/INF values in logl
 *** WARNING *** GMRFLib_2order_approx: rescue NAN/INF values in logl for idx=111
 *** WARNING *** GMRFLib_2order_approx: reset counter for 4 NAN/INF values in logl
 *** WARNING *** GMRFLib_2order_approx: reset counter for 4 NAN/INF values in logl
 *** WARNING *** GMRFLib_2order_approx: rescue NAN/INF values in logl for idx=6
 *** WARNING *** GMRFLib_2order_approx: reset counter for 4 NAN/INF values in logl
 *** WARNING *** GMRFLib_2order_approx: rescue NAN/INF values in logl for idx=75
 *** WARNING *** GMRFLib_2order_approx: reset counter for 157 NAN/INF values in logl
 *** WARNING *** GMRFLib_2order_approx: rescue NAN/INF values in logl for idx=438
 *** WARNING *** GMRFLib_2order_approx: reset counter for 7 NAN/INF values in logl
 *** WARNING *** GMRFLib_2order_approx: rescue NAN/INF values in logl for idx=0
 *** WARNING *** GMRFLib_2order_approx: reset counter for 303 NAN/INF values in logl
 *** WARNING *** GMRFLib_2order_approx: rescue NAN/INF values in logl for idx=544
 *** WARNING *** GMRFLib_2order_approx: reset counter for 73 NAN/INF values in logl
 *** WARNING *** GMRFLib_2order_approx: rescue NAN/INF values in logl for idx=10
 *** WARNING *** GMRFLib_2order_approx: reset counter for 77 NAN/INF values in logl
 *** WARNING *** GMRFLib_2order_approx: rescue NAN/INF values in logl for idx=322
 *** WARNING *** GMRFLib_2order_approx: reset counter for 2 NAN/INF values in logl
 *** WARNING *** GMRFLib_2order_approx: rescue NAN/INF values in logl for idx=0
 *** WARNING *** GMRFLib_2order_approx: reset counter for 3 NAN/INF values in logl
 *** WARNING *** GMRFLib_2order_approx: rescue NAN/INF values in logl for idx=369
 *** WARNING *** GMRFLib_2order_approx: reset counter for 401 NAN/INF values in logl
 *** WARNING *** GMRFLib_2order_approx: rescue NAN/INF values in logl for idx=75
 *** WARNING *** GMRFLib_2order_approx: reset counter for 58 NAN/INF values in logl
 *** WARNING *** GMRFLib_2order_approx: rescue NAN/INF values in logl for idx=760
 *** WARNING *** GMRFLib_2order_approx: reset counter for 53 NAN/INF values in logl
 *** WARNING *** GMRFLib_2order_approx: rescue NAN/INF values in logl for idx=198
 *** WARNING *** GMRFLib_2order_approx: reset counter for 181 NAN/INF values in logl
 *** WARNING *** GMRFLib_2order_approx: rescue NAN/INF values in logl for idx=0
 *** WARNING *** GMRFLib_2order_approx: reset counter for 442 NAN/INF values in logl
 *** WARNING *** GMRFLib_2order_approx: reset counter for 152 NAN/INF values in logl
 *** WARNING *** GMRFLib_2order_approx: reset counter for 152 NAN/INF values in logl
 *** WARNING *** GMRFLib_2order_approx: reset counter for 152 NAN/INF values in logl
 *** WARNING *** GMRFLib_2order_approx: reset counter for 152 NAN/INF values in logl
 *** WARNING *** GMRFLib_2order_approx: rescue NAN/INF values in logl for idx=735
 *** WARNING *** GMRFLib_2order_approx: reset counter for 11 NAN/INF values in logl
 *** WARNING *** GMRFLib_2order_approx: rescue NAN/INF values in logl for idx=50
 *** WARNING *** GMRFLib_2order_approx: reset counter for 16 NAN/INF values in logl
 *** WARNING *** GMRFLib_2order_approx: reset counter for 16 NAN/INF values in logl
 *** WARNING *** GMRFLib_2order_approx: rescue NAN/INF values in logl for idx=160
 *** WARNING *** GMRFLib_2order_approx: reset counter for 414 NAN/INF values in logl
 *** WARNING *** GMRFLib_2order_approx: rescue NAN/INF values in logl for idx=280
 *** WARNING *** GMRFLib_2order_approx: reset counter for 507 NAN/INF values in logl
 *** WARNING *** GMRFLib_2order_approx: reset counter for 506 NAN/INF values in logl
 *** WARNING *** GMRFLib_2order_approx: reset counter for 507 NAN/INF values in logl
 *** WARNING *** GMRFLib_2order_approx: rescue NAN/INF values in logl for idx=125
 *** WARNING *** GMRFLib_2order_approx: reset counter for 181 NAN/INF values in logl
 *** WARNING *** GMRFLib_2order_approx: rescue NAN/INF values in logl for idx=0
 *** WARNING *** GMRFLib_2order_approx: reset counter for 350 NAN/INF values in logl
 *** WARNING *** GMRFLib_2order_approx: rescue NAN/INF values in logl for idx=0
 *** WARNING *** GMRFLib_2order_approx: reset counter for 26 NAN/INF values in logl
 *** WARNING *** GMRFLib_2order_approx: rescue NAN/INF values in logl for idx=74
 *** WARNING *** GMRFLib_2order_approx: reset counter for 59 NAN/INF values in logl
 *** WARNING *** GMRFLib_2order_approx: rescue NAN/INF values in logl for idx=140
 *** WARNING *** GMRFLib_2order_approx: reset counter for 624 NAN/INF values in logl
 *** WARNING *** GMRFLib_2order_approx: reset counter for 624 NAN/INF values in logl
 *** WARNING *** GMRFLib_2order_approx: reset counter for 624 NAN/INF values in logl
 *** WARNING *** GMRFLib_2order_approx: rescue NAN/INF values in logl for idx=375
 *** WARNING *** GMRFLib_2order_approx: reset counter for 57 NAN/INF values in logl
 *** WARNING *** GMRFLib_2order_approx: reset counter for 57 NAN/INF values in logl
 *** WARNING *** GMRFLib_2order_approx: reset counter for 57 NAN/INF values in logl
 *** WARNING *** GMRFLib_2order_approx: rescue NAN/INF values in logl for idx=525
 *** WARNING *** GMRFLib_2order_approx: reset counter for 165 NAN/INF values in logl
 *** WARNING *** GMRFLib_2order_approx: reset counter for 165 NAN/INF values in logl
 *** WARNING *** GMRFLib_2order_approx: reset counter for 165 NAN/INF values in logl
 *** WARNING *** GMRFLib_2order_approx: reset counter for 165 NAN/INF values in logl
 *** WARNING *** GMRFLib_2order_approx: rescue NAN/INF values in logl for idx=50
 *** WARNING *** GMRFLib_2order_approx: reset counter for 88 NAN/INF values in logl
 *** WARNING *** GMRFLib_2order_approx: rescue NAN/INF values in logl for idx=399
 *** WARNING *** GMRFLib_2order_approx: reset counter for 207 NAN/INF values in logl
 *** WARNING *** GMRFLib_2order_approx: reset counter for 207 NAN/INF values in logl
 *** WARNING *** GMRFLib_2order_approx: rescue NAN/INF values in logl for idx=645
 *** WARNING *** GMRFLib_2order_approx: reset counter for 2 NAN/INF values in logl
 *** WARNING *** GMRFLib_2order_approx: rescue NAN/INF values in logl for idx=555
 *** WARNING *** GMRFLib_2order_approx: reset counter for 12 NAN/INF values in logl
 *** WARNING *** GMRFLib_2order_approx: rescue NAN/INF values in logl for idx=0
 *** WARNING *** GMRFLib_2order_approx: reset counter for 8 NAN/INF values in logl
 *** WARNING *** GMRFLib_2order_approx: rescue NAN/INF values in logl for idx=175
 *** WARNING *** GMRFLib_2order_approx: reset counter for 67 NAN/INF values in logl
 *** WARNING *** GMRFLib_2order_approx: rescue NAN/INF values in logl for idx=0
 *** WARNING *** GMRFLib_2order_approx: reset counter for 309 NAN/INF values in logl
 *** WARNING *** GMRFLib_2order_approx: rescue NAN/INF values in logl for idx=0
 *** WARNING *** GMRFLib_2order_approx: reset counter for 49 NAN/INF values in logl
 *** WARNING *** GMRFLib_2order_approx: rescue NAN/INF values in logl for idx=0
 *** WARNING *** GMRFLib_2order_approx: reset counter for 227 NAN/INF values in logl
 *** WARNING *** GMRFLib_2order_approx: reset counter for 227 NAN/INF values in logl
 *** WARNING *** GMRFLib_2order_approx: rescue NAN/INF values in logl for idx=105
 *** WARNING *** GMRFLib_2order_approx: reset counter for 18 NAN/INF values in logl
 *** WARNING *** GMRFLib_2order_approx: rescue NAN/INF values in logl for idx=0
 *** WARNING *** GMRFLib_2order_approx: reset counter for 96 NAN/INF values in logl
 *** WARNING *** GMRFLib_2order_approx: rescue NAN/INF values in logl for idx=1070
 *** WARNING *** GMRFLib_2order_approx: reset counter for 27 NAN/INF values in logl
 *** WARNING *** GMRFLib_2order_approx: rescue NAN/INF values in logl for idx=399
 *** WARNING *** GMRFLib_2order_approx: reset counter for 188 NAN/INF values in logl
 *** WARNING *** GMRFLib_2order_approx: rescue NAN/INF values in logl for idx=0
 *** WARNING *** GMRFLib_2order_approx: reset counter for 83 NAN/INF values in logl
 *** WARNING *** GMRFLib_2order_approx: rescue NAN/INF values in logl for idx=0
 *** WARNING *** GMRFLib_2order_approx: reset counter for 382 NAN/INF values in logl
 *** WARNING *** GMRFLib_2order_approx: rescue NAN/INF values in logl for idx=108
 *** WARNING *** GMRFLib_2order_approx: reset counter for 5 NAN/INF values in logl
 *** WARNING *** GMRFLib_2order_approx: rescue NAN/INF values in logl for idx=0
 *** WARNING *** GMRFLib_2order_approx: reset counter for 260 NAN/INF values in logl
 *** WARNING *** GMRFLib_2order_approx: rescue NAN/INF values in logl for idx=650
 *** WARNING *** GMRFLib_2order_approx: reset counter for 7 NAN/INF values in logl
 *** WARNING *** GMRFLib_2order_approx: rescue NAN/INF values in logl for idx=0
 *** WARNING *** GMRFLib_2order_approx: reset counter for 84 NAN/INF values in logl
 *** WARNING *** GMRFLib_2order_approx: reset counter for 84 NAN/INF values in logl
 *** WARNING *** GMRFLib_2order_approx: rescue NAN/INF values in logl for idx=15
 *** WARNING *** GMRFLib_2order_approx: reset counter for 440 NAN/INF values in logl
 *** WARNING *** GMRFLib_2order_approx: rescue NAN/INF values in logl for idx=28
 *** WARNING *** GMRFLib_2order_approx: reset counter for 214 NAN/INF values in logl
 *** WARNING *** GMRFLib_2order_approx: rescue NAN/INF values in logl for idx=438
 *** WARNING *** GMRFLib_2order_approx: reset counter for 3 NAN/INF values in logl
 *** WARNING *** GMRFLib_2order_approx: rescue NAN/INF values in logl for idx=280
 *** WARNING *** GMRFLib_2order_approx: reset counter for 225 NAN/INF values in logl
 *** WARNING *** GMRFLib_2order_approx: rescue NAN/INF values in logl for idx=3
 *** WARNING *** GMRFLib_2order_approx: reset counter for 545 NAN/INF values in logl
 *** WARNING *** GMRFLib_2order_approx: reset counter for 545 NAN/INF values in logl
 *** WARNING *** GMRFLib_2order_approx: reset counter for 545 NAN/INF values in logl
 *** WARNING *** GMRFLib_2order_approx: rescue NAN/INF values in logl for idx=1040
 *** WARNING *** GMRFLib_2order_approx: reset counter for 30 NAN/INF values in logl
 *** WARNING *** GMRFLib_2order_approx: rescue NAN/INF values in logl for idx=460
 *** WARNING *** GMRFLib_2order_approx: reset counter for 173 NAN/INF values in logl
 *** WARNING *** GMRFLib_2order_approx: reset counter for 173 NAN/INF values in logl
 *** WARNING *** GMRFLib_2order_approx: reset counter for 173 NAN/INF values in logl
 *** WARNING *** GMRFLib_2order_approx: reset counter for 173 NAN/INF values in logl
 *** WARNING *** GMRFLib_2order_approx: rescue NAN/INF values in logl for idx=0
 *** WARNING *** GMRFLib_2order_approx: reset counter for 577 NAN/INF values in logl
 *** WARNING *** GMRFLib_2order_approx: rescue NAN/INF values in logl for idx=280
 *** WARNING *** GMRFLib_2order_approx: reset counter for 456 NAN/INF values in logl
 *** WARNING *** GMRFLib_2order_approx: rescue NAN/INF values in logl for idx=0
 *** WARNING *** GMRFLib_2order_approx: reset counter for 453 NAN/INF values in logl
 *** WARNING *** GMRFLib_2order_approx: rescue NAN/INF values in logl for idx=280
 *** WARNING *** GMRFLib_2order_approx: reset counter for 500 NAN/INF values in logl
 *** WARNING *** GMRFLib_2order_approx: rescue NAN/INF values in logl for idx=106
 *** WARNING *** GMRFLib_2order_approx: reset counter for 13 NAN/INF values in logl
 *** WARNING *** GMRFLib_2order_approx: rescue NAN/INF values in logl for idx=0
 *** WARNING *** GMRFLib_2order_approx: reset counter for 20 NAN/INF values in logl
 *** WARNING *** GMRFLib_2order_approx: reset counter for 24 NAN/INF values in logl
 *** WARNING *** GMRFLib_2order_approx: reset counter for 47 NAN/INF values in logl
 *** WARNING *** GMRFLib_2order_approx: rescue NAN/INF values in logl for idx=0
 *** WARNING *** GMRFLib_2order_approx: reset counter for 78 NAN/INF values in logl
 *** WARNING *** GMRFLib_2order_approx: rescue NAN/INF values in logl for idx=60
 *** WARNING *** GMRFLib_2order_approx: rescue NAN/INF values in logl for idx=255
 *** WARNING *** GMRFLib_2order_approx: reset counter for 383 NAN/INF values in logl
 *** WARNING *** GMRFLib_2order_approx: reset counter for 383 NAN/INF values in logl
 *** WARNING *** GMRFLib_2order_approx: reset counter for 383 NAN/INF values in logl
 *** WARNING *** GMRFLib_2order_approx: reset counter for 383 NAN/INF values in logl
 *** WARNING *** GMRFLib_2order_approx: reset counter for 383 NAN/INF values in logl
 *** WARNING *** GMRFLib_2order_approx: rescue NAN/INF values in logl for idx=0
 *** WARNING *** GMRFLib_2order_approx: rescue NAN/INF values in logl for idx=0
 *** WARNING *** GMRFLib_2order_approx: reset counter for 375 NAN/INF values in logl
 *** WARNING *** GMRFLib_2order_approx: reset counter for 375 NAN/INF values in logl
 *** WARNING *** GMRFLib_2order_approx: reset counter for 375 NAN/INF values in logl
 *** WARNING *** GMRFLib_2order_approx: reset counter for 375 NAN/INF values in logl
 *** WARNING *** GMRFLib_2order_approx: rescue NAN/INF values in logl for idx=90
 *** WARNING *** GMRFLib_2order_approx: reset counter for 12 NAN/INF values in logl
 *** WARNING *** GMRFLib_2order_approx: rescue NAN/INF values in logl for idx=0
 *** WARNING *** GMRFLib_2order_approx: reset counter for 175 NAN/INF values in logl
 *** WARNING *** GMRFLib_2order_approx: reset counter for 175 NAN/INF values in logl
 *** WARNING *** GMRFLib_2order_approx: reset counter for 175 NAN/INF values in logl
 *** WARNING *** GMRFLib_2order_approx: reset counter for 175 NAN/INF values in logl
 *** WARNING *** GMRFLib_2order_approx: rescue NAN/INF values in logl for idx=90
 *** WARNING *** GMRFLib_2order_approx: reset counter for 45 NAN/INF values in logl
 *** WARNING *** GMRFLib_2order_approx: reset counter for 45 NAN/INF values in logl
 *** WARNING *** GMRFLib_2order_approx: reset counter for 45 NAN/INF values in logl
 *** WARNING *** GMRFLib_2order_approx: reset counter for 45 NAN/INF values in logl
 *** WARNING *** GMRFLib_2order_approx: rescue NAN/INF values in logl for idx=0
 *** WARNING *** GMRFLib_2order_approx: reset counter for 122 NAN/INF values in logl
 *** WARNING *** GMRFLib_2order_approx: rescue NAN/INF values in logl for idx=327
 *** WARNING *** GMRFLib_2order_approx: reset counter for 188 NAN/INF values in logl
 *** WARNING *** GMRFLib_2order_approx: reset counter for 188 NAN/INF values in logl
 *** WARNING *** GMRFLib_2order_approx: rescue NAN/INF values in logl for idx=0
 *** WARNING *** GMRFLib_2order_approx: reset counter for 127 NAN/INF values in logl
 *** WARNING *** GMRFLib_2order_approx: rescue NAN/INF values in logl for idx=467
 *** WARNING *** GMRFLib_2order_approx: rescue NAN/INF values in logl for idx=10
 *** WARNING *** GMRFLib_2order_approx: reset counter for 230 NAN/INF values in logl
 *** WARNING *** GMRFLib_2order_approx: reset counter for 230 NAN/INF values in logl
 *** WARNING *** GMRFLib_2order_approx: reset counter for 230 NAN/INF values in logl
 *** WARNING *** GMRFLib_2order_approx: reset counter for 230 NAN/INF values in logl
 *** WARNING *** GMRFLib_2order_approx: rescue NAN/INF values in logl for idx=6
 *** WARNING *** GMRFLib_2order_approx: reset counter for 21 NAN/INF values in logl
 *** WARNING *** GMRFLib_2order_approx: rescue NAN/INF values in logl for idx=105
 *** WARNING *** GMRFLib_2order_approx: reset counter for 68 NAN/INF values in logl
 *** WARNING *** GMRFLib_2order_approx: reset counter for 68 NAN/INF values in logl
 *** WARNING *** GMRFLib_2order_approx: reset counter for 68 NAN/INF values in logl
 *** WARNING *** GMRFLib_2order_approx: reset counter for 68 NAN/INF values in logl
 *** WARNING *** GMRFLib_2order_approx: rescue NAN/INF values in logl for idx=399
 *** WARNING *** GMRFLib_2order_approx: reset counter for 6 NAN/INF values in logl
 *** WARNING *** GMRFLib_2order_approx: reset counter for 6 NAN/INF values in logl
 *** WARNING *** GMRFLib_2order_approx: reset counter for 6 NAN/INF values in logl
 *** WARNING *** GMRFLib_2order_approx: reset counter for 6 NAN/INF values in logl
 *** WARNING *** GMRFLib_2order_approx: rescue NAN/INF values in logl for idx=438
 *** WARNING *** GMRFLib_2order_approx: reset counter for 2 NAN/INF values in logl
 *** WARNING *** GMRFLib_2order_approx: rescue NAN/INF values in logl for idx=45
 *** WARNING *** GMRFLib_2order_approx: reset counter for 8 NAN/INF values in logl
 *** WARNING *** GMRFLib_2order_approx: reset counter for 8 NAN/INF values in logl
 *** WARNING *** GMRFLib_2order_approx: reset counter for 8 NAN/INF values in logl
 *** WARNING *** GMRFLib_2order_approx: reset counter for 8 NAN/INF values in logl
 *** WARNING *** GMRFLib_2order_approx: rescue NAN/INF values in logl for idx=0
 *** WARNING *** GMRFLib_2order_approx: reset counter for 8 NAN/INF values in logl
 *** WARNING *** GMRFLib_2order_approx: rescue NAN/INF values in logl for idx=43
 *** WARNING *** GMRFLib_2order_approx: reset counter for 128 NAN/INF values in logl
 *** WARNING *** GMRFLib_2order_approx: rescue NAN/INF values in logl for idx=863
 *** WARNING *** GMRFLib_2order_approx: reset counter for 193 NAN/INF values in logl
 *** WARNING *** GMRFLib_2order_approx: rescue NAN/INF values in logl for idx=105
 *** WARNING *** GMRFLib_2order_approx: reset counter for 18 NAN/INF values in logl
 *** WARNING *** GMRFLib_2order_approx: rescue NAN/INF values in logl for idx=1050
 *** WARNING *** GMRFLib_2order_approx: reset counter for 43 NAN/INF values in logl
 *** WARNING *** GMRFLib_2order_approx: reset counter for 43 NAN/INF values in logl
 *** WARNING *** GMRFLib_2order_approx: reset counter for 43 NAN/INF values in logl
 *** WARNING *** GMRFLib_2order_approx: rescue NAN/INF values in logl for idx=438
 *** WARNING *** GMRFLib_2order_approx: reset counter for 2 NAN/INF values in logl
 *** WARNING *** GMRFLib_2order_approx: rescue NAN/INF values in logl for idx=20
 *** WARNING *** GMRFLib_2order_approx: reset counter for 166 NAN/INF values in logl
 *** WARNING *** GMRFLib_2order_approx: rescue NAN/INF values in logl for idx=558
 *** WARNING *** GMRFLib_2order_approx: reset counter for 2 NAN/INF values in logl
 *** WARNING *** GMRFLib_2order_approx: rescue NAN/INF values in logl for idx=817
 *** WARNING *** GMRFLib_2order_approx: reset counter for 2 NAN/INF values in logl
 *** WARNING *** GMRFLib_2order_approx: rescue NAN/INF values in logl for idx=0
 *** WARNING *** GMRFLib_2order_approx: reset counter for 363 NAN/INF values in logl
 *** WARNING *** GMRFLib_2order_approx: rescue NAN/INF values in logl for idx=465
 *** WARNING *** GMRFLib_2order_approx: reset counter for 165 NAN/INF values in logl
 *** WARNING *** GMRFLib_2order_approx: reset counter for 165 NAN/INF values in logl
 *** WARNING *** GMRFLib_2order_approx: reset counter for 165 NAN/INF values in logl
 *** WARNING *** GMRFLib_2order_approx: rescue NAN/INF values in logl for idx=472
 *** WARNING *** GMRFLib_2order_approx: reset counter for 212 NAN/INF values in logl
 *** WARNING *** GMRFLib_2order_approx: rescue NAN/INF values in logl for idx=0
 *** WARNING *** GMRFLib_2order_approx: reset counter for 71 NAN/INF values in logl
 *** WARNING *** GMRFLib_2order_approx: rescue NAN/INF values in logl for idx=200
 *** WARNING *** GMRFLib_2order_approx: reset counter for 74 NAN/INF values in logl
 *** WARNING *** GMRFLib_2order_approx: rescue NAN/INF values in logl for idx=290
 *** WARNING *** GMRFLib_2order_approx: reset counter for 3 NAN/INF values in logl
 *** WARNING *** GMRFLib_2order_approx: rescue NAN/INF values in logl for idx=359
 *** WARNING *** GMRFLib_2order_approx: reset counter for 247 NAN/INF values in logl
 *** WARNING *** GMRFLib_2order_approx: rescue NAN/INF values in logl for idx=855
 *** WARNING *** GMRFLib_2order_approx: reset counter for 121 NAN/INF values in logl
 *** WARNING *** GMRFLib_2order_approx: rescue NAN/INF values in logl for idx=280
 *** WARNING *** GMRFLib_2order_approx: reset counter for 322 NAN/INF values in logl
 *** WARNING *** GMRFLib_2order_approx: rescue NAN/INF values in logl for idx=0
 *** WARNING *** GMRFLib_2order_approx: reset counter for 322 NAN/INF values in logl
 *** WARNING *** GMRFLib_2order_approx: rescue NAN/INF values in logl for idx=135
 *** WARNING *** GMRFLib_2order_approx: reset counter for 112 NAN/INF values in logl
 *** WARNING *** GMRFLib_2order_approx: rescue NAN/INF values in logl for idx=322
 *** WARNING *** GMRFLib_2order_approx: reset counter for 113 NAN/INF values in logl
 *** WARNING *** GMRFLib_2order_approx: reset counter for 145 NAN/INF values in logl
 *** WARNING *** GMRFLib_2order_approx: rescue NAN/INF values in logl for idx=615
 *** WARNING *** GMRFLib_2order_approx: reset counter for 160 NAN/INF values in logl
 *** WARNING *** GMRFLib_2order_approx: reset counter for 160 NAN/INF values in logl
 *** WARNING *** GMRFLib_2order_approx: rescue NAN/INF values in logl for idx=280
 *** WARNING *** GMRFLib_2order_approx: reset counter for 358 NAN/INF values in logl
 *** WARNING *** GMRFLib_2order_approx: rescue NAN/INF values in logl for idx=0
 *** WARNING *** GMRFLib_2order_approx: reset counter for 412 NAN/INF values in logl
 *** WARNING *** GMRFLib_2order_approx: rescue NAN/INF values in logl for idx=197
 *** WARNING *** GMRFLib_2order_approx: reset counter for 397 NAN/INF values in logl
 *** WARNING *** GMRFLib_2order_approx: rescue NAN/INF values in logl for idx=355
 *** WARNING *** GMRFLib_2order_approx: reset counter for 34 NAN/INF values in logl
 *** WARNING *** GMRFLib_2order_approx: rescue NAN/INF values in logl for idx=0
 *** WARNING *** GMRFLib_2order_approx: reset counter for 470 NAN/INF values in logl
 *** WARNING *** GMRFLib_2order_approx: rescue NAN/INF values in logl for idx=940
 *** WARNING *** GMRFLib_2order_approx: reset counter for 75 NAN/INF values in logl
 *** WARNING *** GMRFLib_2order_approx: rescue NAN/INF values in logl for idx=1070
 *** WARNING *** GMRFLib_2order_approx: reset counter for 2 NAN/INF values in logl
 *** WARNING *** GMRFLib_2order_approx: rescue NAN/INF values in logl for idx=0
 *** WARNING *** GMRFLib_2order_approx: reset counter for 505 NAN/INF values in logl
 *** WARNING *** GMRFLib_2order_approx: rescue NAN/INF values in logl for idx=939
 *** WARNING *** GMRFLib_2order_approx: reset counter for 73 NAN/INF values in logl
 *** WARNING *** GMRFLib_2order_approx: rescue NAN/INF values in logl for idx=0
 *** WARNING *** GMRFLib_2order_approx: reset counter for 269 NAN/INF values in logl
 *** WARNING *** GMRFLib_2order_approx: rescue NAN/INF values in logl for idx=375
 *** WARNING *** GMRFLib_2order_approx: reset counter for 214 NAN/INF values in logl
 *** WARNING *** GMRFLib_2order_approx: rescue NAN/INF values in logl for idx=4
 *** WARNING *** GMRFLib_2order_approx: reset counter for 562 NAN/INF values in logl
 *** WARNING *** GMRFLib_2order_approx: rescue NAN/INF values in logl for idx=0
 *** WARNING *** GMRFLib_2order_approx: reset counter for 613 NAN/INF values in logl
 *** WARNING *** GMRFLib_2order_approx: rescue NAN/INF values in logl for idx=0
 *** WARNING *** GMRFLib_2order_approx: reset counter for 616 NAN/INF values in logl
 *** WARNING *** GMRFLib_2order_approx: rescue NAN/INF values in logl for idx=0
 *** WARNING *** GMRFLib_2order_approx: reset counter for 255 NAN/INF values in logl
 *** WARNING *** GMRFLib_2order_approx: reset counter for 255 NAN/INF values in logl
 *** WARNING *** GMRFLib_2order_approx: reset counter for 255 NAN/INF values in logl
 *** WARNING *** GMRFLib_2order_approx: rescue NAN/INF values in logl for idx=0
 *** WARNING *** GMRFLib_2order_approx: reset counter for 176 NAN/INF values in logl
 *** WARNING *** GMRFLib_2order_approx: rescue NAN/INF values in logl for idx=0
 *** WARNING *** GMRFLib_2order_approx: reset counter for 68 NAN/INF values in logl
 *** WARNING *** GMRFLib_2order_approx: reset counter for 68 NAN/INF values in logl
 *** WARNING *** GMRFLib_2order_approx: reset counter for 68 NAN/INF values in logl
 *** WARNING *** GMRFLib_2order_approx: rescue NAN/INF values in logl for idx=113
 *** WARNING *** GMRFLib_2order_approx: reset counter for 12 NAN/INF values in logl
 *** WARNING *** GMRFLib_2order_approx: reset counter for 12 NAN/INF values in logl
 *** WARNING *** GMRFLib_2order_approx: reset counter for 12 NAN/INF values in logl
 *** WARNING *** GMRFLib_2order_approx: rescue NAN/INF values in logl for idx=438
 *** WARNING *** GMRFLib_2order_approx: reset counter for 3 NAN/INF values in logl
 *** WARNING *** GMRFLib_2order_approx: rescue NAN/INF values in logl for idx=0
 *** WARNING *** GMRFLib_2order_approx: reset counter for 216 NAN/INF values in logl
 *** WARNING *** GMRFLib_2order_approx: reset counter for 216 NAN/INF values in logl
 *** WARNING *** GMRFLib_2order_approx: rescue NAN/INF values in logl for idx=6
 *** WARNING *** GMRFLib_2order_approx: reset counter for 100 NAN/INF values in logl
 *** WARNING *** GMRFLib_2order_approx: rescue NAN/INF values in logl for idx=399
 *** WARNING *** GMRFLib_2order_approx: reset counter for 2 NAN/INF values in logl
 *** WARNING *** GMRFLib_2order_approx: reset counter for 2 NAN/INF values in logl
 *** WARNING *** GMRFLib_2order_approx: reset counter for 2 NAN/INF values in logl
 *** WARNING *** GMRFLib_2order_approx: rescue NAN/INF values in logl for idx=140
 *** WARNING *** GMRFLib_2order_approx: reset counter for 259 NAN/INF values in logl
 *** WARNING *** GMRFLib_2order_approx: rescue NAN/INF values in logl for idx=0
 *** WARNING *** GMRFLib_2order_approx: reset counter for 426 NAN/INF values in logl
 *** WARNING *** GMRFLib_2order_approx: rescue NAN/INF values in logl for idx=15
 *** WARNING *** GMRFLib_2order_approx: reset counter for 107 NAN/INF values in logl
 *** WARNING *** GMRFLib_2order_approx: reset counter for 107 NAN/INF values in logl
 *** WARNING *** GMRFLib_2order_approx: rescue NAN/INF values in logl for idx=650
 *** WARNING *** GMRFLib_2order_approx: reset counter for 5 NAN/INF values in logl
  model   DIC.1   DIC.2  WAIC.1  WAIC.2   pD.1   pD.2
1    M1 6468.28 6468.28 6473.67 6473.67  28.85  28.85
2    M2 6341.79 6341.84 6352.09 6352.13  89.45  89.58
3    M3 6339.39 6339.49 6352.24 6352.38  98.39  98.88
4    M4 5641.44 6031.70 5602.85 5890.84 648.95 712.14
5    M5 5715.85 5716.35 5723.98 5724.10 103.12 103.87
6    M6 5701.30 5704.63 5714.93 5716.70 143.12 148.46

===== DONE =====
N = 1100 | M6 DIC = 5703.39 | WAIC = 5716.06 | residual Moran's I = +0.1714 (p = 1.9e-05)
credible covariates = 4 | high/low-risk = 80/59
